[Fri Sep 18 07:24:07 2026] Linux version 6.14.0-37-generic (buildd@lcy02-amd64-031) (x86_64-linux-gnu-gcc-13 (Ubuntu 13.3.0-6ubuntu2~24.04) 13.3.0, GNU ld (GNU Binutils for Ubuntu) 2.42) #37~24.04.1-Ubuntu SMP PREEMPT_DYNAMIC Thu Nov 20 10:25:38 UTC 2 (Ubuntu 6.14.0-37.37~24.04.1-generic 6.14.11)
[Fri Sep 18 07:24:07 2026] Command line: BOOT_IMAGE=/boot/vmlinuz-6.14.0-37-generic root=UUID=a8c7367a-9025-4849-baa8-853bab204e11 ro modprobe.blacklist=amdgpu pci=realloc=off iommu=pt modprobe.blacklist=amdgpu,device_dax,dax_hmem iommu=pt console=tty0 console=ttyS1,115200n8 preempt=full rcu_nocbs=all
[Fri Sep 18 07:24:07 2026] KERNEL supported cpus:
[Fri Sep 18 07:24:07 2026]   Intel GenuineIntel
[Fri Sep 18 07:24:07 2026]   AMD AuthenticAMD
[Fri Sep 18 07:24:07 2026]   Hygon HygonGenuine
[Fri Sep 18 07:24:07 2026]   Centaur CentaurHauls
[Fri Sep 18 07:24:07 2026]   zhaoxin   Shanghai
[Fri Sep 18 07:24:07 2026] ------------[ cut here ]------------
[Fri Sep 18 07:24:07 2026] Family 0x1a, model: 0x51??
[Fri Sep 18 07:24:07 2026] WARNING: CPU: 0 PID: 0 at arch/x86/kernel/cpu/amd.c:530 bsp_init_amd+0x254/0x420
[Fri Sep 18 07:24:07 2026] Modules linked in:
[Fri Sep 18 07:24:07 2026] CPU: 0 UID: 0 PID: 0 Comm: swapper Not tainted 6.14.0-37-generic #37~24.04.1-Ubuntu
[Fri Sep 18 07:24:07 2026] RIP: 0010:bsp_init_amd+0x254/0x420
[Fri Sep 18 07:24:07 2026] Code: 0f 87 af 18 f0 ff 41 83 e4 01 0f 85 80 fe ff ff 0f b6 13 0f b6 73 01 48 c7 c7 d1 02 ee 98 c6 05 56 7b 71 02 01 e8 1c 4d 08 00 <0f> 0b e9 5f fe ff ff 0f b6 03 3c 5f 0f 87 11 01 00 00 83 e8 10 3c
[Fri Sep 18 07:24:07 2026] RSP: 0000:ffffffff99803de8 EFLAGS: 00010046 ORIG_RAX: 0000000000000000
[Fri Sep 18 07:24:07 2026] RAX: 0000000000000000 RBX: ffffffff99c6b480 RCX: 0000000000000000
[Fri Sep 18 07:24:07 2026] RDX: 0000000000000000 RSI: 0000000000000000 RDI: 0000000000000000
[Fri Sep 18 07:24:07 2026] RBP: ffffffff99803e10 R08: 0000000000000000 R09: 0000000000000000
[Fri Sep 18 07:24:07 2026] R10: 0000000000000000 R11: 0000000000000000 R12: 0000000000000000
[Fri Sep 18 07:24:07 2026] R13: 0000000000000004 R14: 0000000000000005 R15: 000000006a706000
[Fri Sep 18 07:24:07 2026] FS:  0000000000000000(0000) GS:ffffffff99c9f000(0000) knlGS:0000000000000000
[Fri Sep 18 07:24:07 2026] CS:  0010 DS: 0000 ES: 0000 CR0: 0000000080050033
[Fri Sep 18 07:24:07 2026] CR2: ff11000054142000 CR3: 000000242dddc000 CR4: 00000000000010b0
[Fri Sep 18 07:24:07 2026] Call Trace:
[Fri Sep 18 07:24:07 2026]  <TASK>
[Fri Sep 18 07:24:07 2026]  early_identify_cpu.constprop.0+0xe4/0x160
[Fri Sep 18 07:24:07 2026]  early_cpu_init+0x107/0x1e0
[Fri Sep 18 07:24:07 2026]  setup_arch+0xa6/0xc10
[Fri Sep 18 07:24:07 2026]  ? lockdown_lsm_init+0x21/0x30
[Fri Sep 18 07:24:07 2026]  start_kernel+0x78/0x510
[Fri Sep 18 07:24:07 2026]  ? sme_unmap_bootdata+0x14/0x80
[Fri Sep 18 07:24:07 2026]  x86_64_start_reservations+0x18/0x30
[Fri Sep 18 07:24:07 2026]  x86_64_start_kernel+0xbf/0x110
[Fri Sep 18 07:24:07 2026]  common_startup_64+0x13e/0x141
[Fri Sep 18 07:24:07 2026]  </TASK>
[Fri Sep 18 07:24:07 2026] ---[ end trace 0000000000000000 ]---
[Fri Sep 18 07:24:07 2026] x86/split lock detection: #DB: warning on user-space bus_locks
[Fri Sep 18 07:24:07 2026] BIOS-provided physical RAM map:
[Fri Sep 18 07:24:07 2026] BIOS-e820: [mem 0x0000000000000000-0x000000000009ffff] usable
[Fri Sep 18 07:24:07 2026] BIOS-e820: [mem 0x00000000000a0000-0x00000000000bffff] reserved
[Fri Sep 18 07:24:07 2026] BIOS-e820: [mem 0x00000000000c0000-0x00000000175bffff] usable
[Fri Sep 18 07:24:07 2026] BIOS-e820: [mem 0x00000000175c0000-0x00000000175fffff] reserved
[Fri Sep 18 07:24:07 2026] BIOS-e820: [mem 0x0000000017600000-0x000000001aa19fff] usable
[Fri Sep 18 07:24:07 2026] BIOS-e820: [mem 0x000000001aa1a000-0x000000001aa1afff] ACPI NVS
[Fri Sep 18 07:24:07 2026] BIOS-e820: [mem 0x000000001aa1b000-0x000000001aa50fff] usable
[Fri Sep 18 07:24:07 2026] BIOS-e820: [mem 0x000000001aa51000-0x000000001aa6afff] ACPI NVS
[Fri Sep 18 07:24:07 2026] BIOS-e820: [mem 0x000000001aa6b000-0x000000001aab9fff] reserved
[Fri Sep 18 07:24:07 2026] BIOS-e820: [mem 0x000000001aaba000-0x000000001aac8fff] usable
[Fri Sep 18 07:24:07 2026] BIOS-e820: [mem 0x000000001aac9000-0x000000001aacdfff] reserved
[Fri Sep 18 07:24:07 2026] BIOS-e820: [mem 0x000000001aace000-0x000000006f3fefff] usable
[Fri Sep 18 07:24:07 2026] BIOS-e820: [mem 0x000000006f3ff000-0x00000000755fefff] reserved
[Fri Sep 18 07:24:07 2026] BIOS-e820: [mem 0x00000000755ff000-0x00000000759fefff] ACPI NVS
[Fri Sep 18 07:24:07 2026] BIOS-e820: [mem 0x00000000759ff000-0x0000000075dfefff] ACPI data
[Fri Sep 18 07:24:07 2026] BIOS-e820: [mem 0x0000000075dff000-0x0000000075dfffff] usable
[Fri Sep 18 07:24:07 2026] BIOS-e820: [mem 0x0000000075e00000-0x0000000075f41fff] ACPI NVS
[Fri Sep 18 07:24:07 2026] BIOS-e820: [mem 0x0000000075f42000-0x00000000a7ffffff] usable
[Fri Sep 18 07:24:07 2026] BIOS-e820: [mem 0x00000000a8000000-0x00000000b3ffffff] reserved
[Fri Sep 18 07:24:07 2026] BIOS-e820: [mem 0x00000000b4700000-0x00000000b66fffff] reserved
[Fri Sep 18 07:24:07 2026] BIOS-e820: [mem 0x00000000b7700000-0x00000000bb6fffff] reserved
[Fri Sep 18 07:24:07 2026] BIOS-e820: [mem 0x00000000fe000000-0x000000010000ffff] reserved
[Fri Sep 18 07:24:07 2026] BIOS-e820: [mem 0x0000000100010000-0x0000004043ffffff] usable
[Fri Sep 18 07:24:07 2026] BIOS-e820: [mem 0x0000004044000000-0x0000004048ffffff] reserved
[Fri Sep 18 07:24:07 2026] BIOS-e820: [mem 0x0000004049000000-0x0000004049bbffff] usable
[Fri Sep 18 07:24:07 2026] BIOS-e820: [mem 0x0000004049bc0000-0x000000404cffffff] reserved
[Fri Sep 18 07:24:07 2026] BIOS-e820: [mem 0x000000404d000000-0x000000404d0fffff] usable
[Fri Sep 18 07:24:07 2026] BIOS-e820: [mem 0x000000404d100000-0x000000ffffffffff] reserved
[Fri Sep 18 07:24:07 2026] BIOS-e820: [mem 0x0000010000000000-0x0000016bffffffff] soft reserved
[Fri Sep 18 07:24:07 2026] BIOS-e820: [mem 0x0000016d10000000-0x0000016d301fffff] reserved
[Fri Sep 18 07:24:07 2026] BIOS-e820: [mem 0x0000016d40000000-0x0000016d601fffff] reserved
[Fri Sep 18 07:24:07 2026] BIOS-e820: [mem 0x0000016d70000000-0x0000016d901fffff] reserved
[Fri Sep 18 07:24:07 2026] BIOS-e820: [mem 0x0000016da0000000-0x0000016dc01fffff] reserved
[Fri Sep 18 07:24:07 2026] BIOS-e820: [mem 0x0000016dd0000000-0x0000016df01fffff] reserved
[Fri Sep 18 07:24:07 2026] BIOS-e820: [mem 0x0000016e00000000-0x0000016e201fffff] reserved
[Fri Sep 18 07:24:07 2026] BIOS-e820: [mem 0x0000016e30000000-0x0000016e501fffff] reserved
[Fri Sep 18 07:24:07 2026] BIOS-e820: [mem 0x0000016e60000000-0x0000016e801fffff] reserved
[Fri Sep 18 07:24:07 2026] BIOS-e820: [mem 0x0000016e90000000-0x0000016eb01fffff] reserved
[Fri Sep 18 07:24:07 2026] BIOS-e820: [mem 0x0000016ec0000000-0x0000016ee01fffff] reserved
[Fri Sep 18 07:24:07 2026] BIOS-e820: [mem 0x00002ffc00000000-0x00002ffc0fffffff] reserved
[Fri Sep 18 07:24:07 2026] NX (Execute Disable) protection: active
[Fri Sep 18 07:24:07 2026] APIC: Static calls initialized
[Fri Sep 18 07:24:07 2026] e820: update [mem 0x6a687018-0x6a6c2657] usable ==> usable
[Fri Sep 18 07:24:07 2026] e820: update [mem 0x6a6ea018-0x6a6f4057] usable ==> usable
[Fri Sep 18 07:24:07 2026] extended physical RAM map:
[Fri Sep 18 07:24:07 2026] reserve setup_data: [mem 0x0000000000000000-0x000000000009ffff] usable
[Fri Sep 18 07:24:07 2026] reserve setup_data: [mem 0x00000000000a0000-0x00000000000bffff] reserved
[Fri Sep 18 07:24:07 2026] reserve setup_data: [mem 0x00000000000c0000-0x00000000175bffff] usable
[Fri Sep 18 07:24:07 2026] reserve setup_data: [mem 0x00000000175c0000-0x00000000175fffff] reserved
[Fri Sep 18 07:24:07 2026] reserve setup_data: [mem 0x0000000017600000-0x000000001aa19fff] usable
[Fri Sep 18 07:24:07 2026] reserve setup_data: [mem 0x000000001aa1a000-0x000000001aa1afff] ACPI NVS
[Fri Sep 18 07:24:07 2026] reserve setup_data: [mem 0x000000001aa1b000-0x000000001aa50fff] usable
[Fri Sep 18 07:24:07 2026] reserve setup_data: [mem 0x000000001aa51000-0x000000001aa6afff] ACPI NVS
[Fri Sep 18 07:24:07 2026] reserve setup_data: [mem 0x000000001aa6b000-0x000000001aab9fff] reserved
[Fri Sep 18 07:24:07 2026] reserve setup_data: [mem 0x000000001aaba000-0x000000001aac8fff] usable
[Fri Sep 18 07:24:07 2026] reserve setup_data: [mem 0x000000001aac9000-0x000000001aacdfff] reserved
[Fri Sep 18 07:24:07 2026] reserve setup_data: [mem 0x000000001aace000-0x000000006a687017] usable
[Fri Sep 18 07:24:07 2026] reserve setup_data: [mem 0x000000006a687018-0x000000006a6c2657] usable
[Fri Sep 18 07:24:07 2026] reserve setup_data: [mem 0x000000006a6c2658-0x000000006a6ea017] usable
[Fri Sep 18 07:24:07 2026] reserve setup_data: [mem 0x000000006a6ea018-0x000000006a6f4057] usable
[Fri Sep 18 07:24:07 2026] reserve setup_data: [mem 0x000000006a6f4058-0x000000006f3fefff] usable
[Fri Sep 18 07:24:07 2026] reserve setup_data: [mem 0x000000006f3ff000-0x00000000755fefff] reserved
[Fri Sep 18 07:24:07 2026] reserve setup_data: [mem 0x00000000755ff000-0x00000000759fefff] ACPI NVS
[Fri Sep 18 07:24:07 2026] reserve setup_data: [mem 0x00000000759ff000-0x0000000075dfefff] ACPI data
[Fri Sep 18 07:24:07 2026] reserve setup_data: [mem 0x0000000075dff000-0x0000000075dfffff] usable
[Fri Sep 18 07:24:07 2026] reserve setup_data: [mem 0x0000000075e00000-0x0000000075f41fff] ACPI NVS
[Fri Sep 18 07:24:07 2026] reserve setup_data: [mem 0x0000000075f42000-0x00000000a7ffffff] usable
[Fri Sep 18 07:24:07 2026] reserve setup_data: [mem 0x00000000a8000000-0x00000000b3ffffff] reserved
[Fri Sep 18 07:24:07 2026] reserve setup_data: [mem 0x00000000b4700000-0x00000000b66fffff] reserved
[Fri Sep 18 07:24:07 2026] reserve setup_data: [mem 0x00000000b7700000-0x00000000bb6fffff] reserved
[Fri Sep 18 07:24:07 2026] reserve setup_data: [mem 0x00000000fe000000-0x000000010000ffff] reserved
[Fri Sep 18 07:24:07 2026] reserve setup_data: [mem 0x0000000100010000-0x0000004043ffffff] usable
[Fri Sep 18 07:24:07 2026] reserve setup_data: [mem 0x0000004044000000-0x0000004048ffffff] reserved
[Fri Sep 18 07:24:07 2026] reserve setup_data: [mem 0x0000004049000000-0x0000004049bbffff] usable
[Fri Sep 18 07:24:07 2026] reserve setup_data: [mem 0x0000004049bc0000-0x000000404cffffff] reserved
[Fri Sep 18 07:24:07 2026] reserve setup_data: [mem 0x000000404d000000-0x000000404d0fffff] usable
[Fri Sep 18 07:24:07 2026] reserve setup_data: [mem 0x000000404d100000-0x000000ffffffffff] reserved
[Fri Sep 18 07:24:07 2026] reserve setup_data: [mem 0x0000010000000000-0x0000016bffffffff] soft reserved
[Fri Sep 18 07:24:07 2026] reserve setup_data: [mem 0x0000016d10000000-0x0000016d301fffff] reserved
[Fri Sep 18 07:24:07 2026] reserve setup_data: [mem 0x0000016d40000000-0x0000016d601fffff] reserved
[Fri Sep 18 07:24:07 2026] reserve setup_data: [mem 0x0000016d70000000-0x0000016d901fffff] reserved
[Fri Sep 18 07:24:07 2026] reserve setup_data: [mem 0x0000016da0000000-0x0000016dc01fffff] reserved
[Fri Sep 18 07:24:07 2026] reserve setup_data: [mem 0x0000016dd0000000-0x0000016df01fffff] reserved
[Fri Sep 18 07:24:07 2026] reserve setup_data: [mem 0x0000016e00000000-0x0000016e201fffff] reserved
[Fri Sep 18 07:24:07 2026] reserve setup_data: [mem 0x0000016e30000000-0x0000016e501fffff] reserved
[Fri Sep 18 07:24:07 2026] reserve setup_data: [mem 0x0000016e60000000-0x0000016e801fffff] reserved
[Fri Sep 18 07:24:07 2026] reserve setup_data: [mem 0x0000016e90000000-0x0000016eb01fffff] reserved
[Fri Sep 18 07:24:07 2026] reserve setup_data: [mem 0x0000016ec0000000-0x0000016ee01fffff] reserved
[Fri Sep 18 07:24:07 2026] reserve setup_data: [mem 0x00002ffc00000000-0x00002ffc0fffffff] reserved
[Fri Sep 18 07:24:07 2026] efi: EFI v2.7 by AMD
[Fri Sep 18 07:24:07 2026] efi: ACPI=0x75dfe000 ACPI 2.0=0x75dfe014 SMBIOS=0x70398000 SMBIOS 3.0=0x70396000 TPMFinalLog=0x759c7000 MEMATTR=0x6a709518 MOKvar=0x70526000 INITRD=0x6a708618 RNG=0x75d68018 TPMEventLog=0x75d63018
[Fri Sep 18 07:24:07 2026] random: crng init done
[Fri Sep 18 07:24:07 2026] efi: Not removing mem03: MMIO range=[0x000a0000-0x000bffff] (128KB) from e820 map
[Fri Sep 18 07:24:07 2026] efi: Remove mem231: MMIO range=[0xb0000000-0xb3ffffff] (64MB) from e820 map
[Fri Sep 18 07:24:07 2026] e820: remove [mem 0xb0000000-0xb3ffffff] reserved
[Fri Sep 18 07:24:07 2026] efi: Remove mem232: MMIO range=[0xb4700000-0xb66fffff] (32MB) from e820 map
[Fri Sep 18 07:24:07 2026] e820: remove [mem 0xb4700000-0xb66fffff] reserved
[Fri Sep 18 07:24:07 2026] efi: Remove mem233: MMIO range=[0xb7700000-0xbb6fffff] (64MB) from e820 map
[Fri Sep 18 07:24:07 2026] e820: remove [mem 0xb7700000-0xbb6fffff] reserved
[Fri Sep 18 07:24:07 2026] efi: Remove mem234: MMIO range=[0xfe000000-0xffffffff] (32MB) from e820 map
[Fri Sep 18 07:24:07 2026] e820: remove [mem 0xfe000000-0xffffffff] reserved
[Fri Sep 18 07:24:07 2026] efi: Remove mem239: MMIO range=[0x16d10000000-0x16d301fffff] (514MB) from e820 map
[Fri Sep 18 07:24:07 2026] e820: remove [mem 0x16d10000000-0x16d301fffff] reserved
[Fri Sep 18 07:24:07 2026] efi: Remove mem240: MMIO range=[0x16d40000000-0x16d601fffff] (514MB) from e820 map
[Fri Sep 18 07:24:07 2026] e820: remove [mem 0x16d40000000-0x16d601fffff] reserved
[Fri Sep 18 07:24:07 2026] efi: Remove mem241: MMIO range=[0x16d70000000-0x16d901fffff] (514MB) from e820 map
[Fri Sep 18 07:24:07 2026] e820: remove [mem 0x16d70000000-0x16d901fffff] reserved
[Fri Sep 18 07:24:07 2026] efi: Remove mem242: MMIO range=[0x16da0000000-0x16dc01fffff] (514MB) from e820 map
[Fri Sep 18 07:24:07 2026] e820: remove [mem 0x16da0000000-0x16dc01fffff] reserved
[Fri Sep 18 07:24:07 2026] efi: Remove mem243: MMIO range=[0x16dd0000000-0x16df01fffff] (514MB) from e820 map
[Fri Sep 18 07:24:07 2026] e820: remove [mem 0x16dd0000000-0x16df01fffff] reserved
[Fri Sep 18 07:24:07 2026] efi: Remove mem244: MMIO range=[0x16e00000000-0x16e201fffff] (514MB) from e820 map
[Fri Sep 18 07:24:07 2026] e820: remove [mem 0x16e00000000-0x16e201fffff] reserved
[Fri Sep 18 07:24:07 2026] efi: Remove mem245: MMIO range=[0x16e30000000-0x16e501fffff] (514MB) from e820 map
[Fri Sep 18 07:24:07 2026] e820: remove [mem 0x16e30000000-0x16e501fffff] reserved
[Fri Sep 18 07:24:07 2026] efi: Remove mem246: MMIO range=[0x16e60000000-0x16e801fffff] (514MB) from e820 map
[Fri Sep 18 07:24:07 2026] e820: remove [mem 0x16e60000000-0x16e801fffff] reserved
[Fri Sep 18 07:24:07 2026] efi: Remove mem247: MMIO range=[0x16e90000000-0x16eb01fffff] (514MB) from e820 map
[Fri Sep 18 07:24:07 2026] e820: remove [mem 0x16e90000000-0x16eb01fffff] reserved
[Fri Sep 18 07:24:07 2026] efi: Remove mem248: MMIO range=[0x16ec0000000-0x16ee01fffff] (514MB) from e820 map
[Fri Sep 18 07:24:07 2026] e820: remove [mem 0x16ec0000000-0x16ee01fffff] reserved
[Fri Sep 18 07:24:07 2026] efi: Remove mem249: MMIO range=[0x2ffc00000000-0x2ffc0fffffff] (256MB) from e820 map
[Fri Sep 18 07:24:07 2026] e820: remove [mem 0x2ffc00000000-0x2ffc0fffffff] reserved
[Fri Sep 18 07:24:07 2026] SMBIOS 3.8.0 present.
[Fri Sep 18 07:24:07 2026] DMI: AMD Corporation Helios/Helios, BIOS WHEV6715N_RC3 07/24/2026
[Fri Sep 18 07:24:07 2026] DMI: Memory slots populated: 5/17
[Fri Sep 18 07:24:07 2026] secureboot: Secure boot disabled
[Fri Sep 18 07:24:07 2026] tsc: Fast TSC calibration using PIT
[Fri Sep 18 07:24:07 2026] tsc: Detected 3149.950 MHz processor
[Fri Sep 18 07:24:07 2026] e820: update [mem 0x00000000-0x00000fff] usable ==> reserved
[Fri Sep 18 07:24:07 2026] e820: remove [mem 0x000a0000-0x000fffff] usable
[Fri Sep 18 07:24:07 2026] last_pfn = 0x404d100 max_arch_pfn = 0x10000000000
[Fri Sep 18 07:24:07 2026] MTRR map: 5 entries (3 fixed + 2 variable; max 20), built from 9 variable MTRRs
[Fri Sep 18 07:24:07 2026] x86/PAT: Configuration [0-7]: WB  WC  UC- UC  WB  WP  UC- WT
[Fri Sep 18 07:24:07 2026] e820: update [mem 0xb0000000-0xffffffff] usable ==> reserved
[Fri Sep 18 07:24:07 2026] x2apic: enabled by BIOS, switching to x2apic ops
[Fri Sep 18 07:24:07 2026] last_pfn = 0xa8000 max_arch_pfn = 0x10000000000
[Fri Sep 18 07:24:07 2026] Using GB pages for direct mapping
[Fri Sep 18 07:24:07 2026] secureboot: Secure boot disabled
[Fri Sep 18 07:24:07 2026] RAMDISK: [mem 0x54142000-0x5cf89fff]
[Fri Sep 18 07:24:07 2026] ACPI: Early table checksum verification disabled
[Fri Sep 18 07:24:07 2026] ACPI: RSDP 0x0000000075DFE014 000024 (v02 AMDINC)
[Fri Sep 18 07:24:07 2026] ACPI: XSDT 0x0000000075D7F188 000134 (v01 AMDINC AMDCRB   00000000 AMD  00000001)
[Fri Sep 18 07:24:07 2026] ACPI: FACP 0x0000000075D7B000 000114 (v06 AMDINC AMDCRB   00000000 DYNT 00010000)
[Fri Sep 18 07:24:07 2026] ACPI: DSDT 0x0000000075D6D000 006938 (v02 AMDINC AMDCRB   00000000 INTL 20230628)
[Fri Sep 18 07:24:07 2026] ACPI: FACS 0x00000000757E7000 000040
[Fri Sep 18 07:24:07 2026] ACPI: SSDT 0x0000000075DFC000 000067 (v02 AMDINC CPMDSM   00000001 INTL 20230628)
[Fri Sep 18 07:24:07 2026] ACPI: SSDT 0x0000000075DFB000 0000AC (v02 AMDINC MPDMA    00000001 AMD  00000001)
[Fri Sep 18 07:24:07 2026] ACPI: SSDT 0x0000000075DFA000 0000F3 (v02 AMDINC SMU-HSMP 00000001 INTL 20230628)
[Fri Sep 18 07:24:07 2026] ACPI: HSMP 0x0000000075DF9000 000044 (v01 AMDINC AMDCRB   00000000 AMD  00000001)
[Fri Sep 18 07:24:07 2026] ACPI: SSDT 0x0000000075DF8000 000478 (v02 AMDINC CPMRAS   00000001 INTL 20230628)
[Fri Sep 18 07:24:07 2026] ACPI: BERT 0x0000000075DF7000 000030 (v01 AMDINC AMDCRB   00000001 AMD  00000001)
[Fri Sep 18 07:24:07 2026] ACPI: PHAT 0x0000000075DF5000 000150 (v01 AMDINC AMDCRB   00000000 AMD  00000001)
[Fri Sep 18 07:24:07 2026] ACPI: SSDT 0x0000000075DF4000 000574 (v02 AMDINC Tpm2Tabl 00001000 INTL 20230628)
[Fri Sep 18 07:24:07 2026] ACPI: TPM2 0x0000000075DF3000 00004C (v04 AMDINC AMDCRB   00000000 AMD  00000001)
[Fri Sep 18 07:24:07 2026] ACPI: EINJ 0x0000000075DF2000 000190 (v02 AMDINC AMDCRB   00000001 AMD  00000001)
[Fri Sep 18 07:24:07 2026] ACPI: HEST 0x0000000075DF0000 0018B4 (v02 AMDINC AMDCRB   00000000 AMD  00000001)
[Fri Sep 18 07:24:07 2026] ACPI: FPDT 0x0000000075DF6000 000034 (v01 AMDINC AMDCRB   00000000 AMD  00000001)
[Fri Sep 18 07:24:07 2026] ACPI: PRMT 0x0000000075DEF000 000196 (v01 AMDINC AMDCRB   00000000 AMD  00000001)
[Fri Sep 18 07:24:07 2026] ACPI: SSDT 0x0000000075DC4000 02A15F (v02 AMDINC AmdFwCfg 00001060 AMD  20240326)
[Fri Sep 18 07:24:07 2026] ACPI: ASPT 0x0000000075DC3000 000084 (v02 AMDINC AMDCRB   00000001 AMD  00000001)
[Fri Sep 18 07:24:07 2026] ACPI: SSDT 0x0000000075D85000 03D22E (v02 AMDINC AMDCRB   00000001 AMD  00000001)
[Fri Sep 18 07:24:07 2026] ACPI: SRAT 0x0000000075D83000 0019F0 (v03 AMDINC AMDCRB   00000001 AMD  00000001)
[Fri Sep 18 07:24:07 2026] ACPI: MSCT 0x0000000075D82000 00007A (v01 AMDINC AMDCRB   00000000 AMD  00000001)
[Fri Sep 18 07:24:07 2026] ACPI: SLIT 0x0000000075D81000 0000BC (v01 AMDINC AMDCRB   00000001 AMD  00000001)
[Fri Sep 18 07:24:07 2026] ACPI: HMAT 0x0000000075D80000 000548 (v02 AMDINC AMDCRB   00000001 AMD  00000001)
[Fri Sep 18 07:24:07 2026] ACPI: BDAT 0x0000000075DFD000 000030 (v01 AMDINC AMDCRB   00000000 AMD  00000001)
[Fri Sep 18 07:24:07 2026] ACPI: SSDT 0x0000000075D7C000 0007F9 (v02 AMDINC FCHSSDT  00000000 INTL 20230628)
[Fri Sep 18 07:24:07 2026] ACPI: HPET 0x0000000075D7A000 000038 (v01 AMDINC AMDCRB   00000000 DYNT 00010000)
[Fri Sep 18 07:24:07 2026] ACPI: SSDT 0x0000000075D79000 000059 (v02 AMDINC AMDCRB   00000000 DYNT 00010000)
[Fri Sep 18 07:24:07 2026] ACPI: WSMT 0x0000000075D78000 000028 (v01 AMDINC AMDCRB   00000000 DYNT 00010000)
[Fri Sep 18 07:24:07 2026] ACPI: SPMI 0x0000000075D77000 000041 (v05 AMDINC AMDCRB   00000000 DYNT 00010000)
[Fri Sep 18 07:24:07 2026] ACPI: MCFG 0x0000000075D76000 00004C (v01 AMDINC AMDCRB   00000000 DYNT 00010000)
[Fri Sep 18 07:24:07 2026] ACPI: APIC 0x0000000075D74000 0010A0 (v06 AMDINC AMDCRB   00000000 DYNT 00010000)
[Fri Sep 18 07:24:07 2026] ACPI: SSDT 0x0000000075D7E000 0003F7 (v02 AMDINC SYDEV    00000000 INTL 20230628)
[Fri Sep 18 07:24:07 2026] ACPI: SSDT 0x0000000075D7D000 000107 (v02 AMDINC SERIAL   00000001 DYNT 00010000)
[Fri Sep 18 07:24:07 2026] ACPI: BGRT 0x0000000075D6C000 000038 (v01 AMDINC AMDCRB   00000000 AMD  00000001)
[Fri Sep 18 07:24:07 2026] ACPI: SPCR 0x0000000075D6B000 000050 (v02 AMDINC AMDCRB   00000000 AMD  00000001)
[Fri Sep 18 07:24:07 2026] ACPI: SSDT 0x0000000075D69000 0016C8 (v02 AMDINC RASEDR   00000001 AMDI 00000001)
[Fri Sep 18 07:24:07 2026] ACPI: Reserving FACP table memory at [mem 0x75d7b000-0x75d7b113]
[Fri Sep 18 07:24:07 2026] ACPI: Reserving DSDT table memory at [mem 0x75d6d000-0x75d73937]
[Fri Sep 18 07:24:07 2026] ACPI: Reserving FACS table memory at [mem 0x757e7000-0x757e703f]
[Fri Sep 18 07:24:07 2026] ACPI: Reserving SSDT table memory at [mem 0x75dfc000-0x75dfc066]
[Fri Sep 18 07:24:07 2026] ACPI: Reserving SSDT table memory at [mem 0x75dfb000-0x75dfb0ab]
[Fri Sep 18 07:24:07 2026] ACPI: Reserving SSDT table memory at [mem 0x75dfa000-0x75dfa0f2]
[Fri Sep 18 07:24:07 2026] ACPI: Reserving HSMP table memory at [mem 0x75df9000-0x75df9043]
[Fri Sep 18 07:24:07 2026] ACPI: Reserving SSDT table memory at [mem 0x75df8000-0x75df8477]
[Fri Sep 18 07:24:07 2026] ACPI: Reserving BERT table memory at [mem 0x75df7000-0x75df702f]
[Fri Sep 18 07:24:07 2026] ACPI: Reserving PHAT table memory at [mem 0x75df5000-0x75df514f]
[Fri Sep 18 07:24:07 2026] ACPI: Reserving SSDT table memory at [mem 0x75df4000-0x75df4573]
[Fri Sep 18 07:24:07 2026] ACPI: Reserving TPM2 table memory at [mem 0x75df3000-0x75df304b]
[Fri Sep 18 07:24:07 2026] ACPI: Reserving EINJ table memory at [mem 0x75df2000-0x75df218f]
[Fri Sep 18 07:24:07 2026] ACPI: Reserving HEST table memory at [mem 0x75df0000-0x75df18b3]
[Fri Sep 18 07:24:07 2026] ACPI: Reserving FPDT table memory at [mem 0x75df6000-0x75df6033]
[Fri Sep 18 07:24:07 2026] ACPI: Reserving PRMT table memory at [mem 0x75def000-0x75def195]
[Fri Sep 18 07:24:07 2026] ACPI: Reserving SSDT table memory at [mem 0x75dc4000-0x75dee15e]
[Fri Sep 18 07:24:07 2026] ACPI: Reserving ASPT table memory at [mem 0x75dc3000-0x75dc3083]
[Fri Sep 18 07:24:07 2026] ACPI: Reserving SSDT table memory at [mem 0x75d85000-0x75dc222d]
[Fri Sep 18 07:24:07 2026] ACPI: Reserving SRAT table memory at [mem 0x75d83000-0x75d849ef]
[Fri Sep 18 07:24:07 2026] ACPI: Reserving MSCT table memory at [mem 0x75d82000-0x75d82079]
[Fri Sep 18 07:24:07 2026] ACPI: Reserving SLIT table memory at [mem 0x75d81000-0x75d810bb]
[Fri Sep 18 07:24:07 2026] ACPI: Reserving HMAT table memory at [mem 0x75d80000-0x75d80547]
[Fri Sep 18 07:24:07 2026] ACPI: Reserving BDAT table memory at [mem 0x75dfd000-0x75dfd02f]
[Fri Sep 18 07:24:07 2026] ACPI: Reserving SSDT table memory at [mem 0x75d7c000-0x75d7c7f8]
[Fri Sep 18 07:24:07 2026] ACPI: Reserving HPET table memory at [mem 0x75d7a000-0x75d7a037]
[Fri Sep 18 07:24:07 2026] ACPI: Reserving SSDT table memory at [mem 0x75d79000-0x75d79058]
[Fri Sep 18 07:24:07 2026] ACPI: Reserving WSMT table memory at [mem 0x75d78000-0x75d78027]
[Fri Sep 18 07:24:07 2026] ACPI: Reserving SPMI table memory at [mem 0x75d77000-0x75d77040]
[Fri Sep 18 07:24:07 2026] ACPI: Reserving MCFG table memory at [mem 0x75d76000-0x75d7604b]
[Fri Sep 18 07:24:07 2026] ACPI: Reserving APIC table memory at [mem 0x75d74000-0x75d7509f]
[Fri Sep 18 07:24:07 2026] ACPI: Reserving SSDT table memory at [mem 0x75d7e000-0x75d7e3f6]
[Fri Sep 18 07:24:07 2026] ACPI: Reserving SSDT table memory at [mem 0x75d7d000-0x75d7d106]
[Fri Sep 18 07:24:07 2026] ACPI: Reserving BGRT table memory at [mem 0x75d6c000-0x75d6c037]
[Fri Sep 18 07:24:07 2026] ACPI: Reserving SPCR table memory at [mem 0x75d6b000-0x75d6b04f]
[Fri Sep 18 07:24:07 2026] ACPI: Reserving SSDT table memory at [mem 0x75d69000-0x75d6a6c7]
[Fri Sep 18 07:24:07 2026] APIC: Switched APIC routing to: cluster x2apic
[Fri Sep 18 07:24:07 2026] ACPI: SRAT: Node 0 PXM 0 [mem 0x00000000-0xafffffff]
[Fri Sep 18 07:24:07 2026] ACPI: SRAT: Node 0 PXM 0 [mem 0x100000000-0x204fffffff]
[Fri Sep 18 07:24:07 2026] ACPI: SRAT: Node 1 PXM 1 [mem 0x2050000000-0x404fffffff]
[Fri Sep 18 07:24:07 2026] ACPI: SRAT: Node 11 PXM 2 [mem 0x10000000000-0x16bffffffff]
[Fri Sep 18 07:24:07 2026] NUMA: Initialized distance table, cnt=12
[Fri Sep 18 07:24:07 2026] NUMA: Node 0 [mem 0x00001000-0xafffffff] + [mem 0x100000000-0x204fffffff] -> [mem 0x00001000-0x204fffffff]
[Fri Sep 18 07:24:07 2026] NODE_DATA(0) allocated [mem 0x204ffd5540-0x204fffffff]
[Fri Sep 18 07:24:07 2026] NODE_DATA(1) allocated [mem 0x404d0d4540-0x404d0fefff]
[Fri Sep 18 07:24:07 2026] Zone ranges:
[Fri Sep 18 07:24:07 2026]   DMA      [mem 0x0000000000001000-0x0000000000ffffff]
[Fri Sep 18 07:24:07 2026]   DMA32    [mem 0x0000000001000000-0x00000000ffffffff]
[Fri Sep 18 07:24:07 2026]   Normal   [mem 0x0000000100000000-0x000000404d0fffff]
[Fri Sep 18 07:24:07 2026]   Device   empty
[Fri Sep 18 07:24:07 2026] Movable zone start for each node
[Fri Sep 18 07:24:07 2026] Early memory node ranges
[Fri Sep 18 07:24:07 2026]   node   0: [mem 0x0000000000001000-0x000000000009ffff]
[Fri Sep 18 07:24:07 2026]   node   0: [mem 0x0000000000100000-0x00000000175bffff]
[Fri Sep 18 07:24:07 2026]   node   0: [mem 0x0000000017600000-0x000000001aa19fff]
[Fri Sep 18 07:24:07 2026]   node   0: [mem 0x000000001aa1b000-0x000000001aa50fff]
[Fri Sep 18 07:24:07 2026]   node   0: [mem 0x000000001aaba000-0x000000001aac8fff]
[Fri Sep 18 07:24:07 2026]   node   0: [mem 0x000000001aace000-0x000000006f3fefff]
[Fri Sep 18 07:24:07 2026]   node   0: [mem 0x0000000075dff000-0x0000000075dfffff]
[Fri Sep 18 07:24:07 2026]   node   0: [mem 0x0000000075f42000-0x00000000a7ffffff]
[Fri Sep 18 07:24:07 2026]   node   0: [mem 0x0000000100010000-0x000000204fffffff]
[Fri Sep 18 07:24:07 2026]   node   1: [mem 0x0000002050000000-0x0000004043ffffff]
[Fri Sep 18 07:24:07 2026]   node   1: [mem 0x0000004049000000-0x0000004049bbffff]
[Fri Sep 18 07:24:07 2026]   node   1: [mem 0x000000404d000000-0x000000404d0fffff]
[Fri Sep 18 07:24:07 2026] Initmem setup node 0 [mem 0x0000000000001000-0x000000204fffffff]
[Fri Sep 18 07:24:07 2026] Initmem setup node 1 [mem 0x0000002050000000-0x000000404d0fffff]
[Fri Sep 18 07:24:07 2026] Initmem setup node 2 as memoryless
[Fri Sep 18 07:24:07 2026] Initmem setup node 3 as memoryless
[Fri Sep 18 07:24:07 2026] Initmem setup node 4 as memoryless
[Fri Sep 18 07:24:07 2026] Initmem setup node 5 as memoryless
[Fri Sep 18 07:24:07 2026] Initmem setup node 6 as memoryless
[Fri Sep 18 07:24:07 2026] Initmem setup node 7 as memoryless
[Fri Sep 18 07:24:07 2026] Initmem setup node 8 as memoryless
[Fri Sep 18 07:24:07 2026] Initmem setup node 9 as memoryless
[Fri Sep 18 07:24:07 2026] Initmem setup node 10 as memoryless
[Fri Sep 18 07:24:07 2026] Initmem setup node 11 as memoryless
[Fri Sep 18 07:24:07 2026] On node 0, zone DMA: 1 pages in unavailable ranges
[Fri Sep 18 07:24:07 2026] On node 0, zone DMA: 96 pages in unavailable ranges
[Fri Sep 18 07:24:07 2026] On node 0, zone DMA32: 64 pages in unavailable ranges
[Fri Sep 18 07:24:07 2026] On node 0, zone DMA32: 1 pages in unavailable ranges
[Fri Sep 18 07:24:07 2026] On node 0, zone DMA32: 105 pages in unavailable ranges
[Fri Sep 18 07:24:07 2026] On node 0, zone DMA32: 5 pages in unavailable ranges
[Fri Sep 18 07:24:07 2026] On node 0, zone DMA32: 27136 pages in unavailable ranges
[Fri Sep 18 07:24:07 2026] On node 0, zone DMA32: 322 pages in unavailable ranges
[Fri Sep 18 07:24:07 2026] On node 0, zone Normal: 16 pages in unavailable ranges
[Fri Sep 18 07:24:07 2026] On node 1, zone Normal: 20480 pages in unavailable ranges
[Fri Sep 18 07:24:07 2026] On node 1, zone Normal: 13376 pages in unavailable ranges
[Fri Sep 18 07:24:07 2026] On node 1, zone Normal: 12032 pages in unavailable ranges
[Fri Sep 18 07:24:07 2026] ACPI: PM-Timer IO Port: 0x808
[Fri Sep 18 07:24:07 2026] ACPI: X2APIC_NMI (uid[0xffffffff] high edge lint[0x1])
[Fri Sep 18 07:24:07 2026] IOAPIC[0]: apic_id 128, version 33, address 0xfec00000, GSI 0-23
[Fri Sep 18 07:24:07 2026] IOAPIC[1]: apic_id 240, version 33, address 0xba980000, GSI 24-55
[Fri Sep 18 07:24:07 2026] IOAPIC[2]: apic_id 241, version 33, address 0xb9880000, GSI 56-87
[Fri Sep 18 07:24:07 2026] IOAPIC[3]: apic_id 242, version 33, address 0xb8800000, GSI 88-119
[Fri Sep 18 07:24:07 2026] IOAPIC[4]: apic_id 243, version 33, address 0xb7880000, GSI 120-151
[Fri Sep 18 07:24:07 2026] IOAPIC[5]: apic_id 244, version 33, address 0xb5880000, GSI 152-183
[Fri Sep 18 07:24:07 2026] IOAPIC[6]: apic_id 245, version 33, address 0xb4800000, GSI 184-215
[Fri Sep 18 07:24:07 2026] ACPI: INT_SRC_OVR (bus 0 bus_irq 0 global_irq 2 dfl dfl)
[Fri Sep 18 07:24:07 2026] ACPI: INT_SRC_OVR (bus 0 bus_irq 9 global_irq 9 low level)
[Fri Sep 18 07:24:07 2026] ACPI: Using ACPI (MADT) for SMP configuration information
[Fri Sep 18 07:24:07 2026] ACPI: HPET id: 0x10228201 base: 0xfed00000
[Fri Sep 18 07:24:07 2026] e820: update [mem 0x6a881000-0x6a900fff] usable ==> reserved
[Fri Sep 18 07:24:07 2026] ACPI: SPCR: console: uart,io,0x2f8,115200
[Fri Sep 18 07:24:07 2026] CPU topo: Max. logical packages:   1
[Fri Sep 18 07:24:07 2026] CPU topo: Max. logical dies:       4
[Fri Sep 18 07:24:07 2026] CPU topo: Max. dies per package:   4
[Fri Sep 18 07:24:07 2026] CPU topo: Max. threads per core:   2
[Fri Sep 18 07:24:07 2026] CPU topo: Num. cores per package:   128
[Fri Sep 18 07:24:07 2026] CPU topo: Num. threads per package: 256
[Fri Sep 18 07:24:07 2026] CPU topo: Allowing 256 present CPUs plus 0 hotplug CPUs
[Fri Sep 18 07:24:07 2026] PM: hibernation: Registered nosave memory: [mem 0x00000000-0x00000fff]
[Fri Sep 18 07:24:07 2026] PM: hibernation: Registered nosave memory: [mem 0x000a0000-0x000fffff]
[Fri Sep 18 07:24:07 2026] PM: hibernation: Registered nosave memory: [mem 0x175c0000-0x175fffff]
[Fri Sep 18 07:24:07 2026] PM: hibernation: Registered nosave memory: [mem 0x1aa1a000-0x1aa1afff]
[Fri Sep 18 07:24:07 2026] PM: hibernation: Registered nosave memory: [mem 0x1aa51000-0x1aab9fff]
[Fri Sep 18 07:24:07 2026] PM: hibernation: Registered nosave memory: [mem 0x1aac9000-0x1aacdfff]
[Fri Sep 18 07:24:07 2026] PM: hibernation: Registered nosave memory: [mem 0x6a881000-0x6a900fff]
[Fri Sep 18 07:24:07 2026] PM: hibernation: Registered nosave memory: [mem 0x6f3ff000-0x75dfefff]
[Fri Sep 18 07:24:07 2026] PM: hibernation: Registered nosave memory: [mem 0x75e00000-0x75f41fff]
[Fri Sep 18 07:24:07 2026] PM: hibernation: Registered nosave memory: [mem 0xa8000000-0x10000ffff]
[Fri Sep 18 07:24:07 2026] PM: hibernation: Registered nosave memory: [mem 0x4044000000-0x4048ffffff]
[Fri Sep 18 07:24:07 2026] PM: hibernation: Registered nosave memory: [mem 0x4049bc0000-0x404cffffff]
[Fri Sep 18 07:24:07 2026] [mem 0xb0000000-0xffffffff] available for PCI devices
[Fri Sep 18 07:24:07 2026] Booting paravirtualized kernel on bare hardware
[Fri Sep 18 07:24:07 2026] clocksource: refined-jiffies: mask: 0xffffffff max_cycles: 0xffffffff, max_idle_ns: 1910969940391419 ns
[Fri Sep 18 07:24:07 2026] setup_percpu: NR_CPUS:8192 nr_cpumask_bits:256 nr_cpu_ids:256 nr_node_ids:12
[Fri Sep 18 07:24:07 2026] percpu: Embedded 88 pages/cpu s237568 r8192 d114688 u524288
[Fri Sep 18 07:24:07 2026] pcpu-alloc: s237568 r8192 d114688 u524288 alloc=1*2097152
[Fri Sep 18 07:24:07 2026] pcpu-alloc: [0] 000 001 002 003 [0] 004 005 006 007
[Fri Sep 18 07:24:07 2026] pcpu-alloc: [0] 008 009 010 011 [0] 012 013 014 015
[Fri Sep 18 07:24:07 2026] pcpu-alloc: [0] 016 017 018 019 [0] 020 021 022 023
[Fri Sep 18 07:24:07 2026] pcpu-alloc: [0] 024 025 026 027 [0] 028 029 030 031
[Fri Sep 18 07:24:07 2026] pcpu-alloc: [0] 032 033 034 035 [0] 036 037 038 039
[Fri Sep 18 07:24:07 2026] pcpu-alloc: [0] 040 041 042 043 [0] 044 045 046 047
[Fri Sep 18 07:24:07 2026] pcpu-alloc: [0] 048 049 050 051 [0] 052 053 054 055
[Fri Sep 18 07:24:07 2026] pcpu-alloc: [0] 056 057 058 059 [0] 060 061 062 063
[Fri Sep 18 07:24:07 2026] pcpu-alloc: [0] 128 129 130 131 [0] 132 133 134 135
[Fri Sep 18 07:24:07 2026] pcpu-alloc: [0] 136 137 138 139 [0] 140 141 142 143
[Fri Sep 18 07:24:07 2026] pcpu-alloc: [0] 144 145 146 147 [0] 148 149 150 151
[Fri Sep 18 07:24:07 2026] pcpu-alloc: [0] 152 153 154 155 [0] 156 157 158 159
[Fri Sep 18 07:24:07 2026] pcpu-alloc: [0] 160 161 162 163 [0] 164 165 166 167
[Fri Sep 18 07:24:07 2026] pcpu-alloc: [0] 168 169 170 171 [0] 172 173 174 175
[Fri Sep 18 07:24:07 2026] pcpu-alloc: [0] 176 177 178 179 [0] 180 181 182 183
[Fri Sep 18 07:24:07 2026] pcpu-alloc: [0] 184 185 186 187 [0] 188 189 190 191
[Fri Sep 18 07:24:07 2026] pcpu-alloc: [1] 064 065 066 067 [1] 068 069 070 071
[Fri Sep 18 07:24:07 2026] pcpu-alloc: [1] 072 073 074 075 [1] 076 077 078 079
[Fri Sep 18 07:24:07 2026] pcpu-alloc: [1] 080 081 082 083 [1] 084 085 086 087
[Fri Sep 18 07:24:07 2026] pcpu-alloc: [1] 088 089 090 091 [1] 092 093 094 095
[Fri Sep 18 07:24:07 2026] pcpu-alloc: [1] 096 097 098 099 [1] 100 101 102 103
[Fri Sep 18 07:24:07 2026] pcpu-alloc: [1] 104 105 106 107 [1] 108 109 110 111
[Fri Sep 18 07:24:07 2026] pcpu-alloc: [1] 112 113 114 115 [1] 116 117 118 119
[Fri Sep 18 07:24:07 2026] pcpu-alloc: [1] 120 121 122 123 [1] 124 125 126 127
[Fri Sep 18 07:24:07 2026] pcpu-alloc: [1] 192 193 194 195 [1] 196 197 198 199
[Fri Sep 18 07:24:07 2026] pcpu-alloc: [1] 200 201 202 203 [1] 204 205 206 207
[Fri Sep 18 07:24:07 2026] pcpu-alloc: [1] 208 209 210 211 [1] 212 213 214 215
[Fri Sep 18 07:24:07 2026] pcpu-alloc: [1] 216 217 218 219 [1] 220 221 222 223
[Fri Sep 18 07:24:07 2026] pcpu-alloc: [1] 224 225 226 227 [1] 228 229 230 231
[Fri Sep 18 07:24:07 2026] pcpu-alloc: [1] 232 233 234 235 [1] 236 237 238 239
[Fri Sep 18 07:24:07 2026] pcpu-alloc: [1] 240 241 242 243 [1] 244 245 246 247
[Fri Sep 18 07:24:07 2026] pcpu-alloc: [1] 248 249 250 251 [1] 252 253 254 255
[Fri Sep 18 07:24:07 2026] Kernel command line: BOOT_IMAGE=/boot/vmlinuz-6.14.0-37-generic root=UUID=a8c7367a-9025-4849-baa8-853bab204e11 ro modprobe.blacklist=amdgpu pci=realloc=off iommu=pt modprobe.blacklist=amdgpu,device_dax,dax_hmem iommu=pt console=tty0 console=ttyS1,115200n8 preempt=full rcu_nocbs=all
[Fri Sep 18 07:24:07 2026] Dynamic Preempt: full
[Fri Sep 18 07:24:07 2026] Unknown kernel command line parameters "BOOT_IMAGE=/boot/vmlinuz-6.14.0-37-generic", will be passed to user space.
[Fri Sep 18 07:24:07 2026] printk: log_buf_len individual max cpu contribution: 4096 bytes
[Fri Sep 18 07:24:07 2026] printk: log_buf_len total cpu_extra contributions: 1044480 bytes
[Fri Sep 18 07:24:07 2026] printk: log_buf_len min size: 262144 bytes
[Fri Sep 18 07:24:07 2026] printk: log buffer data + meta data: 2097152 + 7340032 = 9437184 bytes
[Fri Sep 18 07:24:07 2026] printk: early log buf free: 234248(89%)
[Fri Sep 18 07:24:07 2026] Fallback order for Node 0: 0 1
[Fri Sep 18 07:24:07 2026] Fallback order for Node 1: 1 0
[Fri Sep 18 07:24:07 2026] Fallback order for Node 2: 0 1
[Fri Sep 18 07:24:07 2026] Fallback order for Node 3: 1 0
[Fri Sep 18 07:24:07 2026] Fallback order for Node 4: 0 1
[Fri Sep 18 07:24:07 2026] Fallback order for Node 5: 1 0
[Fri Sep 18 07:24:07 2026] Fallback order for Node 6: 0 1
[Fri Sep 18 07:24:07 2026] Fallback order for Node 7: 1 0
[Fri Sep 18 07:24:07 2026] Fallback order for Node 8: 0 1
[Fri Sep 18 07:24:07 2026] Fallback order for Node 9: 1 0
[Fri Sep 18 07:24:07 2026] Fallback order for Node 10: 0 1
[Fri Sep 18 07:24:07 2026] Fallback order for Node 11: 1 0
[Fri Sep 18 07:24:07 2026] Built 11 zonelists, mobility grouping on.  Total pages: 67002462
[Fri Sep 18 07:24:07 2026] Policy zone: Normal
[Fri Sep 18 07:24:07 2026] mem auto-init: stack:all(zero), heap alloc:on, heap free:off
[Fri Sep 18 07:24:07 2026] software IO TLB: area num 256.
[Fri Sep 18 07:24:08 2026] SLUB: HWalign=64, Order=0-3, MinObjects=0, CPUs=256, Nodes=12
[Fri Sep 18 07:24:08 2026] ftrace: allocating 60485 entries in 237 pages
[Fri Sep 18 07:24:08 2026] ftrace: allocated 237 pages with 6 groups
[Fri Sep 18 07:24:08 2026] rcu: Preemptible hierarchical RCU implementation.
[Fri Sep 18 07:24:08 2026] rcu: 	RCU restricting CPUs from NR_CPUS=8192 to nr_cpu_ids=256.
[Fri Sep 18 07:24:08 2026] 	Trampoline variant of Tasks RCU enabled.
[Fri Sep 18 07:24:08 2026] 	Rude variant of Tasks RCU enabled.
[Fri Sep 18 07:24:08 2026] 	Tracing variant of Tasks RCU enabled.
[Fri Sep 18 07:24:08 2026] rcu: RCU calculated value of scheduler-enlistment delay is 101 jiffies.
[Fri Sep 18 07:24:08 2026] rcu: Adjusting geometry for rcu_fanout_leaf=16, nr_cpu_ids=256
[Fri Sep 18 07:24:08 2026] RCU Tasks: Setting shift to 8 and lim to 1 rcu_task_cb_adjust=1 rcu_task_cpu_ids=256.
[Fri Sep 18 07:24:08 2026] RCU Tasks Rude: Setting shift to 8 and lim to 1 rcu_task_cb_adjust=1 rcu_task_cpu_ids=256.
[Fri Sep 18 07:24:08 2026] RCU Tasks Trace: Setting shift to 8 and lim to 1 rcu_task_cb_adjust=1 rcu_task_cpu_ids=256.
[Fri Sep 18 07:24:08 2026] NR_IRQS: 524544, nr_irqs: 5736, preallocated irqs: 16
[Fri Sep 18 07:24:08 2026] rcu: 	Offload RCU callbacks from CPUs: 0-255.
[Fri Sep 18 07:24:08 2026] rcu: srcu_init: Setting srcu_struct sizes to big.
[Fri Sep 18 07:24:08 2026] Console: colour dummy device 80x25
[Fri Sep 18 07:24:08 2026] printk: legacy console [tty0] enabled
[Fri Sep 18 07:24:08 2026] printk: legacy console [ttyS1] enabled
[Fri Sep 18 07:24:10 2026] mempolicy: Enabling automatic NUMA balancing. Configure with numa_balancing= or the kernel.numa_balancing sysctl
[Fri Sep 18 07:24:10 2026] ACPI: Core revision 20240827
[Fri Sep 18 07:24:10 2026] clocksource: hpet: mask: 0xffffffff max_cycles: 0xffffffff, max_idle_ns: 133484873504 ns
[Fri Sep 18 07:24:10 2026] APIC: Switch to symmetric I/O mode setup
[Fri Sep 18 07:24:10 2026] x2apic: IRQ remapping doesn't support X2APIC mode
[Fri Sep 18 07:24:10 2026] x2apic disabled
[Fri Sep 18 07:24:10 2026] APIC: Switched APIC routing to: physical flat
[Fri Sep 18 07:24:10 2026] ..TIMER: vector=0x30 apic1=0 pin1=2 apic2=-1 pin2=-1
[Fri Sep 18 07:24:10 2026] clocksource: tsc-early: mask: 0xffffffffffffffff max_cycles: 0x2d67998373b, max_idle_ns: 440795260767 ns
[Fri Sep 18 07:24:10 2026] Calibrating delay loop (skipped), value calculated using timer frequency.. 6299.90 BogoMIPS (lpj=3149950)
[Fri Sep 18 07:24:10 2026] x86/cpu: User Mode Instruction Prevention (UMIP) activated
[Fri Sep 18 07:24:10 2026] LVT offset 1 assigned for vector 0xf9
[Fri Sep 18 07:24:10 2026] LVT offset 2 assigned for vector 0xf4
[Fri Sep 18 07:24:10 2026] Last level iTLB entries: 4KB 64, 2MB 64, 4MB 32
[Fri Sep 18 07:24:10 2026] Last level dTLB entries: 4KB 128, 2MB 128, 4MB 64, 1GB 0
[Fri Sep 18 07:24:10 2026] process: using mwait in idle threads
[Fri Sep 18 07:24:10 2026] Spectre V1 : Mitigation: usercopy/swapgs barriers and __user pointer sanitization
[Fri Sep 18 07:24:10 2026] Spectre V2 : Mitigation: Enhanced / Automatic IBRS
[Fri Sep 18 07:24:10 2026] Spectre V2 : mitigation: Enabling conditional Indirect Branch Prediction Barrier
[Fri Sep 18 07:24:10 2026] Spectre V2 : User space: Mitigation: STIBP always-on protection
[Fri Sep 18 07:24:10 2026] Speculative Store Bypass: Mitigation: Speculative Store Bypass disabled via prctl
[Fri Sep 18 07:24:10 2026] Speculative Return Stack Overflow: Mitigation: IBPB on VMEXIT only
[Fri Sep 18 07:24:10 2026] VMSCAPE: Mitigation: IBPB on VMEXIT
[Fri Sep 18 07:24:10 2026] x86/fpu: Supporting XSAVE feature 0x001: 'x87 floating point registers'
[Fri Sep 18 07:24:10 2026] x86/fpu: Supporting XSAVE feature 0x002: 'SSE registers'
[Fri Sep 18 07:24:10 2026] x86/fpu: Supporting XSAVE feature 0x004: 'AVX registers'
[Fri Sep 18 07:24:10 2026] x86/fpu: Supporting XSAVE feature 0x020: 'AVX-512 opmask'
[Fri Sep 18 07:24:10 2026] x86/fpu: Supporting XSAVE feature 0x040: 'AVX-512 Hi256'
[Fri Sep 18 07:24:10 2026] x86/fpu: Supporting XSAVE feature 0x080: 'AVX-512 ZMM_Hi256'
[Fri Sep 18 07:24:10 2026] x86/fpu: Supporting XSAVE feature 0x200: 'Protection Keys User registers'
[Fri Sep 18 07:24:10 2026] x86/fpu: Supporting XSAVE feature 0x800: 'Control-flow User registers'
[Fri Sep 18 07:24:10 2026] x86/fpu: xstate_offset[2]:  576, xstate_sizes[2]:  256
[Fri Sep 18 07:24:10 2026] x86/fpu: xstate_offset[5]:  832, xstate_sizes[5]:   64
[Fri Sep 18 07:24:10 2026] x86/fpu: xstate_offset[6]:  896, xstate_sizes[6]:  512
[Fri Sep 18 07:24:10 2026] x86/fpu: xstate_offset[7]: 1408, xstate_sizes[7]: 1024
[Fri Sep 18 07:24:10 2026] x86/fpu: xstate_offset[9]: 2432, xstate_sizes[9]:    8
[Fri Sep 18 07:24:10 2026] x86/fpu: xstate_offset[11]: 2440, xstate_sizes[11]:   16
[Fri Sep 18 07:24:10 2026] x86/fpu: Enabled xstate features 0xae7, context size is 2456 bytes, using 'compacted' format.
[Fri Sep 18 07:24:10 2026] Freeing SMP alternatives memory: 48K
[Fri Sep 18 07:24:10 2026] pid_max: default: 262144 minimum: 2048
[Fri Sep 18 07:24:10 2026] LSM: initializing lsm=lockdown,capability,landlock,yama,apparmor,ima,evm
[Fri Sep 18 07:24:10 2026] landlock: Up and running.
[Fri Sep 18 07:24:10 2026] Yama: becoming mindful.
[Fri Sep 18 07:24:10 2026] AppArmor: AppArmor initialized
[Fri Sep 18 07:24:10 2026] Dentry cache hash table entries: 16777216 (order: 15, 134217728 bytes, vmalloc hugepage)
[Fri Sep 18 07:24:10 2026] Inode-cache hash table entries: 8388608 (order: 14, 67108864 bytes, vmalloc hugepage)
[Fri Sep 18 07:24:10 2026] Mount-cache hash table entries: 262144 (order: 9, 2097152 bytes, vmalloc hugepage)
[Fri Sep 18 07:24:10 2026] Mountpoint-cache hash table entries: 262144 (order: 9, 2097152 bytes, vmalloc hugepage)
[Fri Sep 18 07:24:11 2026] smpboot: CPU0: AMD Eng Sample: 100-000001046-04 (family: 0x1a, model: 0x51, stepping: 0x0)
[Fri Sep 18 07:24:11 2026] Performance Events: Fam17h+ 16-deep LBR, core perfctr, AMD PMU driver.
[Fri Sep 18 07:24:11 2026] ... version:                2
[Fri Sep 18 07:24:11 2026] ... bit width:              48
[Fri Sep 18 07:24:11 2026] ... generic registers:      6
[Fri Sep 18 07:24:11 2026] ... value mask:             0000ffffffffffff
[Fri Sep 18 07:24:11 2026] ... max period:             00007fffffffffff
[Fri Sep 18 07:24:11 2026] ... fixed-purpose events:   0
[Fri Sep 18 07:24:11 2026] ... event mask:             000000000000003f
[Fri Sep 18 07:24:11 2026] signal: max sigframe size: 3376
[Fri Sep 18 07:24:11 2026] rcu: Hierarchical SRCU implementation.
[Fri Sep 18 07:24:11 2026] rcu: 	Max phase no-delay instances is 400.
[Fri Sep 18 07:24:11 2026] Timer migration: 4 hierarchy levels; 8 children per group; 2 crossnode level
[Fri Sep 18 07:24:11 2026] NMI watchdog: Enabled. Permanently consumes one hw-PMU counter.
[Fri Sep 18 07:24:11 2026] smp: Bringing up secondary CPUs ...
[Fri Sep 18 07:24:11 2026] smpboot: x86: Booting SMP configuration:
[Fri Sep 18 07:24:11 2026] .... node   #0, CPUs:          #1   #2   #3   #4   #5   #6   #7   #8   #9  #10  #11  #12  #13  #14  #15  #16  #17  #18  #19  #20  #21  #22  #23  #24  #25  #26  #27  #28  #29  #30  #31  #32  #33  #34  #35  #36  #37  #38  #39  #40  #41  #42  #43  #44  #45  #46  #47  #48  #49  #50  #51  #52  #53  #54  #55  #56  #57  #58  #59  #60  #61  #62  #63
[Fri Sep 18 07:24:11 2026] .... node   #1, CPUs:    #64  #65  #66  #67  #68  #69  #70  #71  #72  #73  #74  #75  #76  #77  #78  #79  #80  #81  #82  #83  #84  #85  #86  #87  #88  #89  #90  #91  #92  #93  #94  #95  #96  #97  #98  #99 #100 #101 #102 #103 #104 #105 #106 #107 #108 #109 #110 #111 #112 #113 #114 #115 #116 #117 #118 #119 #120 #121 #122 #123 #124 #125 #126 #127
[Fri Sep 18 07:24:11 2026] .... node   #0, CPUs:   #128 #129 #130 #131 #132 #133 #134 #135 #136 #137 #138 #139 #140 #141 #142 #143 #144 #145 #146 #147 #148 #149 #150 #151 #152 #153 #154 #155 #156 #157 #158 #159 #160 #161 #162 #163 #164 #165 #166 #167 #168 #169 #170 #171 #172 #173 #174 #175 #176 #177 #178 #179 #180 #181 #182 #183 #184 #185 #186 #187 #188 #189 #190 #191
[Fri Sep 18 07:24:11 2026] .... node   #1, CPUs:   #192 #193 #194 #195 #196 #197 #198 #199 #200 #201 #202 #203 #204 #205 #206 #207 #208 #209 #210 #211 #212 #213 #214 #215 #216 #217 #218 #219 #220 #221 #222 #223 #224 #225 #226 #227 #228 #229 #230 #231 #232 #233 #234 #235 #236 #237 #238 #239 #240 #241 #242 #243 #244 #245 #246 #247 #248 #249 #250 #251 #252 #253 #254
[Fri Sep 18 07:24:11 2026] smpboot: CPU 255 has invalid APIC ID ff. Aborting bringup
[Fri Sep 18 07:24:11 2026] Spectre V2 : Update user space SMT mitigation: STIBP always-on
[Fri Sep 18 07:24:11 2026] smpboot: CPU 255 has invalid APIC ID ff. Aborting bringup
[Fri Sep 18 07:24:11 2026] smp: Brought up 11 nodes, 255 CPUs
[Fri Sep 18 07:24:11 2026] smpboot: Total of 255 processors activated (1606474.50 BogoMIPS)
[Fri Sep 18 07:24:11 2026] Memory: 263012416K/268009848K available (21475K kernel code, 4587K rwdata, 15072K rodata, 5140K init, 4412K bss, 4563516K reserved, 0K cma-reserved)
[Fri Sep 18 07:24:11 2026] devtmpfs: initialized
[Fri Sep 18 07:24:11 2026] x86/mm: Memory block size: 2048MB
[Fri Sep 18 07:24:11 2026] ACPI: PM: Registering ACPI NVS region [mem 0x1aa1a000-0x1aa1afff] (4096 bytes)
[Fri Sep 18 07:24:11 2026] ACPI: PM: Registering ACPI NVS region [mem 0x1aa51000-0x1aa6afff] (106496 bytes)
[Fri Sep 18 07:24:11 2026] ACPI: PM: Registering ACPI NVS region [mem 0x755ff000-0x759fefff] (4194304 bytes)
[Fri Sep 18 07:24:11 2026] ACPI: PM: Registering ACPI NVS region [mem 0x75e00000-0x75f41fff] (1318912 bytes)
[Fri Sep 18 07:24:11 2026] clocksource: jiffies: mask: 0xffffffff max_cycles: 0xffffffff, max_idle_ns: 1911260446275000 ns
[Fri Sep 18 07:24:11 2026] futex hash table entries: 65536 (order: 10, 4194304 bytes, vmalloc hugepage)
[Fri Sep 18 07:24:11 2026] pinctrl core: initialized pinctrl subsystem
[Fri Sep 18 07:24:11 2026] PM: RTC time: 07:24:05, date: 2026-09-18
[Fri Sep 18 07:24:11 2026] NET: Registered PF_NETLINK/PF_ROUTE protocol family
[Fri Sep 18 07:24:11 2026] DMA: preallocated 4096 KiB GFP_KERNEL pool for atomic allocations
[Fri Sep 18 07:24:11 2026] DMA: preallocated 4096 KiB GFP_KERNEL|GFP_DMA pool for atomic allocations
[Fri Sep 18 07:24:11 2026] DMA: preallocated 4096 KiB GFP_KERNEL|GFP_DMA32 pool for atomic allocations
[Fri Sep 18 07:24:11 2026] audit: initializing netlink subsys (disabled)
[Fri Sep 18 07:24:11 2026] audit: type=2000 audit(1789716241.534:1): state=initialized audit_enabled=0 res=1
[Fri Sep 18 07:24:11 2026] thermal_sys: Registered thermal governor 'fair_share'
[Fri Sep 18 07:24:11 2026] thermal_sys: Registered thermal governor 'bang_bang'
[Fri Sep 18 07:24:11 2026] thermal_sys: Registered thermal governor 'step_wise'
[Fri Sep 18 07:24:11 2026] thermal_sys: Registered thermal governor 'user_space'
[Fri Sep 18 07:24:11 2026] thermal_sys: Registered thermal governor 'power_allocator'
[Fri Sep 18 07:24:11 2026] cpuidle: using governor ladder
[Fri Sep 18 07:24:11 2026] cpuidle: using governor menu
[Fri Sep 18 07:24:11 2026] acpiphp: ACPI Hot Plug PCI Controller Driver version: 0.5
[Fri Sep 18 07:24:11 2026] PCI: ECAM [mem 0x2ffc00000000-0x2ffc0fffffff] (base 0x2ffc00000000) for domain 0000 [bus 00-ff]
[Fri Sep 18 07:24:11 2026] PCI: ECAM [mem 0x2ffc10000000-0x2ffc1fffffff] (base 0x2ffc10000000) for domain 0001 [bus 00-ff]
[Fri Sep 18 07:24:11 2026] PCI: Using configuration type 1 for base access
[Fri Sep 18 07:24:11 2026] kprobes: kprobe jump-optimization is enabled. All kprobes are optimized if possible.
[Fri Sep 18 07:24:11 2026] HugeTLB: registered 1.00 GiB page size, pre-allocated 0 pages
[Fri Sep 18 07:24:11 2026] HugeTLB: 16380 KiB vmemmap can be freed for a 1.00 GiB page
[Fri Sep 18 07:24:11 2026] HugeTLB: registered 2.00 MiB page size, pre-allocated 0 pages
[Fri Sep 18 07:24:11 2026] HugeTLB: 28 KiB vmemmap can be freed for a 2.00 MiB page
[Fri Sep 18 07:24:11 2026] fbcon: Taking over console
[Fri Sep 18 07:24:11 2026] Failed to find VA for GUID: 7626C6AE-F973-429C-A91C-107D7BE298B0, PA: 0x0
[Fri Sep 18 07:24:11 2026] Failed to find VA for GUID: 0639BD1C-3E33-4055-BAE7-36CCEBA8376E, PA: 0x0
[Fri Sep 18 07:24:11 2026] Failed to find VA for GUID: E7180659-A65D-451D-92CD-2B56F12BEBA6, PA: 0x0
[Fri Sep 18 07:24:11 2026] Failed to find VA for GUID: 00C77891-7FCB-4D01-94E1-72F8E4EE1AF7, PA: 0x0
[Fri Sep 18 07:24:11 2026] Failed to find VA for GUID: D1C6B8F2-F9AC-4BF0-855E-DBD582CE4B20, PA: 0x0
[Fri Sep 18 07:24:11 2026] Failed to find VA for GUID: 69AA0A9C-E3FC-4B0D-929E-AA1BDE5D9A9B, PA: 0x0
[Fri Sep 18 07:24:11 2026] Failed to find VA for GUID: EE41B397-25D4-452C-AD54-48C6E3480B94, PA: 0x0
[Fri Sep 18 07:24:11 2026] PRM: found 1 modules
[Fri Sep 18 07:24:11 2026] ACPI: Added _OSI(Module Device)
[Fri Sep 18 07:24:11 2026] ACPI: Added _OSI(Processor Device)
[Fri Sep 18 07:24:11 2026] ACPI: Added _OSI(Processor Aggregator Device)
[Fri Sep 18 07:24:11 2026] ACPI: 13 ACPI AML tables successfully acquired and loaded
[Fri Sep 18 07:24:11 2026] ACPI: Interpreter enabled
[Fri Sep 18 07:24:11 2026] ACPI: PM: (supports S0 S5)
[Fri Sep 18 07:24:11 2026] ACPI: Using IOAPIC for interrupt routing
[Fri Sep 18 07:24:11 2026] HEST: Table parsing has been initialized.
[Fri Sep 18 07:24:11 2026] GHES: APEI firmware first mode is enabled by APEI bit.
[Fri Sep 18 07:24:11 2026] PCI: Using host bridge windows from ACPI; if necessary, use "pci=nocrs" and report a bug
[Fri Sep 18 07:24:11 2026] PCI: Ignoring E820 reservations for host bridge windows
[Fri Sep 18 07:24:11 2026] ACPI: Enabled 3 GPEs in block 00 to 1F
[Fri Sep 18 07:24:11 2026] ACPI: PCI Root Bridge [PC00] (domain 0000 [bus 00-09])
[Fri Sep 18 07:24:11 2026] acpi ACPI0016:00: _OSC: OS supports [ExtendedConfig ASPM ClockPM Segments MSI EDR HPX-Type3]
[Fri Sep 18 07:24:11 2026] acpi ACPI0016:00: _OSC: OS supports [CXL11PortRegAccess CXL20PortDevRegAccess CXLProtocolErrorReporting CXLNativeHot]
[Fri Sep 18 07:24:11 2026] acpi ACPI0016:00: _OSC: platform does not support [AER LTR DPC]
[Fri Sep 18 07:24:11 2026] acpi ACPI0016:00: _OSC: OS now controls [PCIeHotplug SHPCHotplug PME PCIeCapability]
[Fri Sep 18 07:24:11 2026] acpi ACPI0016:00: _OSC: OS now controls [CXLMemErrorReporting]
[Fri Sep 18 07:24:11 2026] PCI host bridge to bus 0000:00
[Fri Sep 18 07:24:11 2026] pci_bus 0000:00: root bus resource [io  0x1000-0x1fff window]
[Fri Sep 18 07:24:11 2026] pci_bus 0000:00: root bus resource [mem 0xbc000000-0xbeafffff window]
[Fri Sep 18 07:24:11 2026] pci_bus 0000:00: root bus resource [mem 0x16c00000000-0x16d0c0fffff window]
[Fri Sep 18 07:24:11 2026] pci_bus 0000:00: root bus resource [io  0x0000-0x0fff window]
[Fri Sep 18 07:24:11 2026] pci_bus 0000:00: root bus resource [mem 0xfec00000-0xfed3ffff window]
[Fri Sep 18 07:24:11 2026] pci_bus 0000:00: root bus resource [mem 0xfed45000-0xfed811ff window]
[Fri Sep 18 07:24:11 2026] pci_bus 0000:00: root bus resource [mem 0xfed81900-0xfedc1fff window]
[Fri Sep 18 07:24:11 2026] pci_bus 0000:00: root bus resource [mem 0xfedc7000-0xfedcafff window]
[Fri Sep 18 07:24:11 2026] pci_bus 0000:00: root bus resource [mem 0xfedcc000-0xfedfffff window]
[Fri Sep 18 07:24:11 2026] pci_bus 0000:00: root bus resource [mem 0xfee01000-0xfeffffff window]
[Fri Sep 18 07:24:11 2026] pci_bus 0000:00: root bus resource [bus 00-09]
[Fri Sep 18 07:24:11 2026] pci 0000:00:00.0: [1022:110b] type 00 class 0x060000 conventional PCI endpoint
[Fri Sep 18 07:24:11 2026] pci 0000:00:00.2: [1022:1105] type 00 class 0x080600 conventional PCI endpoint
[Fri Sep 18 07:24:11 2026] pci 0000:00:00.3: [1022:1106] type 00 class 0x080700 PCIe Root Complex Event Collector
[Fri Sep 18 07:24:11 2026] pci 0000:00:00.3: enabling Extended Tags
[Fri Sep 18 07:24:11 2026] pci 0000:00:03.0: [1022:1107] type 00 class 0x060000 conventional PCI endpoint
[Fri Sep 18 07:24:11 2026] pci 0000:00:03.1: [1022:1108] type 01 class 0x060400 PCIe Root Port
[Fri Sep 18 07:24:11 2026] pci 0000:00:03.1: PCI bridge to [bus 01-04]
[Fri Sep 18 07:24:11 2026] pci 0000:00:03.1:   bridge window [mem 0xbe200000-0xbe6fffff]
[Fri Sep 18 07:24:11 2026] pci 0000:00:03.1:   bridge window [mem 0x16c00000000-0x16d03ffffff 64bit pref]
[Fri Sep 18 07:24:11 2026] pci 0000:00:03.1: PME# supported from D0 D3hot D3cold
[Fri Sep 18 07:24:11 2026] pci 0000:00:03.1: DPC: RP PIO log size 14 is invalid
[Fri Sep 18 07:24:11 2026] pci 0000:00:04.0: [1022:1107] type 00 class 0x060000 conventional PCI endpoint
[Fri Sep 18 07:24:11 2026] pci 0000:00:05.0: [1022:1107] type 00 class 0x060000 conventional PCI endpoint
[Fri Sep 18 07:24:11 2026] pci 0000:00:05.2: [1022:1109] type 01 class 0x060400 PCIe Root Port
[Fri Sep 18 07:24:11 2026] pci 0000:00:05.2: PCI bridge to [bus 05-06]
[Fri Sep 18 07:24:11 2026] pci 0000:00:05.2: PME# supported from D0 D3hot D3cold
[Fri Sep 18 07:24:11 2026] pci 0000:00:05.2: EDR: Enable DPC _DSM failed to enable DPC
[Fri Sep 18 07:24:11 2026] pci 0000:00:05.3: [1022:1109] type 01 class 0x060400 PCIe Root Port
[Fri Sep 18 07:24:11 2026] pci 0000:00:05.3: PCI bridge to [bus 07-08]
[Fri Sep 18 07:24:11 2026] pci 0000:00:05.3:   bridge window [io  0x1000-0x1fff]
[Fri Sep 18 07:24:11 2026] pci 0000:00:05.3:   bridge window [mem 0xbc000000-0xbe1fffff]
[Fri Sep 18 07:24:11 2026] pci 0000:00:05.3: PME# supported from D0 D3hot D3cold
[Fri Sep 18 07:24:11 2026] pci 0000:00:06.0: [1022:1107] type 00 class 0x060000 conventional PCI endpoint
[Fri Sep 18 07:24:11 2026] pci 0000:00:08.0: [1022:1107] type 00 class 0x060000 conventional PCI endpoint
[Fri Sep 18 07:24:11 2026] pci 0000:00:08.1: [1022:17d0] type 01 class 0x060400 PCIe Root Port
[Fri Sep 18 07:24:11 2026] pci 0000:00:08.1: PCI bridge to [bus 09]
[Fri Sep 18 07:24:11 2026] pci 0000:00:08.1:   bridge window [mem 0xbe700000-0xbe9fffff]
[Fri Sep 18 07:24:11 2026] pci 0000:00:08.1:   bridge window [mem 0x16d04000000-0x16d0c0fffff 64bit pref]
[Fri Sep 18 07:24:11 2026] pci 0000:00:08.1: enabling Extended Tags
[Fri Sep 18 07:24:11 2026] pci 0000:00:08.1: PME# supported from D0 D3hot D3cold
[Fri Sep 18 07:24:11 2026] pci 0000:00:14.0: [1022:790b] type 00 class 0x0c0500 conventional PCI endpoint
[Fri Sep 18 07:24:11 2026] pci 0000:00:14.3: [1022:790e] type 00 class 0x060100 conventional PCI endpoint
[Fri Sep 18 07:24:11 2026] pci 0000:00:18.0: [1022:12c8] type 00 class 0x060000 conventional PCI endpoint
[Fri Sep 18 07:24:11 2026] pci 0000:00:18.1: [1022:12c9] type 00 class 0x060000 conventional PCI endpoint
[Fri Sep 18 07:24:11 2026] pci 0000:00:18.2: [1022:12ca] type 00 class 0x060000 conventional PCI endpoint
[Fri Sep 18 07:24:11 2026] pci 0000:00:18.3: [1022:12cb] type 00 class 0x060000 conventional PCI endpoint
[Fri Sep 18 07:24:11 2026] pci 0000:00:18.4: [1022:12cc] type 00 class 0x060000 conventional PCI endpoint
[Fri Sep 18 07:24:11 2026] pci 0000:00:18.5: [1022:12cd] type 00 class 0x060000 conventional PCI endpoint
[Fri Sep 18 07:24:11 2026] pci 0000:00:18.6: [1022:12ce] type 00 class 0x060000 conventional PCI endpoint
[Fri Sep 18 07:24:11 2026] pci 0000:00:18.7: [1022:12cf] type 00 class 0x060000 conventional PCI endpoint
[Fri Sep 18 07:24:11 2026] pci 0000:00:19.0: [1022:12c8] type 00 class 0x060000 conventional PCI endpoint
[Fri Sep 18 07:24:11 2026] pci 0000:00:19.1: [1022:12c9] type 00 class 0x060000 conventional PCI endpoint
[Fri Sep 18 07:24:11 2026] pci 0000:00:19.2: [1022:12ca] type 00 class 0x060000 conventional PCI endpoint
[Fri Sep 18 07:24:11 2026] pci 0000:00:19.3: [1022:12cb] type 00 class 0x060000 conventional PCI endpoint
[Fri Sep 18 07:24:11 2026] pci 0000:00:19.4: [1022:12cc] type 00 class 0x060000 conventional PCI endpoint
[Fri Sep 18 07:24:11 2026] pci 0000:00:19.5: [1022:12cd] type 00 class 0x060000 conventional PCI endpoint
[Fri Sep 18 07:24:11 2026] pci 0000:00:19.6: [1022:12ce] type 00 class 0x060000 conventional PCI endpoint
[Fri Sep 18 07:24:11 2026] pci 0000:00:19.7: [1022:12cf] type 00 class 0x060000 conventional PCI endpoint
[Fri Sep 18 07:24:11 2026] pci 0000:01:00.0: [1dd8:0008] type 01 class 0x060400 PCIe Switch Upstream Port
[Fri Sep 18 07:24:11 2026] pci 0000:01:00.0: PCI bridge to [bus 02-04]
[Fri Sep 18 07:24:11 2026] pci 0000:01:00.0:   bridge window [mem 0xbe200000-0xbe6fffff]
[Fri Sep 18 07:24:11 2026] pci 0000:01:00.0:   bridge window [mem 0x16c00000000-0x16d03ffffff 64bit pref]
[Fri Sep 18 07:24:11 2026] pci 0000:00:03.1: PCI bridge to [bus 01-04]
[Fri Sep 18 07:24:11 2026] pci 0000:02:00.0: [1dd8:1001] type 01 class 0x060400 PCIe Switch Downstream Port
[Fri Sep 18 07:24:11 2026] pci 0000:02:00.0: BAR 0 [mem 0xbe600000-0xbe61ffff 64bit]
[Fri Sep 18 07:24:11 2026] pci 0000:02:00.0: PCI bridge to [bus 03]
[Fri Sep 18 07:24:11 2026] pci 0000:02:00.0:   bridge window [mem 0xbe500000-0xbe5fffff]
[Fri Sep 18 07:24:11 2026] pci 0000:02:00.0:   bridge window [mem 0x16c00000000-0x16cffffffff 64bit pref]
[Fri Sep 18 07:24:11 2026] pci 0000:02:01.0: [1dd8:1001] type 01 class 0x060400 PCIe Switch Downstream Port
[Fri Sep 18 07:24:11 2026] pci 0000:02:01.0: PCI bridge to [bus 04]
[Fri Sep 18 07:24:11 2026] pci 0000:02:01.0:   bridge window [mem 0xbe200000-0xbe4fffff]
[Fri Sep 18 07:24:11 2026] pci 0000:02:01.0:   bridge window [mem 0x16d00000000-0x16d03ffffff 64bit pref]
[Fri Sep 18 07:24:11 2026] pci 0000:01:00.0: PCI bridge to [bus 02-04]
[Fri Sep 18 07:24:11 2026] pci 0000:03:00.0: [1dd8:1012] type 00 class 0x120000 PCIe Endpoint
[Fri Sep 18 07:24:11 2026] pci 0000:03:00.0: BAR 0 [mem 0xbe500000-0xbe507fff 64bit]
[Fri Sep 18 07:24:11 2026] pci 0000:03:00.1: [1dd8:100f] type 00 class 0x120000 PCIe Endpoint
[Fri Sep 18 07:24:11 2026] pci 0000:03:00.1: BAR 0 [mem 0x16c80000000-0x16cffffffff 64bit pref]
[Fri Sep 18 07:24:11 2026] pci 0000:03:00.1: BAR 2 [mem 0x16c00000000-0x16c7fffffff 64bit pref]
[Fri Sep 18 07:24:11 2026] pci 0000:03:00.1: BAR 4 [mem 0xbe510000-0xbe510fff 64bit]
[Fri Sep 18 07:24:11 2026] pci 0000:03:00.2: [1dd8:100c] type 00 class 0x120000 PCIe Endpoint
[Fri Sep 18 07:24:11 2026] pci 0000:03:00.2: BAR 0 [mem 0xbe508000-0xbe50ffff 64bit]
[Fri Sep 18 07:24:11 2026] pci 0000:03:00.2: BAR 2 [mem 0xbe511000-0xbe511fff 64bit]
[Fri Sep 18 07:24:11 2026] pci 0000:02:00.0: PCI bridge to [bus 03]
[Fri Sep 18 07:24:11 2026] pci 0000:04:00.0: [1dd8:1002] type 00 class 0x020000 PCIe Endpoint
[Fri Sep 18 07:24:11 2026] pci 0000:04:00.0: BAR 0 [mem 0xbe400000-0xbe407fff 64bit]
[Fri Sep 18 07:24:11 2026] pci 0000:04:00.0: BAR 2 [mem 0xbe200000-0xbe3fffff 64bit]
[Fri Sep 18 07:24:11 2026] pci 0000:04:00.0: BAR 4 [mem 0x16d00000000-0x16d03ffffff 64bit pref]
[Fri Sep 18 07:24:11 2026] pci 0000:04:00.0: ROM [mem 0xfffc0000-0xffffffff pref]
[Fri Sep 18 07:24:11 2026] pci 0000:02:01.0: PCI bridge to [bus 04]
[Fri Sep 18 07:24:11 2026] pci 0000:05:00.0: [1a03:1150] type 01 class 0x060400 PCIe to PCI/PCI-X bridge
[Fri Sep 18 07:24:11 2026] pci 0000:05:00.0: PCI bridge to [bus 06]
[Fri Sep 18 07:24:11 2026] pci 0000:00:05.2: PCI bridge to [bus 05-06]
[Fri Sep 18 07:24:11 2026] pci_bus 0000:06: extended config space not accessible
[Fri Sep 18 07:24:11 2026] pci 0000:05:00.0: PCI bridge to [bus 06]
[Fri Sep 18 07:24:11 2026] pci 0000:07:00.0: [1a03:1150] type 01 class 0x060400 PCIe to PCI/PCI-X bridge
[Fri Sep 18 07:24:11 2026] pci 0000:07:00.0: PCI bridge to [bus 08]
[Fri Sep 18 07:24:11 2026] pci 0000:07:00.0:   bridge window [io  0x1000-0x1fff]
[Fri Sep 18 07:24:11 2026] pci 0000:07:00.0:   bridge window [mem 0xbc000000-0xbe1fffff]
[Fri Sep 18 07:24:11 2026] pci 0000:00:05.3: PCI bridge to [bus 07-08]
[Fri Sep 18 07:24:11 2026] pci_bus 0000:08: extended config space not accessible
[Fri Sep 18 07:24:11 2026] pci 0000:08:00.0: [1a03:2000] type 00 class 0x030000 conventional PCI endpoint
[Fri Sep 18 07:24:11 2026] pci 0000:08:00.0: BAR 0 [mem 0xbc000000-0xbdffffff]
[Fri Sep 18 07:24:11 2026] pci 0000:08:00.0: BAR 1 [mem 0xbe140000-0xbe17ffff]
[Fri Sep 18 07:24:11 2026] pci 0000:08:00.0: BAR 2 [io  0x1000-0x107f]
[Fri Sep 18 07:24:11 2026] pci 0000:08:00.0: ROM [mem 0xffff0000-0xffffffff pref]
[Fri Sep 18 07:24:11 2026] pci 0000:08:00.0: supports D1 D2
[Fri Sep 18 07:24:11 2026] pci 0000:08:00.0: PME# supported from D0 D1 D2 D3hot D3cold
[Fri Sep 18 07:24:11 2026] pci 0000:08:01.0: [1a03:2402] type 00 class 0xff0000 conventional PCI endpoint
[Fri Sep 18 07:24:11 2026] pci 0000:08:01.0: BAR 0 [mem 0xbe000000-0xbe0fffff]
[Fri Sep 18 07:24:11 2026] pci 0000:08:01.0: BAR 1 [mem 0xbe100000-0xbe13ffff]
[Fri Sep 18 07:24:11 2026] pci 0000:08:01.0: supports D1 D2
[Fri Sep 18 07:24:11 2026] pci 0000:08:01.0: PME# supported from D0 D1 D2 D3hot D3cold
[Fri Sep 18 07:24:11 2026] pci 0000:08:02.0: [1a03:2603] type 00 class 0x0c0320 conventional PCI endpoint
[Fri Sep 18 07:24:11 2026] pci 0000:08:02.0: BAR 0 [mem 0xbe190000-0xbe1900ff]
[Fri Sep 18 07:24:11 2026] pci 0000:08:02.0: supports D1 D2
[Fri Sep 18 07:24:11 2026] pci 0000:08:02.0: PME# supported from D0 D1 D2 D3hot D3cold
[Fri Sep 18 07:24:11 2026] pci 0000:08:03.0: [1a03:2703] type 00 class 0x0c0330 conventional PCI endpoint
[Fri Sep 18 07:24:11 2026] pci 0000:08:03.0: BAR 0 [mem 0xbe180000-0xbe18ffff]
[Fri Sep 18 07:24:11 2026] pci 0000:08:03.0: supports D1 D2
[Fri Sep 18 07:24:11 2026] pci 0000:08:03.0: PME# supported from D0 D1 D2 D3hot D3cold
[Fri Sep 18 07:24:11 2026] pci 0000:07:00.0: PCI bridge to [bus 08]
[Fri Sep 18 07:24:11 2026] pci 0000:09:00.0: [1022:17d1] type 00 class 0x130000 PCIe Endpoint
[Fri Sep 18 07:24:11 2026] pci 0000:09:00.0: enabling Extended Tags
[Fri Sep 18 07:24:11 2026] pci 0000:09:00.1: [1022:17d6] type 00 class 0x120100 PCIe Endpoint
[Fri Sep 18 07:24:11 2026] pci 0000:09:00.1: BAR 0 [mem 0x16d0c080000-0x16d0c0fffff 64bit pref]
[Fri Sep 18 07:24:11 2026] pci 0000:09:00.1: BAR 2 [mem 0x16d0c000000-0x16d0c07ffff 64bit pref]
[Fri Sep 18 07:24:11 2026] pci 0000:09:00.1: enabling Extended Tags
[Fri Sep 18 07:24:11 2026] pci 0000:09:00.1: VF BAR 0 [mem 0x16d08000000-0x16d0807ffff 64bit pref]
[Fri Sep 18 07:24:11 2026] pci 0000:09:00.1: VF BAR 0 [mem 0x16d08000000-0x16d0bffffff 64bit pref]: contains BAR 0 for 128 VFs
[Fri Sep 18 07:24:11 2026] pci 0000:09:00.1: VF BAR 2 [mem 0x16d04000000-0x16d0407ffff 64bit pref]
[Fri Sep 18 07:24:11 2026] pci 0000:09:00.1: VF BAR 2 [mem 0x16d04000000-0x16d07ffffff 64bit pref]: contains BAR 2 for 128 VFs
[Fri Sep 18 07:24:11 2026] pci 0000:09:00.4: [1022:17d2] type 00 class 0x0c0330 PCIe Endpoint
[Fri Sep 18 07:24:11 2026] pci 0000:09:00.4: BAR 0 [mem 0xbe700000-0xbe7fffff 64bit]
[Fri Sep 18 07:24:11 2026] pci 0000:09:00.4: enabling Extended Tags
[Fri Sep 18 07:24:11 2026] pci 0000:09:00.4: PME# supported from D0 D3hot D3cold
[Fri Sep 18 07:24:11 2026] pci 0000:09:00.5: [1022:17d8] type 00 class 0x108000 PCIe Endpoint
[Fri Sep 18 07:24:11 2026] pci 0000:09:00.5: BAR 2 [mem 0xbe800000-0xbe8fffff]
[Fri Sep 18 07:24:11 2026] pci 0000:09:00.5: BAR 5 [mem 0xbe900000-0xbe901fff]
[Fri Sep 18 07:24:11 2026] pci 0000:09:00.5: enabling Extended Tags
[Fri Sep 18 07:24:11 2026] pci 0000:00:08.1: PCI bridge to [bus 09]
[Fri Sep 18 07:24:11 2026] pci_bus 0000:00: on NUMA node 0
[Fri Sep 18 07:24:11 2026] ACPI: PCI Root Bridge [PC01] (domain 0001 [bus 00-01])
[Fri Sep 18 07:24:11 2026] acpi PNP0A08:00: _OSC: OS supports [ExtendedConfig ASPM ClockPM Segments MSI EDR HPX-Type3]
[Fri Sep 18 07:24:11 2026] acpi PNP0A08:00: _OSC: platform does not support [AER LTR DPC]
[Fri Sep 18 07:24:11 2026] acpi PNP0A08:00: _OSC: OS now controls [PCIeHotplug SHPCHotplug PME PCIeCapability]
[Fri Sep 18 07:24:11 2026] PCI host bridge to bus 0001:00
[Fri Sep 18 07:24:11 2026] pci_bus 0001:00: Unknown NUMA node; performance will be reduced
[Fri Sep 18 07:24:11 2026] pci_bus 0001:00: root bus resource [mem 0xb4000000-0xb46fffff window]
[Fri Sep 18 07:24:11 2026] pci_bus 0001:00: root bus resource [mem 0x16e50200000-0x16e505fffff window]
[Fri Sep 18 07:24:11 2026] pci_bus 0001:00: root bus resource [bus 00-01]
[Fri Sep 18 07:24:11 2026] pci 0001:00:00.0: [1022:1740] type 00 class 0x060000 conventional PCI endpoint
[Fri Sep 18 07:24:11 2026] pci 0001:00:00.2: [1022:1741] type 00 class 0x080600 conventional PCI endpoint
[Fri Sep 18 07:24:11 2026] pci 0001:00:00.3: [1022:1742] type 00 class 0x080700 PCIe Root Complex Event Collector
[Fri Sep 18 07:24:11 2026] pci 0001:00:00.3: enabling Extended Tags
[Fri Sep 18 07:24:11 2026] pci 0001:00:01.0: [1022:1743] type 00 class 0x060000 conventional PCI endpoint
[Fri Sep 18 07:24:11 2026] pci 0001:00:02.0: [1022:1743] type 00 class 0x060000 conventional PCI endpoint
[Fri Sep 18 07:24:11 2026] pci 0001:00:08.0: [1022:1743] type 00 class 0x060000 conventional PCI endpoint
[Fri Sep 18 07:24:11 2026] pci 0001:00:08.1: [1022:1745] type 01 class 0x060400 PCIe Root Port
[Fri Sep 18 07:24:11 2026] pci 0001:00:08.1: PCI bridge to [bus 01]
[Fri Sep 18 07:24:11 2026] pci 0001:00:08.1:   bridge window [mem 0xb4000000-0xb45fffff]
[Fri Sep 18 07:24:11 2026] pci 0001:00:08.1:   bridge window [mem 0x16e50200000-0x16e505fffff 64bit pref]
[Fri Sep 18 07:24:11 2026] pci 0001:00:08.1: PME# supported from D0 D3hot D3cold
[Fri Sep 18 07:24:11 2026] pci 0001:00:09.0: [1022:1743] type 00 class 0x060000 conventional PCI endpoint
[Fri Sep 18 07:24:11 2026] pci 0001:01:00.0: [1002:75c1] type 00 class 0x120000 PCIe Endpoint
[Fri Sep 18 07:24:11 2026] pci 0001:01:00.0: BAR 2 [mem 0x16e50400000-0x16e505fffff 64bit pref]
[Fri Sep 18 07:24:11 2026] pci 0001:01:00.0: BAR 5 [mem 0xb4200000-0xb43fffff]
[Fri Sep 18 07:24:11 2026] pci 0001:01:00.0: ROM [mem 0xfffe0000-0xffffffff pref]
[Fri Sep 18 07:24:11 2026] pci 0001:01:00.0: PME# supported from D1 D2 D3hot D3cold
[Fri Sep 18 07:24:11 2026] pci 0001:01:00.0: VF BAR 2 [mem 0x16e50200000-0x16e503fffff 64bit pref]
[Fri Sep 18 07:24:11 2026] pci 0001:01:00.0: VF BAR 2 [mem 0x16e50200000-0x16e503fffff 64bit pref]: contains BAR 2 for 1 VFs
[Fri Sep 18 07:24:11 2026] pci 0001:01:00.0: VF BAR 5 [mem 0xb4000000-0xb41fffff]
[Fri Sep 18 07:24:11 2026] pci 0001:01:00.0: VF BAR 5 [mem 0xb4000000-0xb41fffff]: contains BAR 5 for 1 VFs
[Fri Sep 18 07:24:11 2026] pci 0001:01:00.1: [1022:1747] type 00 class 0x028000 PCIe Endpoint
[Fri Sep 18 07:24:11 2026] pci 0001:01:00.1: BAR 0 [mem 0xb4400000-0xb44fffff 64bit]
[Fri Sep 18 07:24:11 2026] pci 0001:01:00.1: PME# supported from D0 D3hot D3cold
[Fri Sep 18 07:24:11 2026] pci 0001:01:00.1: VF BAR 0 [mem 0xb4500000-0xb45fffff 64bit]
[Fri Sep 18 07:24:11 2026] pci 0001:01:00.1: VF BAR 0 [mem 0xb4500000-0xb45fffff 64bit]: contains BAR 0 for 1 VFs
[Fri Sep 18 07:24:11 2026] pci 0001:00:08.1: PCI bridge to [bus 01]
[Fri Sep 18 07:24:11 2026] pci_bus 0001:00: on NUMA node 11
[Fri Sep 18 07:24:11 2026] ACPI: PCI Root Bridge [PC02] (domain 0000 [bus 20])
[Fri Sep 18 07:24:11 2026] acpi ACPI0016:01: _OSC: OS supports [ExtendedConfig ASPM ClockPM Segments MSI EDR HPX-Type3]
[Fri Sep 18 07:24:11 2026] acpi ACPI0016:01: _OSC: OS supports [CXL11PortRegAccess CXL20PortDevRegAccess CXLProtocolErrorReporting CXLNativeHot]
[Fri Sep 18 07:24:11 2026] acpi ACPI0016:01: _OSC: platform does not support [AER LTR DPC]
[Fri Sep 18 07:24:11 2026] acpi ACPI0016:01: _OSC: OS now controls [PCIeHotplug SHPCHotplug PME PCIeCapability]
[Fri Sep 18 07:24:11 2026] acpi ACPI0016:01: _OSC: OS now controls [CXLMemErrorReporting]
[Fri Sep 18 07:24:11 2026] PCI host bridge to bus 0000:20
[Fri Sep 18 07:24:11 2026] pci_bus 0000:20: root bus resource [bus 20]
[Fri Sep 18 07:24:11 2026] pci 0000:20:00.0: [1022:110b] type 00 class 0x060000 conventional PCI endpoint
[Fri Sep 18 07:24:11 2026] pci 0000:20:00.2: [1022:1105] type 00 class 0x080600 conventional PCI endpoint
[Fri Sep 18 07:24:11 2026] pci 0000:20:00.3: [1022:1106] type 00 class 0x080700 PCIe Root Complex Event Collector
[Fri Sep 18 07:24:11 2026] pci 0000:20:00.3: enabling Extended Tags
[Fri Sep 18 07:24:11 2026] pci 0000:20:03.0: [1022:1107] type 00 class 0x060000 conventional PCI endpoint
[Fri Sep 18 07:24:11 2026] pci 0000:20:04.0: [1022:1107] type 00 class 0x060000 conventional PCI endpoint
[Fri Sep 18 07:24:11 2026] pci 0000:20:05.0: [1022:1107] type 00 class 0x060000 conventional PCI endpoint
[Fri Sep 18 07:24:11 2026] pci 0000:20:06.0: [1022:1107] type 00 class 0x060000 conventional PCI endpoint
[Fri Sep 18 07:24:11 2026] pci 0000:20:08.0: [1022:1107] type 00 class 0x060000 conventional PCI endpoint
[Fri Sep 18 07:24:11 2026] pci_bus 0000:20: on NUMA node 0
[Fri Sep 18 07:24:11 2026] ACPI: PCI Root Bridge [PC03] (domain 0000 [bus 40])
[Fri Sep 18 07:24:11 2026] acpi ACPI0016:02: _OSC: OS supports [ExtendedConfig ASPM ClockPM Segments MSI EDR HPX-Type3]
[Fri Sep 18 07:24:11 2026] acpi ACPI0016:02: _OSC: OS supports [CXL11PortRegAccess CXL20PortDevRegAccess CXLProtocolErrorReporting CXLNativeHot]
[Fri Sep 18 07:24:11 2026] acpi ACPI0016:02: _OSC: platform does not support [AER LTR DPC]
[Fri Sep 18 07:24:11 2026] acpi ACPI0016:02: _OSC: OS now controls [PCIeHotplug SHPCHotplug PME PCIeCapability]
[Fri Sep 18 07:24:11 2026] acpi ACPI0016:02: _OSC: OS now controls [CXLMemErrorReporting]
[Fri Sep 18 07:24:11 2026] PCI host bridge to bus 0000:40
[Fri Sep 18 07:24:11 2026] pci_bus 0000:40: root bus resource [bus 40]
[Fri Sep 18 07:24:11 2026] pci 0000:40:00.0: [1022:110b] type 00 class 0x060000 conventional PCI endpoint
[Fri Sep 18 07:24:11 2026] pci 0000:40:00.3: [1022:1106] type 00 class 0x080700 PCIe Root Complex Event Collector
[Fri Sep 18 07:24:11 2026] pci 0000:40:00.3: enabling Extended Tags
[Fri Sep 18 07:24:11 2026] pci 0000:40:03.0: [1022:1107] type 00 class 0x060000 conventional PCI endpoint
[Fri Sep 18 07:24:11 2026] pci 0000:40:04.0: [1022:1107] type 00 class 0x060000 conventional PCI endpoint
[Fri Sep 18 07:24:11 2026] pci 0000:40:05.0: [1022:1107] type 00 class 0x060000 conventional PCI endpoint
[Fri Sep 18 07:24:11 2026] pci 0000:40:06.0: [1022:1107] type 00 class 0x060000 conventional PCI endpoint
[Fri Sep 18 07:24:11 2026] pci 0000:40:08.0: [1022:1107] type 00 class 0x060000 conventional PCI endpoint
[Fri Sep 18 07:24:11 2026] pci_bus 0000:40: on NUMA node 0
[Fri Sep 18 07:24:11 2026] ACPI: PCI Root Bridge [PC04] (domain 0001 [bus 40])
[Fri Sep 18 07:24:11 2026] acpi PNP0A08:01: _OSC: OS supports [ExtendedConfig ASPM ClockPM Segments MSI EDR HPX-Type3]
[Fri Sep 18 07:24:11 2026] acpi PNP0A08:01: _OSC: platform does not support [AER LTR DPC]
[Fri Sep 18 07:24:11 2026] acpi PNP0A08:01: _OSC: OS now controls [PCIeHotplug SHPCHotplug PME PCIeCapability]
[Fri Sep 18 07:24:11 2026] PCI host bridge to bus 0001:40
[Fri Sep 18 07:24:11 2026] pci_bus 0001:40: Unknown NUMA node; performance will be reduced
[Fri Sep 18 07:24:11 2026] pci_bus 0001:40: root bus resource [bus 40]
[Fri Sep 18 07:24:11 2026] pci 0001:40:00.0: [1022:1740] type 00 class 0x060000 conventional PCI endpoint
[Fri Sep 18 07:24:11 2026] pci 0001:40:00.2: [1022:1741] type 00 class 0x080600 conventional PCI endpoint
[Fri Sep 18 07:24:11 2026] pci 0001:40:00.3: [1022:1742] type 00 class 0x080700 PCIe Root Complex Event Collector
[Fri Sep 18 07:24:11 2026] pci 0001:40:00.3: enabling Extended Tags
[Fri Sep 18 07:24:11 2026] pci 0001:40:01.0: [1022:1743] type 00 class 0x060000 conventional PCI endpoint
[Fri Sep 18 07:24:11 2026] pci 0001:40:02.0: [1022:1743] type 00 class 0x060000 conventional PCI endpoint
[Fri Sep 18 07:24:11 2026] pci 0001:40:08.0: [1022:1743] type 00 class 0x060000 conventional PCI endpoint
[Fri Sep 18 07:24:11 2026] pci 0001:40:09.0: [1022:1743] type 00 class 0x060000 conventional PCI endpoint
[Fri Sep 18 07:24:11 2026] pci_bus 0001:40: on NUMA node 11
[Fri Sep 18 07:24:11 2026] ACPI: PCI Root Bridge [PC05] (domain 0000 [bus 60-61])
[Fri Sep 18 07:24:11 2026] acpi ACPI0016:03: _OSC: OS supports [ExtendedConfig ASPM ClockPM Segments MSI EDR HPX-Type3]
[Fri Sep 18 07:24:11 2026] acpi ACPI0016:03: _OSC: OS supports [CXL11PortRegAccess CXL20PortDevRegAccess CXLProtocolErrorReporting CXLNativeHot]
[Fri Sep 18 07:24:11 2026] acpi ACPI0016:03: _OSC: platform does not support [AER LTR DPC]
[Fri Sep 18 07:24:11 2026] acpi ACPI0016:03: _OSC: OS now controls [PCIeHotplug SHPCHotplug PME PCIeCapability]
[Fri Sep 18 07:24:11 2026] acpi ACPI0016:03: _OSC: OS now controls [CXLMemErrorReporting]
[Fri Sep 18 07:24:11 2026] PCI host bridge to bus 0000:60
[Fri Sep 18 07:24:11 2026] pci_bus 0000:60: root bus resource [mem 0xb7400000-0xb76fffff window]
[Fri Sep 18 07:24:11 2026] pci_bus 0000:60: root bus resource [mem 0x16d90200000-0x16d982fffff window]
[Fri Sep 18 07:24:11 2026] pci_bus 0000:60: root bus resource [bus 60-61]
[Fri Sep 18 07:24:11 2026] pci 0000:60:00.0: [1022:110b] type 00 class 0x060000 conventional PCI endpoint
[Fri Sep 18 07:24:11 2026] pci 0000:60:00.2: [1022:1105] type 00 class 0x080600 conventional PCI endpoint
[Fri Sep 18 07:24:11 2026] pci 0000:60:00.3: [1022:1106] type 00 class 0x080700 PCIe Root Complex Event Collector
[Fri Sep 18 07:24:11 2026] pci 0000:60:00.3: enabling Extended Tags
[Fri Sep 18 07:24:11 2026] pci 0000:60:03.0: [1022:1107] type 00 class 0x060000 conventional PCI endpoint
[Fri Sep 18 07:24:11 2026] pci 0000:60:04.0: [1022:1107] type 00 class 0x060000 conventional PCI endpoint
[Fri Sep 18 07:24:11 2026] pci 0000:60:05.0: [1022:1107] type 00 class 0x060000 conventional PCI endpoint
[Fri Sep 18 07:24:11 2026] pci 0000:60:06.0: [1022:1107] type 00 class 0x060000 conventional PCI endpoint
[Fri Sep 18 07:24:11 2026] pci 0000:60:08.0: [1022:1107] type 00 class 0x060000 conventional PCI endpoint
[Fri Sep 18 07:24:11 2026] pci 0000:60:08.1: [1022:17d0] type 01 class 0x060400 PCIe Root Port
[Fri Sep 18 07:24:11 2026] pci 0000:60:08.1: PCI bridge to [bus 61]
[Fri Sep 18 07:24:11 2026] pci 0000:60:08.1:   bridge window [mem 0xb7400000-0xb76fffff]
[Fri Sep 18 07:24:11 2026] pci 0000:60:08.1:   bridge window [mem 0x16d90200000-0x16d982fffff 64bit pref]
[Fri Sep 18 07:24:11 2026] pci 0000:60:08.1: enabling Extended Tags
[Fri Sep 18 07:24:12 2026] pci 0000:60:08.1: PME# supported from D0 D3hot D3cold
[Fri Sep 18 07:24:12 2026] pci 0000:61:00.0: [1022:17d1] type 00 class 0x130000 PCIe Endpoint
[Fri Sep 18 07:24:12 2026] pci 0000:61:00.0: enabling Extended Tags
[Fri Sep 18 07:24:12 2026] pci 0000:61:00.1: [1022:17d6] type 00 class 0x120100 PCIe Endpoint
[Fri Sep 18 07:24:12 2026] pci 0000:61:00.1: BAR 0 [mem 0x16d98280000-0x16d982fffff 64bit pref]
[Fri Sep 18 07:24:12 2026] pci 0000:61:00.1: BAR 2 [mem 0x16d98200000-0x16d9827ffff 64bit pref]
[Fri Sep 18 07:24:12 2026] pci 0000:61:00.1: enabling Extended Tags
[Fri Sep 18 07:24:12 2026] pci 0000:61:00.1: VF BAR 0 [mem 0x16d94200000-0x16d9427ffff 64bit pref]
[Fri Sep 18 07:24:12 2026] pci 0000:61:00.1: VF BAR 0 [mem 0x16d94200000-0x16d981fffff 64bit pref]: contains BAR 0 for 128 VFs
[Fri Sep 18 07:24:12 2026] pci 0000:61:00.1: VF BAR 2 [mem 0x16d90200000-0x16d9027ffff 64bit pref]
[Fri Sep 18 07:24:12 2026] pci 0000:61:00.1: VF BAR 2 [mem 0x16d90200000-0x16d941fffff 64bit pref]: contains BAR 2 for 128 VFs
[Fri Sep 18 07:24:12 2026] pci 0000:61:00.4: [1022:17d2] type 00 class 0x0c0330 PCIe Endpoint
[Fri Sep 18 07:24:12 2026] pci 0000:61:00.4: BAR 0 [mem 0xb7400000-0xb74fffff 64bit]
[Fri Sep 18 07:24:12 2026] pci 0000:61:00.4: enabling Extended Tags
[Fri Sep 18 07:24:12 2026] pci 0000:61:00.4: PME# supported from D0 D3hot D3cold
[Fri Sep 18 07:24:12 2026] pci 0000:61:00.5: [1022:17d8] type 00 class 0x108000 PCIe Endpoint
[Fri Sep 18 07:24:12 2026] pci 0000:61:00.5: BAR 2 [mem 0xb7500000-0xb75fffff]
[Fri Sep 18 07:24:12 2026] pci 0000:61:00.5: BAR 5 [mem 0xb7600000-0xb7601fff]
[Fri Sep 18 07:24:12 2026] pci 0000:61:00.5: enabling Extended Tags
[Fri Sep 18 07:24:12 2026] pci 0000:60:08.1: PCI bridge to [bus 61]
[Fri Sep 18 07:24:12 2026] pci_bus 0000:60: on NUMA node 1
[Fri Sep 18 07:24:12 2026] ACPI: PCI Root Bridge [PC06] (domain 0000 [bus 80-8c])
[Fri Sep 18 07:24:12 2026] acpi ACPI0016:04: _OSC: OS supports [ExtendedConfig ASPM ClockPM Segments MSI EDR HPX-Type3]
[Fri Sep 18 07:24:12 2026] acpi ACPI0016:04: _OSC: OS supports [CXL11PortRegAccess CXL20PortDevRegAccess CXLProtocolErrorReporting CXLNativeHot]
[Fri Sep 18 07:24:12 2026] acpi ACPI0016:04: _OSC: platform does not support [AER LTR DPC]
[Fri Sep 18 07:24:12 2026] acpi ACPI0016:04: _OSC: OS now controls [PCIeHotplug SHPCHotplug PME PCIeCapability]
[Fri Sep 18 07:24:12 2026] acpi ACPI0016:04: _OSC: OS now controls [CXLMemErrorReporting]
[Fri Sep 18 07:24:12 2026] PCI host bridge to bus 0000:80
[Fri Sep 18 07:24:12 2026] pci_bus 0000:80: root bus resource [mem 0xb6700000-0xb6afffff window]
[Fri Sep 18 07:24:12 2026] pci_bus 0000:80: root bus resource [mem 0xb6c00000-0xb73fffff window]
[Fri Sep 18 07:24:12 2026] pci_bus 0000:80: root bus resource [bus 80-8c]
[Fri Sep 18 07:24:12 2026] pci 0000:80:00.0: [1022:110b] type 00 class 0x060000 conventional PCI endpoint
[Fri Sep 18 07:24:12 2026] pci 0000:80:00.2: [1022:1105] type 00 class 0x080600 conventional PCI endpoint
[Fri Sep 18 07:24:12 2026] pci 0000:80:00.3: [1022:1106] type 00 class 0x080700 PCIe Root Complex Event Collector
[Fri Sep 18 07:24:12 2026] pci 0000:80:00.3: enabling Extended Tags
[Fri Sep 18 07:24:12 2026] pci 0000:80:03.0: [1022:1107] type 00 class 0x060000 conventional PCI endpoint
[Fri Sep 18 07:24:12 2026] pci 0000:80:03.1: [1022:1108] type 01 class 0x060400 PCIe Root Port
[Fri Sep 18 07:24:12 2026] pci 0000:80:03.1: PCI bridge to [bus 81-83]
[Fri Sep 18 07:24:12 2026] pci 0000:80:03.1:   bridge window [mem 0xb6a00000-0xb6afffff]
[Fri Sep 18 07:24:12 2026] pci 0000:80:03.1:   bridge window [mem 0xb7200000-0xb73fffff 64bit pref]
[Fri Sep 18 07:24:12 2026] pci 0000:80:03.1: PME# supported from D0 D3hot D3cold
[Fri Sep 18 07:24:12 2026] pci 0000:80:03.1: DPC: RP PIO log size 14 is invalid
[Fri Sep 18 07:24:12 2026] pci 0000:80:03.2: [1022:1108] type 01 class 0x060400 PCIe Root Port
[Fri Sep 18 07:24:12 2026] pci 0000:80:03.2: PCI bridge to [bus 84-86]
[Fri Sep 18 07:24:12 2026] pci 0000:80:03.2:   bridge window [mem 0xb6900000-0xb69fffff]
[Fri Sep 18 07:24:12 2026] pci 0000:80:03.2:   bridge window [mem 0xb7000000-0xb71fffff 64bit pref]
[Fri Sep 18 07:24:12 2026] pci 0000:80:03.2: PME# supported from D0 D3hot D3cold
[Fri Sep 18 07:24:12 2026] pci 0000:80:03.2: DPC: RP PIO log size 14 is invalid
[Fri Sep 18 07:24:12 2026] pci 0000:80:03.3: [1022:1108] type 01 class 0x060400 PCIe Root Port
[Fri Sep 18 07:24:12 2026] pci 0000:80:03.3: PCI bridge to [bus 87-89]
[Fri Sep 18 07:24:12 2026] pci 0000:80:03.3:   bridge window [mem 0xb6800000-0xb68fffff]
[Fri Sep 18 07:24:12 2026] pci 0000:80:03.3:   bridge window [mem 0xb6e00000-0xb6ffffff 64bit pref]
[Fri Sep 18 07:24:12 2026] pci 0000:80:03.3: PME# supported from D0 D3hot D3cold
[Fri Sep 18 07:24:12 2026] pci 0000:80:03.3: DPC: RP PIO log size 14 is invalid
[Fri Sep 18 07:24:12 2026] pci 0000:80:03.4: [1022:1108] type 01 class 0x060400 PCIe Root Port
[Fri Sep 18 07:24:12 2026] pci 0000:80:03.4: PCI bridge to [bus 8a-8c]
[Fri Sep 18 07:24:12 2026] pci 0000:80:03.4:   bridge window [mem 0xb6700000-0xb67fffff]
[Fri Sep 18 07:24:12 2026] pci 0000:80:03.4:   bridge window [mem 0xb6c00000-0xb6dfffff 64bit pref]
[Fri Sep 18 07:24:12 2026] pci 0000:80:03.4: PME# supported from D0 D3hot D3cold
[Fri Sep 18 07:24:12 2026] pci 0000:80:03.4: DPC: RP PIO log size 14 is invalid
[Fri Sep 18 07:24:12 2026] pci 0000:80:04.0: [1022:1107] type 00 class 0x060000 conventional PCI endpoint
[Fri Sep 18 07:24:12 2026] pci 0000:80:05.0: [1022:1107] type 00 class 0x060000 conventional PCI endpoint
[Fri Sep 18 07:24:12 2026] pci 0000:80:06.0: [1022:1107] type 00 class 0x060000 conventional PCI endpoint
[Fri Sep 18 07:24:12 2026] pci 0000:80:08.0: [1022:1107] type 00 class 0x060000 conventional PCI endpoint
[Fri Sep 18 07:24:12 2026] pci 0000:80:03.1: PCI bridge to [bus 81-83]
[Fri Sep 18 07:24:12 2026] pci 0000:80:03.2: PCI bridge to [bus 84-86]
[Fri Sep 18 07:24:12 2026] pci 0000:87:00.0: [1b96:2750] type 00 class 0x010802 PCIe Endpoint
[Fri Sep 18 07:24:12 2026] pci 0000:87:00.0: BAR 0 [mem 0xb6800000-0xb680ffff 64bit]
[Fri Sep 18 07:24:12 2026] pci 0000:80:03.3: PCI bridge to [bus 87-89]
[Fri Sep 18 07:24:12 2026] pci 0000:8a:00.0: [1b96:2750] type 00 class 0x010802 PCIe Endpoint
[Fri Sep 18 07:24:12 2026] pci 0000:8a:00.0: BAR 0 [mem 0xb6700000-0xb670ffff 64bit]
[Fri Sep 18 07:24:12 2026] pci 0000:80:03.4: PCI bridge to [bus 8a-8c]
[Fri Sep 18 07:24:12 2026] pci_bus 0000:80: on NUMA node 1
[Fri Sep 18 07:24:12 2026] ACPI: PCI Root Bridge [PC07] (domain 0001 [bus 80])
[Fri Sep 18 07:24:12 2026] acpi PNP0A08:02: _OSC: OS supports [ExtendedConfig ASPM ClockPM Segments MSI EDR HPX-Type3]
[Fri Sep 18 07:24:12 2026] acpi PNP0A08:02: _OSC: platform does not support [AER LTR DPC]
[Fri Sep 18 07:24:12 2026] acpi PNP0A08:02: _OSC: OS now controls [PCIeHotplug SHPCHotplug PME PCIeCapability]
[Fri Sep 18 07:24:12 2026] PCI host bridge to bus 0001:80
[Fri Sep 18 07:24:12 2026] pci_bus 0001:80: Unknown NUMA node; performance will be reduced
[Fri Sep 18 07:24:12 2026] pci_bus 0001:80: root bus resource [bus 80]
[Fri Sep 18 07:24:12 2026] pci 0001:80:00.0: [1022:1740] type 00 class 0x060000 conventional PCI endpoint
[Fri Sep 18 07:24:12 2026] pci 0001:80:00.2: [1022:1741] type 00 class 0x080600 conventional PCI endpoint
[Fri Sep 18 07:24:12 2026] pci 0001:80:00.3: [1022:1742] type 00 class 0x080700 PCIe Root Complex Event Collector
[Fri Sep 18 07:24:12 2026] pci 0001:80:00.3: enabling Extended Tags
[Fri Sep 18 07:24:12 2026] pci 0001:80:01.0: [1022:1743] type 00 class 0x060000 conventional PCI endpoint
[Fri Sep 18 07:24:12 2026] pci 0001:80:02.0: [1022:1743] type 00 class 0x060000 conventional PCI endpoint
[Fri Sep 18 07:24:12 2026] pci 0001:80:08.0: [1022:1743] type 00 class 0x060000 conventional PCI endpoint
[Fri Sep 18 07:24:12 2026] pci 0001:80:09.0: [1022:1743] type 00 class 0x060000 conventional PCI endpoint
[Fri Sep 18 07:24:12 2026] pci_bus 0001:80: on NUMA node 11
[Fri Sep 18 07:24:12 2026] ACPI: PCI Root Bridge [PC08] (domain 0000 [bus a0])
[Fri Sep 18 07:24:12 2026] acpi ACPI0016:05: _OSC: OS supports [ExtendedConfig ASPM ClockPM Segments MSI EDR HPX-Type3]
[Fri Sep 18 07:24:12 2026] acpi ACPI0016:05: _OSC: OS supports [CXL11PortRegAccess CXL20PortDevRegAccess CXLProtocolErrorReporting CXLNativeHot]
[Fri Sep 18 07:24:12 2026] acpi ACPI0016:05: _OSC: platform does not support [AER LTR DPC]
[Fri Sep 18 07:24:12 2026] acpi ACPI0016:05: _OSC: OS now controls [PCIeHotplug SHPCHotplug PME PCIeCapability]
[Fri Sep 18 07:24:12 2026] acpi ACPI0016:05: _OSC: OS now controls [CXLMemErrorReporting]
[Fri Sep 18 07:24:12 2026] PCI host bridge to bus 0000:a0
[Fri Sep 18 07:24:12 2026] pci_bus 0000:a0: root bus resource [bus a0]
[Fri Sep 18 07:24:12 2026] pci 0000:a0:00.0: [1022:110b] type 00 class 0x060000 conventional PCI endpoint
[Fri Sep 18 07:24:12 2026] pci 0000:a0:00.3: [1022:1106] type 00 class 0x080700 PCIe Root Complex Event Collector
[Fri Sep 18 07:24:12 2026] pci 0000:a0:00.3: enabling Extended Tags
[Fri Sep 18 07:24:12 2026] pci 0000:a0:03.0: [1022:1107] type 00 class 0x060000 conventional PCI endpoint
[Fri Sep 18 07:24:12 2026] pci 0000:a0:04.0: [1022:1107] type 00 class 0x060000 conventional PCI endpoint
[Fri Sep 18 07:24:12 2026] pci 0000:a0:05.0: [1022:1107] type 00 class 0x060000 conventional PCI endpoint
[Fri Sep 18 07:24:12 2026] pci 0000:a0:06.0: [1022:1107] type 00 class 0x060000 conventional PCI endpoint
[Fri Sep 18 07:24:12 2026] pci 0000:a0:08.0: [1022:1107] type 00 class 0x060000 conventional PCI endpoint
[Fri Sep 18 07:24:12 2026] pci_bus 0000:a0: on NUMA node 1
[Fri Sep 18 07:24:12 2026] ACPI: PCI Root Bridge [PC09] (domain 0001 [bus c0])
[Fri Sep 18 07:24:12 2026] acpi PNP0A08:03: _OSC: OS supports [ExtendedConfig ASPM ClockPM Segments MSI EDR HPX-Type3]
[Fri Sep 18 07:24:12 2026] acpi PNP0A08:03: _OSC: platform does not support [AER LTR DPC]
[Fri Sep 18 07:24:12 2026] acpi PNP0A08:03: _OSC: OS now controls [PCIeHotplug SHPCHotplug PME PCIeCapability]
[Fri Sep 18 07:24:12 2026] PCI host bridge to bus 0001:c0
[Fri Sep 18 07:24:12 2026] pci_bus 0001:c0: Unknown NUMA node; performance will be reduced
[Fri Sep 18 07:24:12 2026] pci_bus 0001:c0: root bus resource [bus c0]
[Fri Sep 18 07:24:12 2026] pci 0001:c0:00.0: [1022:1740] type 00 class 0x060000 conventional PCI endpoint
[Fri Sep 18 07:24:12 2026] pci 0001:c0:00.2: [1022:1741] type 00 class 0x080600 conventional PCI endpoint
[Fri Sep 18 07:24:12 2026] pci 0001:c0:00.3: [1022:1742] type 00 class 0x080700 PCIe Root Complex Event Collector
[Fri Sep 18 07:24:12 2026] pci 0001:c0:00.3: enabling Extended Tags
[Fri Sep 18 07:24:12 2026] pci 0001:c0:01.0: [1022:1743] type 00 class 0x060000 conventional PCI endpoint
[Fri Sep 18 07:24:12 2026] pci 0001:c0:02.0: [1022:1743] type 00 class 0x060000 conventional PCI endpoint
[Fri Sep 18 07:24:12 2026] pci 0001:c0:08.0: [1022:1743] type 00 class 0x060000 conventional PCI endpoint
[Fri Sep 18 07:24:12 2026] pci 0001:c0:09.0: [1022:1743] type 00 class 0x060000 conventional PCI endpoint
[Fri Sep 18 07:24:12 2026] pci_bus 0001:c0: on NUMA node 11
[Fri Sep 18 07:24:12 2026] acpi/hmat: Memory Flags:0001 Processor Domain:0 Memory Domain:0
[Fri Sep 18 07:24:12 2026] acpi/hmat: Memory Flags:0001 Processor Domain:1 Memory Domain:1
[Fri Sep 18 07:24:12 2026] acpi/hmat: Memory Flags:0001 Processor Domain:2 Memory Domain:2
[Fri Sep 18 07:24:12 2026] acpi/hmat: Memory Flags:0001 Processor Domain:3 Memory Domain:3
[Fri Sep 18 07:24:12 2026] acpi/hmat: Ignoring: Invalid table
[Fri Sep 18 07:24:12 2026] iommu: Default domain type: Passthrough (set via kernel command line)
[Fri Sep 18 07:24:12 2026] SCSI subsystem initialized
[Fri Sep 18 07:24:12 2026] libata version 3.00 loaded.
[Fri Sep 18 07:24:12 2026] ACPI: bus type USB registered
[Fri Sep 18 07:24:12 2026] usbcore: registered new interface driver usbfs
[Fri Sep 18 07:24:12 2026] usbcore: registered new interface driver hub
[Fri Sep 18 07:24:12 2026] usbcore: registered new device driver usb
[Fri Sep 18 07:24:12 2026] pps_core: LinuxPPS API ver. 1 registered
[Fri Sep 18 07:24:12 2026] pps_core: Software ver. 5.3.6 - Copyright 2005-2007 Rodolfo Giometti <giometti@linux.it>
[Fri Sep 18 07:24:12 2026] PTP clock support registered
[Fri Sep 18 07:24:12 2026] EDAC MC: Ver: 3.0.0
[Fri Sep 18 07:24:12 2026] efivars: Registered efivars operations
[Fri Sep 18 07:24:12 2026] NetLabel: Initializing
[Fri Sep 18 07:24:12 2026] NetLabel:  domain hash size = 128
[Fri Sep 18 07:24:12 2026] NetLabel:  protocols = UNLABELED CIPSOv4 CALIPSO
[Fri Sep 18 07:24:12 2026] NetLabel:  unlabeled traffic allowed by default
[Fri Sep 18 07:24:12 2026] mctp: management component transport protocol core
[Fri Sep 18 07:24:12 2026] NET: Registered PF_MCTP protocol family
[Fri Sep 18 07:24:12 2026] PCI: Using ACPI for IRQ routing
[Fri Sep 18 07:24:12 2026] PCI: pci_cache_line_size set to 64 bytes
[Fri Sep 18 07:24:12 2026] e820: reserve RAM buffer [mem 0x175c0000-0x17ffffff]
[Fri Sep 18 07:24:12 2026] e820: reserve RAM buffer [mem 0x1aa1a000-0x1bffffff]
[Fri Sep 18 07:24:12 2026] e820: reserve RAM buffer [mem 0x1aa51000-0x1bffffff]
[Fri Sep 18 07:24:12 2026] e820: reserve RAM buffer [mem 0x1aac9000-0x1bffffff]
[Fri Sep 18 07:24:12 2026] e820: reserve RAM buffer [mem 0x6a687018-0x6bffffff]
[Fri Sep 18 07:24:12 2026] e820: reserve RAM buffer [mem 0x6a6ea018-0x6bffffff]
[Fri Sep 18 07:24:12 2026] e820: reserve RAM buffer [mem 0x6a881000-0x6bffffff]
[Fri Sep 18 07:24:12 2026] e820: reserve RAM buffer [mem 0x6f3ff000-0x6fffffff]
[Fri Sep 18 07:24:12 2026] e820: reserve RAM buffer [mem 0x75e00000-0x77ffffff]
[Fri Sep 18 07:24:12 2026] e820: reserve RAM buffer [mem 0x4049bc0000-0x404bffffff]
[Fri Sep 18 07:24:12 2026] e820: reserve RAM buffer [mem 0x404d100000-0x404fffffff]
[Fri Sep 18 07:24:12 2026] pci 0000:08:00.0: vgaarb: setting as boot VGA device
[Fri Sep 18 07:24:12 2026] pci 0000:08:00.0: vgaarb: bridge control possible
[Fri Sep 18 07:24:12 2026] pci 0000:08:00.0: vgaarb: VGA device added: decodes=io+mem,owns=none,locks=none
[Fri Sep 18 07:24:12 2026] vgaarb: loaded
[Fri Sep 18 07:24:12 2026] hpet0: at MMIO 0xfed00000, IRQs 2, 8, 0
[Fri Sep 18 07:24:12 2026] hpet0: 3 comparators, 32-bit 14.318180 MHz counter
[Fri Sep 18 07:24:12 2026] clocksource: Switched to clocksource tsc-early
[Fri Sep 18 07:24:12 2026] VFS: Disk quotas dquot_6.6.0
[Fri Sep 18 07:24:12 2026] VFS: Dquot-cache hash table entries: 512 (order 0, 4096 bytes)
[Fri Sep 18 07:24:12 2026] AppArmor: AppArmor Filesystem Enabled
[Fri Sep 18 07:24:12 2026] pnp: PnP ACPI init
[Fri Sep 18 07:24:12 2026] system 00:00: [mem 0xfedc0000-0xfedc0fff] has been reserved
[Fri Sep 18 07:24:12 2026] system 00:02: [io  0x0400-0x04cf] has been reserved
[Fri Sep 18 07:24:12 2026] system 00:02: [io  0x04d0-0x04d1] has been reserved
[Fri Sep 18 07:24:12 2026] system 00:02: [io  0x04d6] has been reserved
[Fri Sep 18 07:24:12 2026] system 00:02: [io  0x0c00-0x0c01] has been reserved
[Fri Sep 18 07:24:12 2026] system 00:02: [io  0x0c14] has been reserved
[Fri Sep 18 07:24:12 2026] system 00:02: [io  0x0c50-0x0c52] has been reserved
[Fri Sep 18 07:24:12 2026] system 00:02: [io  0x0c6c] has been reserved
[Fri Sep 18 07:24:12 2026] system 00:02: [io  0x0c6f] has been reserved
[Fri Sep 18 07:24:12 2026] system 00:02: [io  0x0cd0-0x0cdb] has been reserved
[Fri Sep 18 07:24:12 2026] system 00:03: [mem 0xff000000-0xffffffff] has been reserved
[Fri Sep 18 07:24:12 2026] system 00:06: [mem 0x2ffc00000000-0x2ffc1fffffff window] has been reserved
[Fri Sep 18 07:24:12 2026] pnp: PnP ACPI: found 7 devices
[Fri Sep 18 07:24:12 2026] clocksource: acpi_pm: mask: 0xffffff max_cycles: 0xffffff, max_idle_ns: 2085701024 ns
[Fri Sep 18 07:24:12 2026] NET: Registered PF_INET protocol family
[Fri Sep 18 07:24:12 2026] IP idents hash table entries: 262144 (order: 9, 2097152 bytes, vmalloc hugepage)
[Fri Sep 18 07:24:12 2026] tcp_listen_portaddr_hash hash table entries: 65536 (order: 8, 1048576 bytes, vmalloc)
[Fri Sep 18 07:24:12 2026] Table-perturb hash table entries: 65536 (order: 6, 262144 bytes, vmalloc)
[Fri Sep 18 07:24:12 2026] TCP established hash table entries: 524288 (order: 10, 4194304 bytes, vmalloc hugepage)
[Fri Sep 18 07:24:12 2026] TCP bind hash table entries: 65536 (order: 9, 2097152 bytes, vmalloc hugepage)
[Fri Sep 18 07:24:12 2026] TCP: Hash tables configured (established 524288 bind 65536)
[Fri Sep 18 07:24:12 2026] MPTCP token hash table entries: 65536 (order: 8, 1572864 bytes, vmalloc)
[Fri Sep 18 07:24:12 2026] UDP hash table entries: 65536 (order: 10, 4194304 bytes, vmalloc hugepage)
[Fri Sep 18 07:24:12 2026] UDP-Lite hash table entries: 65536 (order: 10, 4194304 bytes, vmalloc hugepage)
[Fri Sep 18 07:24:12 2026] NET: Registered PF_UNIX/PF_LOCAL protocol family
[Fri Sep 18 07:24:12 2026] NET: Registered PF_XDP protocol family
[Fri Sep 18 07:24:12 2026] pci 0000:04:00.0: ROM [mem 0xfffc0000-0xffffffff pref]: can't claim; no compatible bridge window
[Fri Sep 18 07:24:12 2026] pci 0000:08:00.0: ROM [mem 0xffff0000-0xffffffff pref]: can't claim; no compatible bridge window
[Fri Sep 18 07:24:12 2026] pci 0001:01:00.0: ROM [mem 0xfffe0000-0xffffffff pref]: can't claim; no compatible bridge window
[Fri Sep 18 07:24:12 2026] pci 0000:02:00.0: PCI bridge to [bus 03]
[Fri Sep 18 07:24:12 2026] pci 0000:02:00.0:   bridge window [mem 0xbe500000-0xbe5fffff]
[Fri Sep 18 07:24:12 2026] pci 0000:02:00.0:   bridge window [mem 0x16c00000000-0x16cffffffff 64bit pref]
[Fri Sep 18 07:24:12 2026] pci 0000:04:00.0: ROM [mem 0xbe440000-0xbe47ffff pref]: assigned
[Fri Sep 18 07:24:12 2026] pci 0000:02:01.0: PCI bridge to [bus 04]
[Fri Sep 18 07:24:12 2026] pci 0000:02:01.0:   bridge window [mem 0xbe200000-0xbe4fffff]
[Fri Sep 18 07:24:12 2026] pci 0000:02:01.0:   bridge window [mem 0x16d00000000-0x16d03ffffff 64bit pref]
[Fri Sep 18 07:24:12 2026] pci 0000:01:00.0: PCI bridge to [bus 02-04]
[Fri Sep 18 07:24:12 2026] pci 0000:01:00.0:   bridge window [mem 0xbe200000-0xbe6fffff]
[Fri Sep 18 07:24:12 2026] pci 0000:01:00.0:   bridge window [mem 0x16c00000000-0x16d03ffffff 64bit pref]
[Fri Sep 18 07:24:12 2026] pci 0000:00:03.1: PCI bridge to [bus 01-04]
[Fri Sep 18 07:24:12 2026] pci 0000:00:03.1:   bridge window [mem 0xbe200000-0xbe6fffff]
[Fri Sep 18 07:24:12 2026] pci 0000:00:03.1:   bridge window [mem 0x16c00000000-0x16d03ffffff 64bit pref]
[Fri Sep 18 07:24:12 2026] pci 0000:05:00.0: PCI bridge to [bus 06]
[Fri Sep 18 07:24:12 2026] pci 0000:00:05.2: PCI bridge to [bus 05-06]
[Fri Sep 18 07:24:12 2026] pci 0000:08:00.0: ROM [mem 0xbe1a0000-0xbe1affff pref]: assigned
[Fri Sep 18 07:24:12 2026] pci 0000:07:00.0: PCI bridge to [bus 08]
[Fri Sep 18 07:24:12 2026] pci 0000:07:00.0:   bridge window [io  0x1000-0x1fff]
[Fri Sep 18 07:24:12 2026] pci 0000:07:00.0:   bridge window [mem 0xbc000000-0xbe1fffff]
[Fri Sep 18 07:24:12 2026] pci 0000:00:05.3: PCI bridge to [bus 07-08]
[Fri Sep 18 07:24:12 2026] pci 0000:00:05.3:   bridge window [io  0x1000-0x1fff]
[Fri Sep 18 07:24:12 2026] pci 0000:00:05.3:   bridge window [mem 0xbc000000-0xbe1fffff]
[Fri Sep 18 07:24:12 2026] pci 0000:00:08.1: PCI bridge to [bus 09]
[Fri Sep 18 07:24:12 2026] pci 0000:00:08.1:   bridge window [mem 0xbe700000-0xbe9fffff]
[Fri Sep 18 07:24:12 2026] pci 0000:00:08.1:   bridge window [mem 0x16d04000000-0x16d0c0fffff 64bit pref]
[Fri Sep 18 07:24:12 2026] pci_bus 0000:00: resource 4 [io  0x1000-0x1fff window]
[Fri Sep 18 07:24:12 2026] pci_bus 0000:00: resource 5 [mem 0xbc000000-0xbeafffff window]
[Fri Sep 18 07:24:12 2026] pci_bus 0000:00: resource 6 [mem 0x16c00000000-0x16d0c0fffff window]
[Fri Sep 18 07:24:12 2026] pci_bus 0000:00: resource 7 [io  0x0000-0x0fff window]
[Fri Sep 18 07:24:12 2026] pci_bus 0000:00: resource 8 [mem 0xfec00000-0xfed3ffff window]
[Fri Sep 18 07:24:12 2026] pci_bus 0000:00: resource 9 [mem 0xfed45000-0xfed811ff window]
[Fri Sep 18 07:24:12 2026] pci_bus 0000:00: resource 10 [mem 0xfed81900-0xfedc1fff window]
[Fri Sep 18 07:24:12 2026] pci_bus 0000:00: resource 11 [mem 0xfedc7000-0xfedcafff window]
[Fri Sep 18 07:24:12 2026] pci_bus 0000:00: resource 12 [mem 0xfedcc000-0xfedfffff window]
[Fri Sep 18 07:24:12 2026] pci_bus 0000:00: resource 13 [mem 0xfee01000-0xfeffffff window]
[Fri Sep 18 07:24:12 2026] pci_bus 0000:01: resource 1 [mem 0xbe200000-0xbe6fffff]
[Fri Sep 18 07:24:12 2026] pci_bus 0000:01: resource 2 [mem 0x16c00000000-0x16d03ffffff 64bit pref]
[Fri Sep 18 07:24:12 2026] pci_bus 0000:02: resource 1 [mem 0xbe200000-0xbe6fffff]
[Fri Sep 18 07:24:12 2026] pci_bus 0000:02: resource 2 [mem 0x16c00000000-0x16d03ffffff 64bit pref]
[Fri Sep 18 07:24:12 2026] pci_bus 0000:03: resource 1 [mem 0xbe500000-0xbe5fffff]
[Fri Sep 18 07:24:12 2026] pci_bus 0000:03: resource 2 [mem 0x16c00000000-0x16cffffffff 64bit pref]
[Fri Sep 18 07:24:12 2026] pci_bus 0000:04: resource 1 [mem 0xbe200000-0xbe4fffff]
[Fri Sep 18 07:24:12 2026] pci_bus 0000:04: resource 2 [mem 0x16d00000000-0x16d03ffffff 64bit pref]
[Fri Sep 18 07:24:12 2026] pci_bus 0000:07: resource 0 [io  0x1000-0x1fff]
[Fri Sep 18 07:24:12 2026] pci_bus 0000:07: resource 1 [mem 0xbc000000-0xbe1fffff]
[Fri Sep 18 07:24:12 2026] pci_bus 0000:08: resource 0 [io  0x1000-0x1fff]
[Fri Sep 18 07:24:12 2026] pci_bus 0000:08: resource 1 [mem 0xbc000000-0xbe1fffff]
[Fri Sep 18 07:24:12 2026] pci_bus 0000:09: resource 1 [mem 0xbe700000-0xbe9fffff]
[Fri Sep 18 07:24:12 2026] pci_bus 0000:09: resource 2 [mem 0x16d04000000-0x16d0c0fffff 64bit pref]
[Fri Sep 18 07:24:12 2026] pci 0001:01:00.0: ROM [mem size 0x00020000 pref]: can't assign; no space
[Fri Sep 18 07:24:12 2026] pci 0001:01:00.0: ROM [mem size 0x00020000 pref]: failed to assign
[Fri Sep 18 07:24:12 2026] pci 0001:00:08.1: PCI bridge to [bus 01]
[Fri Sep 18 07:24:12 2026] pci 0001:00:08.1:   bridge window [mem 0xb4000000-0xb45fffff]
[Fri Sep 18 07:24:12 2026] pci 0001:00:08.1:   bridge window [mem 0x16e50200000-0x16e505fffff 64bit pref]
[Fri Sep 18 07:24:12 2026] pci_bus 0001:00: resource 4 [mem 0xb4000000-0xb46fffff window]
[Fri Sep 18 07:24:12 2026] pci_bus 0001:00: resource 5 [mem 0x16e50200000-0x16e505fffff window]
[Fri Sep 18 07:24:12 2026] pci_bus 0001:01: resource 1 [mem 0xb4000000-0xb45fffff]
[Fri Sep 18 07:24:12 2026] pci_bus 0001:01: resource 2 [mem 0x16e50200000-0x16e505fffff 64bit pref]
[Fri Sep 18 07:24:12 2026] pci 0000:60:08.1: PCI bridge to [bus 61]
[Fri Sep 18 07:24:12 2026] pci 0000:60:08.1:   bridge window [mem 0xb7400000-0xb76fffff]
[Fri Sep 18 07:24:12 2026] pci 0000:60:08.1:   bridge window [mem 0x16d90200000-0x16d982fffff 64bit pref]
[Fri Sep 18 07:24:12 2026] pci_bus 0000:60: resource 4 [mem 0xb7400000-0xb76fffff window]
[Fri Sep 18 07:24:12 2026] pci_bus 0000:60: resource 5 [mem 0x16d90200000-0x16d982fffff window]
[Fri Sep 18 07:24:12 2026] pci_bus 0000:61: resource 1 [mem 0xb7400000-0xb76fffff]
[Fri Sep 18 07:24:12 2026] pci_bus 0000:61: resource 2 [mem 0x16d90200000-0x16d982fffff 64bit pref]
[Fri Sep 18 07:24:12 2026] pci 0000:80:03.1: bridge window [io  0x1000-0x0fff] to [bus 81-83] add_size 1000
[Fri Sep 18 07:24:12 2026] pci 0000:80:03.2: bridge window [io  0x1000-0x0fff] to [bus 84-86] add_size 1000
[Fri Sep 18 07:24:12 2026] pci 0000:80:03.3: bridge window [io  0x1000-0x0fff] to [bus 87-89] add_size 1000
[Fri Sep 18 07:24:12 2026] pci 0000:80:03.4: bridge window [io  0x1000-0x0fff] to [bus 8a-8c] add_size 1000
[Fri Sep 18 07:24:12 2026] pci 0000:80:03.1: bridge window [io  size 0x1000]: can't assign; no space
[Fri Sep 18 07:24:13 2026] pci 0000:80:03.1: bridge window [io  size 0x1000]: failed to assign
[Fri Sep 18 07:24:13 2026] pci 0000:80:03.2: bridge window [io  size 0x1000]: can't assign; no space
[Fri Sep 18 07:24:13 2026] pci 0000:80:03.2: bridge window [io  size 0x1000]: failed to assign
[Fri Sep 18 07:24:13 2026] pci 0000:80:03.3: bridge window [io  size 0x1000]: can't assign; no space
[Fri Sep 18 07:24:13 2026] pci 0000:80:03.3: bridge window [io  size 0x1000]: failed to assign
[Fri Sep 18 07:24:13 2026] pci 0000:80:03.4: bridge window [io  size 0x1000]: can't assign; no space
[Fri Sep 18 07:24:13 2026] pci 0000:80:03.4: bridge window [io  size 0x1000]: failed to assign
[Fri Sep 18 07:24:13 2026] pci 0000:80:03.4: bridge window [io  size 0x1000]: can't assign; no space
[Fri Sep 18 07:24:13 2026] pci 0000:80:03.4: bridge window [io  size 0x1000]: failed to assign
[Fri Sep 18 07:24:13 2026] pci 0000:80:03.3: bridge window [io  size 0x1000]: can't assign; no space
[Fri Sep 18 07:24:13 2026] pci 0000:80:03.3: bridge window [io  size 0x1000]: failed to assign
[Fri Sep 18 07:24:13 2026] pci 0000:80:03.2: bridge window [io  size 0x1000]: can't assign; no space
[Fri Sep 18 07:24:13 2026] pci 0000:80:03.2: bridge window [io  size 0x1000]: failed to assign
[Fri Sep 18 07:24:13 2026] pci 0000:80:03.1: bridge window [io  size 0x1000]: can't assign; no space
[Fri Sep 18 07:24:13 2026] pci 0000:80:03.1: bridge window [io  size 0x1000]: failed to assign
[Fri Sep 18 07:24:13 2026] pci 0000:80:03.1: PCI bridge to [bus 81-83]
[Fri Sep 18 07:24:13 2026] pci 0000:80:03.1:   bridge window [mem 0xb6a00000-0xb6afffff]
[Fri Sep 18 07:24:13 2026] pci 0000:80:03.1:   bridge window [mem 0xb7200000-0xb73fffff 64bit pref]
[Fri Sep 18 07:24:13 2026] pci 0000:80:03.2: PCI bridge to [bus 84-86]
[Fri Sep 18 07:24:13 2026] pci 0000:80:03.2:   bridge window [mem 0xb6900000-0xb69fffff]
[Fri Sep 18 07:24:13 2026] pci 0000:80:03.2:   bridge window [mem 0xb7000000-0xb71fffff 64bit pref]
[Fri Sep 18 07:24:13 2026] pci 0000:80:03.3: PCI bridge to [bus 87-89]
[Fri Sep 18 07:24:13 2026] pci 0000:80:03.3:   bridge window [mem 0xb6800000-0xb68fffff]
[Fri Sep 18 07:24:13 2026] pci 0000:80:03.3:   bridge window [mem 0xb6e00000-0xb6ffffff 64bit pref]
[Fri Sep 18 07:24:13 2026] pci 0000:80:03.4: PCI bridge to [bus 8a-8c]
[Fri Sep 18 07:24:13 2026] pci 0000:80:03.4:   bridge window [mem 0xb6700000-0xb67fffff]
[Fri Sep 18 07:24:13 2026] pci 0000:80:03.4:   bridge window [mem 0xb6c00000-0xb6dfffff 64bit pref]
[Fri Sep 18 07:24:13 2026] pci_bus 0000:80: resource 4 [mem 0xb6700000-0xb6afffff window]
[Fri Sep 18 07:24:13 2026] pci_bus 0000:80: resource 5 [mem 0xb6c00000-0xb73fffff window]
[Fri Sep 18 07:24:13 2026] pci_bus 0000:81: resource 1 [mem 0xb6a00000-0xb6afffff]
[Fri Sep 18 07:24:13 2026] pci_bus 0000:81: resource 2 [mem 0xb7200000-0xb73fffff 64bit pref]
[Fri Sep 18 07:24:13 2026] pci_bus 0000:84: resource 1 [mem 0xb6900000-0xb69fffff]
[Fri Sep 18 07:24:13 2026] pci_bus 0000:84: resource 2 [mem 0xb7000000-0xb71fffff 64bit pref]
[Fri Sep 18 07:24:13 2026] pci_bus 0000:87: resource 1 [mem 0xb6800000-0xb68fffff]
[Fri Sep 18 07:24:13 2026] pci_bus 0000:87: resource 2 [mem 0xb6e00000-0xb6ffffff 64bit pref]
[Fri Sep 18 07:24:13 2026] pci_bus 0000:8a: resource 1 [mem 0xb6700000-0xb67fffff]
[Fri Sep 18 07:24:13 2026] pci_bus 0000:8a: resource 2 [mem 0xb6c00000-0xb6dfffff 64bit pref]
[Fri Sep 18 07:24:13 2026] pci 0000:08:03.0: enabling device (0000 -> 0002)
[Fri Sep 18 07:24:13 2026] pci 0000:09:00.4: enabling device (0000 -> 0002)
[Fri Sep 18 07:24:13 2026] pci 0000:61:00.4: enabling device (0000 -> 0002)
[Fri Sep 18 07:24:13 2026] PCI: CLS 32 bytes, default 64
[Fri Sep 18 07:24:13 2026] PCI-DMA: Using software bounce buffering for IO (SWIOTLB)
[Fri Sep 18 07:24:13 2026] Trying to unpack rootfs image as initramfs...
[Fri Sep 18 07:24:13 2026] software IO TLB: mapped [mem 0x00000000a4000000-0x00000000a8000000] (64MB)
[Fri Sep 18 07:24:13 2026] LVT offset 0 assigned for vector 0x400
[Fri Sep 18 07:24:13 2026] perf: AMD IBS detected (0x000ffbff)
[Fri Sep 18 07:24:13 2026] Initialise system trusted keyrings
[Fri Sep 18 07:24:13 2026] Key type blacklist registered
[Fri Sep 18 07:24:13 2026] workingset: timestamp_bits=36 max_order=26 bucket_order=0
[Fri Sep 18 07:24:13 2026] zbud: loaded
[Fri Sep 18 07:24:13 2026] squashfs: version 4.0 (2009/01/31) Phillip Lougher
[Fri Sep 18 07:24:13 2026] fuse: init (API version 7.42)
[Fri Sep 18 07:24:13 2026] integrity: Platform Keyring initialized
[Fri Sep 18 07:24:13 2026] integrity: Machine keyring initialized
[Fri Sep 18 07:24:13 2026] Key type asymmetric registered
[Fri Sep 18 07:24:13 2026] Asymmetric key parser 'x509' registered
[Fri Sep 18 07:24:13 2026] Block layer SCSI generic (bsg) driver version 0.4 loaded (major 243)
[Fri Sep 18 07:24:13 2026] io scheduler mq-deadline registered
[Fri Sep 18 07:24:13 2026] ledtrig-cpu: registered to indicate activity on CPUs
[Fri Sep 18 07:24:13 2026] pcieport 0000:00:00.3: PME: Signaling with IRQ 29
[Fri Sep 18 07:24:13 2026] pcieport 0000:00:03.1: PME: Signaling with IRQ 30
[Fri Sep 18 07:24:13 2026] pcieport 0000:00:05.2: PME: Signaling with IRQ 31
[Fri Sep 18 07:24:13 2026] pcieport 0000:00:05.3: PME: Signaling with IRQ 32
[Fri Sep 18 07:24:13 2026] Freeing initrd memory: 145696K
[Fri Sep 18 07:24:13 2026] pcieport 0000:00:08.1: PME: Signaling with IRQ 33
[Fri Sep 18 07:24:13 2026] pcieport 0001:00:00.3: PME: Signaling with IRQ 35
[Fri Sep 18 07:24:13 2026] pcieport 0001:00:08.1: PME: Signaling with IRQ 37
[Fri Sep 18 07:24:13 2026] pcieport 0000:20:00.3: PME: Signaling with IRQ 39
[Fri Sep 18 07:24:13 2026] pcieport 0000:40:00.3: PME: Signaling with IRQ 41
[Fri Sep 18 07:24:13 2026] pcieport 0001:40:00.3: PME: Signaling with IRQ 42
[Fri Sep 18 07:24:13 2026] pcieport 0000:60:00.3: PME: Signaling with IRQ 44
[Fri Sep 18 07:24:13 2026] pcieport 0000:60:08.1: PME: Signaling with IRQ 45
[Fri Sep 18 07:24:13 2026] pcieport 0000:80:00.3: PME: Signaling with IRQ 47
[Fri Sep 18 07:24:13 2026] pcieport 0000:80:03.1: PME: Signaling with IRQ 48
[Fri Sep 18 07:24:13 2026] pcieport 0000:80:03.1: pciehp: Slot #0 AttnBtn- PwrCtrl- MRL- AttnInd- PwrInd- HotPlug+ Surprise- Interlock- NoCompl+ IbPresDis- LLActRep+
[Fri Sep 18 07:24:13 2026] pcieport 0000:80:03.2: PME: Signaling with IRQ 49
[Fri Sep 18 07:24:13 2026] pcieport 0000:80:03.2: pciehp: Slot #0 AttnBtn- PwrCtrl- MRL- AttnInd- PwrInd- HotPlug+ Surprise- Interlock- NoCompl+ IbPresDis- LLActRep+
[Fri Sep 18 07:24:13 2026] pcieport 0000:80:03.3: PME: Signaling with IRQ 50
[Fri Sep 18 07:24:13 2026] pcieport 0000:80:03.3: pciehp: Slot #0 AttnBtn- PwrCtrl- MRL- AttnInd- PwrInd- HotPlug+ Surprise- Interlock- NoCompl+ IbPresDis- LLActRep+
[Fri Sep 18 07:24:13 2026] workqueue: work_for_cpu_fn hogged CPU for >10000us 4 times, consider switching to WQ_UNBOUND
[Fri Sep 18 07:24:13 2026] pcieport 0000:80:03.4: PME: Signaling with IRQ 51
[Fri Sep 18 07:24:13 2026] pcieport 0000:80:03.4: pciehp: Slot #0 AttnBtn- PwrCtrl- MRL- AttnInd- PwrInd- HotPlug+ Surprise- Interlock- NoCompl+ IbPresDis- LLActRep+
[Fri Sep 18 07:24:13 2026] workqueue: work_for_cpu_fn hogged CPU for >10000us 5 times, consider switching to WQ_UNBOUND
[Fri Sep 18 07:24:13 2026] pcieport 0001:80:00.3: PME: Signaling with IRQ 52
[Fri Sep 18 07:24:13 2026] pcieport 0000:a0:00.3: PME: Signaling with IRQ 54
[Fri Sep 18 07:24:13 2026] pcieport 0001:c0:00.3: PME: Signaling with IRQ 55
[Fri Sep 18 07:24:13 2026] shpchp: Standard Hot Plug PCI Controller Driver version: 0.4
[Fri Sep 18 07:24:13 2026] input: Power Button as /devices/LNXSYSTM:00/LNXPWRBN:00/input/input0
[Fri Sep 18 07:24:13 2026] ACPI: button: Power Button [PWRF]
[Fri Sep 18 07:24:13 2026] Monitor-Mwait will be used to enter C-1 state
[Fri Sep 18 07:24:13 2026] Could not retrieve highest performance (-6)
[Fri Sep 18 07:24:13 2026] Serial: 8250/16550 driver, 32 ports, IRQ sharing enabled
[Fri Sep 18 07:24:13 2026] 00:04: ttyS0 at I/O 0x3f8 (irq = 3, base_baud = 115200) is a 16450
[Fri Sep 18 07:24:13 2026] 00:05: ttyS1 at I/O 0x2f8 (irq = 14, base_baud = 115200) is a 16550A
[Fri Sep 18 07:24:13 2026] Linux agpgart interface v0.103
[Fri Sep 18 07:24:13 2026] tpm_tis IFX1624:00: 2.0 TPM (device-id 0x1D, rev-id 54)
[Fri Sep 18 07:24:13 2026] loop: module loaded
[Fri Sep 18 07:24:13 2026] ACPI: bus type drm_connector registered
[Fri Sep 18 07:24:13 2026] tun: Universal TUN/TAP device driver, 1.6
[Fri Sep 18 07:24:13 2026] PPP generic driver version 2.4.2
[Fri Sep 18 07:24:13 2026] ehci-pci 0000:08:02.0: EHCI Host Controller
[Fri Sep 18 07:24:13 2026] ehci-pci 0000:08:02.0: new USB bus registered, assigned bus number 1
[Fri Sep 18 07:24:13 2026] ehci-pci 0000:08:02.0: applying Aspeed HC workaround
[Fri Sep 18 07:24:13 2026] ehci-pci 0000:08:02.0: irq 56, io mem 0xbe190000
[Fri Sep 18 07:24:13 2026] ehci-pci 0000:08:02.0: USB 2.0 started, EHCI 1.00
[Fri Sep 18 07:24:13 2026] usb usb1: New USB device found, idVendor=1d6b, idProduct=0002, bcdDevice= 6.14
[Fri Sep 18 07:24:13 2026] usb usb1: New USB device strings: Mfr=3, Product=2, SerialNumber=1
[Fri Sep 18 07:24:13 2026] usb usb1: Product: EHCI Host Controller
[Fri Sep 18 07:24:13 2026] usb usb1: Manufacturer: Linux 6.14.0-37-generic ehci_hcd
[Fri Sep 18 07:24:13 2026] usb usb1: SerialNumber: 0000:08:02.0
[Fri Sep 18 07:24:13 2026] hub 1-0:1.0: USB hub found
[Fri Sep 18 07:24:13 2026] hub 1-0:1.0: 1 port detected
[Fri Sep 18 07:24:13 2026] xhci_hcd 0000:08:03.0: xHCI Host Controller
[Fri Sep 18 07:24:13 2026] xhci_hcd 0000:08:03.0: new USB bus registered, assigned bus number 2
[Fri Sep 18 07:24:13 2026] workqueue: work_for_cpu_fn hogged CPU for >10000us 7 times, consider switching to WQ_UNBOUND
[Fri Sep 18 07:24:13 2026] xhci_hcd 0000:08:03.0: hcc params 0x0118ffcd hci version 0x120 quirks 0x0000000200000010
[Fri Sep 18 07:24:13 2026] xhci_hcd 0000:08:03.0: xHCI Host Controller
[Fri Sep 18 07:24:13 2026] xhci_hcd 0000:08:03.0: new USB bus registered, assigned bus number 3
[Fri Sep 18 07:24:13 2026] xhci_hcd 0000:08:03.0: Host supports USB 3.1 Enhanced SuperSpeed
[Fri Sep 18 07:24:13 2026] usb usb2: New USB device found, idVendor=1d6b, idProduct=0002, bcdDevice= 6.14
[Fri Sep 18 07:24:14 2026] usb usb2: New USB device strings: Mfr=3, Product=2, SerialNumber=1
[Fri Sep 18 07:24:14 2026] usb usb2: Product: xHCI Host Controller
[Fri Sep 18 07:24:14 2026] usb usb2: Manufacturer: Linux 6.14.0-37-generic xhci-hcd
[Fri Sep 18 07:24:14 2026] usb usb2: SerialNumber: 0000:08:03.0
[Fri Sep 18 07:24:14 2026] hub 2-0:1.0: USB hub found
[Fri Sep 18 07:24:14 2026] hub 2-0:1.0: 1 port detected
[Fri Sep 18 07:24:14 2026] usb usb3: We don't know the algorithms for LPM for this host, disabling LPM.
[Fri Sep 18 07:24:14 2026] usb usb3: New USB device found, idVendor=1d6b, idProduct=0003, bcdDevice= 6.14
[Fri Sep 18 07:24:14 2026] usb usb3: New USB device strings: Mfr=3, Product=2, SerialNumber=1
[Fri Sep 18 07:24:14 2026] usb usb3: Product: xHCI Host Controller
[Fri Sep 18 07:24:14 2026] usb usb3: Manufacturer: Linux 6.14.0-37-generic xhci-hcd
[Fri Sep 18 07:24:14 2026] usb usb3: SerialNumber: 0000:08:03.0
[Fri Sep 18 07:24:14 2026] hub 3-0:1.0: USB hub found
[Fri Sep 18 07:24:14 2026] hub 3-0:1.0: 1 port detected
[Fri Sep 18 07:24:14 2026] xhci_hcd 0000:09:00.4: xHCI Host Controller
[Fri Sep 18 07:24:14 2026] xhci_hcd 0000:09:00.4: new USB bus registered, assigned bus number 4
[Fri Sep 18 07:24:14 2026] xhci_hcd 0000:09:00.4: hcc params 0x0120ffc5 hci version 0x120 quirks 0x0000000200000010
[Fri Sep 18 07:24:14 2026] xhci_hcd 0000:09:00.4: xHCI Host Controller
[Fri Sep 18 07:24:14 2026] xhci_hcd 0000:09:00.4: new USB bus registered, assigned bus number 5
[Fri Sep 18 07:24:14 2026] xhci_hcd 0000:09:00.4: Host supports USB 3.1 Enhanced SuperSpeed
[Fri Sep 18 07:24:14 2026] usb usb4: New USB device found, idVendor=1d6b, idProduct=0002, bcdDevice= 6.14
[Fri Sep 18 07:24:14 2026] usb usb4: New USB device strings: Mfr=3, Product=2, SerialNumber=1
[Fri Sep 18 07:24:14 2026] usb usb4: Product: xHCI Host Controller
[Fri Sep 18 07:24:14 2026] usb usb4: Manufacturer: Linux 6.14.0-37-generic xhci-hcd
[Fri Sep 18 07:24:14 2026] usb usb4: SerialNumber: 0000:09:00.4
[Fri Sep 18 07:24:14 2026] hub 4-0:1.0: USB hub found
[Fri Sep 18 07:24:14 2026] hub 4-0:1.0: 1 port detected
[Fri Sep 18 07:24:14 2026] usb 1-1: new high-speed USB device number 2 using ehci-pci
[Fri Sep 18 07:24:14 2026] usb usb5: We don't know the algorithms for LPM for this host, disabling LPM.
[Fri Sep 18 07:24:14 2026] usb usb5: New USB device found, idVendor=1d6b, idProduct=0003, bcdDevice= 6.14
[Fri Sep 18 07:24:14 2026] usb usb5: New USB device strings: Mfr=3, Product=2, SerialNumber=1
[Fri Sep 18 07:24:14 2026] usb usb5: Product: xHCI Host Controller
[Fri Sep 18 07:24:14 2026] usb usb5: Manufacturer: Linux 6.14.0-37-generic xhci-hcd
[Fri Sep 18 07:24:14 2026] usb usb5: SerialNumber: 0000:09:00.4
[Fri Sep 18 07:24:14 2026] hub 5-0:1.0: USB hub found
[Fri Sep 18 07:24:14 2026] hub 5-0:1.0: 1 port detected
[Fri Sep 18 07:24:14 2026] xhci_hcd 0000:61:00.4: xHCI Host Controller
[Fri Sep 18 07:24:14 2026] xhci_hcd 0000:61:00.4: new USB bus registered, assigned bus number 6
[Fri Sep 18 07:24:14 2026] xhci_hcd 0000:61:00.4: hcc params 0x0120ffc5 hci version 0x120 quirks 0x0000000200000010
[Fri Sep 18 07:24:14 2026] xhci_hcd 0000:61:00.4: xHCI Host Controller
[Fri Sep 18 07:24:14 2026] xhci_hcd 0000:61:00.4: new USB bus registered, assigned bus number 7
[Fri Sep 18 07:24:14 2026] xhci_hcd 0000:61:00.4: Host supports USB 3.1 Enhanced SuperSpeed
[Fri Sep 18 07:24:14 2026] usb usb6: New USB device found, idVendor=1d6b, idProduct=0002, bcdDevice= 6.14
[Fri Sep 18 07:24:14 2026] usb usb6: New USB device strings: Mfr=3, Product=2, SerialNumber=1
[Fri Sep 18 07:24:14 2026] usb usb6: Product: xHCI Host Controller
[Fri Sep 18 07:24:14 2026] usb usb6: Manufacturer: Linux 6.14.0-37-generic xhci-hcd
[Fri Sep 18 07:24:14 2026] usb usb6: SerialNumber: 0000:61:00.4
[Fri Sep 18 07:24:14 2026] hub 6-0:1.0: USB hub found
[Fri Sep 18 07:24:14 2026] usb 1-1: New USB device found, idVendor=1d6b, idProduct=0107, bcdDevice= 1.00
[Fri Sep 18 07:24:14 2026] hub 6-0:1.0: 1 port detected
[Fri Sep 18 07:24:14 2026] usb 1-1: New USB device strings: Mfr=3, Product=2, SerialNumber=1
[Fri Sep 18 07:24:14 2026] usb usb4-port1: over-current condition
[Fri Sep 18 07:24:14 2026] usb usb7: We don't know the algorithms for LPM for this host, disabling LPM.
[Fri Sep 18 07:24:14 2026] usb usb7: New USB device found, idVendor=1d6b, idProduct=0003, bcdDevice= 6.14
[Fri Sep 18 07:24:14 2026] usb usb7: New USB device strings: Mfr=3, Product=2, SerialNumber=1
[Fri Sep 18 07:24:14 2026] usb usb7: Product: xHCI Host Controller
[Fri Sep 18 07:24:14 2026] usb usb7: Manufacturer: Linux 6.14.0-37-generic xhci-hcd
[Fri Sep 18 07:24:14 2026] usb usb7: SerialNumber: 0000:61:00.4
[Fri Sep 18 07:24:14 2026] hub 7-0:1.0: USB hub found
[Fri Sep 18 07:24:14 2026] hub 7-0:1.0: 1 port detected
[Fri Sep 18 07:24:14 2026] i8042: PNP: No PS/2 controller found.
[Fri Sep 18 07:24:14 2026] mousedev: PS/2 mouse device common for all mice
[Fri Sep 18 07:24:14 2026] rtc_cmos 00:01: registered as rtc0
[Fri Sep 18 07:24:14 2026] rtc_cmos 00:01: setting system clock to 2026-09-18T07:24:11 UTC (1789716251)
[Fri Sep 18 07:24:14 2026] rtc_cmos 00:01: alarms up to one month, y3k, 114 bytes nvram
[Fri Sep 18 07:24:14 2026] i2c_dev: i2c /dev entries driver
[Fri Sep 18 07:24:14 2026] device-mapper: core: CONFIG_IMA_DISABLE_HTABLE is disabled. Duplicate IMA measurements will not be recorded in the IMA log.
[Fri Sep 18 07:24:14 2026] device-mapper: uevent: version 1.0.3
[Fri Sep 18 07:24:14 2026] device-mapper: ioctl: 4.49.0-ioctl (2025-01-17) initialised: dm-devel@lists.linux.dev
[Fri Sep 18 07:24:14 2026] amd_pstate: the _CPC object is not present in SBIOS or ACPI disabled
[Fri Sep 18 07:24:14 2026] simple-framebuffer simple-framebuffer.0: [drm] Registered 1 planes with drm panic
[Fri Sep 18 07:24:14 2026] [drm] Initialized simpledrm 1.0.0 for simple-framebuffer.0 on minor 0
[Fri Sep 18 07:24:14 2026] usb 1-1: Product: USB Virtual Hub
[Fri Sep 18 07:24:14 2026] tsc: Refined TSC clocksource calibration: 3150.049 MHz
[Fri Sep 18 07:24:14 2026] usb 1-1: Manufacturer: Aspeed
[Fri Sep 18 07:24:14 2026] clocksource: tsc: mask: 0xffffffffffffffff max_cycles: 0x2d67f7a2feb, max_idle_ns: 440795347897 ns
[Fri Sep 18 07:24:14 2026] usb 1-1: SerialNumber: 00000000
[Fri Sep 18 07:24:14 2026] hub 1-1:1.0: USB hub found
[Fri Sep 18 07:24:14 2026] hub 1-1:1.0: 7 ports detected
[Fri Sep 18 07:24:14 2026] clocksource: Switched to clocksource tsc
[Fri Sep 18 07:24:14 2026] Console: switching to colour frame buffer device 128x48
[Fri Sep 18 07:24:14 2026] simple-framebuffer simple-framebuffer.0: [drm] fb0: simpledrmdrmfb frame buffer device
[Fri Sep 18 07:24:14 2026] drop_monitor: Initializing network drop monitor service
[Fri Sep 18 07:24:14 2026] NET: Registered PF_INET6 protocol family
[Fri Sep 18 07:24:14 2026] Segment Routing with IPv6
[Fri Sep 18 07:24:14 2026] In-situ OAM (IOAM) with IPv6
[Fri Sep 18 07:24:14 2026] NET: Registered PF_PACKET protocol family
[Fri Sep 18 07:24:14 2026] Key type dns_resolver registered
[Fri Sep 18 07:24:14 2026] usb usb5-port1: over-current condition
[Fri Sep 18 07:24:14 2026] microcode: Current revision: 0x0b50100c
[Fri Sep 18 07:24:14 2026] usb 6-1: new high-speed USB device number 2 using xhci_hcd
[Fri Sep 18 07:24:14 2026] resctrl: L3 allocation detected
[Fri Sep 18 07:24:14 2026] resctrl: MB allocation detected
[Fri Sep 18 07:24:14 2026] resctrl: SMBA allocation detected
[Fri Sep 18 07:24:14 2026] resctrl: L3 monitoring detected
[Fri Sep 18 07:24:14 2026] IPI shorthand broadcast: enabled
[Fri Sep 18 07:24:14 2026] sched_clock: Marking stable (4549001542, 2844048606)->(10863380642, -3470330494)
[Fri Sep 18 07:24:14 2026] registered taskstats version 1
[Fri Sep 18 07:24:14 2026] Loading compiled-in X.509 certificates
[Fri Sep 18 07:24:14 2026] Loaded X.509 cert 'Build time autogenerated kernel key: b878835a90265075bf75bb69cfcef4210fdf14ae'
[Fri Sep 18 07:24:14 2026] Loaded X.509 cert 'Canonical Ltd. Live Patch Signing 2025 Kmod: d541cef61dc7e793b7eb7e899970a2eef0b5dc8c'
[Fri Sep 18 07:24:14 2026] Loaded X.509 cert 'Canonical Ltd. Live Patch Signing: 14df34d1a87cf37625abec039ef2bf521249b969'
[Fri Sep 18 07:24:14 2026] Loaded X.509 cert 'Canonical Ltd. Kernel Module Signing: 88f752e560a1e0737e31163a466ad7b70a850c19'
[Fri Sep 18 07:24:14 2026] blacklist: Loading compiled-in revocation X.509 certificates
[Fri Sep 18 07:24:14 2026] Loaded X.509 cert 'Canonical Ltd. Secure Boot Signing: 61482aa2830d0ab2ad5af10b7250da9033ddcef0'
[Fri Sep 18 07:24:14 2026] Loaded X.509 cert 'Canonical Ltd. Secure Boot Signing (2017): 242ade75ac4a15e50d50c84b0d45ff3eae707a03'
[Fri Sep 18 07:24:14 2026] Loaded X.509 cert 'Canonical Ltd. Secure Boot Signing (ESM 2018): 365188c1d374d6b07c3c8f240f8ef722433d6a8b'
[Fri Sep 18 07:24:14 2026] usb 6-1: New USB device found, idVendor=0b95, idProduct=1790, bcdDevice= 2.00
[Fri Sep 18 07:24:14 2026] usb 1-1.1: new high-speed USB device number 3 using ehci-pci
[Fri Sep 18 07:24:14 2026] Loaded X.509 cert 'Canonical Ltd. Secure Boot Signing (2019): c0746fd6c5da3ae827864651ad66ae47fe24b3e8'
[Fri Sep 18 07:24:14 2026] usb 6-1: New USB device strings: Mfr=1, Product=2, SerialNumber=3
[Fri Sep 18 07:24:14 2026] usb 6-1: Product: AX88179B
[Fri Sep 18 07:24:14 2026] Loaded X.509 cert 'Canonical Ltd. Secure Boot Signing (2021 v1): a8d54bbb3825cfb94fa13c9f8a594a195c107b8d'
[Fri Sep 18 07:24:14 2026] usb 6-1: Manufacturer: ASIX
[Fri Sep 18 07:24:14 2026] Loaded X.509 cert 'Canonical Ltd. Secure Boot Signing (2021 v2): 4cf046892d6fd3c9a5b03f98d845f90851dc6a8c'
[Fri Sep 18 07:24:14 2026] usb 6-1: SerialNumber: 00249B8D4D1E
[Fri Sep 18 07:24:14 2026] Loaded X.509 cert 'Canonical Ltd. Secure Boot Signing (2021 v3): 100437bb6de6e469b581e61cd66bce3ef4ed53af'
[Fri Sep 18 07:24:14 2026] usb 1-1.1: New USB device found, idVendor=1d6b, idProduct=0103, bcdDevice= 6.06
[Fri Sep 18 07:24:14 2026] Loaded X.509 cert 'Canonical Ltd. Secure Boot Signing (Ubuntu Core 2019): c1d57b8f6b743f23ee41f4f7ee292f06eecadfb9'
[Fri Sep 18 07:24:14 2026] workqueue: hub_event hogged CPU for >10000us 4 times, consider switching to WQ_UNBOUND
[Fri Sep 18 07:24:14 2026] usb 1-1.1: New USB device strings: Mfr=1, Product=2, SerialNumber=3
[Fri Sep 18 07:24:14 2026] Demotion targets for Node 0: null
[Fri Sep 18 07:24:14 2026] usb 1-1.1: Product: usbnet1
[Fri Sep 18 07:24:14 2026] Demotion targets for Node 1: null
[Fri Sep 18 07:24:14 2026] usb 1-1.1: Manufacturer: Aspeed
[Fri Sep 18 07:24:14 2026] Key type .fscrypt registered
[Fri Sep 18 07:24:14 2026] usb 1-1.1: SerialNumber: cafecafe-1
[Fri Sep 18 07:24:14 2026] Key type fscrypt-provisioning registered
[Fri Sep 18 07:24:14 2026] Key type trusted registered
[Fri Sep 18 07:24:14 2026] cryptd: max_cpu_qlen set to 1000
[Fri Sep 18 07:24:14 2026] AES CTR mode by8 optimization enabled
[Fri Sep 18 07:24:15 2026] Key type encrypted registered
[Fri Sep 18 07:24:15 2026] AppArmor: AppArmor sha256 policy hashing enabled
[Fri Sep 18 07:24:15 2026] usb 1-1.4: new high-speed USB device number 4 using ehci-pci
[Fri Sep 18 07:24:15 2026] Loading compiled-in module X.509 certificates
[Fri Sep 18 07:24:15 2026] Loaded X.509 cert 'Build time autogenerated kernel key: b878835a90265075bf75bb69cfcef4210fdf14ae'
[Fri Sep 18 07:24:15 2026] ima: Allocated hash algorithm: sha256
[Fri Sep 18 07:24:15 2026] ima: No architecture policies found
[Fri Sep 18 07:24:15 2026] evm: Initialising EVM extended attributes:
[Fri Sep 18 07:24:15 2026] evm: security.selinux
[Fri Sep 18 07:24:15 2026] evm: security.SMACK64
[Fri Sep 18 07:24:15 2026] evm: security.SMACK64EXEC
[Fri Sep 18 07:24:15 2026] evm: security.SMACK64TRANSMUTE
[Fri Sep 18 07:24:15 2026] usb 1-1.4: New USB device found, idVendor=1d6b, idProduct=0104, bcdDevice= 1.00
[Fri Sep 18 07:24:15 2026] evm: security.SMACK64MMAP
[Fri Sep 18 07:24:15 2026] usb 1-1.4: New USB device strings: Mfr=1, Product=2, SerialNumber=3
[Fri Sep 18 07:24:15 2026] evm: security.apparmor
[Fri Sep 18 07:24:15 2026] evm: security.ima
[Fri Sep 18 07:24:15 2026] evm: security.capability
[Fri Sep 18 07:24:15 2026] evm: HMAC attrs: 0x1
[Fri Sep 18 07:24:15 2026] PM:   Magic number: 10:486:420
[Fri Sep 18 07:24:15 2026] usb 1-1.4: Product: virtual_input
[Fri Sep 18 07:24:15 2026] thermal cooling_device16: hash matches
[Fri Sep 18 07:24:15 2026] usb 1-1.4: Manufacturer: OpenBMC
[Fri Sep 18 07:24:15 2026] clockevents clockevent129: hash matches
[Fri Sep 18 07:24:15 2026] usb 1-1.4: SerialNumber: OBMC0001
[Fri Sep 18 07:24:15 2026] acpi ACPI0007:2f: hash matches
[Fri Sep 18 07:24:15 2026] processor cpu137: hash matches
[Fri Sep 18 07:24:16 2026] RAS: Correctable Errors collector initialized.
[Fri Sep 18 07:24:16 2026] clk: Disabling unused clocks
[Fri Sep 18 07:24:16 2026] PM: genpd: Disabling unused power domains
[Fri Sep 18 07:24:16 2026] Freeing unused decrypted memory: 2028K
[Fri Sep 18 07:24:16 2026] Freeing unused kernel image (initmem) memory: 5140K
[Fri Sep 18 07:24:16 2026] Write protecting the kernel read-only data: 38912k
[Fri Sep 18 07:24:16 2026] Freeing unused kernel image (text/rodata gap) memory: 1052K
[Fri Sep 18 07:24:16 2026] Freeing unused kernel image (rodata/data gap) memory: 1312K
[Fri Sep 18 07:24:16 2026] x86/mm: Checked W+X mappings: passed, no W+X pages found.
[Fri Sep 18 07:24:16 2026] Run /init as init process
[Fri Sep 18 07:24:16 2026]   with arguments:
[Fri Sep 18 07:24:16 2026]     /init
[Fri Sep 18 07:24:16 2026]   with environment:
[Fri Sep 18 07:24:16 2026]     HOME=/
[Fri Sep 18 07:24:16 2026]     TERM=linux
[Fri Sep 18 07:24:16 2026]     BOOT_IMAGE=/boot/vmlinuz-6.14.0-37-generic
[Fri Sep 18 07:24:16 2026] pds_core: loading out-of-tree module taints kernel.
[Fri Sep 18 07:24:16 2026] pds_core: module verification failed: signature and/or required key missing - tainting kernel
[Fri Sep 18 07:24:16 2026] pds_core 0000:03:00.2: 1.130.0.a.23
[Fri Sep 18 07:24:16 2026] hid: raw HID events driver (C) Jiri Kosina
[Fri Sep 18 07:24:16 2026] pds_core 0000:03:00.2: 504.112 Gb/s available PCIe bandwidth (32.0 GT/s PCIe x16 link)
[Fri Sep 18 07:24:16 2026] tawk_ipc: TAWK IPC Driver, ver 1.130.0.a.23
[Fri Sep 18 07:24:16 2026] tawk_ipc 0000:03:00.0: Memory BAR0 at 00000000be500000+8000 (virtual 000000000ebfa88e)
[Fri Sep 18 07:24:16 2026] workqueue: work_for_cpu_fn hogged CPU for >10000us 11 times, consider switching to WQ_UNBOUND
[Fri Sep 18 07:24:16 2026] ionic Pensando Ethernet NIC Driver, ver 26.06.9.001
[Fri Sep 18 07:24:16 2026] tawk_ipc 0000:03:00.0: Device probed (interrupts disabled)
[Fri Sep 18 07:24:16 2026] ionic 0000:04:00.0: setting 52 bit DMA mask
[Fri Sep 18 07:24:16 2026] ionic 0000:04:00.0: 504.112 Gb/s available PCIe bandwidth (32.0 GT/s PCIe x16 link)
[Fri Sep 18 07:24:16 2026] pds_core 0000:03:00.2: FW: 1.130.1-a-1
[Fri Sep 18 07:24:16 2026] cdc_ether 1-1.1:1.0 usb0: register 'cdc_ether' at usb-0000:08:02.0-1.1, CDC Ethernet Device, 0a:56:ad:6e:c7:78
[Fri Sep 18 07:24:16 2026] pds_core 0000:03:00.2: pdsc_host_mem_add: PDS_CORE_DEV_CAP_HOST_MEM is disabled
[Fri Sep 18 07:24:16 2026] usbcore: registered new interface driver cdc_ether
[Fri Sep 18 07:24:16 2026] pds_core 0000:03:00.2: pdsc_host_mem_add: Host mem not enabled
[Fri Sep 18 07:24:16 2026] ionic 0000:04:00.0: FW: 1.130.1-a-1
[Fri Sep 18 07:24:16 2026] cdc_ether 1-1.1:1.0 enx0a56ad6ec778: renamed from usb0
[Fri Sep 18 07:24:16 2026] usbcore: registered new interface driver usbhid
[Fri Sep 18 07:24:16 2026] usbhid: USB HID core driver
[Fri Sep 18 07:24:16 2026] input: OpenBMC virtual_input as /devices/pci0000:00/0000:00:05.3/0000:07:00.0/0000:08:02.0/usb1/1-1/1-1.4/1-1.4:1.0/0003:1D6B:0104.0001/input/input1
[Fri Sep 18 07:24:16 2026] nvme nvme0: pci function 0000:87:00.0
[Fri Sep 18 07:24:16 2026] nvme nvme1: pci function 0000:8a:00.0
[Fri Sep 18 07:24:16 2026] cdc_ncm 6-1:2.0: MAC-Address: 00:24:9b:8d:4d:1e
[Fri Sep 18 07:24:16 2026] cdc_ncm 6-1:2.0: setting rx_max = 16384
[Fri Sep 18 07:24:16 2026] hid-generic 0003:1D6B:0104.0001: input,hidraw0: USB HID v1.01 Keyboard [OpenBMC virtual_input] on usb-0000:08:02.0-1.4/input0
[Fri Sep 18 07:24:16 2026] cdc_ncm 6-1:2.0: setting tx_max = 16384
[Fri Sep 18 07:24:16 2026] ionic 0000:04:00.0 eth0: Link up - 100 Gbps
[Fri Sep 18 07:24:16 2026] nvme nvme1: D3 entry latency set to 10 seconds
[Fri Sep 18 07:24:16 2026] cdc_ncm 6-1:2.0 eth1: register 'cdc_ncm' at usb-0000:61:00.4-1, CDC NCM (NO ZLP), 00:24:9b:8d:4d:1e
[Fri Sep 18 07:24:16 2026] nvme nvme0: D3 entry latency set to 10 seconds
[Fri Sep 18 07:24:16 2026] usbcore: registered new interface driver cdc_ncm
[Fri Sep 18 07:24:17 2026] nvme nvme1: 128/0/0 default/read/poll queues
[Fri Sep 18 07:24:17 2026] nvme nvme0: 128/0/0 default/read/poll queues
[Fri Sep 18 07:24:17 2026]  nvme0n1: p1 p2
[Fri Sep 18 07:24:17 2026] ionic 0000:04:00.0 enp4s0: renamed from eth0
[Fri Sep 18 07:24:17 2026] cdc_ncm 6-1:2.0 enx00249b8d4d1e: renamed from eth1
[Fri Sep 18 07:24:17 2026] ionic_rdma : AMD Pensando RoCE HCA driver
[Fri Sep 18 07:24:18 2026] ionic 0000:04:00.0 ionic_0: registered
[Fri Sep 18 07:24:18 2026] VFIO - User Level meta-driver version: 0.3
[Fri Sep 18 07:24:18 2026] raid6: avx512x4 gen() 44069 MB/s
[Fri Sep 18 07:24:18 2026] raid6: avx512x2 gen() 96897 MB/s
[Fri Sep 18 07:24:18 2026] raid6: avx512x1 gen() 90364 MB/s
[Fri Sep 18 07:24:18 2026] raid6: avx2x4   gen() 72150 MB/s
[Fri Sep 18 07:24:18 2026] raid6: avx2x2   gen() 83210 MB/s
[Fri Sep 18 07:24:18 2026] raid6: avx2x1   gen() 69483 MB/s
[Fri Sep 18 07:24:18 2026] raid6: using algorithm avx512x2 gen() 96897 MB/s
[Fri Sep 18 07:24:18 2026] raid6: .... xor() 64504 MB/s, rmw enabled
[Fri Sep 18 07:24:18 2026] raid6: using avx512x2 recovery algorithm
[Fri Sep 18 07:24:18 2026] xor: automatically using best checksumming function   avx
[Fri Sep 18 07:24:18 2026] async_tx: api initialized (async)
[Fri Sep 18 07:24:18 2026] Btrfs loaded, zoned=yes, fsverity=yes
[Fri Sep 18 07:24:19 2026] EXT4-fs (nvme0n1p2): mounted filesystem a8c7367a-9025-4849-baa8-853bab204e11 ro with ordered data mode. Quota mode: none.
[Fri Sep 18 07:24:19 2026] systemd[1]: Inserted module 'autofs4'
[Fri Sep 18 07:24:19 2026] systemd[1]: systemd 255.4-1ubuntu8.17 running in system mode (+PAM +AUDIT +SELINUX +APPARMOR +IMA +SMACK +SECCOMP +GCRYPT -GNUTLS +OPENSSL +ACL +BLKID +CURL +ELFUTILS +FIDO2 +IDN2 -IDN +IPTC +KMOD +LIBCRYPTSETUP +LIBFDISK +PCRE2 -PWQUALITY +P11KIT +QRENCODE +TPM2 +BZIP2 +LZ4 +XZ +ZLIB +ZSTD -BPF_FRAMEWORK -XKBCOMMON +UTMP +SYSVINIT default-hierarchy=unified)
[Fri Sep 18 07:24:19 2026] systemd[1]: Detected architecture x86-64.
[Fri Sep 18 07:24:19 2026] systemd[1]: Hostname set to <heliosr-1b114-c07-1>.
[Fri Sep 18 07:24:19 2026] systemd[1]: Queued start job for default target graphical.target.
[Fri Sep 18 07:24:19 2026] systemd[1]: Unnecessary job was removed for sys-devices-virtual-misc-vmbus\x21hv_vss.device - /sys/devices/virtual/misc/vmbus!hv_vss.
[Fri Sep 18 07:24:19 2026] systemd[1]: Unnecessary job was removed for sys-devices-virtual-misc-vmbus\x21hv_fcopy.device - /sys/devices/virtual/misc/vmbus!hv_fcopy.
[Fri Sep 18 07:24:19 2026] systemd[1]: Created slice system-modprobe.slice - Slice /system/modprobe.
[Fri Sep 18 07:24:19 2026] systemd[1]: Created slice system-serial\x2dgetty.slice - Slice /system/serial-getty.
[Fri Sep 18 07:24:19 2026] systemd[1]: Created slice system-systemd\x2dfsck.slice - Slice /system/systemd-fsck.
[Fri Sep 18 07:24:20 2026] systemd[1]: Created slice user.slice - User and Session Slice.
[Fri Sep 18 07:24:20 2026] systemd[1]: Started systemd-ask-password-wall.path - Forward Password Requests to Wall Directory Watch.
[Fri Sep 18 07:24:20 2026] systemd[1]: Set up automount proc-sys-fs-binfmt_misc.automount - Arbitrary Executable File Formats File System Automount Point.
[Fri Sep 18 07:24:20 2026] systemd[1]: Expecting device dev-disk-by\x2duuid-41AA\x2dA5A6.device - /dev/disk/by-uuid/41AA-A5A6...
[Fri Sep 18 07:24:20 2026] systemd[1]: Expecting device dev-ttyS1.device - /dev/ttyS1...
[Fri Sep 18 07:24:20 2026] systemd[1]: Expecting device sys-devices-virtual-misc-vmbus\x21hv_kvp.device - /sys/devices/virtual/misc/vmbus!hv_kvp...
[Fri Sep 18 07:24:20 2026] systemd[1]: Reached target integritysetup.target - Local Integrity Protected Volumes.
[Fri Sep 18 07:24:20 2026] systemd[1]: Reached target slices.target - Slice Units.
[Fri Sep 18 07:24:20 2026] systemd[1]: Reached target snapd.mounts-pre.target - Mounting snaps.
[Fri Sep 18 07:24:20 2026] systemd[1]: Reached target snapd.mounts.target - Mounted snaps.
[Fri Sep 18 07:24:20 2026] systemd[1]: Reached target veritysetup.target - Local Verity Protected Volumes.
[Fri Sep 18 07:24:20 2026] systemd[1]: Listening on dm-event.socket - Device-mapper event daemon FIFOs.
[Fri Sep 18 07:24:20 2026] systemd[1]: Listening on lvm2-lvmpolld.socket - LVM2 poll daemon socket.
[Fri Sep 18 07:24:20 2026] systemd[1]: Listening on multipathd.socket - multipathd control socket.
[Fri Sep 18 07:24:20 2026] systemd[1]: Listening on syslog.socket - Syslog Socket.
[Fri Sep 18 07:24:20 2026] systemd[1]: Listening on systemd-fsckd.socket - fsck to fsckd communication Socket.
[Fri Sep 18 07:24:20 2026] systemd[1]: Listening on systemd-initctl.socket - initctl Compatibility Named Pipe.
[Fri Sep 18 07:24:20 2026] systemd[1]: Listening on systemd-journald-dev-log.socket - Journal Socket (/dev/log).
[Fri Sep 18 07:24:20 2026] systemd[1]: Listening on systemd-journald.socket - Journal Socket.
[Fri Sep 18 07:24:20 2026] systemd[1]: Listening on systemd-networkd.socket - Network Service Netlink Socket.
[Fri Sep 18 07:24:20 2026] systemd[1]: systemd-pcrextend.socket - TPM2 PCR Extension (Varlink) was skipped because of an unmet condition check (ConditionSecurity=measured-uki).
[Fri Sep 18 07:24:20 2026] systemd[1]: Listening on systemd-udevd-control.socket - udev Control Socket.
[Fri Sep 18 07:24:20 2026] systemd[1]: Listening on systemd-udevd-kernel.socket - udev Kernel Socket.
[Fri Sep 18 07:24:20 2026] systemd[1]: Mounting dev-hugepages.mount - Huge Pages File System...
[Fri Sep 18 07:24:20 2026] systemd[1]: Mounting dev-mqueue.mount - POSIX Message Queue File System...
[Fri Sep 18 07:24:20 2026] systemd[1]: Mounting sys-kernel-debug.mount - Kernel Debug File System...
[Fri Sep 18 07:24:20 2026] systemd[1]: Mounting sys-kernel-tracing.mount - Kernel Trace File System...
[Fri Sep 18 07:24:20 2026] systemd[1]: Starting systemd-journald.service - Journal Service...
[Fri Sep 18 07:24:20 2026] systemd[1]: Starting keyboard-setup.service - Set the console keyboard layout...
[Fri Sep 18 07:24:20 2026] systemd-journald[2966]: Collecting audit messages is disabled.
[Fri Sep 18 07:24:20 2026] systemd[1]: Starting kmod-static-nodes.service - Create List of Static Device Nodes...
[Fri Sep 18 07:24:20 2026] systemd[1]: Starting lvm2-monitor.service - Monitoring of LVM2 mirrors, snapshots etc. using dmeventd or progress polling...
[Fri Sep 18 07:24:20 2026] systemd[1]: Starting modprobe@configfs.service - Load Kernel Module configfs...
[Fri Sep 18 07:24:20 2026] systemd[1]: Starting modprobe@dm_mod.service - Load Kernel Module dm_mod...
[Fri Sep 18 07:24:20 2026] systemd[1]: Starting modprobe@drm.service - Load Kernel Module drm...
[Fri Sep 18 07:24:20 2026] systemd[1]: Starting modprobe@efi_pstore.service - Load Kernel Module efi_pstore...
[Fri Sep 18 07:24:20 2026] pstore: Using crash dump compression: deflate
[Fri Sep 18 07:24:20 2026] pstore: Registered efi_pstore as persistent store backend
[Fri Sep 18 07:24:20 2026] systemd[1]: Starting modprobe@fuse.service - Load Kernel Module fuse...
[Fri Sep 18 07:24:20 2026] systemd[1]: Starting modprobe@loop.service - Load Kernel Module loop...
[Fri Sep 18 07:24:20 2026] systemd[1]: netplan-ovs-cleanup.service - OpenVSwitch configuration for cleanup was skipped because of an unmet condition check (ConditionFileIsExecutable=/usr/bin/ovs-vsctl).
[Fri Sep 18 07:24:20 2026] systemd[1]: systemd-fsck-root.service - File System Check on Root Device was skipped because of an unmet condition check (ConditionPathExists=!/run/initramfs/fsck-root).
[Fri Sep 18 07:24:20 2026] systemd[1]: Starting systemd-modules-load.service - Load Kernel Modules...
[Fri Sep 18 07:24:20 2026] systemd[1]: systemd-pcrmachine.service - TPM2 PCR Machine ID Measurement was skipped because of an unmet condition check (ConditionSecurity=measured-uki).
[Fri Sep 18 07:24:20 2026] systemd[1]: Starting systemd-remount-fs.service - Remount Root and Kernel File Systems...
[Fri Sep 18 07:24:20 2026] systemd[1]: systemd-tpm2-setup-early.service - TPM2 SRK Setup (Early) was skipped because of an unmet condition check (ConditionSecurity=measured-uki).
[Fri Sep 18 07:24:20 2026] systemd[1]: Starting systemd-udev-trigger.service - Coldplug All udev Devices...
[Fri Sep 18 07:24:20 2026] systemd[1]: Started systemd-journald.service - Journal Service.
[Fri Sep 18 07:24:20 2026] EXT4-fs (nvme0n1p2): re-mounted a8c7367a-9025-4849-baa8-853bab204e11 r/w.
[Fri Sep 18 07:24:21 2026] Adding 8388604k swap on /swap.img.  Priority:-2 extents:8 across:10166268k SS
[Fri Sep 18 07:24:21 2026] systemd-journald[2966]: Received client request to flush runtime journal.
[Fri Sep 18 07:24:21 2026] systemd-journald[2966]: File /var/log/journal/a3c3324edfc14979815ee134cd9fe686/system.journal corrupted or uncleanly shut down, renaming and replacing.
[Fri Sep 18 07:24:21 2026] nvme nvme0: using unchecked data buffer
[Fri Sep 18 07:24:21 2026] ionic 0000:04:00.0 enp4s0np0: renamed from enp4s0
[Fri Sep 18 07:24:21 2026] usbcore: registered new interface driver cdc_wdm
[Fri Sep 18 07:24:21 2026] usbcore: registered new interface driver cdc_mbim
[Fri Sep 18 07:24:21 2026] IPMI message handler: version 39.2
[Fri Sep 18 07:24:21 2026] piix4_smbus 0000:00:14.0: SMBus Host Controller at 0xb00, revision 0
[Fri Sep 18 07:24:21 2026] piix4_smbus 0000:00:14.0: Using register 0x02 for SMBus port selection
[Fri Sep 18 07:24:21 2026] ipmi device interface
[Fri Sep 18 07:24:21 2026] i2c i2c-1: Different memory types mixed, not instantiating SPD
[Fri Sep 18 07:24:21 2026] piix4_smbus 0000:00:14.0: Auxiliary SMBus Host Controller at 0xb20
[Fri Sep 18 07:24:21 2026] i2c i2c-3: Different memory types mixed, not instantiating SPD
[Fri Sep 18 07:24:21 2026] ipmi_si: IPMI System Interface driver
[Fri Sep 18 07:24:21 2026] ipmi_si dmi-ipmi-si.0: ipmi_platform: probing via SMBIOS
[Fri Sep 18 07:24:21 2026] ipmi_platform: ipmi_si: SMBIOS: io 0xca2 regsize 1 spacing 1 irq 0
[Fri Sep 18 07:24:21 2026] ipmi_si: Adding SMBIOS-specified kcs state machine
[Fri Sep 18 07:24:21 2026] ipmi_si IPI0001:00: ipmi_platform: probing via ACPI
[Fri Sep 18 07:24:21 2026] ipmi_si IPI0001:00: ipmi_platform: [io  0x0ca2-0x0ca3] regsize 1 spacing 1 irq 0
[Fri Sep 18 07:24:21 2026] ipmi_si dmi-ipmi-si.0: Removing SMBIOS-specified kcs state machine in favor of ACPI
[Fri Sep 18 07:24:21 2026] ipmi_si: Adding ACPI-specified kcs state machine
[Fri Sep 18 07:24:21 2026] RAPL PMU: API unit is 2^-32 Joules, 2 fixed counters, 163840 ms ovfl timer
[Fri Sep 18 07:24:21 2026] RAPL PMU: hw unit of domain package 2^-16 Joules
[Fri Sep 18 07:24:21 2026] RAPL PMU: hw unit of domain core 2^-16 Joules
[Fri Sep 18 07:24:21 2026] ipmi_si: Trying ACPI-specified kcs state machine at i/o address 0xca2, slave address 0x0, irq 0
[Fri Sep 18 07:24:21 2026] Console: switching to colour dummy device 80x25
[Fri Sep 18 07:24:21 2026] ast 0000:08:00.0: vgaarb: deactivate vga console
[Fri Sep 18 07:24:21 2026] ast 0000:08:00.0: Using default configuration
[Fri Sep 18 07:24:21 2026] ast 0000:08:00.0: AST 2600 detected
[Fri Sep 18 07:24:21 2026] ast 0000:08:00.0: [drm] Using ASPEED DisplayPort transmitter
[Fri Sep 18 07:24:21 2026] ast 0000:08:00.0: [drm] dram MCLK=396 Mhz type=1 bus_width=16
[Fri Sep 18 07:24:21 2026] ast 0000:08:00.0: [drm] Registered 1 planes with drm panic
[Fri Sep 18 07:24:21 2026] [drm] Initialized ast 0.1.0 for 0000:08:00.0 on minor 0
[Fri Sep 18 07:24:21 2026] fbcon: astdrmfb (fb0) is primary device
[Fri Sep 18 07:24:21 2026] Console: switching to colour frame buffer device 128x48
[Fri Sep 18 07:24:21 2026] ast 0000:08:00.0: [drm] fb0: astdrmfb frame buffer device
[Fri Sep 18 07:24:21 2026] ipmi_si IPI0001:00: The BMC does not support clearing the recv irq bit, compensating, but the BMC needs to be fixed.
[Fri Sep 18 07:24:21 2026] ipmi_si IPI0001:00: Error clearing flags: c1
[Fri Sep 18 07:24:21 2026] ipmi_si IPI0001:00: IPMI message handler: Found new BMC (man_id: 0x000e78, prod_id: 0x0000, dev_id: 0x20)
[Fri Sep 18 07:24:21 2026] kvm_amd: TSC scaling supported
[Fri Sep 18 07:24:21 2026] kvm_amd: Nested Virtualization enabled
[Fri Sep 18 07:24:21 2026] kvm_amd: Nested Paging enabled
[Fri Sep 18 07:24:21 2026] kvm_amd: LBR virtualization supported
[Fri Sep 18 07:24:21 2026] kvm_amd: Virtual VMLOAD VMSAVE supported
[Fri Sep 18 07:24:21 2026] kvm_amd: Virtual GIF supported
[Fri Sep 18 07:24:21 2026] kvm_amd: Virtual NMI enabled
[Fri Sep 18 07:24:21 2026] audit: type=1400 audit(1789716259.124:2): apparmor="STATUS" operation="profile_load" profile="unconfined" name="ch-checkns" pid=3610 comm="apparmor_parser"
[Fri Sep 18 07:24:21 2026] audit: type=1400 audit(1789716259.124:3): apparmor="STATUS" operation="profile_load" profile="unconfined" name="1password" pid=3601 comm="apparmor_parser"
[Fri Sep 18 07:24:21 2026] audit: type=1400 audit(1789716259.124:4): apparmor="STATUS" operation="profile_load" profile="unconfined" name="ch-run" pid=3611 comm="apparmor_parser"
[Fri Sep 18 07:24:21 2026] audit: type=1400 audit(1789716259.124:5): apparmor="STATUS" operation="profile_load" profile="unconfined" name="busybox" pid=3608 comm="apparmor_parser"
[Fri Sep 18 07:24:21 2026] audit: type=1400 audit(1789716259.124:6): apparmor="STATUS" operation="profile_load" profile="unconfined" name="balena-etcher" pid=3605 comm="apparmor_parser"
[Fri Sep 18 07:24:21 2026] audit: type=1400 audit(1789716259.124:7): apparmor="STATUS" operation="profile_load" profile="unconfined" name="chrome" pid=3612 comm="apparmor_parser"
[Fri Sep 18 07:24:21 2026] audit: type=1400 audit(1789716259.124:8): apparmor="STATUS" operation="profile_load" profile="unconfined" name="evolution" pid=3618 comm="apparmor_parser"
[Fri Sep 18 07:24:21 2026] audit: type=1400 audit(1789716259.124:9): apparmor="STATUS" operation="profile_load" profile="unconfined" name="Discord" pid=3602 comm="apparmor_parser"
[Fri Sep 18 07:24:21 2026] audit: type=1400 audit(1789716259.124:10): apparmor="STATUS" operation="profile_load" profile="unconfined" name="epiphany" pid=3617 comm="apparmor_parser"
[Fri Sep 18 07:24:21 2026] audit: type=1400 audit(1789716259.124:11): apparmor="STATUS" operation="profile_load" profile="unconfined" name="libcamerify" pid=3629 comm="apparmor_parser"
[Fri Sep 18 07:24:22 2026] ipmi_si IPI0001:00: IPMI kcs interface initialized
[Fri Sep 18 07:24:22 2026] ipmi_ssif: IPMI SSIF Interface driver
[Fri Sep 18 07:24:22 2026] MCE: In-kernel MCE decoding enabled.
[Fri Sep 18 07:24:22 2026] EDAC amd64: Node 0: No DIMMs detected.
[Fri Sep 18 07:24:22 2026] EDAC amd64: Node 1: No DIMMs detected.
[Fri Sep 18 07:24:22 2026] intel_rapl_common: Found RAPL domain package
[Fri Sep 18 07:24:22 2026] intel_rapl_common: Found RAPL domain core
[Fri Sep 18 07:24:22 2026] amd_atl: Failed to determine DF Revision
[Fri Sep 18 07:24:22 2026] amd_atl: Failed to determine DF Revision
[Fri Sep 18 07:25:50 2026] cfg80211: Loading compiled-in X.509 certificates for regulatory database
[Fri Sep 18 07:25:50 2026] Loaded X.509 cert 'sforshee: 00b28ddf47aef9cea7'
[Fri Sep 18 07:25:50 2026] Loaded X.509 cert 'wens: 61c038651aabdcf94bd0ac7ff06c7248db18c600'
[Fri Sep 18 07:25:54 2026] kauditd_printk_skb: 108 callbacks suppressed
[Fri Sep 18 07:25:54 2026] audit: type=1400 audit(1789716351.373:120): apparmor="STATUS" operation="profile_replace" info="same as current profile, skipping" profile="unconfined" name="rsyslogd" pid=3836 comm="apparmor_parser"
[Fri Sep 18 07:25:54 2026] loop0: detected capacity change from 0 to 8
[Fri Sep 18 07:25:54 2026] audit: type=1400 audit(1789716351.501:121): apparmor="DENIED" operation="open" class="file" profile="rsyslogd" name="/etc/dcgpu_oslogin.conf" pid=3914 comm="rsyslogd" requested_mask="r" denied_mask="r" fsuid=0 ouid=0
[Fri Sep 18 07:25:54 2026] audit: type=1400 audit(1789716351.501:122): apparmor="DENIED" operation="open" class="file" profile="rsyslogd" name="/etc/oslogin_group.cache" pid=3914 comm="rsyslogd" requested_mask="r" denied_mask="r" fsuid=0 ouid=0
[Fri Sep 18 07:25:54 2026] audit: type=1400 audit(1789716351.502:123): apparmor="DENIED" operation="open" class="file" profile="rsyslogd" name="/etc/dcgpu_oslogin.conf" pid=3914 comm="rsyslogd" requested_mask="r" denied_mask="r" fsuid=0 ouid=0
[Fri Sep 18 07:25:54 2026] audit: type=1400 audit(1789716351.513:124): apparmor="STATUS" operation="profile_replace" info="same as current profile, skipping" profile="unconfined" name="/usr/lib/snapd/snap-confine" pid=3931 comm="apparmor_parser"
[Fri Sep 18 07:25:54 2026] audit: type=1400 audit(1789716352.025:125): apparmor="STATUS" operation="profile_load" profile="unconfined" name="docker-default" pid=4067 comm="apparmor_parser"
[Fri Sep 18 07:25:55 2026] Initializing XFRM netlink socket
[Fri Sep 18 07:25:55 2026] bridge: filtering via arp/ip/ip6tables is no longer available by default. Update your scripts to load br_netfilter if you need this.
[Fri Sep 18 07:28:25 2026] systemd-journald[2966]: /var/log/journal/a3c3324edfc14979815ee134cd9fe686/user-12519.journal: Journal file uses a different sequence number ID, rotating.
[Fri Sep 18 07:28:32 2026] audit: type=1400 audit(1789716509.852:126): apparmor="AUDIT" operation="userns_create" class="namespace" info="Userns create - transitioning profile" profile="unconfined" pid=4807 comm="cursorsandbox" requested="userns_create" target="unprivileged_userns"
[Fri Sep 18 07:28:32 2026] audit: type=1400 audit(1789716509.853:127): apparmor="DENIED" operation="capable" class="cap" profile="unprivileged_userns" pid=4807 comm="cursorsandbox" capability=21  capname="sys_admin"
[Fri Sep 18 07:28:34 2026] audit: type=1400 audit(1789716511.348:128): apparmor="AUDIT" operation="userns_create" class="namespace" info="Userns create - transitioning profile" profile="unconfined" pid=5315 comm="cursorsandbox" requested="userns_create" target="unprivileged_userns"
[Fri Sep 18 07:28:34 2026] audit: type=1400 audit(1789716511.349:129): apparmor="DENIED" operation="capable" class="cap" profile="unprivileged_userns" pid=5315 comm="cursorsandbox" capability=21  capname="sys_admin"
[Fri Sep 18 07:30:52 2026] RPC: Registered named UNIX socket transport module.
[Fri Sep 18 07:30:52 2026] RPC: Registered udp transport module.
[Fri Sep 18 07:30:52 2026] RPC: Registered tcp transport module.
[Fri Sep 18 07:30:52 2026] RPC: Registered tcp-with-tls transport module.
[Fri Sep 18 07:30:52 2026] RPC: Registered tcp NFSv4.1 backchannel transport module.
[Fri Sep 18 07:30:54 2026] Setting dangerous option gpu_recovery - tainting kernel
[Fri Sep 18 07:30:54 2026] Setting dangerous option halt_if_hws_hang - tainting kernel
[Fri Sep 18 07:30:54 2026] [drm] amdgpu version: 7.1.1.31300009
[Fri Sep 18 07:30:54 2026] [drm] OS DRM version: 6.14.0
[Fri Sep 18 07:30:54 2026] amdgpu: Virtual CRAT table created for CPU
[Fri Sep 18 07:30:54 2026] amdgpu: Topology: Add CPU node
[Fri Sep 18 07:30:54 2026] amdgpu: PeerDirect support was initialized successfully
[Fri Sep 18 07:30:54 2026] amdgpu 0001:01:00.0: initializing kernel modesetting (IP DISCOVERY 0x1002:0x75C1 0x1002:0x75C1 0x00).
[Fri Sep 18 07:30:54 2026] amdgpu 0001:01:00.0: register mmio base: 0xB4200000
[Fri Sep 18 07:30:54 2026] amdgpu 0001:01:00.0: register mmio size: 2097152
[Fri Sep 18 07:30:54 2026] amdgpu 0001:01:00.0: MEM_RESERVED_INFO: list_num=4
[Fri Sep 18 07:30:54 2026] amdgpu 0001:01:00.0:   [0] id=4 (VM_PAGE_FAULT) size=0x1000 start=0x16bf5fff000
[Fri Sep 18 07:30:54 2026] amdgpu 0001:01:00.0:   [1] id=2 (MASTER_DIE_UMF) size=0xa000000 start=0x16bf6000000
[Fri Sep 18 07:30:54 2026] amdgpu 0001:01:00.0:   [2] id=9 (SPECIFIC_PURPOSE) size=0x6c00000000 start=0x10000000000
[Fri Sep 18 07:30:54 2026] amdgpu 0001:01:00.0:   [3] id=10 (UNKNOWN) size=0x2000 start=0x16bfda9e000
[Fri Sep 18 07:30:54 2026] amdgpu 0001:01:00.0: detected ip block number 0 <common_v1_0_0> (soc_v1_0_common)
[Fri Sep 18 07:30:54 2026] amdgpu 0001:01:00.0: detected ip block number 1 <gmc_v12_0_0> (gmc_v12_0)
[Fri Sep 18 07:30:54 2026] amdgpu 0001:01:00.0: detected ip block number 2 <ih_v7_0_0> (ih_v7_0)
[Fri Sep 18 07:30:54 2026] amdgpu 0001:01:00.0: detected ip block number 3 <psp_v15_0_8> (psp)
[Fri Sep 18 07:30:54 2026] amdgpu 0001:01:00.0: detected ip block number 4 <smu_v15_0_0> (smu)
[Fri Sep 18 07:30:54 2026] amdgpu 0001:01:00.0: detected ip block number 5 <gfx_v12_1_0> (gfx_v12_1)
[Fri Sep 18 07:30:54 2026] amdgpu 0001:01:00.0: detected ip block number 6 <sdma_v7_1_0> (sdma_v7_1)
[Fri Sep 18 07:30:54 2026] amdgpu 0001:01:00.0: detected ip block number 7 <ras_v1_0_0> (ras_v1_0)
[Fri Sep 18 07:30:54 2026] amdgpu 0001:01:00.0: detected ip block number 8 <vcn_v5_0_2> (vcn_v5_0_2)
[Fri Sep 18 07:30:54 2026] amdgpu 0001:01:00.0: detected ip block number 9 <jpeg_v5_0_2> (jpeg_v5_0_2)
[Fri Sep 18 07:30:54 2026] amdgpu 0001:01:00.0: detected ip block number 10 <mes_v12_1_0> (mes_v12_1)
[Fri Sep 18 07:30:54 2026] amdgpu 0001:01:00.0: detected ip block number 11 <ualink_v1_0_0> (ualink)
[Fri Sep 18 07:30:54 2026] amdgpu 0001:01:00.0: ROM [??? 0x00000000 flags 0x20000000]: can't assign; bogus alignment
[Fri Sep 18 07:30:54 2026] amdgpu 0001:01:00.0: Fetched VBIOS from ROM
[Fri Sep 18 07:30:54 2026] amdgpu 0001:01:00.0: [drm] ATOM BIOS: 113-M4500001-630A, build: 00195379, ver: 025.040.000.009.000001, 2026/07/25
[Fri Sep 18 07:30:54 2026] amdgpu 0001:01:00.0: Trusted Memory Zone (TMZ) feature not supported
[Fri Sep 18 07:30:54 2026] amdgpu 0001:01:00.0: GPU posting now...
[Fri Sep 18 07:30:54 2026] amdgpu 0001:01:00.0: RAS INFO: ras initialized successfully, hardware ability[fbdf9] ras_mask[fbdf9]
[Fri Sep 18 07:30:54 2026] amdgpu 0001:01:00.0: vm size is 134217728 GB, 5 levels, block size is 9-bit, fragment size is 9-bit
[Fri Sep 18 07:30:54 2026] amdgpu 0001:01:00.0: VRAM: 442368M 0x0000000000000000 - 0x0000006BFFFFFFFF (442368M used)
[Fri Sep 18 07:30:54 2026] amdgpu 0001:01:00.0: GART: 512M 0x0000006C00000000 - 0x0000006C1FFFFFFF
[Fri Sep 18 07:30:54 2026] amdgpu 0001:01:00.0: [drm] Detected VRAM RAM=442368M, BAR=442368M
[Fri Sep 18 07:30:54 2026] amdgpu 0001:01:00.0: [drm] RAM width 24576bits HBM4
[Fri Sep 18 07:30:54 2026] amdgpu 0001:01:00.0:  442368M of VRAM memory ready
[Fri Sep 18 07:30:54 2026] amdgpu 0001:01:00.0:  128711M of GTT memory ready.
[Fri Sep 18 07:30:54 2026] amdgpu 0001:01:00.0: [drm] GART: num cpu pages 131072, num gpu pages 131072
[Fri Sep 18 07:30:54 2026] amdgpu 0001:01:00.0: [drm] PCIE GART of 512M enabled (table at 0x0000006BF5EFF000).
[Fri Sep 18 07:30:54 2026] amdgpu 0001:01:00.0: GPU recovery disabled.
[Fri Sep 18 07:30:54 2026] amdgpu 0001:01:00.0: [VCN instance 0] Found VCN firmware Version ENC: 1.13 DEC: 9 VEP: 0 Revision: 8
[Fri Sep 18 07:30:54 2026] amdgpu 0001:01:00.0: [VCN instance 1] Found VCN firmware Version ENC: 1.13 DEC: 9 VEP: 0 Revision: 8
[Fri Sep 18 07:30:54 2026] amdgpu 0001:01:00.0: [VCN instance 2] Found VCN firmware Version ENC: 1.13 DEC: 9 VEP: 0 Revision: 8
[Fri Sep 18 07:30:54 2026] amdgpu 0001:01:00.0: [VCN instance 3] Found VCN firmware Version ENC: 1.13 DEC: 9 VEP: 0 Revision: 8
[Fri Sep 18 07:30:54 2026] amdgpu 0001:01:00.0: GPU recovery disabled.
[Fri Sep 18 07:30:54 2026] amdgpu 0001:01:00.0: GPU recovery disabled.
[Fri Sep 18 07:30:54 2026] amdgpu 0001:01:00.0: MES: vmid_mask_mmhub 0x0000ff00, vmid_mask_gfxhub 0x0000fff8
[Fri Sep 18 07:30:54 2026] amdgpu 0001:01:00.0: MES: gfx_hqd_mask 0x00000000, compute_hqd_mask 0x000000fc, sdma_hqd_mask 0x000000fc
[Fri Sep 18 07:30:54 2026] amdgpu 0001:01:00.0: psp interrupt enabled
[Fri Sep 18 07:30:55 2026] amdgpu 0001:01:00.0: RAP: optional rap ta ucode is not available
[Fri Sep 18 07:30:55 2026] amdgpu 0001:01:00.0: smu driver if version = 0x007d0000, smu fw if version = 0x007d0000, smu fw program = 2, smu fw version = 0x027d0701 (125.7.1)
[Fri Sep 18 07:30:55 2026] amdgpu 0001:01:00.0: WARN: GPU is throttled, expect performance decrease. VR.
[Fri Sep 18 07:30:55 2026] amdgpu 0001:01:00.0: SMU is initialized successfully!
[Fri Sep 18 07:30:55 2026] amdgpu: gfx_v12_1: xcc 0 SH_MEM_CONFIG=0x0008c000 retry_disable=1
[Fri Sep 18 07:30:55 2026] amdgpu: gfx_v12_1: xcc 0 SH_MEM_CONFIG=0x0000c000 retry_disable=0
[Fri Sep 18 07:30:55 2026] amdgpu: gfx_v12_1: xcc 0 SH_MEM_CONFIG=0x0000c000 retry_disable=0
[Fri Sep 18 07:30:55 2026] amdgpu: gfx_v12_1: xcc 0 SH_MEM_CONFIG=0x0000c000 retry_disable=0
[Fri Sep 18 07:30:55 2026] amdgpu: gfx_v12_1: xcc 0 SH_MEM_CONFIG=0x0000c000 retry_disable=0
[Fri Sep 18 07:30:55 2026] amdgpu: gfx_v12_1: xcc 0 SH_MEM_CONFIG=0x0000c000 retry_disable=0
[Fri Sep 18 07:30:55 2026] amdgpu: gfx_v12_1: xcc 0 SH_MEM_CONFIG=0x0000c000 retry_disable=0
[Fri Sep 18 07:30:55 2026] amdgpu: gfx_v12_1: xcc 0 SH_MEM_CONFIG=0x0000c000 retry_disable=0
[Fri Sep 18 07:30:55 2026] amdgpu: gfx_v12_1: xcc 0 SH_MEM_CONFIG=0x0000c000 retry_disable=0
[Fri Sep 18 07:30:55 2026] amdgpu: gfx_v12_1: xcc 0 SH_MEM_CONFIG=0x0000c000 retry_disable=0
[Fri Sep 18 07:30:55 2026] amdgpu: gfx_v12_1: xcc 0 SH_MEM_CONFIG=0x0000c000 retry_disable=0
[Fri Sep 18 07:30:55 2026] amdgpu: gfx_v12_1: xcc 0 SH_MEM_CONFIG=0x0000c000 retry_disable=0
[Fri Sep 18 07:30:55 2026] amdgpu: gfx_v12_1: xcc 0 SH_MEM_CONFIG=0x0000c000 retry_disable=0
[Fri Sep 18 07:30:55 2026] amdgpu: gfx_v12_1: xcc 0 SH_MEM_CONFIG=0x0000c000 retry_disable=0
[Fri Sep 18 07:30:55 2026] amdgpu: gfx_v12_1: xcc 0 SH_MEM_CONFIG=0x0000c000 retry_disable=0
[Fri Sep 18 07:30:55 2026] amdgpu: gfx_v12_1: xcc 0 SH_MEM_CONFIG=0x0000c000 retry_disable=0
[Fri Sep 18 07:30:55 2026] amdgpu: gfx_v12_1: xcc 1 SH_MEM_CONFIG=0x0008c000 retry_disable=1
[Fri Sep 18 07:30:55 2026] amdgpu: gfx_v12_1: xcc 1 SH_MEM_CONFIG=0x0000c000 retry_disable=0
[Fri Sep 18 07:30:55 2026] amdgpu: gfx_v12_1: xcc 1 SH_MEM_CONFIG=0x0000c000 retry_disable=0
[Fri Sep 18 07:30:55 2026] amdgpu: gfx_v12_1: xcc 1 SH_MEM_CONFIG=0x0000c000 retry_disable=0
[Fri Sep 18 07:30:55 2026] amdgpu: gfx_v12_1: xcc 1 SH_MEM_CONFIG=0x0000c000 retry_disable=0
[Fri Sep 18 07:30:55 2026] amdgpu: gfx_v12_1: xcc 1 SH_MEM_CONFIG=0x0000c000 retry_disable=0
[Fri Sep 18 07:30:55 2026] amdgpu: gfx_v12_1: xcc 1 SH_MEM_CONFIG=0x0000c000 retry_disable=0
[Fri Sep 18 07:30:55 2026] amdgpu: gfx_v12_1: xcc 1 SH_MEM_CONFIG=0x0000c000 retry_disable=0
[Fri Sep 18 07:30:55 2026] amdgpu: gfx_v12_1: xcc 1 SH_MEM_CONFIG=0x0000c000 retry_disable=0
[Fri Sep 18 07:30:55 2026] amdgpu: gfx_v12_1: xcc 1 SH_MEM_CONFIG=0x0000c000 retry_disable=0
[Fri Sep 18 07:30:55 2026] amdgpu: gfx_v12_1: xcc 1 SH_MEM_CONFIG=0x0000c000 retry_disable=0
[Fri Sep 18 07:30:55 2026] amdgpu: gfx_v12_1: xcc 1 SH_MEM_CONFIG=0x0000c000 retry_disable=0
[Fri Sep 18 07:30:55 2026] amdgpu: gfx_v12_1: xcc 1 SH_MEM_CONFIG=0x0000c000 retry_disable=0
[Fri Sep 18 07:30:55 2026] amdgpu: gfx_v12_1: xcc 1 SH_MEM_CONFIG=0x0000c000 retry_disable=0
[Fri Sep 18 07:30:55 2026] amdgpu: gfx_v12_1: xcc 1 SH_MEM_CONFIG=0x0000c000 retry_disable=0
[Fri Sep 18 07:30:55 2026] amdgpu: gfx_v12_1: xcc 1 SH_MEM_CONFIG=0x0000c000 retry_disable=0
[Fri Sep 18 07:30:55 2026] amdgpu: gfx_v12_1: xcc 2 SH_MEM_CONFIG=0x0008c000 retry_disable=1
[Fri Sep 18 07:30:55 2026] amdgpu: gfx_v12_1: xcc 2 SH_MEM_CONFIG=0x0000c000 retry_disable=0
[Fri Sep 18 07:30:55 2026] amdgpu: gfx_v12_1: xcc 2 SH_MEM_CONFIG=0x0000c000 retry_disable=0
[Fri Sep 18 07:30:55 2026] amdgpu: gfx_v12_1: xcc 2 SH_MEM_CONFIG=0x0000c000 retry_disable=0
[Fri Sep 18 07:30:55 2026] amdgpu: gfx_v12_1: xcc 2 SH_MEM_CONFIG=0x0000c000 retry_disable=0
[Fri Sep 18 07:30:55 2026] amdgpu: gfx_v12_1: xcc 2 SH_MEM_CONFIG=0x0000c000 retry_disable=0
[Fri Sep 18 07:30:55 2026] amdgpu: gfx_v12_1: xcc 2 SH_MEM_CONFIG=0x0000c000 retry_disable=0
[Fri Sep 18 07:30:55 2026] amdgpu: gfx_v12_1: xcc 2 SH_MEM_CONFIG=0x0000c000 retry_disable=0
[Fri Sep 18 07:30:55 2026] amdgpu: gfx_v12_1: xcc 2 SH_MEM_CONFIG=0x0000c000 retry_disable=0
[Fri Sep 18 07:30:55 2026] amdgpu: gfx_v12_1: xcc 2 SH_MEM_CONFIG=0x0000c000 retry_disable=0
[Fri Sep 18 07:30:55 2026] amdgpu: gfx_v12_1: xcc 2 SH_MEM_CONFIG=0x0000c000 retry_disable=0
[Fri Sep 18 07:30:55 2026] amdgpu: gfx_v12_1: xcc 2 SH_MEM_CONFIG=0x0000c000 retry_disable=0
[Fri Sep 18 07:30:55 2026] amdgpu: gfx_v12_1: xcc 2 SH_MEM_CONFIG=0x0000c000 retry_disable=0
[Fri Sep 18 07:30:55 2026] amdgpu: gfx_v12_1: xcc 2 SH_MEM_CONFIG=0x0000c000 retry_disable=0
[Fri Sep 18 07:30:55 2026] amdgpu: gfx_v12_1: xcc 2 SH_MEM_CONFIG=0x0000c000 retry_disable=0
[Fri Sep 18 07:30:55 2026] amdgpu: gfx_v12_1: xcc 2 SH_MEM_CONFIG=0x0000c000 retry_disable=0
[Fri Sep 18 07:30:55 2026] amdgpu: gfx_v12_1: xcc 3 SH_MEM_CONFIG=0x0008c000 retry_disable=1
[Fri Sep 18 07:30:55 2026] amdgpu: gfx_v12_1: xcc 3 SH_MEM_CONFIG=0x0000c000 retry_disable=0
[Fri Sep 18 07:30:55 2026] amdgpu: gfx_v12_1: xcc 3 SH_MEM_CONFIG=0x0000c000 retry_disable=0
[Fri Sep 18 07:30:55 2026] amdgpu: gfx_v12_1: xcc 3 SH_MEM_CONFIG=0x0000c000 retry_disable=0
[Fri Sep 18 07:30:55 2026] amdgpu: gfx_v12_1: xcc 3 SH_MEM_CONFIG=0x0000c000 retry_disable=0
[Fri Sep 18 07:30:55 2026] amdgpu: gfx_v12_1: xcc 3 SH_MEM_CONFIG=0x0000c000 retry_disable=0
[Fri Sep 18 07:30:55 2026] amdgpu: gfx_v12_1: xcc 3 SH_MEM_CONFIG=0x0000c000 retry_disable=0
[Fri Sep 18 07:30:55 2026] amdgpu: gfx_v12_1: xcc 3 SH_MEM_CONFIG=0x0000c000 retry_disable=0
[Fri Sep 18 07:30:55 2026] amdgpu: gfx_v12_1: xcc 3 SH_MEM_CONFIG=0x0000c000 retry_disable=0
[Fri Sep 18 07:30:55 2026] amdgpu: gfx_v12_1: xcc 3 SH_MEM_CONFIG=0x0000c000 retry_disable=0
[Fri Sep 18 07:30:55 2026] amdgpu: gfx_v12_1: xcc 3 SH_MEM_CONFIG=0x0000c000 retry_disable=0
[Fri Sep 18 07:30:55 2026] amdgpu: gfx_v12_1: xcc 3 SH_MEM_CONFIG=0x0000c000 retry_disable=0
[Fri Sep 18 07:30:55 2026] amdgpu: gfx_v12_1: xcc 3 SH_MEM_CONFIG=0x0000c000 retry_disable=0
[Fri Sep 18 07:30:55 2026] amdgpu: gfx_v12_1: xcc 3 SH_MEM_CONFIG=0x0000c000 retry_disable=0
[Fri Sep 18 07:30:55 2026] amdgpu: gfx_v12_1: xcc 3 SH_MEM_CONFIG=0x0000c000 retry_disable=0
[Fri Sep 18 07:30:55 2026] amdgpu: gfx_v12_1: xcc 3 SH_MEM_CONFIG=0x0000c000 retry_disable=0
[Fri Sep 18 07:30:55 2026] amdgpu: gfx_v12_1: xcc 4 SH_MEM_CONFIG=0x0008c000 retry_disable=1
[Fri Sep 18 07:30:55 2026] amdgpu: gfx_v12_1: xcc 4 SH_MEM_CONFIG=0x0000c000 retry_disable=0
[Fri Sep 18 07:30:55 2026] amdgpu: gfx_v12_1: xcc 4 SH_MEM_CONFIG=0x0000c000 retry_disable=0
[Fri Sep 18 07:30:55 2026] amdgpu: gfx_v12_1: xcc 4 SH_MEM_CONFIG=0x0000c000 retry_disable=0
[Fri Sep 18 07:30:55 2026] amdgpu: gfx_v12_1: xcc 4 SH_MEM_CONFIG=0x0000c000 retry_disable=0
[Fri Sep 18 07:30:55 2026] amdgpu: gfx_v12_1: xcc 4 SH_MEM_CONFIG=0x0000c000 retry_disable=0
[Fri Sep 18 07:30:55 2026] amdgpu: gfx_v12_1: xcc 4 SH_MEM_CONFIG=0x0000c000 retry_disable=0
[Fri Sep 18 07:30:55 2026] amdgpu: gfx_v12_1: xcc 4 SH_MEM_CONFIG=0x0000c000 retry_disable=0
[Fri Sep 18 07:30:55 2026] amdgpu: gfx_v12_1: xcc 4 SH_MEM_CONFIG=0x0000c000 retry_disable=0
[Fri Sep 18 07:30:55 2026] amdgpu: gfx_v12_1: xcc 4 SH_MEM_CONFIG=0x0000c000 retry_disable=0
[Fri Sep 18 07:30:55 2026] amdgpu: gfx_v12_1: xcc 4 SH_MEM_CONFIG=0x0000c000 retry_disable=0
[Fri Sep 18 07:30:55 2026] amdgpu: gfx_v12_1: xcc 4 SH_MEM_CONFIG=0x0000c000 retry_disable=0
[Fri Sep 18 07:30:55 2026] amdgpu: gfx_v12_1: xcc 4 SH_MEM_CONFIG=0x0000c000 retry_disable=0
[Fri Sep 18 07:30:55 2026] amdgpu: gfx_v12_1: xcc 4 SH_MEM_CONFIG=0x0000c000 retry_disable=0
[Fri Sep 18 07:30:55 2026] amdgpu: gfx_v12_1: xcc 4 SH_MEM_CONFIG=0x0000c000 retry_disable=0
[Fri Sep 18 07:30:55 2026] amdgpu: gfx_v12_1: xcc 4 SH_MEM_CONFIG=0x0000c000 retry_disable=0
[Fri Sep 18 07:30:55 2026] amdgpu: gfx_v12_1: xcc 5 SH_MEM_CONFIG=0x0008c000 retry_disable=1
[Fri Sep 18 07:30:55 2026] amdgpu: gfx_v12_1: xcc 5 SH_MEM_CONFIG=0x0000c000 retry_disable=0
[Fri Sep 18 07:30:55 2026] amdgpu: gfx_v12_1: xcc 5 SH_MEM_CONFIG=0x0000c000 retry_disable=0
[Fri Sep 18 07:30:55 2026] amdgpu: gfx_v12_1: xcc 5 SH_MEM_CONFIG=0x0000c000 retry_disable=0
[Fri Sep 18 07:30:55 2026] amdgpu: gfx_v12_1: xcc 5 SH_MEM_CONFIG=0x0000c000 retry_disable=0
[Fri Sep 18 07:30:55 2026] amdgpu: gfx_v12_1: xcc 5 SH_MEM_CONFIG=0x0000c000 retry_disable=0
[Fri Sep 18 07:30:55 2026] amdgpu: gfx_v12_1: xcc 5 SH_MEM_CONFIG=0x0000c000 retry_disable=0
[Fri Sep 18 07:30:55 2026] amdgpu: gfx_v12_1: xcc 5 SH_MEM_CONFIG=0x0000c000 retry_disable=0
[Fri Sep 18 07:30:55 2026] amdgpu: gfx_v12_1: xcc 5 SH_MEM_CONFIG=0x0000c000 retry_disable=0
[Fri Sep 18 07:30:55 2026] amdgpu: gfx_v12_1: xcc 5 SH_MEM_CONFIG=0x0000c000 retry_disable=0
[Fri Sep 18 07:30:55 2026] amdgpu: gfx_v12_1: xcc 5 SH_MEM_CONFIG=0x0000c000 retry_disable=0
[Fri Sep 18 07:30:55 2026] amdgpu: gfx_v12_1: xcc 5 SH_MEM_CONFIG=0x0000c000 retry_disable=0
[Fri Sep 18 07:30:55 2026] amdgpu: gfx_v12_1: xcc 5 SH_MEM_CONFIG=0x0000c000 retry_disable=0
[Fri Sep 18 07:30:55 2026] amdgpu: gfx_v12_1: xcc 5 SH_MEM_CONFIG=0x0000c000 retry_disable=0
[Fri Sep 18 07:30:55 2026] amdgpu: gfx_v12_1: xcc 5 SH_MEM_CONFIG=0x0000c000 retry_disable=0
[Fri Sep 18 07:30:55 2026] amdgpu: gfx_v12_1: xcc 5 SH_MEM_CONFIG=0x0000c000 retry_disable=0
[Fri Sep 18 07:30:55 2026] amdgpu: gfx_v12_1: xcc 6 SH_MEM_CONFIG=0x0008c000 retry_disable=1
[Fri Sep 18 07:30:55 2026] amdgpu: gfx_v12_1: xcc 6 SH_MEM_CONFIG=0x0000c000 retry_disable=0
[Fri Sep 18 07:30:55 2026] amdgpu: gfx_v12_1: xcc 6 SH_MEM_CONFIG=0x0000c000 retry_disable=0
[Fri Sep 18 07:30:55 2026] amdgpu: gfx_v12_1: xcc 6 SH_MEM_CONFIG=0x0000c000 retry_disable=0
[Fri Sep 18 07:30:55 2026] amdgpu: gfx_v12_1: xcc 6 SH_MEM_CONFIG=0x0000c000 retry_disable=0
[Fri Sep 18 07:30:55 2026] amdgpu: gfx_v12_1: xcc 6 SH_MEM_CONFIG=0x0000c000 retry_disable=0
[Fri Sep 18 07:30:55 2026] amdgpu: gfx_v12_1: xcc 6 SH_MEM_CONFIG=0x0000c000 retry_disable=0
[Fri Sep 18 07:30:55 2026] amdgpu: gfx_v12_1: xcc 6 SH_MEM_CONFIG=0x0000c000 retry_disable=0
[Fri Sep 18 07:30:55 2026] amdgpu: gfx_v12_1: xcc 6 SH_MEM_CONFIG=0x0000c000 retry_disable=0
[Fri Sep 18 07:30:55 2026] amdgpu: gfx_v12_1: xcc 6 SH_MEM_CONFIG=0x0000c000 retry_disable=0
[Fri Sep 18 07:30:55 2026] amdgpu: gfx_v12_1: xcc 6 SH_MEM_CONFIG=0x0000c000 retry_disable=0
[Fri Sep 18 07:30:55 2026] amdgpu: gfx_v12_1: xcc 6 SH_MEM_CONFIG=0x0000c000 retry_disable=0
[Fri Sep 18 07:30:55 2026] amdgpu: gfx_v12_1: xcc 6 SH_MEM_CONFIG=0x0000c000 retry_disable=0
[Fri Sep 18 07:30:55 2026] amdgpu: gfx_v12_1: xcc 6 SH_MEM_CONFIG=0x0000c000 retry_disable=0
[Fri Sep 18 07:30:55 2026] amdgpu: gfx_v12_1: xcc 6 SH_MEM_CONFIG=0x0000c000 retry_disable=0
[Fri Sep 18 07:30:55 2026] amdgpu: gfx_v12_1: xcc 6 SH_MEM_CONFIG=0x0000c000 retry_disable=0
[Fri Sep 18 07:30:55 2026] amdgpu: gfx_v12_1: xcc 7 SH_MEM_CONFIG=0x0008c000 retry_disable=1
[Fri Sep 18 07:30:55 2026] amdgpu: gfx_v12_1: xcc 7 SH_MEM_CONFIG=0x0000c000 retry_disable=0
[Fri Sep 18 07:30:55 2026] amdgpu: gfx_v12_1: xcc 7 SH_MEM_CONFIG=0x0000c000 retry_disable=0
[Fri Sep 18 07:30:55 2026] amdgpu: gfx_v12_1: xcc 7 SH_MEM_CONFIG=0x0000c000 retry_disable=0
[Fri Sep 18 07:30:55 2026] amdgpu: gfx_v12_1: xcc 7 SH_MEM_CONFIG=0x0000c000 retry_disable=0
[Fri Sep 18 07:30:55 2026] amdgpu: gfx_v12_1: xcc 7 SH_MEM_CONFIG=0x0000c000 retry_disable=0
[Fri Sep 18 07:30:55 2026] amdgpu: gfx_v12_1: xcc 7 SH_MEM_CONFIG=0x0000c000 retry_disable=0
[Fri Sep 18 07:30:55 2026] amdgpu: gfx_v12_1: xcc 7 SH_MEM_CONFIG=0x0000c000 retry_disable=0
[Fri Sep 18 07:30:55 2026] amdgpu: gfx_v12_1: xcc 7 SH_MEM_CONFIG=0x0000c000 retry_disable=0
[Fri Sep 18 07:30:55 2026] amdgpu: gfx_v12_1: xcc 7 SH_MEM_CONFIG=0x0000c000 retry_disable=0
[Fri Sep 18 07:30:55 2026] amdgpu: gfx_v12_1: xcc 7 SH_MEM_CONFIG=0x0000c000 retry_disable=0
[Fri Sep 18 07:30:55 2026] amdgpu: gfx_v12_1: xcc 7 SH_MEM_CONFIG=0x0000c000 retry_disable=0
[Fri Sep 18 07:30:55 2026] amdgpu: gfx_v12_1: xcc 7 SH_MEM_CONFIG=0x0000c000 retry_disable=0
[Fri Sep 18 07:30:55 2026] amdgpu: gfx_v12_1: xcc 7 SH_MEM_CONFIG=0x0000c000 retry_disable=0
[Fri Sep 18 07:30:55 2026] amdgpu: gfx_v12_1: xcc 7 SH_MEM_CONFIG=0x0000c000 retry_disable=0
[Fri Sep 18 07:30:55 2026] amdgpu: gfx_v12_1: xcc 7 SH_MEM_CONFIG=0x0000c000 retry_disable=0
[Fri Sep 18 07:30:55 2026] amdgpu 0001:01:00.0: Requesting 0 partitions through PSP
[Fri Sep 18 07:30:55 2026] amdgpu 0001:01:00.0: GL2C-SOC15 inst 0 gl2c_ctrl 0x00018300:0x004ff37f residency_ctrl 0x00018324:0x00000000 wbinvl2 0x00010194:0x00000000
[Fri Sep 18 07:30:55 2026] amdgpu 0001:01:00.0: GL2C-SOC15 inst 1 gl2c_ctrl 0x00118300:0x004ff37f residency_ctrl 0x00118324:0x00000000 wbinvl2 0x00110194:0x00000000
[Fri Sep 18 07:30:55 2026] amdgpu 0001:01:00.0: Found UALink interface version 0x1
[Fri Sep 18 07:30:55 2026] kfd kfd: Allocated 3969056 bytes on gart
[Fri Sep 18 07:30:55 2026] kfd kfd: Total number of KFD nodes to be created: 1
[Fri Sep 18 07:30:55 2026] kfd kfd: KFD node 0 partition 0 size 442368M
[Fri Sep 18 07:30:55 2026] kfd kfd: Node: 0, interrupt_bitmap: 3e3e
[Fri Sep 18 07:30:55 2026] amdgpu: Virtual CRAT table created for GPU
[Fri Sep 18 07:30:55 2026] amdgpu: Topology: Add GPU node [0x1002:0x75c1]
[Fri Sep 18 07:30:55 2026] kfd kfd: added device 1002:75c1
[Fri Sep 18 07:30:55 2026] amdgpu 0001:01:00.0: SE 2, SH per SE 2, CU per SH 9, active_cu_number 256
[Fri Sep 18 07:30:55 2026] amdgpu 0001:01:00.0: ring comp_0.1.0.0 uses VM inv eng 0 on hub 0
[Fri Sep 18 07:30:55 2026] amdgpu 0001:01:00.0: ring comp_0.1.1.0 uses VM inv eng 1 on hub 0
[Fri Sep 18 07:30:55 2026] amdgpu 0001:01:00.0: ring comp_0.1.2.0 uses VM inv eng 4 on hub 0
[Fri Sep 18 07:30:55 2026] amdgpu 0001:01:00.0: ring comp_0.1.3.0 uses VM inv eng 7 on hub 0
[Fri Sep 18 07:30:55 2026] amdgpu 0001:01:00.0: ring comp_0.1.0.1 uses VM inv eng 8 on hub 0
[Fri Sep 18 07:30:55 2026] amdgpu 0001:01:00.0: ring comp_0.1.1.1 uses VM inv eng 9 on hub 0
[Fri Sep 18 07:30:55 2026] amdgpu 0001:01:00.0: ring comp_0.1.2.1 uses VM inv eng 10 on hub 0
[Fri Sep 18 07:30:55 2026] amdgpu 0001:01:00.0: ring comp_0.1.3.1 uses VM inv eng 11 on hub 0
[Fri Sep 18 07:30:55 2026] amdgpu 0001:01:00.0: ring comp_1.1.0.0 uses VM inv eng 0 on hub 1
[Fri Sep 18 07:30:55 2026] amdgpu 0001:01:00.0: ring comp_1.1.1.0 uses VM inv eng 1 on hub 1
[Fri Sep 18 07:30:55 2026] amdgpu 0001:01:00.0: ring comp_1.1.2.0 uses VM inv eng 4 on hub 1
[Fri Sep 18 07:30:55 2026] amdgpu 0001:01:00.0: ring comp_1.1.3.0 uses VM inv eng 7 on hub 1
[Fri Sep 18 07:30:55 2026] amdgpu 0001:01:00.0: ring comp_1.1.0.1 uses VM inv eng 8 on hub 1
[Fri Sep 18 07:30:55 2026] amdgpu 0001:01:00.0: ring comp_1.1.1.1 uses VM inv eng 9 on hub 1
[Fri Sep 18 07:30:55 2026] amdgpu 0001:01:00.0: ring comp_1.1.2.1 uses VM inv eng 10 on hub 1
[Fri Sep 18 07:30:55 2026] amdgpu 0001:01:00.0: ring comp_1.1.3.1 uses VM inv eng 11 on hub 1
[Fri Sep 18 07:30:55 2026] amdgpu 0001:01:00.0: ring comp_2.1.0.0 uses VM inv eng 0 on hub 2
[Fri Sep 18 07:30:55 2026] amdgpu 0001:01:00.0: ring comp_2.1.1.0 uses VM inv eng 1 on hub 2
[Fri Sep 18 07:30:55 2026] amdgpu 0001:01:00.0: ring comp_2.1.2.0 uses VM inv eng 4 on hub 2
[Fri Sep 18 07:30:55 2026] amdgpu 0001:01:00.0: ring comp_2.1.3.0 uses VM inv eng 7 on hub 2
[Fri Sep 18 07:30:55 2026] amdgpu 0001:01:00.0: ring comp_2.1.0.1 uses VM inv eng 8 on hub 2
[Fri Sep 18 07:30:55 2026] amdgpu 0001:01:00.0: ring comp_2.1.1.1 uses VM inv eng 9 on hub 2
[Fri Sep 18 07:30:55 2026] amdgpu 0001:01:00.0: ring comp_2.1.2.1 uses VM inv eng 10 on hub 2
[Fri Sep 18 07:30:55 2026] amdgpu 0001:01:00.0: ring comp_2.1.3.1 uses VM inv eng 11 on hub 2
[Fri Sep 18 07:30:55 2026] amdgpu 0001:01:00.0: ring comp_3.1.0.0 uses VM inv eng 0 on hub 3
[Fri Sep 18 07:30:55 2026] amdgpu 0001:01:00.0: ring comp_3.1.1.0 uses VM inv eng 1 on hub 3
[Fri Sep 18 07:30:55 2026] amdgpu 0001:01:00.0: ring comp_3.1.2.0 uses VM inv eng 4 on hub 3
[Fri Sep 18 07:30:55 2026] amdgpu 0001:01:00.0: ring comp_3.1.3.0 uses VM inv eng 7 on hub 3
[Fri Sep 18 07:30:55 2026] amdgpu 0001:01:00.0: ring comp_3.1.0.1 uses VM inv eng 8 on hub 3
[Fri Sep 18 07:30:55 2026] amdgpu 0001:01:00.0: ring comp_3.1.1.1 uses VM inv eng 9 on hub 3
[Fri Sep 18 07:30:55 2026] amdgpu 0001:01:00.0: ring comp_3.1.2.1 uses VM inv eng 10 on hub 3
[Fri Sep 18 07:30:55 2026] amdgpu 0001:01:00.0: ring comp_3.1.3.1 uses VM inv eng 11 on hub 3
[Fri Sep 18 07:30:55 2026] amdgpu 0001:01:00.0: ring comp_4.1.0.0 uses VM inv eng 0 on hub 4
[Fri Sep 18 07:30:55 2026] amdgpu 0001:01:00.0: ring comp_4.1.1.0 uses VM inv eng 1 on hub 4
[Fri Sep 18 07:30:55 2026] amdgpu 0001:01:00.0: ring comp_4.1.2.0 uses VM inv eng 4 on hub 4
[Fri Sep 18 07:30:55 2026] amdgpu 0001:01:00.0: ring comp_4.1.3.0 uses VM inv eng 7 on hub 4
[Fri Sep 18 07:30:55 2026] amdgpu 0001:01:00.0: ring comp_4.1.0.1 uses VM inv eng 8 on hub 4
[Fri Sep 18 07:30:55 2026] amdgpu 0001:01:00.0: ring comp_4.1.1.1 uses VM inv eng 9 on hub 4
[Fri Sep 18 07:30:55 2026] amdgpu 0001:01:00.0: ring comp_4.1.2.1 uses VM inv eng 10 on hub 4
[Fri Sep 18 07:30:55 2026] amdgpu 0001:01:00.0: ring comp_4.1.3.1 uses VM inv eng 11 on hub 4
[Fri Sep 18 07:30:55 2026] amdgpu 0001:01:00.0: ring comp_5.1.0.0 uses VM inv eng 0 on hub 5
[Fri Sep 18 07:30:55 2026] amdgpu 0001:01:00.0: ring comp_5.1.1.0 uses VM inv eng 1 on hub 5
[Fri Sep 18 07:30:55 2026] amdgpu 0001:01:00.0: ring comp_5.1.2.0 uses VM inv eng 4 on hub 5
[Fri Sep 18 07:30:55 2026] amdgpu 0001:01:00.0: ring comp_5.1.3.0 uses VM inv eng 7 on hub 5
[Fri Sep 18 07:30:55 2026] amdgpu 0001:01:00.0: ring comp_5.1.0.1 uses VM inv eng 8 on hub 5
[Fri Sep 18 07:30:55 2026] amdgpu 0001:01:00.0: ring comp_5.1.1.1 uses VM inv eng 9 on hub 5
[Fri Sep 18 07:30:55 2026] amdgpu 0001:01:00.0: ring comp_5.1.2.1 uses VM inv eng 10 on hub 5
[Fri Sep 18 07:30:55 2026] amdgpu 0001:01:00.0: ring comp_5.1.3.1 uses VM inv eng 11 on hub 5
[Fri Sep 18 07:30:55 2026] amdgpu 0001:01:00.0: ring comp_6.1.0.0 uses VM inv eng 0 on hub 6
[Fri Sep 18 07:30:55 2026] amdgpu 0001:01:00.0: ring comp_6.1.1.0 uses VM inv eng 1 on hub 6
[Fri Sep 18 07:30:55 2026] amdgpu 0001:01:00.0: ring comp_6.1.2.0 uses VM inv eng 4 on hub 6
[Fri Sep 18 07:30:55 2026] amdgpu 0001:01:00.0: ring comp_6.1.3.0 uses VM inv eng 7 on hub 6
[Fri Sep 18 07:30:55 2026] amdgpu 0001:01:00.0: ring comp_6.1.0.1 uses VM inv eng 8 on hub 6
[Fri Sep 18 07:30:55 2026] amdgpu 0001:01:00.0: ring comp_6.1.1.1 uses VM inv eng 9 on hub 6
[Fri Sep 18 07:30:55 2026] amdgpu 0001:01:00.0: ring comp_6.1.2.1 uses VM inv eng 10 on hub 6
[Fri Sep 18 07:30:55 2026] amdgpu 0001:01:00.0: ring comp_6.1.3.1 uses VM inv eng 11 on hub 6
[Fri Sep 18 07:30:55 2026] amdgpu 0001:01:00.0: ring comp_7.1.0.0 uses VM inv eng 0 on hub 7
[Fri Sep 18 07:30:55 2026] amdgpu 0001:01:00.0: ring comp_7.1.1.0 uses VM inv eng 1 on hub 7
[Fri Sep 18 07:30:55 2026] amdgpu 0001:01:00.0: ring comp_7.1.2.0 uses VM inv eng 4 on hub 7
[Fri Sep 18 07:30:55 2026] amdgpu 0001:01:00.0: ring comp_7.1.3.0 uses VM inv eng 7 on hub 7
[Fri Sep 18 07:30:55 2026] amdgpu 0001:01:00.0: ring comp_7.1.0.1 uses VM inv eng 8 on hub 7
[Fri Sep 18 07:30:55 2026] amdgpu 0001:01:00.0: ring comp_7.1.1.1 uses VM inv eng 9 on hub 7
[Fri Sep 18 07:30:55 2026] amdgpu 0001:01:00.0: ring comp_7.1.2.1 uses VM inv eng 10 on hub 7
[Fri Sep 18 07:30:55 2026] amdgpu 0001:01:00.0: ring comp_7.1.3.1 uses VM inv eng 11 on hub 7
[Fri Sep 18 07:30:55 2026] amdgpu 0001:01:00.0: ring sdma0.0 uses VM inv eng 12 on hub 0
[Fri Sep 18 07:30:55 2026] amdgpu 0001:01:00.0: ring sdma0.1 uses VM inv eng 13 on hub 0
[Fri Sep 18 07:30:55 2026] amdgpu 0001:01:00.0: ring sdma1.0 uses VM inv eng 12 on hub 1
[Fri Sep 18 07:30:55 2026] amdgpu 0001:01:00.0: ring sdma1.1 uses VM inv eng 13 on hub 1
[Fri Sep 18 07:30:55 2026] amdgpu 0001:01:00.0: ring sdma2.0 uses VM inv eng 12 on hub 2
[Fri Sep 18 07:30:55 2026] amdgpu 0001:01:00.0: ring sdma2.1 uses VM inv eng 13 on hub 2
[Fri Sep 18 07:30:55 2026] amdgpu 0001:01:00.0: ring sdma3.0 uses VM inv eng 12 on hub 3
[Fri Sep 18 07:30:55 2026] amdgpu 0001:01:00.0: ring sdma3.1 uses VM inv eng 13 on hub 3
[Fri Sep 18 07:30:55 2026] amdgpu 0001:01:00.0: ring sdma4.0 uses VM inv eng 12 on hub 4
[Fri Sep 18 07:30:55 2026] amdgpu 0001:01:00.0: ring sdma4.1 uses VM inv eng 13 on hub 4
[Fri Sep 18 07:30:55 2026] amdgpu 0001:01:00.0: ring sdma5.0 uses VM inv eng 12 on hub 5
[Fri Sep 18 07:30:55 2026] amdgpu 0001:01:00.0: ring sdma5.1 uses VM inv eng 13 on hub 5
[Fri Sep 18 07:30:55 2026] amdgpu 0001:01:00.0: ring sdma6.0 uses VM inv eng 12 on hub 6
[Fri Sep 18 07:30:55 2026] amdgpu 0001:01:00.0: ring sdma6.1 uses VM inv eng 13 on hub 6
[Fri Sep 18 07:30:55 2026] amdgpu 0001:01:00.0: ring sdma7.0 uses VM inv eng 12 on hub 7
[Fri Sep 18 07:30:55 2026] amdgpu 0001:01:00.0: ring sdma7.1 uses VM inv eng 13 on hub 7
[Fri Sep 18 07:30:55 2026] amdgpu 0001:01:00.0: ring vcn_unified_0 uses VM inv eng 0 on hub 8
[Fri Sep 18 07:30:55 2026] amdgpu 0001:01:00.0: ring vcn_unified_1 uses VM inv eng 1 on hub 8
[Fri Sep 18 07:30:55 2026] amdgpu 0001:01:00.0: ring vcn_unified_2 uses VM inv eng 0 on hub 9
[Fri Sep 18 07:30:55 2026] amdgpu 0001:01:00.0: ring vcn_unified_3 uses VM inv eng 1 on hub 9
[Fri Sep 18 07:30:55 2026] amdgpu 0001:01:00.0: ring jpeg_dec_0.0 uses VM inv eng 4 on hub 8
[Fri Sep 18 07:30:55 2026] amdgpu 0001:01:00.0: ring jpeg_dec_1.0 uses VM inv eng 7 on hub 8
[Fri Sep 18 07:30:55 2026] amdgpu 0001:01:00.0: ring jpeg_dec_2.0 uses VM inv eng 4 on hub 9
[Fri Sep 18 07:30:55 2026] amdgpu 0001:01:00.0: ring jpeg_dec_3.0 uses VM inv eng 7 on hub 9
[Fri Sep 18 07:30:55 2026] amdgpu 0001:01:00.0: ring mes_1.3.0.0 uses VM inv eng 14 on hub 1
[Fri Sep 18 07:30:55 2026] amdgpu 0001:01:00.0: ring mes_1.3.1.0 uses VM inv eng 15 on hub 1
[Fri Sep 18 07:30:55 2026] amdgpu 0001:01:00.0: ring mes_2.3.0.0 uses VM inv eng 14 on hub 2
[Fri Sep 18 07:30:55 2026] amdgpu 0001:01:00.0: ring mes_2.3.1.0 uses VM inv eng 15 on hub 2
[Fri Sep 18 07:30:55 2026] amdgpu 0001:01:00.0: ring mes_3.3.0.0 uses VM inv eng 14 on hub 3
[Fri Sep 18 07:30:55 2026] amdgpu 0001:01:00.0: ring mes_3.3.1.0 uses VM inv eng 15 on hub 3
[Fri Sep 18 07:30:55 2026] amdgpu 0001:01:00.0: ring mes_4.3.0.0 uses VM inv eng 14 on hub 4
[Fri Sep 18 07:30:55 2026] amdgpu 0001:01:00.0: ring mes_4.3.1.0 uses VM inv eng 15 on hub 4
[Fri Sep 18 07:30:55 2026] amdgpu 0001:01:00.0: ring mes_5.3.0.0 uses VM inv eng 14 on hub 5
[Fri Sep 18 07:30:55 2026] amdgpu 0001:01:00.0: ring mes_5.3.1.0 uses VM inv eng 15 on hub 5
[Fri Sep 18 07:30:55 2026] amdgpu 0001:01:00.0: ring mes_6.3.0.0 uses VM inv eng 14 on hub 6
[Fri Sep 18 07:30:55 2026] amdgpu 0001:01:00.0: ring mes_6.3.1.0 uses VM inv eng 15 on hub 6
[Fri Sep 18 07:30:55 2026] amdgpu 0001:01:00.0: ring mes_7.3.0.0 uses VM inv eng 14 on hub 7
[Fri Sep 18 07:30:55 2026] amdgpu 0001:01:00.0: ring mes_7.3.1.0 uses VM inv eng 15 on hub 7
[Fri Sep 18 07:30:55 2026] [drm] Using MTYPE_NC for local memory and MTYPE_UC for remote memory
[Fri Sep 18 07:30:56 2026] amdgpu: HMM registered 442368MB device memory
[Fri Sep 18 07:30:56 2026] amdgpu 0001:01:00.0: Runtime PM not available
[Fri Sep 18 07:30:56 2026] [drm] Initialized amdgpu 3.65.0 for 0001:01:00.0 on minor 1
[Fri Sep 18 07:30:56 2026] [drm] Initialized amdgpu 3.65.0 for amdgpu_xcp_0 on minor 2
[Fri Sep 18 07:30:56 2026] [drm] Initialized amdgpu 3.65.0 for amdgpu_xcp_1 on minor 3
[Fri Sep 18 07:30:56 2026] [drm] Initialized amdgpu 3.65.0 for amdgpu_xcp_2 on minor 4
[Fri Sep 18 07:30:56 2026] [drm] Initialized amdgpu 3.65.0 for amdgpu_xcp_3 on minor 5
[Fri Sep 18 07:30:56 2026] [drm] Initialized amdgpu 3.65.0 for amdgpu_xcp_4 on minor 6
[Fri Sep 18 07:30:56 2026] [drm] Initialized amdgpu 3.65.0 for amdgpu_xcp_5 on minor 7
[Fri Sep 18 07:30:56 2026] [drm] Initialized amdgpu 3.65.0 for amdgpu_xcp_6 on minor 8
[Fri Sep 18 07:32:04 2026] docker0: port 1(veth796cbc7) entered blocking state
[Fri Sep 18 07:32:04 2026] docker0: port 1(veth796cbc7) entered disabled state
[Fri Sep 18 07:32:04 2026] veth796cbc7: entered allmulticast mode
[Fri Sep 18 07:32:04 2026] veth796cbc7: entered promiscuous mode
[Fri Sep 18 07:32:04 2026] eth0: renamed from veth1e8630c
[Fri Sep 18 07:32:04 2026] docker0: port 1(veth796cbc7) entered blocking state
[Fri Sep 18 07:32:04 2026] docker0: port 1(veth796cbc7) entered forwarding state
[Fri Sep 18 07:32:30 2026] evm: overlay not supported
[Fri Sep 18 07:37:09 2026] workqueue: svm_range_restore_work [amdgpu] hogged CPU for >10000us 4 times, consider switching to WQ_UNBOUND
[Fri Sep 18 07:37:09 2026] workqueue: svm_range_restore_work [amdgpu] hogged CPU for >10000us 5 times, consider switching to WQ_UNBOUND
[Fri Sep 18 07:37:11 2026] workqueue: svm_range_restore_work [amdgpu] hogged CPU for >10000us 7 times, consider switching to WQ_UNBOUND
[Fri Sep 18 07:45:59 2026] workqueue: svm_range_restore_work [amdgpu] hogged CPU for >10000us 11 times, consider switching to WQ_UNBOUND
[Fri Sep 18 07:46:03 2026] workqueue: svm_range_restore_work [amdgpu] hogged CPU for >10000us 19 times, consider switching to WQ_UNBOUND
[Fri Sep 18 07:46:09 2026] workqueue: svm_range_restore_work [amdgpu] hogged CPU for >10000us 35 times, consider switching to WQ_UNBOUND
[Fri Sep 18 07:46:48 2026] perf: interrupt took too long (2555 > 2500), lowering kernel.perf_event_max_sample_rate to 78000
[Fri Sep 18 07:47:32 2026] perf: interrupt took too long (3212 > 3193), lowering kernel.perf_event_max_sample_rate to 62000
[Fri Sep 18 07:48:47 2026] workqueue: svm_range_restore_work [amdgpu] hogged CPU for >10000us 67 times, consider switching to WQ_UNBOUND
