
/home/chcai/mi450_logs/root_cause_20260919/session_20260921_CWSR_llvm_roundtrip_v2/baseline.o:	file format elf64-amdgpu

Disassembly of section .text:

0000000000000000 <L_0000>:
	s_branch L_0008                                            // 000000000000: BFA00001

0000000000000004 <L_0004>:
	s_branch L_0fcc                                            // 000000000004: BFA003F1

0000000000000008 <L_0008>:
	s_version UC_VERSION_GFX12|UC_VERSION_W32_BIT              // 000000000008: B0804009

000000000000000c <L_000c>:
	s_getreg_b32 ttmp12, hwreg(HW_REG_WAVE_STATE_PRIV)         // 00000000000C: B8F8F804

0000000000000010 <L_0010>:
	s_getreg_b32 ttmp14, hwreg(HW_REG_WAVE_EXCP_FLAG_PRIV)     // 000000000010: B8FAF811

0000000000000014 <L_0014>:
	s_bitcmp1_b32 ttmp14, 8                                    // 000000000014: BF0D887A

0000000000000018 <L_0018>:
	s_cbranch_scc0 L_003c                                      // 000000000018: BFA10008

000000000000001c <L_001c>:
	s_setreg_imm32_b32 hwreg(HW_REG_WAVE_EXCP_FLAG_PRIV, 8, 1), 0// 00000000001C: B9800211 00000000

0000000000000024 <L_0024>:
	s_mov_b64 ttmp[2:3], 0                                     // 000000000024: BEEE0180

0000000000000028 <L_0028>:
	v_mov_b32_e32 v1, 0                                        // 000000000028: 7E020280

000000000000002c <L_002c>:
	global_prefetch_b8 v1, ttmp[2:3] scope:SCOPE_SE            // 00000000002C: EE17406E 00040000 00000001

0000000000000038 <L_0038>:
	s_rfe_i64 ttmp[0:1]                                        // 000000000038: BE804A6C

000000000000003c <L_003c>:
	s_mov_b32 ttmp14, exec_lo                                  // 00000000003C: BEFA007E

0000000000000040 <L_0040>:
	s_mov_b32 exec_lo, 1                                       // 000000000040: BEFE0081

0000000000000044 <L_0044>:
	v_readlane_b32 ttmp15, v1, 0                               // 000000000044: D760007B 00010101

000000000000004c <L_004c>:
	s_mov_b64 ttmp[2:3], 0                                     // 00000000004C: BEEE0180

0000000000000050 <L_0050>:
	v_mov_b32_e32 v1, 0                                        // 000000000050: 7E020280

0000000000000054 <L_0054>:
	global_prefetch_b8 v1, ttmp[2:3] scope:SCOPE_SE            // 000000000054: EE17406E 00040000 00000001

0000000000000060 <L_0060>:
	v_writelane_b32 v1, ttmp15, 0                              // 000000000060: D7610001 0001007B

0000000000000068 <L_0068>:
	s_mov_b32 exec_lo, ttmp14                                  // 000000000068: BEFE007A

000000000000006c <L_006c>:
	s_and_not1_b32 ttmp12, ttmp12, 0x8c00                      // 00000000006C: 9178FF78 00008C00

0000000000000074 <L_0074>:
	s_getreg_b32 ttmp15, hwreg(HW_REG_WAVE_EXCP_FLAG_PRIV)     // 000000000074: B8FBF811

0000000000000078 <L_0078>:
	s_bitcmp0_b32 ttmp15, 7                                    // 000000000078: BF0C877B

000000000000007c <L_007c>:
	s_cbranch_scc1 L_0088                                      // 00000000007C: BFA20002

0000000000000080 <L_0080>:
	s_and_not1_b32 ttmp1, ttmp1, 0xf0000000                    // 000000000080: 916DFF6D F0000000

0000000000000088 <L_0088>:
	s_bitcmp1_b32 ttmp15, 5                                    // 000000000088: BF0D857B

000000000000008c <L_008c>:
	s_cbranch_scc0 L_00a8                                      // 00000000008C: BFA10006

0000000000000090 <L_0090>:
	s_and_not1_b32 ttmp15, ttmp15, 0x480                       // 000000000090: 917BFF7B 00000480

0000000000000098 <L_0098>:
	s_setreg_imm32_b32 hwreg(HW_REG_WAVE_EXCP_FLAG_PRIV, 7, 1), 0// 000000000098: B98001D1 00000000

00000000000000a0 <L_00a0>:
	s_setreg_imm32_b32 hwreg(HW_REG_WAVE_EXCP_FLAG_PRIV, 10, 1), 0// 0000000000A0: B9800291 00000000

00000000000000a8 <L_00a8>:
	s_and_b32 ttmp2, ttmp12, 0x4000                            // 0000000000A8: 8B6EFF78 00004000

00000000000000b0 <L_00b0>:
	s_cbranch_scc0 L_00d4                                      // 0000000000B0: BFA10008

00000000000000b4 <L_00b4>:
	s_and_b32 ttmp2, ttmp15, 0x480                             // 0000000000B4: 8B6EFF7B 00000480

00000000000000bc <L_00bc>:
	s_cbranch_scc1 L_0120                                      // 0000000000BC: BFA20018

00000000000000c0 <L_00c0>:
	s_and_b32 ttmp2, ttmp15, 32                                // 0000000000C0: 8B6EA07B

00000000000000c4 <L_00c4>:
	s_cbranch_scc1 L_0470                                      // 0000000000C4: BFA200EA

00000000000000c8 <L_00c8>:
	s_sleep 16                                                 // 0000000000C8: BF830010

00000000000000cc <L_00cc>:
	s_getreg_b32 ttmp15, hwreg(HW_REG_WAVE_EXCP_FLAG_PRIV)     // 0000000000CC: B8FBF811

00000000000000d0 <L_00d0>:
	s_branch L_00c0                                            // 0000000000D0: BFA0FFFB

00000000000000d4 <L_00d4>:
	s_and_b32 ttmp2, ttmp15, 0xbd0                             // 0000000000D4: 8B6EFF7B 00000BD0

00000000000000dc <L_00dc>:
	s_cbranch_scc1 L_0120                                      // 0000000000DC: BFA20010

00000000000000e0 <L_00e0>:
	s_getreg_b32 ttmp2, hwreg(HW_REG_WAVE_EXCP_FLAG_USER)      // 0000000000E0: B8EEF812

00000000000000e4 <L_00e4>:
	s_and_b32 ttmp3, ttmp15, 15                                // 0000000000E4: 8B6F8F7B

00000000000000e8 <L_00e8>:
	s_cbranch_scc0 L_00f4                                      // 0000000000E8: BFA10002

00000000000000ec <L_00ec>:
	s_or_b32 ttmp2, ttmp2, 0x80                                // 0000000000EC: 8C6EFF6E 00000080

00000000000000f4 <L_00f4>:
	s_getreg_b32 ttmp3, hwreg(HW_REG_WAVE_TRAP_CTRL)           // 0000000000F4: B8EFF813

00000000000000f8 <L_00f8>:
	s_and_b32 ttmp2, ttmp3, ttmp2                              // 0000000000F8: 8B6E6E6F

00000000000000fc <L_00fc>:
	s_cbranch_scc1 L_0120                                      // 0000000000FC: BFA20008

0000000000000100 <L_0100>:
	s_and_b32 ttmp2, ttmp1, 0xf0000000                         // 000000000100: 8B6EFF6D F0000000

0000000000000108 <L_0108>:
	s_cbranch_scc1 L_0120                                      // 000000000108: BFA20005

000000000000010c <L_010c>:
	s_and_b32 ttmp3, ttmp3, 0x200                              // 00000000010C: 8B6FFF6F 00000200

0000000000000114 <L_0114>:
	s_cbranch_scc1 L_0120                                      // 000000000114: BFA20002

0000000000000118 <L_0118>:
	s_and_b32 ttmp2, ttmp15, 32                                // 000000000118: 8B6EA07B

000000000000011c <L_011c>:
	s_cbranch_scc1 L_0470                                      // 00000000011C: BFA200D4

0000000000000120 <L_0120>:
	s_and_not1_b32 ttmp11, ttmp11, 0x7fc000                    // 000000000120: 9177FF77 007FC000

0000000000000128 <L_0128>:
	s_getreg_b32 ttmp14, hwreg(HW_REG_XNACK_STATE_PRIV, 18, 1) // 000000000128: B8FA04A1

000000000000012c <L_012c>:
	s_lshl_b32 ttmp14, ttmp14, 22                              // 00000000012C: 847A967A

0000000000000130 <L_0130>:
	s_or_b32 ttmp11, ttmp11, ttmp14                            // 000000000130: 8C777A77

0000000000000134 <L_0134>:
	s_getreg_b32 ttmp14, hwreg(HW_REG_XNACK_STATE_PRIV, 16, 1) // 000000000134: B8FA0421

0000000000000138 <L_0138>:
	s_lshl_b32 ttmp14, ttmp14, 21                              // 000000000138: 847A957A

000000000000013c <L_013c>:
	s_or_b32 ttmp11, ttmp11, ttmp14                            // 00000000013C: 8C777A77

0000000000000140 <L_0140>:
	s_getreg_b32 ttmp14, hwreg(HW_REG_XNACK_STATE_PRIV, 0, 7)  // 000000000140: B8FA3021

0000000000000144 <L_0144>:
	s_lshl_b32 ttmp14, ttmp14, 14                              // 000000000144: 847A8E7A

0000000000000148 <L_0148>:
	s_or_b32 ttmp11, ttmp11, ttmp14                            // 000000000148: 8C777A77

000000000000014c <L_014c>:
	s_setreg_imm32_b32 hwreg(HW_REG_XNACK_STATE_PRIV), 0       // 00000000014C: B980F821 00000000

0000000000000154 <L_0154>:
	s_mov_b32 ttmp3, ttmp15                                    // 000000000154: BEEF007B

0000000000000158 <L_0158>:
	s_sendmsg_rtn_b64 ttmp[14:15], sendmsg(MSG_RTN_GET_TMA)    // 000000000158: BEFA4D82

000000000000015c <L_015c>:
	s_wait_idle                                                // 00000000015C: BF8A0000

0000000000000160 <L_0160>:
	s_lshl_b64 ttmp[14:15], ttmp[14:15], 8                     // 000000000160: 84FA887A

0000000000000164 <L_0164>:
	s_bitcmp1_b32 ttmp15, 24                                   // 000000000164: BF0D987B

0000000000000168 <L_0168>:
	s_cbranch_scc0 L_0174                                      // 000000000168: BFA10002

000000000000016c <L_016c>:
	s_or_b32 ttmp15, ttmp15, 0xfe000000                        // 00000000016C: 8C7BFF7B FE000000

0000000000000174 <L_0174>:
	s_load_b32 ttmp2, ttmp[14:15], 0x10 scope:SCOPE_SYS        // 000000000174: F4601BBD F8000010

000000000000017c <L_017c>:
	s_wait_idle                                                // 00000000017C: BF8A0000

0000000000000180 <L_0180>:
	s_lshl_b32 ttmp2, ttmp2, 23                                // 000000000180: 846E976E

0000000000000184 <L_0184>:
	s_and_not1_b32 ttmp11, ttmp11, 0x3800000                   // 000000000184: 9177FF77 03800000

000000000000018c <L_018c>:
	s_or_b32 ttmp11, ttmp11, ttmp2                             // 00000000018C: 8C776E77

0000000000000190 <L_0190>:
	s_and_b32 ttmp2, ttmp3, 0x480                              // 000000000190: 8B6EFF6F 00000480

0000000000000198 <L_0198>:
	s_cbranch_scc0 L_01cc                                      // 000000000198: BFA1000C

000000000000019c <L_019c>:
	s_bitcmp1_b32 ttmp12, 14                                   // 00000000019C: BF0D8E78

00000000000001a0 <L_01a0>:
	s_cbranch_scc1 L_01ac                                      // 0000000001A0: BFA20002

00000000000001a4 <L_01a4>:
	s_bitcmp1_b32 ttmp11, 24                                   // 0000000001A4: BF0D9877

00000000000001a8 <L_01a8>:
	s_cbranch_scc1 L_01b4                                      // 0000000001A8: BFA20002

00000000000001ac <L_01ac>:
	s_setreg_imm32_b32 hwreg(HW_REG_WAVE_EXCP_FLAG_PRIV, 7, 1), 0// 0000000001AC: B98001D1 00000000

00000000000001b4 <L_01b4>:
	s_bitcmp1_b32 ttmp12, 14                                   // 0000000001B4: BF0D8E78

00000000000001b8 <L_01b8>:
	s_cbranch_scc1 L_01c4                                      // 0000000001B8: BFA20002

00000000000001bc <L_01bc>:
	s_bitcmp1_b32 ttmp11, 25                                   // 0000000001BC: BF0D9977

00000000000001c0 <L_01c0>:
	s_cbranch_scc1 L_01cc                                      // 0000000001C0: BFA20002

00000000000001c4 <L_01c4>:
	s_setreg_imm32_b32 hwreg(HW_REG_WAVE_EXCP_FLAG_PRIV, 10, 1), 0// 0000000001C4: B9800291 00000000

00000000000001cc <L_01cc>:
	s_load_b64 ttmp[2:3], ttmp[14:15], 0x0 scope:SCOPE_SYS     // 0000000001CC: F4603BBD F8000000

00000000000001d4 <L_01d4>:
	s_wait_idle                                                // 0000000001D4: BF8A0000

00000000000001d8 <L_01d8>:
	s_load_b64 ttmp[14:15], ttmp[14:15], 0x8 scope:SCOPE_SYS   // 0000000001D8: F4603EBD F8000008

00000000000001e0 <L_01e0>:
	s_wait_idle                                                // 0000000001E0: BF8A0000

00000000000001e4 <L_01e4>:
	s_and_b64 ttmp[2:3], ttmp[2:3], ttmp[2:3]                  // 0000000001E4: 8BEE6E6E

00000000000001e8 <L_01e8>:
	s_cbranch_scc0 L_01f0                                      // 0000000001E8: BFA10001

00000000000001ec <L_01ec>:
	s_set_pc_i64 ttmp[2:3]                                     // 0000000001EC: BE80486E

00000000000001f0 <L_01f0>:
	s_and_b32 ttmp2, ttmp1, 0xf0000000                         // 0000000001F0: 8B6EFF6D F0000000

00000000000001f8 <L_01f8>:
	s_cbranch_scc1 L_0220                                      // 0000000001F8: BFA20009

00000000000001fc <L_01fc>:
	s_getreg_b32 ttmp2, hwreg(HW_REG_WAVE_EXCP_FLAG_PRIV)      // 0000000001FC: B8EEF811

0000000000000200 <L_0200>:
	s_and_b32 ttmp2, ttmp2, 0x80                               // 000000000200: 8B6EFF6E 00000080

0000000000000208 <L_0208>:
	s_cbranch_scc1 L_0228                                      // 000000000208: BFA20007

000000000000020c <L_020c>:
	s_or_b32 ttmp12, ttmp12, 0x4000                            // 00000000020C: 8C78FF78 00004000

0000000000000214 <L_0214>:
	s_sub_co_u32 ttmp0, ttmp0, 8                               // 000000000214: 80EC886C

0000000000000218 <L_0218>:
	s_sub_co_ci_u32 ttmp1, ttmp1, 0                            // 000000000218: 82ED806D

000000000000021c <L_021c>:
	s_branch L_0228                                            // 00000000021C: BFA00002

0000000000000220 <L_0220>:
	s_add_co_u32 ttmp0, ttmp0, 4                               // 000000000220: 806C846C

0000000000000224 <L_0224>:
	s_add_co_ci_u32 ttmp1, ttmp1, 0                            // 000000000224: 826D806D

0000000000000228 <L_0228>:
	s_and_b32 ttmp1, ttmp1, 0x1ffffff                          // 000000000228: 8B6DFF6D 01FFFFFF

0000000000000230 <L_0230>:
	s_getreg_b32 ttmp15, hwreg(HW_REG_WAVE_EXCP_FLAG_PRIV)     // 000000000230: B8FBF811

0000000000000234 <L_0234>:
	s_bitcmp1_b32 ttmp15, 4                                    // 000000000234: BF0D847B

0000000000000238 <L_0238>:
	s_cbranch_scc1 L_0440                                      // 000000000238: BFA20081

000000000000023c <L_023c>:
	s_load_b64 ttmp[14:15], ttmp[0:1], 0x0                     // 00000000023C: F4003EB6 F8000000

0000000000000244 <L_0244>:
	s_wait_kmcnt 0x0                                           // 000000000244: BFC70000

0000000000000248 <L_0248>:
	s_load_b64 ttmp[2:3], ttmp[0:1], 0x8                       // 000000000248: F4003BB6 F8000008

0000000000000250 <L_0250>:
	s_and_b32 ttmp10, ttmp14, 0x80000000                       // 000000000250: 8B76FF7A 80000000

0000000000000258 <L_0258>:
	s_cbranch_scc1 L_02f8                                      // 000000000258: BFA20027

000000000000025c <L_025c>:
	s_bfe_u32 ttmp10, ttmp14, 0x60019                          // 00000000025C: 9376FF7A 00060019

0000000000000264 <L_0264>:
	s_sub_co_i32 ttmp13, ttmp10, 35                            // 000000000264: 81F9A376

0000000000000268 <L_0268>:
	s_cmp_le_u32 ttmp13, 1                                     // 000000000268: BF0B8179

000000000000026c <L_026c>:
	s_cbranch_scc1 L_0428                                      // 00000000026C: BFA2006E

0000000000000270 <L_0270>:
	s_sub_co_i32 ttmp13, ttmp10, 44                            // 000000000270: 81F9AC76

0000000000000274 <L_0274>:
	s_cmp_le_u32 ttmp13, 1                                     // 000000000274: BF0B8179

0000000000000278 <L_0278>:
	s_cbranch_scc1 L_041c                                      // 000000000278: BFA20068

000000000000027c <L_027c>:
	s_sub_co_i32 ttmp13, ttmp10, 55                            // 00000000027C: 81F9B776

0000000000000280 <L_0280>:
	s_cmp_le_u32 ttmp13, 1                                     // 000000000280: BF0B8179

0000000000000284 <L_0284>:
	s_cbranch_scc1 L_041c                                      // 000000000284: BFA20065

0000000000000288 <L_0288>:
	s_and_b32 ttmp10, ttmp14, 0x1ff                            // 000000000288: 8B76FF7A 000001FF

0000000000000290 <L_0290>:
	s_cmp_eq_u32 ttmp10, 0xfe                                  // 000000000290: BF06FF76 000000FE

0000000000000298 <L_0298>:
	s_cbranch_scc1 L_0428                                      // 000000000298: BFA20063

000000000000029c <L_029c>:
	s_cmp_eq_u32 ttmp10, 0xff                                  // 00000000029C: BF06FF76 000000FF

00000000000002a4 <L_02a4>:
	s_cbranch_scc1 L_041c                                      // 0000000002A4: BFA2005D

00000000000002a8 <L_02a8>:
	s_cmp_eq_u32 ttmp10, 0xfa                                  // 0000000002A8: BF06FF76 000000FA

00000000000002b0 <L_02b0>:
	s_cbranch_scc1 L_041c                                      // 0000000002B0: BFA2005A

00000000000002b4 <L_02b4>:
	s_sub_co_i32 ttmp13, ttmp10, 0xe9                          // 0000000002B4: 81F9FF76 000000E9

00000000000002bc <L_02bc>:
	s_cmp_le_u32 ttmp13, 1                                     // 0000000002BC: BF0B8179

00000000000002c0 <L_02c0>:
	s_cbranch_scc1 L_041c                                      // 0000000002C0: BFA20056

00000000000002c4 <L_02c4>:
	s_and_b32 ttmp10, ttmp15, 0xffff0000                       // 0000000002C4: 8B76FF7B FFFF0000

00000000000002cc <L_02cc>:
	s_cmp_eq_u32 ttmp10, 0xbf860000                            // 0000000002CC: BF06FF76 BF860000

00000000000002d4 <L_02d4>:
	s_cbranch_scc0 L_0440                                      // 0000000002D4: BFA1005A

00000000000002d8 <L_02d8>:
	s_bfe_u32 ttmp10, ttmp15, 0x2000e                          // 0000000002D8: 9376FF7B 0002000E

00000000000002e0 <L_02e0>:
	s_and_b32 ttmp13, ttmp15, 0x3f00                           // 0000000002E0: 8B79FF7B 00003F00

00000000000002e8 <L_02e8>:
	s_lshr_b32 ttmp13, ttmp13, 6                               // 0000000002E8: 85798679

00000000000002ec <L_02ec>:
	s_or_b32 ttmp10, ttmp10, ttmp13                            // 0000000002EC: 8C767976

00000000000002f0 <L_02f0>:
	s_setreg_b32 hwreg(HW_REG_WAVE_MODE, 12, 8), ttmp10        // 0000000002F0: B9763B01

00000000000002f4 <L_02f4>:
	s_branch L_0440                                            // 0000000002F4: BFA00052

00000000000002f8 <L_02f8>:
	s_and_b32 ttmp10, ttmp14, 0xfc000000                       // 0000000002F8: 8B76FF7A FC000000

0000000000000300 <L_0300>:
	s_cmp_eq_u32 ttmp10, 0xd4000000                            // 000000000300: BF06FF76 D4000000

0000000000000308 <L_0308>:
	s_cbranch_scc1 L_0370                                      // 000000000308: BFA20019

000000000000030c <L_030c>:
	s_cmp_eq_u32 ttmp10, 0xc8000000                            // 00000000030C: BF06FF76 C8000000

0000000000000314 <L_0314>:
	s_cbranch_scc1 L_03cc                                      // 000000000314: BFA2002D

0000000000000318 <L_0318>:
	s_and_b32 ttmp10, ttmp14, 0xff000000                       // 000000000318: 8B76FF7A FF000000

0000000000000320 <L_0320>:
	s_cmp_eq_u32 ttmp10, 0xcf000000                            // 000000000320: BF06FF76 CF000000

0000000000000328 <L_0328>:
	s_cbranch_scc1 L_0428                                      // 000000000328: BFA2003F

000000000000032c <L_032c>:
	s_and_b32 ttmp13, ttmp14, 0xffff0000                       // 00000000032C: 8B79FF7A FFFF0000

0000000000000334 <L_0334>:
	s_cmp_eq_u32 ttmp13, 0xcc330000                            // 000000000334: BF06FF79 CC330000

000000000000033c <L_033c>:
	s_cbranch_scc1 L_0434                                      // 00000000033C: BFA2003D

0000000000000340 <L_0340>:
	s_cmp_eq_u32 ttmp13, 0xcc880000                            // 000000000340: BF06FF79 CC880000

0000000000000348 <L_0348>:
	s_cbranch_scc1 L_0434                                      // 000000000348: BFA2003A

000000000000034c <L_034c>:
	s_cmp_eq_u32 ttmp13, 0xcc350000                            // 00000000034C: BF06FF79 CC350000

0000000000000354 <L_0354>:
	s_cbranch_scc1 L_0440                                      // 000000000354: BFA2003A

0000000000000358 <L_0358>:
	s_cmp_eq_u32 ttmp13, 0xcc3a0000                            // 000000000358: BF06FF79 CC3A0000

0000000000000360 <L_0360>:
	s_cbranch_scc1 L_0440                                      // 000000000360: BFA20037

0000000000000364 <L_0364>:
	s_cmp_eq_u32 ttmp10, 0xcc000000                            // 000000000364: BF06FF76 CC000000

000000000000036c <L_036c>:
	s_cbranch_scc0 L_0440                                      // 00000000036C: BFA10034

0000000000000370 <L_0370>:
	s_and_b32 ttmp10, ttmp15, 0x1ff                            // 000000000370: 8B76FF7B 000001FF

0000000000000378 <L_0378>:
	s_cmp_eq_u32 ttmp10, 0xff                                  // 000000000378: BF06FF76 000000FF

0000000000000380 <L_0380>:
	s_cbranch_scc1 L_0428                                      // 000000000380: BFA20029

0000000000000384 <L_0384>:
	s_cmp_eq_u32 ttmp10, 0xfa                                  // 000000000384: BF06FF76 000000FA

000000000000038c <L_038c>:
	s_cbranch_scc1 L_0428                                      // 00000000038C: BFA20026

0000000000000390 <L_0390>:
	s_sub_co_i32 ttmp10, ttmp10, 0xe9                          // 000000000390: 81F6FF76 000000E9

0000000000000398 <L_0398>:
	s_cmp_le_u32 ttmp10, 1                                     // 000000000398: BF0B8176

000000000000039c <L_039c>:
	s_cbranch_scc1 L_0428                                      // 00000000039C: BFA20022

00000000000003a0 <L_03a0>:
	s_and_b32 ttmp10, ttmp15, 0x3fe00                          // 0000000003A0: 8B76FF7B 0003FE00

00000000000003a8 <L_03a8>:
	s_cmp_eq_u32 ttmp10, 0x1fe00                               // 0000000003A8: BF06FF76 0001FE00

00000000000003b0 <L_03b0>:
	s_cbranch_scc1 L_0428                                      // 0000000003B0: BFA2001D

00000000000003b4 <L_03b4>:
	s_and_b32 ttmp10, ttmp15, 0x7fc0000                        // 0000000003B4: 8B76FF7B 07FC0000

00000000000003bc <L_03bc>:
	s_cmp_eq_u32 ttmp10, 0x3fc0000                             // 0000000003BC: BF06FF76 03FC0000

00000000000003c4 <L_03c4>:
	s_cbranch_scc1 L_0428                                      // 0000000003C4: BFA20018

00000000000003c8 <L_03c8>:
	s_branch L_041c                                            // 0000000003C8: BFA00014

00000000000003cc <L_03cc>:
	s_bfe_u32 ttmp10, ttmp14, 0x40016                          // 0000000003CC: 9376FF7A 00040016

00000000000003d4 <L_03d4>:
	s_sub_co_i32 ttmp10, ttmp10, 1                             // 0000000003D4: 81F68176

00000000000003d8 <L_03d8>:
	s_cmp_le_u32 ttmp10, 1                                     // 0000000003D8: BF0B8176

00000000000003dc <L_03dc>:
	s_cbranch_scc1 L_0428                                      // 0000000003DC: BFA20012

00000000000003e0 <L_03e0>:
	s_bfe_u32 ttmp10, ttmp14, 0x50011                          // 0000000003E0: 9376FF7A 00050011

00000000000003e8 <L_03e8>:
	s_sub_co_i32 ttmp10, ttmp10, 1                             // 0000000003E8: 81F68176

00000000000003ec <L_03ec>:
	s_cmp_le_u32 ttmp10, 1                                     // 0000000003EC: BF0B8176

00000000000003f0 <L_03f0>:
	s_cbranch_scc1 L_0428                                      // 0000000003F0: BFA2000D

00000000000003f4 <L_03f4>:
	s_and_b32 ttmp10, ttmp14, 0x1ff                            // 0000000003F4: 8B76FF7A 000001FF

00000000000003fc <L_03fc>:
	s_cmp_eq_u32 ttmp10, 0xff                                  // 0000000003FC: BF06FF76 000000FF

0000000000000404 <L_0404>:
	s_cbranch_scc1 L_0428                                      // 000000000404: BFA20008

0000000000000408 <L_0408>:
	s_and_b32 ttmp10, ttmp15, 0x1ff                            // 000000000408: 8B76FF7B 000001FF

0000000000000410 <L_0410>:
	s_cmp_eq_u32 ttmp10, 0xff                                  // 000000000410: BF06FF76 000000FF

0000000000000418 <L_0418>:
	s_cbranch_scc1 L_0428                                      // 000000000418: BFA20003

000000000000041c <L_041c>:
	s_wait_kmcnt 0x0                                           // 00000000041C: BFC70000

0000000000000420 <L_0420>:
	s_mov_b32 ttmp15, ttmp2                                    // 000000000420: BEFB006E

0000000000000424 <L_0424>:
	s_branch L_02c4                                            // 000000000424: BFA0FFA7

0000000000000428 <L_0428>:
	s_wait_kmcnt 0x0                                           // 000000000428: BFC70000

000000000000042c <L_042c>:
	s_mov_b32 ttmp15, ttmp3                                    // 00000000042C: BEFB006F

0000000000000430 <L_0430>:
	s_branch L_02c4                                            // 000000000430: BFA0FFA4

0000000000000434 <L_0434>:
	s_sub_co_u32 ttmp0, ttmp0, 8                               // 000000000434: 80EC886C

0000000000000438 <L_0438>:
	s_sub_co_ci_u32 ttmp1, ttmp1, 0                            // 000000000438: 82ED806D

000000000000043c <L_043c>:
	s_branch L_041c                                            // 00000000043C: BFA0FFF7

0000000000000440 <L_0440>:
	s_wait_kmcnt 0x0                                           // 000000000440: BFC70000

0000000000000444 <L_0444>:
	s_lshr_b32 ttmp14, ttmp11, 22                              // 000000000444: 857A9677

0000000000000448 <L_0448>:
	s_setreg_b32 hwreg(HW_REG_XNACK_STATE_PRIV, 18, 1), ttmp14 // 000000000448: B97A04A1

000000000000044c <L_044c>:
	s_lshr_b32 ttmp14, ttmp11, 21                              // 00000000044C: 857A9577

0000000000000450 <L_0450>:
	s_setreg_b32 hwreg(HW_REG_XNACK_STATE_PRIV, 16, 1), ttmp14 // 000000000450: B97A0421

0000000000000454 <L_0454>:
	s_lshr_b32 ttmp14, ttmp11, 14                              // 000000000454: 857A8E77

0000000000000458 <L_0458>:
	s_setreg_b32 hwreg(HW_REG_XNACK_STATE_PRIV, 0, 7), ttmp14  // 000000000458: B97A3021

000000000000045c <L_045c>:
	s_and_b64 exec, exec, exec                                 // 00000000045C: 8BFE7E7E

0000000000000460 <L_0460>:
	s_and_b64 vcc, vcc, vcc                                    // 000000000460: 8BEA6A6A

0000000000000464 <L_0464>:
	s_lshr_b32 ttmp12, ttmp12, 9                               // 000000000464: 85788978

0000000000000468 <L_0468>:
	s_setreg_b32 hwreg(HW_REG_WAVE_STATE_PRIV, 9, 7), ttmp12   // 000000000468: B9783244

000000000000046c <L_046c>:
	s_rfe_i64 ttmp[0:1]                                        // 00000000046C: BE804A6C

0000000000000470 <L_0470>:
	s_getreg_b32 ttmp14, hwreg(HW_REG_WAVE_STATUS)             // 000000000470: B8FAF802

0000000000000474 <L_0474>:
	s_bitcmp1_b32 ttmp14, 24                                   // 000000000474: BF0D987A

0000000000000478 <L_0478>:
	s_cbranch_scc0 L_0480                                      // 000000000478: BFA10001

000000000000047c <L_047c>:
	s_endpgm                                                   // 00000000047C: BFB00000

0000000000000480 <L_0480>:
	s_and_b32 ttmp1, ttmp1, 0x1ffffff                          // 000000000480: 8B6DFF6D 01FFFFFF

0000000000000488 <L_0488>:
	s_mov_b32 ttmp14, 0                                        // 000000000488: BEFA0080

000000000000048c <L_048c>:
	s_setreg_b32 hwreg(HW_REG_WAVE_EXCP_FLAG_PRIV, 5, 1), ttmp14// 00000000048C: B97A0151

0000000000000490 <L_0490>:
	s_and_not1_b32 ttmp11, ttmp11, 0x7fc000                    // 000000000490: 9177FF77 007FC000

0000000000000498 <L_0498>:
	s_getreg_b32 ttmp14, hwreg(HW_REG_XNACK_STATE_PRIV, 18, 1) // 000000000498: B8FA04A1

000000000000049c <L_049c>:
	s_lshl_b32 ttmp14, ttmp14, 22                              // 00000000049C: 847A967A

00000000000004a0 <L_04a0>:
	s_or_b32 ttmp11, ttmp11, ttmp14                            // 0000000004A0: 8C777A77

00000000000004a4 <L_04a4>:
	s_getreg_b32 ttmp14, hwreg(HW_REG_XNACK_STATE_PRIV, 16, 1) // 0000000004A4: B8FA0421

00000000000004a8 <L_04a8>:
	s_lshl_b32 ttmp14, ttmp14, 21                              // 0000000004A8: 847A957A

00000000000004ac <L_04ac>:
	s_or_b32 ttmp11, ttmp11, ttmp14                            // 0000000004AC: 8C777A77

00000000000004b0 <L_04b0>:
	s_getreg_b32 ttmp14, hwreg(HW_REG_XNACK_STATE_PRIV, 0, 7)  // 0000000004B0: B8FA3021

00000000000004b4 <L_04b4>:
	s_lshl_b32 ttmp14, ttmp14, 14                              // 0000000004B4: 847A8E7A

00000000000004b8 <L_04b8>:
	s_or_b32 ttmp11, ttmp11, ttmp14                            // 0000000004B8: 8C777A77

00000000000004bc <L_04bc>:
	s_setreg_imm32_b32 hwreg(HW_REG_XNACK_STATE_PRIV), 0       // 0000000004BC: B980F821 00000000

00000000000004c4 <L_04c4>:
	s_bitcmp1_b32 ttmp15, 4                                    // 0000000004C4: BF0D847B

00000000000004c8 <L_04c8>:
	s_cbranch_scc1 L_06d0                                      // 0000000004C8: BFA20081

00000000000004cc <L_04cc>:
	s_load_b64 ttmp[14:15], ttmp[0:1], 0x0                     // 0000000004CC: F4003EB6 F8000000

00000000000004d4 <L_04d4>:
	s_wait_kmcnt 0x0                                           // 0000000004D4: BFC70000

00000000000004d8 <L_04d8>:
	s_load_b64 ttmp[2:3], ttmp[0:1], 0x8                       // 0000000004D8: F4003BB6 F8000008

00000000000004e0 <L_04e0>:
	s_and_b32 ttmp10, ttmp14, 0x80000000                       // 0000000004E0: 8B76FF7A 80000000

00000000000004e8 <L_04e8>:
	s_cbranch_scc1 L_0588                                      // 0000000004E8: BFA20027

00000000000004ec <L_04ec>:
	s_bfe_u32 ttmp10, ttmp14, 0x60019                          // 0000000004EC: 9376FF7A 00060019

00000000000004f4 <L_04f4>:
	s_sub_co_i32 ttmp13, ttmp10, 35                            // 0000000004F4: 81F9A376

00000000000004f8 <L_04f8>:
	s_cmp_le_u32 ttmp13, 1                                     // 0000000004F8: BF0B8179

00000000000004fc <L_04fc>:
	s_cbranch_scc1 L_06b8                                      // 0000000004FC: BFA2006E

0000000000000500 <L_0500>:
	s_sub_co_i32 ttmp13, ttmp10, 44                            // 000000000500: 81F9AC76

0000000000000504 <L_0504>:
	s_cmp_le_u32 ttmp13, 1                                     // 000000000504: BF0B8179

0000000000000508 <L_0508>:
	s_cbranch_scc1 L_06ac                                      // 000000000508: BFA20068

000000000000050c <L_050c>:
	s_sub_co_i32 ttmp13, ttmp10, 55                            // 00000000050C: 81F9B776

0000000000000510 <L_0510>:
	s_cmp_le_u32 ttmp13, 1                                     // 000000000510: BF0B8179

0000000000000514 <L_0514>:
	s_cbranch_scc1 L_06ac                                      // 000000000514: BFA20065

0000000000000518 <L_0518>:
	s_and_b32 ttmp10, ttmp14, 0x1ff                            // 000000000518: 8B76FF7A 000001FF

0000000000000520 <L_0520>:
	s_cmp_eq_u32 ttmp10, 0xfe                                  // 000000000520: BF06FF76 000000FE

0000000000000528 <L_0528>:
	s_cbranch_scc1 L_06b8                                      // 000000000528: BFA20063

000000000000052c <L_052c>:
	s_cmp_eq_u32 ttmp10, 0xff                                  // 00000000052C: BF06FF76 000000FF

0000000000000534 <L_0534>:
	s_cbranch_scc1 L_06ac                                      // 000000000534: BFA2005D

0000000000000538 <L_0538>:
	s_cmp_eq_u32 ttmp10, 0xfa                                  // 000000000538: BF06FF76 000000FA

0000000000000540 <L_0540>:
	s_cbranch_scc1 L_06ac                                      // 000000000540: BFA2005A

0000000000000544 <L_0544>:
	s_sub_co_i32 ttmp13, ttmp10, 0xe9                          // 000000000544: 81F9FF76 000000E9

000000000000054c <L_054c>:
	s_cmp_le_u32 ttmp13, 1                                     // 00000000054C: BF0B8179

0000000000000550 <L_0550>:
	s_cbranch_scc1 L_06ac                                      // 000000000550: BFA20056

0000000000000554 <L_0554>:
	s_and_b32 ttmp10, ttmp15, 0xffff0000                       // 000000000554: 8B76FF7B FFFF0000

000000000000055c <L_055c>:
	s_cmp_eq_u32 ttmp10, 0xbf860000                            // 00000000055C: BF06FF76 BF860000

0000000000000564 <L_0564>:
	s_cbranch_scc0 L_06d0                                      // 000000000564: BFA1005A

0000000000000568 <L_0568>:
	s_bfe_u32 ttmp10, ttmp15, 0x2000e                          // 000000000568: 9376FF7B 0002000E

0000000000000570 <L_0570>:
	s_and_b32 ttmp13, ttmp15, 0x3f00                           // 000000000570: 8B79FF7B 00003F00

0000000000000578 <L_0578>:
	s_lshr_b32 ttmp13, ttmp13, 6                               // 000000000578: 85798679

000000000000057c <L_057c>:
	s_or_b32 ttmp10, ttmp10, ttmp13                            // 00000000057C: 8C767976

0000000000000580 <L_0580>:
	s_setreg_b32 hwreg(HW_REG_WAVE_MODE, 12, 8), ttmp10        // 000000000580: B9763B01

0000000000000584 <L_0584>:
	s_branch L_06d0                                            // 000000000584: BFA00052

0000000000000588 <L_0588>:
	s_and_b32 ttmp10, ttmp14, 0xfc000000                       // 000000000588: 8B76FF7A FC000000

0000000000000590 <L_0590>:
	s_cmp_eq_u32 ttmp10, 0xd4000000                            // 000000000590: BF06FF76 D4000000

0000000000000598 <L_0598>:
	s_cbranch_scc1 L_0600                                      // 000000000598: BFA20019

000000000000059c <L_059c>:
	s_cmp_eq_u32 ttmp10, 0xc8000000                            // 00000000059C: BF06FF76 C8000000

00000000000005a4 <L_05a4>:
	s_cbranch_scc1 L_065c                                      // 0000000005A4: BFA2002D

00000000000005a8 <L_05a8>:
	s_and_b32 ttmp10, ttmp14, 0xff000000                       // 0000000005A8: 8B76FF7A FF000000

00000000000005b0 <L_05b0>:
	s_cmp_eq_u32 ttmp10, 0xcf000000                            // 0000000005B0: BF06FF76 CF000000

00000000000005b8 <L_05b8>:
	s_cbranch_scc1 L_06b8                                      // 0000000005B8: BFA2003F

00000000000005bc <L_05bc>:
	s_and_b32 ttmp13, ttmp14, 0xffff0000                       // 0000000005BC: 8B79FF7A FFFF0000

00000000000005c4 <L_05c4>:
	s_cmp_eq_u32 ttmp13, 0xcc330000                            // 0000000005C4: BF06FF79 CC330000

00000000000005cc <L_05cc>:
	s_cbranch_scc1 L_06c4                                      // 0000000005CC: BFA2003D

00000000000005d0 <L_05d0>:
	s_cmp_eq_u32 ttmp13, 0xcc880000                            // 0000000005D0: BF06FF79 CC880000

00000000000005d8 <L_05d8>:
	s_cbranch_scc1 L_06c4                                      // 0000000005D8: BFA2003A

00000000000005dc <L_05dc>:
	s_cmp_eq_u32 ttmp13, 0xcc350000                            // 0000000005DC: BF06FF79 CC350000

00000000000005e4 <L_05e4>:
	s_cbranch_scc1 L_06d0                                      // 0000000005E4: BFA2003A

00000000000005e8 <L_05e8>:
	s_cmp_eq_u32 ttmp13, 0xcc3a0000                            // 0000000005E8: BF06FF79 CC3A0000

00000000000005f0 <L_05f0>:
	s_cbranch_scc1 L_06d0                                      // 0000000005F0: BFA20037

00000000000005f4 <L_05f4>:
	s_cmp_eq_u32 ttmp10, 0xcc000000                            // 0000000005F4: BF06FF76 CC000000

00000000000005fc <L_05fc>:
	s_cbranch_scc0 L_06d0                                      // 0000000005FC: BFA10034

0000000000000600 <L_0600>:
	s_and_b32 ttmp10, ttmp15, 0x1ff                            // 000000000600: 8B76FF7B 000001FF

0000000000000608 <L_0608>:
	s_cmp_eq_u32 ttmp10, 0xff                                  // 000000000608: BF06FF76 000000FF

0000000000000610 <L_0610>:
	s_cbranch_scc1 L_06b8                                      // 000000000610: BFA20029

0000000000000614 <L_0614>:
	s_cmp_eq_u32 ttmp10, 0xfa                                  // 000000000614: BF06FF76 000000FA

000000000000061c <L_061c>:
	s_cbranch_scc1 L_06b8                                      // 00000000061C: BFA20026

0000000000000620 <L_0620>:
	s_sub_co_i32 ttmp10, ttmp10, 0xe9                          // 000000000620: 81F6FF76 000000E9

0000000000000628 <L_0628>:
	s_cmp_le_u32 ttmp10, 1                                     // 000000000628: BF0B8176

000000000000062c <L_062c>:
	s_cbranch_scc1 L_06b8                                      // 00000000062C: BFA20022

0000000000000630 <L_0630>:
	s_and_b32 ttmp10, ttmp15, 0x3fe00                          // 000000000630: 8B76FF7B 0003FE00

0000000000000638 <L_0638>:
	s_cmp_eq_u32 ttmp10, 0x1fe00                               // 000000000638: BF06FF76 0001FE00

0000000000000640 <L_0640>:
	s_cbranch_scc1 L_06b8                                      // 000000000640: BFA2001D

0000000000000644 <L_0644>:
	s_and_b32 ttmp10, ttmp15, 0x7fc0000                        // 000000000644: 8B76FF7B 07FC0000

000000000000064c <L_064c>:
	s_cmp_eq_u32 ttmp10, 0x3fc0000                             // 00000000064C: BF06FF76 03FC0000

0000000000000654 <L_0654>:
	s_cbranch_scc1 L_06b8                                      // 000000000654: BFA20018

0000000000000658 <L_0658>:
	s_branch L_06ac                                            // 000000000658: BFA00014

000000000000065c <L_065c>:
	s_bfe_u32 ttmp10, ttmp14, 0x40016                          // 00000000065C: 9376FF7A 00040016

0000000000000664 <L_0664>:
	s_sub_co_i32 ttmp10, ttmp10, 1                             // 000000000664: 81F68176

0000000000000668 <L_0668>:
	s_cmp_le_u32 ttmp10, 1                                     // 000000000668: BF0B8176

000000000000066c <L_066c>:
	s_cbranch_scc1 L_06b8                                      // 00000000066C: BFA20012

0000000000000670 <L_0670>:
	s_bfe_u32 ttmp10, ttmp14, 0x50011                          // 000000000670: 9376FF7A 00050011

0000000000000678 <L_0678>:
	s_sub_co_i32 ttmp10, ttmp10, 1                             // 000000000678: 81F68176

000000000000067c <L_067c>:
	s_cmp_le_u32 ttmp10, 1                                     // 00000000067C: BF0B8176

0000000000000680 <L_0680>:
	s_cbranch_scc1 L_06b8                                      // 000000000680: BFA2000D

0000000000000684 <L_0684>:
	s_and_b32 ttmp10, ttmp14, 0x1ff                            // 000000000684: 8B76FF7A 000001FF

000000000000068c <L_068c>:
	s_cmp_eq_u32 ttmp10, 0xff                                  // 00000000068C: BF06FF76 000000FF

0000000000000694 <L_0694>:
	s_cbranch_scc1 L_06b8                                      // 000000000694: BFA20008

0000000000000698 <L_0698>:
	s_and_b32 ttmp10, ttmp15, 0x1ff                            // 000000000698: 8B76FF7B 000001FF

00000000000006a0 <L_06a0>:
	s_cmp_eq_u32 ttmp10, 0xff                                  // 0000000006A0: BF06FF76 000000FF

00000000000006a8 <L_06a8>:
	s_cbranch_scc1 L_06b8                                      // 0000000006A8: BFA20003

00000000000006ac <L_06ac>:
	s_wait_kmcnt 0x0                                           // 0000000006AC: BFC70000

00000000000006b0 <L_06b0>:
	s_mov_b32 ttmp15, ttmp2                                    // 0000000006B0: BEFB006E

00000000000006b4 <L_06b4>:
	s_branch L_0554                                            // 0000000006B4: BFA0FFA7

00000000000006b8 <L_06b8>:
	s_wait_kmcnt 0x0                                           // 0000000006B8: BFC70000

00000000000006bc <L_06bc>:
	s_mov_b32 ttmp15, ttmp3                                    // 0000000006BC: BEFB006F

00000000000006c0 <L_06c0>:
	s_branch L_0554                                            // 0000000006C0: BFA0FFA4

00000000000006c4 <L_06c4>:
	s_sub_co_u32 ttmp0, ttmp0, 8                               // 0000000006C4: 80EC886C

00000000000006c8 <L_06c8>:
	s_sub_co_ci_u32 ttmp1, ttmp1, 0                            // 0000000006C8: 82ED806D

00000000000006cc <L_06cc>:
	s_branch L_06ac                                            // 0000000006CC: BFA0FFF7

00000000000006d0 <L_06d0>:
	s_wait_kmcnt 0x0                                           // 0000000006D0: BFC70000

00000000000006d4 <L_06d4>:
	s_mov_b32 ttmp2, exec_lo                                   // 0000000006D4: BEEE007E

00000000000006d8 <L_06d8>:
	s_mov_b32 ttmp3, exec_hi                                   // 0000000006D8: BEEF007F

00000000000006dc <L_06dc>:
	s_mov_b64 exec, 0                                          // 0000000006DC: BEFE0180

00000000000006e0 <L_06e0>:
	s_sendmsg_rtn_b64 exec, sendmsg(MSG_RTN_SAVE_WAVE)         // 0000000006E0: BEFE4D84

00000000000006e4 <L_06e4>:
	s_wait_idle                                                // 0000000006E4: BF8A0000

00000000000006e8 <L_06e8>:
	s_and_b32 ttmp14, exec_hi, 0x4000000                       // 0000000006E8: 8B7AFF7F 04000000

00000000000006f0 <L_06f0>:
	s_lshl_b32 ttmp14, ttmp14, 5                               // 0000000006F0: 847A857A

00000000000006f4 <L_06f4>:
	s_or_b32 ttmp1, ttmp1, ttmp14                              // 0000000006F4: 8C6D7A6D

00000000000006f8 <L_06f8>:
	s_getreg_b32 ttmp3, hwreg(HW_REG_XNACK_MASK)               // 0000000006F8: B8EFF822

00000000000006fc <L_06fc>:
	s_setreg_imm32_b32 hwreg(HW_REG_XNACK_MASK), 0             // 0000000006FC: B980F822 00000000

0000000000000704 <L_0704>:
	s_getreg_b32 ttmp14, hwreg(HW_REG_WAVE_MODE, 12, 6)        // 000000000704: B8FA2B01

0000000000000708 <L_0708>:
	s_lshl_b32 ttmp14, ttmp14, 25                              // 000000000708: 847A997A

000000000000070c <L_070c>:
	s_or_b32 ttmp1, ttmp1, ttmp14                              // 00000000070C: 8C6D7A6D

0000000000000710 <L_0710>:
	s_mov_b32 ttmp14, 0                                        // 000000000710: BEFA0080

0000000000000714 <L_0714>:
	s_setreg_b32 hwreg(HW_REG_WAVE_MODE, 12, 6), ttmp14        // 000000000714: B97A2B01

0000000000000718 <L_0718>:
	s_mov_b32 ttmp14, exec_lo                                  // 000000000718: BEFA007E

000000000000071c <L_071c>:
	s_and_b32 ttmp15, exec_hi, 0x1ffffff                       // 00000000071C: 8B7BFF7F 01FFFFFF

0000000000000724 <L_0724>:
	s_mov_b32 exec_lo, -1                                      // 000000000724: BEFE00C1

0000000000000728 <L_0728>:
	s_mov_b32 exec_hi, -1                                      // 000000000728: BEFF00C1

000000000000072c <L_072c>:
	global_store_addtid_b32 v0, ttmp[14:15] scope:SCOPE_SYS    // 00000000072C: EE0A407A 000C0000 00000000

0000000000000738 <L_0738>:
	v_mov_b32_e32 v0, 0                                        // 000000000738: 7E000280

000000000000073c <L_073c>:
	s_mov_b32 exec_lo, ttmp14                                  // 00000000073C: BEFE007A

0000000000000740 <L_0740>:
	s_mov_b32 exec_hi, ttmp15                                  // 000000000740: BEFF007B

0000000000000744 <L_0744>:
	s_getreg_b32 ttmp15, hwreg(HW_REG_WAVE_STATUS, 29, 1)      // 000000000744: B8FB0742

0000000000000748 <L_0748>:
	s_lshl_b32 ttmp15, ttmp15, 25                              // 000000000748: 847B997B

000000000000074c <L_074c>:
	s_getreg_b32 ttmp14, hwreg(HW_REG_WAVE_GPR_ALLOC, 12, 8)   // 00000000074C: B8FA3B05

0000000000000750 <L_0750>:
	s_add_co_u32 ttmp14, ttmp14, 1                             // 000000000750: 807A817A

0000000000000754 <L_0754>:
	s_bitcmp1_b32 ttmp15, 25                                   // 000000000754: BF0D997B

0000000000000758 <L_0758>:
	s_cbranch_scc1 L_0764                                      // 000000000758: BFA20002

000000000000075c <L_075c>:
	s_lshl_b32 ttmp14, ttmp14, 9                               // 00000000075C: 847A897A

0000000000000760 <L_0760>:
	s_branch L_0768                                            // 000000000760: BFA00001

0000000000000764 <L_0764>:
	s_lshl_b32 ttmp14, ttmp14, 10                              // 000000000764: 847A8A7A

0000000000000768 <L_0768>:
	s_and_b32 ttmp15, exec_hi, 0x1ffffff                       // 000000000768: 8B7BFF7F 01FFFFFF

0000000000000770 <L_0770>:
	s_add_co_u32 ttmp14, ttmp14, 0x1c0                         // 000000000770: 807AFF7A 000001C0

0000000000000778 <L_0778>:
	s_add_co_u32 ttmp14, ttmp14, exec_lo                       // 000000000778: 807A7E7A

000000000000077c <L_077c>:
	s_add_co_ci_u32 ttmp15, ttmp15, 0                          // 00000000077C: 827B807B

0000000000000780 <L_0780>:
	v_writelane_b32 v0, ttmp4, 4                               // 000000000780: D7610000 00010870

0000000000000788 <L_0788>:
	v_writelane_b32 v0, ttmp5, 5                               // 000000000788: D7610000 00010A71

0000000000000790 <L_0790>:
	v_writelane_b32 v0, ttmp6, 6                               // 000000000790: D7610000 00010C72

0000000000000798 <L_0798>:
	v_writelane_b32 v0, ttmp7, 7                               // 000000000798: D7610000 00010E73

00000000000007a0 <L_07a0>:
	v_writelane_b32 v0, ttmp8, 8                               // 0000000007A0: D7610000 00011074

00000000000007a8 <L_07a8>:
	v_writelane_b32 v0, ttmp9, 9                               // 0000000007A8: D7610000 00011275

00000000000007b0 <L_07b0>:
	v_writelane_b32 v0, ttmp10, 10                             // 0000000007B0: D7610000 00011476

00000000000007b8 <L_07b8>:
	v_writelane_b32 v0, ttmp11, 11                             // 0000000007B8: D7610000 00011677

00000000000007c0 <L_07c0>:
	v_writelane_b32 v0, ttmp13, 13                             // 0000000007C0: D7610000 00011A79

00000000000007c8 <L_07c8>:
	v_writelane_b32 v0, exec_lo, 14                            // 0000000007C8: D7610000 00011C7E

00000000000007d0 <L_07d0>:
	v_writelane_b32 v0, exec_hi, 15                            // 0000000007D0: D7610000 00011E7F

00000000000007d8 <L_07d8>:
	s_mov_b32 exec_lo, 0x3fff                                  // 0000000007D8: BEFE00FF 00003FFF

00000000000007e0 <L_07e0>:
	s_mov_b32 exec_hi, 0                                       // 0000000007E0: BEFF0080

00000000000007e4 <L_07e4>:
	global_store_addtid_b32 v0, ttmp[14:15] scope:SCOPE_SYS    // 0000000007E4: EE0A407A 000C0000 00000000

00000000000007f0 <L_07f0>:
	v_readlane_b32 ttmp14, v0, 14                              // 0000000007F0: D760007A 00011D00

00000000000007f8 <L_07f8>:
	v_readlane_b32 ttmp15, v0, 15                              // 0000000007F8: D760007B 00011F00

0000000000000800 <L_0800>:
	s_mov_b32 exec_lo, ttmp14                                  // 000000000800: BEFE007A

0000000000000804 <L_0804>:
	s_mov_b32 exec_hi, ttmp15                                  // 000000000804: BEFF007B

0000000000000808 <L_0808>:
	s_mov_b32 ttmp8, exec_lo                                   // 000000000808: BEF4007E

000000000000080c <L_080c>:
	s_and_b32 ttmp9, exec_hi, 0x1ffffff                        // 00000000080C: 8B75FF7F 01FFFFFF

0000000000000814 <L_0814>:
	s_mov_b32 ttmp5, m0                                        // 000000000814: BEF1007D

0000000000000818 <L_0818>:
	s_getreg_b32 ttmp7, hwreg(HW_REG_WAVE_STATUS, 29, 1)       // 000000000818: B8F30742

000000000000081c <L_081c>:
	s_lshl_b32 ttmp7, ttmp7, 25                                // 00000000081C: 84739973

0000000000000820 <L_0820>:
	s_mov_b32 exec_lo, -1                                      // 000000000820: BEFE00C1

0000000000000824 <L_0824>:
	s_lshr_b32 m0, ttmp7, 25                                   // 000000000824: 857D9973

0000000000000828 <L_0828>:
	s_and_b32 m0, m0, 1                                        // 000000000828: 8B7D817D

000000000000082c <L_082c>:
	s_cmp_eq_u32 m0, 1                                         // 00000000082C: BF06817D

0000000000000830 <L_0830>:
	s_cbranch_scc1 L_083c                                      // 000000000830: BFA20002

0000000000000834 <L_0834>:
	s_mov_b32 exec_hi, 0                                       // 000000000834: BEFF0080

0000000000000838 <L_0838>:
	s_branch L_0844                                            // 000000000838: BFA00002

000000000000083c <L_083c>:
	s_mov_b32 exec_hi, -1                                      // 00000000083C: BEFF00C1

0000000000000840 <L_0840>:
	s_branch L_086c                                            // 000000000840: BFA0000A

0000000000000844 <L_0844>:
	global_store_addtid_b32 v1, ttmp[8:9] offset:128 scope:SCOPE_SYS// 000000000844: EE0A4074 008C0000 00008000

0000000000000850 <L_0850>:
	global_store_addtid_b32 v2, ttmp[8:9] offset:256 scope:SCOPE_SYS// 000000000850: EE0A4074 010C0000 00010000

000000000000085c <L_085c>:
	global_store_addtid_b32 v3, ttmp[8:9] offset:384 scope:SCOPE_SYS// 00000000085C: EE0A4074 018C0000 00018000

0000000000000868 <L_0868>:
	s_branch L_0890                                            // 000000000868: BFA00009

000000000000086c <L_086c>:
	global_store_addtid_b32 v1, ttmp[8:9] offset:256 scope:SCOPE_SYS// 00000000086C: EE0A4074 008C0000 00010000

0000000000000878 <L_0878>:
	global_store_addtid_b32 v2, ttmp[8:9] offset:512 scope:SCOPE_SYS// 000000000878: EE0A4074 010C0000 00020000

0000000000000884 <L_0884>:
	global_store_addtid_b32 v3, ttmp[8:9] offset:768 scope:SCOPE_SYS// 000000000884: EE0A4074 018C0000 00030000

0000000000000890 <L_0890>:
	s_getreg_b32 ttmp4, hwreg(HW_REG_WAVE_GPR_ALLOC, 12, 8)    // 000000000890: B8F03B05

0000000000000894 <L_0894>:
	s_add_co_u32 ttmp4, ttmp4, 1                               // 000000000894: 80708170

0000000000000898 <L_0898>:
	s_bitcmp1_b32 ttmp7, 25                                    // 000000000898: BF0D9973

000000000000089c <L_089c>:
	s_cbranch_scc1 L_08a8                                      // 00000000089C: BFA20002

00000000000008a0 <L_08a0>:
	s_lshl_b32 ttmp4, ttmp4, 9                                 // 0000000008A0: 84708970

00000000000008a4 <L_08a4>:
	s_branch L_08ac                                            // 0000000008A4: BFA00001

00000000000008a8 <L_08a8>:
	s_lshl_b32 ttmp4, ttmp4, 10                                // 0000000008A8: 84708A70

00000000000008ac <L_08ac>:
	s_add_co_u32 ttmp4, ttmp4, 0x200                           // 0000000008AC: 8070FF70 00000200

00000000000008b4 <L_08b4>:
	v_mov_b32_e32 v0, 0                                        // 0000000008B4: 7E000280

00000000000008b8 <L_08b8>:
	v_mov_b32_e32 v1, 0                                        // 0000000008B8: 7E020280

00000000000008bc <L_08bc>:
	v_mov_b32_e32 v2, 0                                        // 0000000008BC: 7E040280

00000000000008c0 <L_08c0>:
	s_mov_b32 m0, 0                                            // 0000000008C0: BEFD0080

00000000000008c4 <L_08c4>:
	v_writelane_b32 v2, ttmp5, m0                              // 0000000008C4: D7610002 0000FA71

00000000000008cc <L_08cc>:
	s_add_co_u32 m0, m0, 1                                     // 0000000008CC: 807D817D

00000000000008d0 <L_08d0>:
	s_getreg_b32 ttmp14, hwreg(HW_REG_WAVE_STATUS)             // 0000000008D0: B8FAF802

00000000000008d4 <L_08d4>:
	s_bitcmp0_b32 ttmp14, 11                                   // 0000000008D4: BF0C8B7A

00000000000008d8 <L_08d8>:
	s_cbranch_scc1 L_08e8                                      // 0000000008D8: BFA20003

00000000000008dc <L_08dc>:
	s_barrier_signal_isfirst -2                                // 0000000008DC: BE804FC2

00000000000008e0 <L_08e0>:
	s_barrier_wait 0xfffe                                      // 0000000008E0: BF94FFFE

00000000000008e4 <L_08e4>:
	s_cbranch_scc0 L_08ec                                      // 0000000008E4: BFA10001

00000000000008e8 <L_08e8>:
	s_barrier_signal -4                                        // 0000000008E8: BE804EC4

00000000000008ec <L_08ec>:
	s_barrier_wait 0xfffc                                      // 0000000008EC: BF94FFFC

00000000000008f0 <L_08f0>:
	s_sendmsg_rtn_b32 ttmp14, sendmsg(MSG_RTN_GET_CLUSTER_BARRIER_STATE)// 0000000008F0: BEFA4C88

00000000000008f4 <L_08f4>:
	s_wait_kmcnt 0x0                                           // 0000000008F4: BFC70000

00000000000008f8 <L_08f8>:
	s_bitcmp0_b32 ttmp14, 0                                    // 0000000008F8: BF0C807A

00000000000008fc <L_08fc>:
	s_cbranch_scc1 L_0918                                      // 0000000008FC: BFA20006

0000000000000900 <L_0900>:
	s_bfe_u32 ttmp5, ttmp14, 0x70004                           // 000000000900: 9371FF7A 00070004

0000000000000908 <L_0908>:
	s_bfe_u32 ttmp14, ttmp14, 0x70010                          // 000000000908: 937AFF7A 00070010

0000000000000910 <L_0910>:
	s_cmp_eq_u32 ttmp14, ttmp5                                 // 000000000910: BF06717A

0000000000000914 <L_0914>:
	s_cbranch_scc1 L_08f0                                      // 000000000914: BFA2FFF6

0000000000000918 <L_0918>:
	s_getreg_b32 ttmp14, hwreg(HW_REG_WAVE_STATE_PRIV)         // 000000000918: B8FAF804

000000000000091c <L_091c>:
	s_and_b32 ttmp14, ttmp14, 0x1000c                          // 00000000091C: 8B7AFF7A 0001000C

0000000000000924 <L_0924>:
	s_and_not1_b32 ttmp12, ttmp12, 0x1000c                     // 000000000924: 9178FF78 0001000C

000000000000092c <L_092c>:
	s_or_b32 ttmp12, ttmp12, ttmp14                            // 00000000092C: 8C787A78

0000000000000930 <L_0930>:
	v_writelane_b32 v2, ttmp0, m0                              // 000000000930: D7610002 0000FA6C

0000000000000938 <L_0938>:
	s_add_co_u32 m0, m0, 1                                     // 000000000938: 807D817D

000000000000093c <L_093c>:
	s_and_b32 ttmp14, ttmp1, 0x1ffffff                         // 00000000093C: 8B7AFF6D 01FFFFFF

0000000000000944 <L_0944>:
	v_writelane_b32 v2, ttmp14, m0                             // 000000000944: D7610002 0000FA7A

000000000000094c <L_094c>:
	s_add_co_u32 m0, m0, 1                                     // 00000000094C: 807D817D

0000000000000950 <L_0950>:
	v_writelane_b32 v2, ttmp2, m0                              // 000000000950: D7610002 0000FA6E

0000000000000958 <L_0958>:
	s_add_co_u32 m0, m0, 1                                     // 000000000958: 807D817D

000000000000095c <L_095c>:
	s_mov_b32 ttmp14, 0                                        // 00000000095C: BEFA0080

0000000000000960 <L_0960>:
	v_writelane_b32 v2, ttmp14, m0                             // 000000000960: D7610002 0000FA7A

0000000000000968 <L_0968>:
	s_add_co_u32 m0, m0, 1                                     // 000000000968: 807D817D

000000000000096c <L_096c>:
	v_writelane_b32 v2, ttmp12, m0                             // 00000000096C: D7610002 0000FA78

0000000000000974 <L_0974>:
	s_add_co_u32 m0, m0, 1                                     // 000000000974: 807D817D

0000000000000978 <L_0978>:
	s_getreg_b32 ttmp14, hwreg(HW_REG_WAVE_EXCP_FLAG_PRIV)     // 000000000978: B8FAF811

000000000000097c <L_097c>:
	v_writelane_b32 v2, ttmp14, m0                             // 00000000097C: D7610002 0000FA7A

0000000000000984 <L_0984>:
	s_add_co_u32 m0, m0, 1                                     // 000000000984: 807D817D

0000000000000988 <L_0988>:
	v_writelane_b32 v2, ttmp3, m0                              // 000000000988: D7610002 0000FA6F

0000000000000990 <L_0990>:
	s_add_co_u32 m0, m0, 1                                     // 000000000990: 807D817D

0000000000000994 <L_0994>:
	s_getreg_b32 ttmp5, hwreg(HW_REG_WAVE_MODE)                // 000000000994: B8F1F801

0000000000000998 <L_0998>:
	s_bfe_u32 ttmp14, ttmp1, 0x60019                           // 000000000998: 937AFF6D 00060019

00000000000009a0 <L_09a0>:
	s_lshl_b32 ttmp14, ttmp14, 12                              // 0000000009A0: 847A8C7A

00000000000009a4 <L_09a4>:
	s_or_b32 ttmp5, ttmp5, ttmp14                              // 0000000009A4: 8C717A71

00000000000009a8 <L_09a8>:
	v_writelane_b32 v2, ttmp5, m0                              // 0000000009A8: D7610002 0000FA71

00000000000009b0 <L_09b0>:
	s_add_co_u32 m0, m0, 1                                     // 0000000009B0: 807D817D

00000000000009b4 <L_09b4>:
	s_getreg_b32 ttmp5, hwreg(HW_REG_WAVE_SCRATCH_BASE_LO)     // 0000000009B4: B8F1F814

00000000000009b8 <L_09b8>:
	v_writelane_b32 v2, ttmp5, m0                              // 0000000009B8: D7610002 0000FA71

00000000000009c0 <L_09c0>:
	s_add_co_u32 m0, m0, 1                                     // 0000000009C0: 807D817D

00000000000009c4 <L_09c4>:
	s_getreg_b32 ttmp5, hwreg(HW_REG_WAVE_SCRATCH_BASE_HI)     // 0000000009C4: B8F1F815

00000000000009c8 <L_09c8>:
	v_writelane_b32 v2, ttmp5, m0                              // 0000000009C8: D7610002 0000FA71

00000000000009d0 <L_09d0>:
	s_add_co_u32 m0, m0, 1                                     // 0000000009D0: 807D817D

00000000000009d4 <L_09d4>:
	s_getreg_b32 ttmp5, hwreg(HW_REG_WAVE_EXCP_FLAG_USER)      // 0000000009D4: B8F1F812

00000000000009d8 <L_09d8>:
	v_writelane_b32 v2, ttmp5, m0                              // 0000000009D8: D7610002 0000FA71

00000000000009e0 <L_09e0>:
	s_add_co_u32 m0, m0, 1                                     // 0000000009E0: 807D817D

00000000000009e4 <L_09e4>:
	s_getreg_b32 ttmp5, hwreg(HW_REG_WAVE_TRAP_CTRL)           // 0000000009E4: B8F1F813

00000000000009e8 <L_09e8>:
	v_writelane_b32 v2, ttmp5, m0                              // 0000000009E8: D7610002 0000FA71

00000000000009f0 <L_09f0>:
	s_add_co_u32 m0, m0, 1                                     // 0000000009F0: 807D817D

00000000000009f4 <L_09f4>:
	s_getreg_b32 ttmp14, hwreg(HW_REG_WAVE_STATUS)             // 0000000009F4: B8FAF802

00000000000009f8 <L_09f8>:
	v_writelane_b32 v2, ttmp14, m0                             // 0000000009F8: D7610002 0000FA7A

0000000000000a00 <L_0a00>:
	s_add_co_u32 m0, m0, 1                                     // 000000000A00: 807D817D

0000000000000a04 <L_0a04>:
	s_get_barrier_state ttmp14, -1                             // 000000000A04: BEFA50C1

0000000000000a08 <L_0a08>:
	s_wait_kmcnt 0x0                                           // 000000000A08: BFC70000

0000000000000a0c <L_0a0c>:
	v_writelane_b32 v2, ttmp14, m0                             // 000000000A0C: D7610002 0000FA7A

0000000000000a14 <L_0a14>:
	s_add_co_u32 m0, m0, 1                                     // 000000000A14: 807D817D

0000000000000a18 <L_0a18>:
	s_sendmsg_rtn_b32 ttmp14, sendmsg(MSG_RTN_GET_CLUSTER_BARRIER_STATE)// 000000000A18: BEFA4C88

0000000000000a1c <L_0a1c>:
	s_wait_kmcnt 0x0                                           // 000000000A1C: BFC70000

0000000000000a20 <L_0a20>:
	v_writelane_b32 v2, ttmp14, m0                             // 000000000A20: D7610002 0000FA7A

0000000000000a28 <L_0a28>:
	s_add_co_u32 m0, m0, 1                                     // 000000000A28: 807D817D

0000000000000a2c <L_0a2c>:
	s_getreg_b32 ttmp14, hwreg(HW_REG_WAVE_SCHED_MODE)         // 000000000A2C: B8FAF81A

0000000000000a30 <L_0a30>:
	v_writelane_b32 v2, ttmp14, m0                             // 000000000A30: D7610002 0000FA7A

0000000000000a38 <L_0a38>:
	s_add_co_u32 m0, m0, 1                                     // 000000000A38: 807D817D

0000000000000a3c <L_0a3c>:
	s_mov_b32 exec_lo, -1                                      // 000000000A3C: BEFE00C1

0000000000000a40 <L_0a40>:
	s_mov_b32 exec_hi, 0                                       // 000000000A40: BEFF0080

0000000000000a44 <L_0a44>:
	s_add_co_u32 ttmp10, ttmp8, ttmp4                          // 000000000A44: 80767074

0000000000000a48 <L_0a48>:
	s_add_co_ci_u32 ttmp11, ttmp9, 0                           // 000000000A48: 82778075

0000000000000a4c <L_0a4c>:
	global_store_addtid_b32 v2, ttmp[10:11] scope:SCOPE_SYS    // 000000000A4C: EE0A4076 010C0000 00000000

0000000000000a58 <L_0a58>:
	s_mov_b32 exec_lo, -1                                      // 000000000A58: BEFE00C1

0000000000000a5c <L_0a5c>:
	v_mov_b32_e32 v2, 0                                        // 000000000A5C: 7E040280

0000000000000a60 <L_0a60>:
	s_get_barrier_state ttmp14, 1                              // 000000000A60: BEFA5081

0000000000000a64 <L_0a64>:
	s_wait_kmcnt 0x0                                           // 000000000A64: BFC70000

0000000000000a68 <L_0a68>:
	v_writelane_b32 v2, ttmp14, 0                              // 000000000A68: D7610002 0001007A

0000000000000a70 <L_0a70>:
	s_get_barrier_state ttmp14, 2                              // 000000000A70: BEFA5082

0000000000000a74 <L_0a74>:
	s_wait_kmcnt 0x0                                           // 000000000A74: BFC70000

0000000000000a78 <L_0a78>:
	v_writelane_b32 v2, ttmp14, 1                              // 000000000A78: D7610002 0001027A

0000000000000a80 <L_0a80>:
	s_get_barrier_state ttmp14, 3                              // 000000000A80: BEFA5083

0000000000000a84 <L_0a84>:
	s_wait_kmcnt 0x0                                           // 000000000A84: BFC70000

0000000000000a88 <L_0a88>:
	v_writelane_b32 v2, ttmp14, 2                              // 000000000A88: D7610002 0001047A

0000000000000a90 <L_0a90>:
	s_get_barrier_state ttmp14, 4                              // 000000000A90: BEFA5084

0000000000000a94 <L_0a94>:
	s_wait_kmcnt 0x0                                           // 000000000A94: BFC70000

0000000000000a98 <L_0a98>:
	v_writelane_b32 v2, ttmp14, 3                              // 000000000A98: D7610002 0001067A

0000000000000aa0 <L_0aa0>:
	s_get_barrier_state ttmp14, 5                              // 000000000AA0: BEFA5085

0000000000000aa4 <L_0aa4>:
	s_wait_kmcnt 0x0                                           // 000000000AA4: BFC70000

0000000000000aa8 <L_0aa8>:
	v_writelane_b32 v2, ttmp14, 4                              // 000000000AA8: D7610002 0001087A

0000000000000ab0 <L_0ab0>:
	s_get_barrier_state ttmp14, 6                              // 000000000AB0: BEFA5086

0000000000000ab4 <L_0ab4>:
	s_wait_kmcnt 0x0                                           // 000000000AB4: BFC70000

0000000000000ab8 <L_0ab8>:
	v_writelane_b32 v2, ttmp14, 5                              // 000000000AB8: D7610002 00010A7A

0000000000000ac0 <L_0ac0>:
	s_get_barrier_state ttmp14, 7                              // 000000000AC0: BEFA5087

0000000000000ac4 <L_0ac4>:
	s_wait_kmcnt 0x0                                           // 000000000AC4: BFC70000

0000000000000ac8 <L_0ac8>:
	v_writelane_b32 v2, ttmp14, 6                              // 000000000AC8: D7610002 00010C7A

0000000000000ad0 <L_0ad0>:
	s_get_barrier_state ttmp14, 8                              // 000000000AD0: BEFA5088

0000000000000ad4 <L_0ad4>:
	s_wait_kmcnt 0x0                                           // 000000000AD4: BFC70000

0000000000000ad8 <L_0ad8>:
	v_writelane_b32 v2, ttmp14, 7                              // 000000000AD8: D7610002 00010E7A

0000000000000ae0 <L_0ae0>:
	s_get_barrier_state ttmp14, 9                              // 000000000AE0: BEFA5089

0000000000000ae4 <L_0ae4>:
	s_wait_kmcnt 0x0                                           // 000000000AE4: BFC70000

0000000000000ae8 <L_0ae8>:
	v_writelane_b32 v2, ttmp14, 8                              // 000000000AE8: D7610002 0001107A

0000000000000af0 <L_0af0>:
	s_get_barrier_state ttmp14, 10                             // 000000000AF0: BEFA508A

0000000000000af4 <L_0af4>:
	s_wait_kmcnt 0x0                                           // 000000000AF4: BFC70000

0000000000000af8 <L_0af8>:
	v_writelane_b32 v2, ttmp14, 9                              // 000000000AF8: D7610002 0001127A

0000000000000b00 <L_0b00>:
	s_get_barrier_state ttmp14, 11                             // 000000000B00: BEFA508B

0000000000000b04 <L_0b04>:
	s_wait_kmcnt 0x0                                           // 000000000B04: BFC70000

0000000000000b08 <L_0b08>:
	v_writelane_b32 v2, ttmp14, 10                             // 000000000B08: D7610002 0001147A

0000000000000b10 <L_0b10>:
	s_get_barrier_state ttmp14, 12                             // 000000000B10: BEFA508C

0000000000000b14 <L_0b14>:
	s_wait_kmcnt 0x0                                           // 000000000B14: BFC70000

0000000000000b18 <L_0b18>:
	v_writelane_b32 v2, ttmp14, 11                             // 000000000B18: D7610002 0001167A

0000000000000b20 <L_0b20>:
	s_get_barrier_state ttmp14, 13                             // 000000000B20: BEFA508D

0000000000000b24 <L_0b24>:
	s_wait_kmcnt 0x0                                           // 000000000B24: BFC70000

0000000000000b28 <L_0b28>:
	v_writelane_b32 v2, ttmp14, 12                             // 000000000B28: D7610002 0001187A

0000000000000b30 <L_0b30>:
	s_get_barrier_state ttmp14, 14                             // 000000000B30: BEFA508E

0000000000000b34 <L_0b34>:
	s_wait_kmcnt 0x0                                           // 000000000B34: BFC70000

0000000000000b38 <L_0b38>:
	v_writelane_b32 v2, ttmp14, 13                             // 000000000B38: D7610002 00011A7A

0000000000000b40 <L_0b40>:
	s_get_barrier_state ttmp14, 15                             // 000000000B40: BEFA508F

0000000000000b44 <L_0b44>:
	s_wait_kmcnt 0x0                                           // 000000000B44: BFC70000

0000000000000b48 <L_0b48>:
	v_writelane_b32 v2, ttmp14, 14                             // 000000000B48: D7610002 00011C7A

0000000000000b50 <L_0b50>:
	s_get_barrier_state ttmp14, 16                             // 000000000B50: BEFA5090

0000000000000b54 <L_0b54>:
	s_wait_kmcnt 0x0                                           // 000000000B54: BFC70000

0000000000000b58 <L_0b58>:
	v_writelane_b32 v2, ttmp14, 15                             // 000000000B58: D7610002 00011E7A

0000000000000b60 <L_0b60>:
	global_store_addtid_b32 v2, ttmp[10:11] offset:128 scope:SCOPE_SYS// 000000000B60: EE0A4076 010C0000 00008000

0000000000000b6c <L_0b6c>:
	s_getreg_b32 ttmp4, hwreg(HW_REG_WAVE_GPR_ALLOC, 12, 8)    // 000000000B6C: B8F03B05

0000000000000b70 <L_0b70>:
	s_add_co_u32 ttmp4, ttmp4, 1                               // 000000000B70: 80708170

0000000000000b74 <L_0b74>:
	s_bitcmp1_b32 ttmp7, 25                                    // 000000000B74: BF0D9973

0000000000000b78 <L_0b78>:
	s_cbranch_scc1 L_0b84                                      // 000000000B78: BFA20002

0000000000000b7c <L_0b7c>:
	s_lshl_b32 ttmp4, ttmp4, 9                                 // 000000000B7C: 84708970

0000000000000b80 <L_0b80>:
	s_branch L_0b88                                            // 000000000B80: BFA00001

0000000000000b84 <L_0b84>:
	s_lshl_b32 ttmp4, ttmp4, 10                                // 000000000B84: 84708A70

0000000000000b88 <L_0b88>:
	s_mov_b32 ttmp13, 0                                        // 000000000B88: BEF90080

0000000000000b8c <L_0b8c>:
	s_mov_b32 m0, 0                                            // 000000000B8C: BEFD0080

0000000000000b90 <L_0b90>:
	s_nop 0                                                    // 000000000B90: BF800000

0000000000000b94 <L_0b94>:
	s_movrels_b64 s[0:1], s[0:1]                               // 000000000B94: BE804100

0000000000000b98 <L_0b98>:
	s_movrels_b64 s[2:3], s[2:3]                               // 000000000B98: BE824102

0000000000000b9c <L_0b9c>:
	s_movrels_b64 s[4:5], s[4:5]                               // 000000000B9C: BE844104

0000000000000ba0 <L_0ba0>:
	s_movrels_b64 s[6:7], s[6:7]                               // 000000000BA0: BE864106

0000000000000ba4 <L_0ba4>:
	s_movrels_b64 s[8:9], s[8:9]                               // 000000000BA4: BE884108

0000000000000ba8 <L_0ba8>:
	s_movrels_b64 s[10:11], s[10:11]                           // 000000000BA8: BE8A410A

0000000000000bac <L_0bac>:
	s_movrels_b64 s[12:13], s[12:13]                           // 000000000BAC: BE8C410C

0000000000000bb0 <L_0bb0>:
	s_movrels_b64 s[14:15], s[14:15]                           // 000000000BB0: BE8E410E

0000000000000bb4 <L_0bb4>:
	v_writelane_b32 v2, s0, ttmp13                             // 000000000BB4: D7610002 0000F200

0000000000000bbc <L_0bbc>:
	s_add_co_u32 ttmp13, ttmp13, 1                             // 000000000BBC: 80798179

0000000000000bc0 <L_0bc0>:
	v_writelane_b32 v2, s1, ttmp13                             // 000000000BC0: D7610002 0000F201

0000000000000bc8 <L_0bc8>:
	s_add_co_u32 ttmp13, ttmp13, 1                             // 000000000BC8: 80798179

0000000000000bcc <L_0bcc>:
	v_writelane_b32 v2, s2, ttmp13                             // 000000000BCC: D7610002 0000F202

0000000000000bd4 <L_0bd4>:
	s_add_co_u32 ttmp13, ttmp13, 1                             // 000000000BD4: 80798179

0000000000000bd8 <L_0bd8>:
	v_writelane_b32 v2, s3, ttmp13                             // 000000000BD8: D7610002 0000F203

0000000000000be0 <L_0be0>:
	s_add_co_u32 ttmp13, ttmp13, 1                             // 000000000BE0: 80798179

0000000000000be4 <L_0be4>:
	v_writelane_b32 v2, s4, ttmp13                             // 000000000BE4: D7610002 0000F204

0000000000000bec <L_0bec>:
	s_add_co_u32 ttmp13, ttmp13, 1                             // 000000000BEC: 80798179

0000000000000bf0 <L_0bf0>:
	v_writelane_b32 v2, s5, ttmp13                             // 000000000BF0: D7610002 0000F205

0000000000000bf8 <L_0bf8>:
	s_add_co_u32 ttmp13, ttmp13, 1                             // 000000000BF8: 80798179

0000000000000bfc <L_0bfc>:
	v_writelane_b32 v2, s6, ttmp13                             // 000000000BFC: D7610002 0000F206

0000000000000c04 <L_0c04>:
	s_add_co_u32 ttmp13, ttmp13, 1                             // 000000000C04: 80798179

0000000000000c08 <L_0c08>:
	v_writelane_b32 v2, s7, ttmp13                             // 000000000C08: D7610002 0000F207

0000000000000c10 <L_0c10>:
	s_add_co_u32 ttmp13, ttmp13, 1                             // 000000000C10: 80798179

0000000000000c14 <L_0c14>:
	v_writelane_b32 v2, s8, ttmp13                             // 000000000C14: D7610002 0000F208

0000000000000c1c <L_0c1c>:
	s_add_co_u32 ttmp13, ttmp13, 1                             // 000000000C1C: 80798179

0000000000000c20 <L_0c20>:
	v_writelane_b32 v2, s9, ttmp13                             // 000000000C20: D7610002 0000F209

0000000000000c28 <L_0c28>:
	s_add_co_u32 ttmp13, ttmp13, 1                             // 000000000C28: 80798179

0000000000000c2c <L_0c2c>:
	v_writelane_b32 v2, s10, ttmp13                            // 000000000C2C: D7610002 0000F20A

0000000000000c34 <L_0c34>:
	s_add_co_u32 ttmp13, ttmp13, 1                             // 000000000C34: 80798179

0000000000000c38 <L_0c38>:
	v_writelane_b32 v2, s11, ttmp13                            // 000000000C38: D7610002 0000F20B

0000000000000c40 <L_0c40>:
	s_add_co_u32 ttmp13, ttmp13, 1                             // 000000000C40: 80798179

0000000000000c44 <L_0c44>:
	v_writelane_b32 v2, s12, ttmp13                            // 000000000C44: D7610002 0000F20C

0000000000000c4c <L_0c4c>:
	s_add_co_u32 ttmp13, ttmp13, 1                             // 000000000C4C: 80798179

0000000000000c50 <L_0c50>:
	v_writelane_b32 v2, s13, ttmp13                            // 000000000C50: D7610002 0000F20D

0000000000000c58 <L_0c58>:
	s_add_co_u32 ttmp13, ttmp13, 1                             // 000000000C58: 80798179

0000000000000c5c <L_0c5c>:
	v_writelane_b32 v2, s14, ttmp13                            // 000000000C5C: D7610002 0000F20E

0000000000000c64 <L_0c64>:
	s_add_co_u32 ttmp13, ttmp13, 1                             // 000000000C64: 80798179

0000000000000c68 <L_0c68>:
	v_writelane_b32 v2, s15, ttmp13                            // 000000000C68: D7610002 0000F20F

0000000000000c70 <L_0c70>:
	s_add_co_u32 ttmp13, ttmp13, 1                             // 000000000C70: 80798179

0000000000000c74 <L_0c74>:
	s_cmp_eq_u32 ttmp13, 32                                    // 000000000C74: BF06A079

0000000000000c78 <L_0c78>:
	s_cbranch_scc0 L_0ca0                                      // 000000000C78: BFA10009

0000000000000c7c <L_0c7c>:
	s_add_co_u32 ttmp10, ttmp8, ttmp4                          // 000000000C7C: 80767074

0000000000000c80 <L_0c80>:
	s_add_co_ci_u32 ttmp11, ttmp9, 0                           // 000000000C80: 82778075

0000000000000c84 <L_0c84>:
	global_store_addtid_b32 v2, ttmp[10:11] scope:SCOPE_SYS    // 000000000C84: EE0A4076 010C0000 00000000

0000000000000c90 <L_0c90>:
	s_add_co_u32 ttmp4, ttmp4, 0x80                            // 000000000C90: 8070FF70 00000080

0000000000000c98 <L_0c98>:
	s_mov_b32 ttmp13, 0                                        // 000000000C98: BEF90080

0000000000000c9c <L_0c9c>:
	v_mov_b32_e32 v2, 0                                        // 000000000C9C: 7E040280

0000000000000ca0 <L_0ca0>:
	s_add_co_u32 m0, m0, 16                                    // 000000000CA0: 807D907D

0000000000000ca4 <L_0ca4>:
	s_cmp_lt_u32 m0, 0x60                                      // 000000000CA4: BF0AFF7D 00000060

0000000000000cac <L_0cac>:
	s_cbranch_scc1 L_0b94                                      // 000000000CAC: BFA2FFB9

0000000000000cb0 <L_0cb0>:
	s_movrels_b64 s[0:1], s[0:1]                               // 000000000CB0: BE804100

0000000000000cb4 <L_0cb4>:
	s_movrels_b64 s[2:3], s[2:3]                               // 000000000CB4: BE824102

0000000000000cb8 <L_0cb8>:
	s_movrels_b64 s[4:5], s[4:5]                               // 000000000CB8: BE844104

0000000000000cbc <L_0cbc>:
	s_movrels_b64 s[6:7], s[6:7]                               // 000000000CBC: BE864106

0000000000000cc0 <L_0cc0>:
	s_movrels_b64 s[8:9], s[8:9]                               // 000000000CC0: BE884108

0000000000000cc4 <L_0cc4>:
	s_movrels_b64 s[10:11], s[10:11]                           // 000000000CC4: BE8A410A

0000000000000cc8 <L_0cc8>:
	v_writelane_b32 v2, s0, ttmp13                             // 000000000CC8: D7610002 0000F200

0000000000000cd0 <L_0cd0>:
	s_add_co_u32 ttmp13, ttmp13, 1                             // 000000000CD0: 80798179

0000000000000cd4 <L_0cd4>:
	v_writelane_b32 v2, s1, ttmp13                             // 000000000CD4: D7610002 0000F201

0000000000000cdc <L_0cdc>:
	s_add_co_u32 ttmp13, ttmp13, 1                             // 000000000CDC: 80798179

0000000000000ce0 <L_0ce0>:
	v_writelane_b32 v2, s2, ttmp13                             // 000000000CE0: D7610002 0000F202

0000000000000ce8 <L_0ce8>:
	s_add_co_u32 ttmp13, ttmp13, 1                             // 000000000CE8: 80798179

0000000000000cec <L_0cec>:
	v_writelane_b32 v2, s3, ttmp13                             // 000000000CEC: D7610002 0000F203

0000000000000cf4 <L_0cf4>:
	s_add_co_u32 ttmp13, ttmp13, 1                             // 000000000CF4: 80798179

0000000000000cf8 <L_0cf8>:
	v_writelane_b32 v2, s4, ttmp13                             // 000000000CF8: D7610002 0000F204

0000000000000d00 <L_0d00>:
	s_add_co_u32 ttmp13, ttmp13, 1                             // 000000000D00: 80798179

0000000000000d04 <L_0d04>:
	v_writelane_b32 v2, s5, ttmp13                             // 000000000D04: D7610002 0000F205

0000000000000d0c <L_0d0c>:
	s_add_co_u32 ttmp13, ttmp13, 1                             // 000000000D0C: 80798179

0000000000000d10 <L_0d10>:
	v_writelane_b32 v2, s6, ttmp13                             // 000000000D10: D7610002 0000F206

0000000000000d18 <L_0d18>:
	s_add_co_u32 ttmp13, ttmp13, 1                             // 000000000D18: 80798179

0000000000000d1c <L_0d1c>:
	v_writelane_b32 v2, s7, ttmp13                             // 000000000D1C: D7610002 0000F207

0000000000000d24 <L_0d24>:
	s_add_co_u32 ttmp13, ttmp13, 1                             // 000000000D24: 80798179

0000000000000d28 <L_0d28>:
	v_writelane_b32 v2, s8, ttmp13                             // 000000000D28: D7610002 0000F208

0000000000000d30 <L_0d30>:
	s_add_co_u32 ttmp13, ttmp13, 1                             // 000000000D30: 80798179

0000000000000d34 <L_0d34>:
	v_writelane_b32 v2, s9, ttmp13                             // 000000000D34: D7610002 0000F209

0000000000000d3c <L_0d3c>:
	s_add_co_u32 ttmp13, ttmp13, 1                             // 000000000D3C: 80798179

0000000000000d40 <L_0d40>:
	v_writelane_b32 v2, s10, ttmp13                            // 000000000D40: D7610002 0000F20A

0000000000000d48 <L_0d48>:
	s_add_co_u32 ttmp13, ttmp13, 1                             // 000000000D48: 80798179

0000000000000d4c <L_0d4c>:
	v_writelane_b32 v2, s11, ttmp13                            // 000000000D4C: D7610002 0000F20B

0000000000000d54 <L_0d54>:
	s_add_co_u32 ttmp13, ttmp13, 1                             // 000000000D54: 80798179

0000000000000d58 <L_0d58>:
	s_mov_b32 exec_lo, 0xffff                                  // 000000000D58: BEFE00FF 0000FFFF

0000000000000d60 <L_0d60>:
	s_add_co_u32 ttmp10, ttmp8, ttmp4                          // 000000000D60: 80767074

0000000000000d64 <L_0d64>:
	s_add_co_ci_u32 ttmp11, ttmp9, 0                           // 000000000D64: 82778075

0000000000000d68 <L_0d68>:
	global_store_addtid_b32 v2, ttmp[10:11] scope:SCOPE_SYS    // 000000000D68: EE0A4076 010C0000 00000000

0000000000000d74 <L_0d74>:
	s_mov_b32 exec_lo, -1                                      // 000000000D74: BEFE00C1

0000000000000d78 <L_0d78>:
	s_lshr_b32 m0, ttmp7, 25                                   // 000000000D78: 857D9973

0000000000000d7c <L_0d7c>:
	s_and_b32 m0, m0, 1                                        // 000000000D7C: 8B7D817D

0000000000000d80 <L_0d80>:
	s_cmp_eq_u32 m0, 1                                         // 000000000D80: BF06817D

0000000000000d84 <L_0d84>:
	s_cbranch_scc1 L_0d90                                      // 000000000D84: BFA20002

0000000000000d88 <L_0d88>:
	s_mov_b32 exec_hi, 0                                       // 000000000D88: BEFF0080

0000000000000d8c <L_0d8c>:
	s_branch L_0d94                                            // 000000000D8C: BFA00001

0000000000000d90 <L_0d90>:
	s_mov_b32 exec_hi, -1                                      // 000000000D90: BEFF00C1

0000000000000d94 <L_0d94>:
	s_getreg_b32 ttmp15, hwreg(HW_REG_WAVE_LDS_ALLOC, 12, 9)   // 000000000D94: B8FB4306

0000000000000d98 <L_0d98>:
	s_and_b32 ttmp15, ttmp15, -1                               // 000000000D98: 8B7BC17B

0000000000000d9c <L_0d9c>:
	s_cbranch_scc0 L_0ea8                                      // 000000000D9C: BFA10042

0000000000000da0 <L_0da0>:
	s_and_b32 ttmp14, ttmp1, 0x80000000                        // 000000000DA0: 8B7AFF6D 80000000

0000000000000da8 <L_0da8>:
	s_cbranch_scc0 L_0ea8                                      // 000000000DA8: BFA1003F

0000000000000dac <L_0dac>:
	s_lshl_b32 ttmp15, ttmp15, 10                              // 000000000DAC: 847B8A7B

0000000000000db0 <L_0db0>:
	s_getreg_b32 ttmp4, hwreg(HW_REG_WAVE_GPR_ALLOC, 12, 8)    // 000000000DB0: B8F03B05

0000000000000db4 <L_0db4>:
	s_add_co_u32 ttmp4, ttmp4, 1                               // 000000000DB4: 80708170

0000000000000db8 <L_0db8>:
	s_bitcmp1_b32 ttmp7, 25                                    // 000000000DB8: BF0D9973

0000000000000dbc <L_0dbc>:
	s_cbranch_scc1 L_0dc8                                      // 000000000DBC: BFA20002

0000000000000dc0 <L_0dc0>:
	s_lshl_b32 ttmp4, ttmp4, 9                                 // 000000000DC0: 84708970

0000000000000dc4 <L_0dc4>:
	s_branch L_0dcc                                            // 000000000DC4: BFA00001

0000000000000dc8 <L_0dc8>:
	s_lshl_b32 ttmp4, ttmp4, 10                                // 000000000DC8: 84708A70

0000000000000dcc <L_0dcc>:
	s_add_co_u32 ttmp4, ttmp4, 0x200                           // 000000000DCC: 8070FF70 00000200

0000000000000dd4 <L_0dd4>:
	s_add_co_u32 ttmp4, ttmp4, 0x200                           // 000000000DD4: 8070FF70 00000200

0000000000000ddc <L_0ddc>:
	v_mbcnt_lo_u32_b32 v0, -1, 0                               // 000000000DDC: D71F0000 000100C1

0000000000000de4 <L_0de4>:
	v_mbcnt_hi_u32_b32 v0, -1, v0                              // 000000000DE4: D7200000 000200C1

0000000000000dec <L_0dec>:
	v_mul_u32_u24_e32 v0, 4, v0                                // 000000000DEC: 16000084

0000000000000df0 <L_0df0>:
	s_lshr_b32 m0, ttmp7, 25                                   // 000000000DF0: 857D9973

0000000000000df4 <L_0df4>:
	s_and_b32 m0, m0, 1                                        // 000000000DF4: 8B7D817D

0000000000000df8 <L_0df8>:
	s_cmp_eq_u32 m0, 1                                         // 000000000DF8: BF06817D

0000000000000dfc <L_0dfc>:
	s_mov_b32 m0, 0                                            // 000000000DFC: BEFD0080

0000000000000e00 <L_0e00>:
	s_cbranch_scc1 L_0e58                                      // 000000000E00: BFA20015

0000000000000e04 <L_0e04>:
	s_mov_b32 s3, 0x80                                         // 000000000E04: BE8300FF 00000080

0000000000000e0c <L_0e0c>:
	s_nop 0                                                    // 000000000E0C: BF800000

0000000000000e10 <L_0e10>:
	s_nop 0                                                    // 000000000E10: BF800000

0000000000000e14 <L_0e14>:
	s_nop 0                                                    // 000000000E14: BF800000

0000000000000e18 <L_0e18>:
	ds_load_b32 v1, v0                                         // 000000000E18: D8D80000 01000000

0000000000000e20 <L_0e20>:
	s_wait_idle                                                // 000000000E20: BF8A0000

0000000000000e24 <L_0e24>:
	s_add_co_u32 ttmp10, ttmp8, ttmp4                          // 000000000E24: 80767074

0000000000000e28 <L_0e28>:
	s_add_co_ci_u32 ttmp11, ttmp9, 0                           // 000000000E28: 82778075

0000000000000e2c <L_0e2c>:
	global_store_addtid_b32 v1, ttmp[10:11] scope:SCOPE_SYS    // 000000000E2C: EE0A4076 008C0000 00000000

0000000000000e38 <L_0e38>:
	s_add_co_u32 m0, m0, s3                                    // 000000000E38: 807D037D

0000000000000e3c <L_0e3c>:
	s_add_co_u32 ttmp4, ttmp4, s3                              // 000000000E3C: 80700370

0000000000000e40 <L_0e40>:
	v_add_nc_u32_e64 v0, v0, 0x80                              // 000000000E40: D5250000 0001FF00 00000080

0000000000000e4c <L_0e4c>:
	s_cmp_lt_u32 m0, ttmp15                                    // 000000000E4C: BF0A7B7D

0000000000000e50 <L_0e50>:
	s_cbranch_scc1 L_0e18                                      // 000000000E50: BFA2FFF1

0000000000000e54 <L_0e54>:
	s_branch L_0ea8                                            // 000000000E54: BFA00014

0000000000000e58 <L_0e58>:
	s_mov_b32 s3, 0x100                                        // 000000000E58: BE8300FF 00000100

0000000000000e60 <L_0e60>:
	s_nop 0                                                    // 000000000E60: BF800000

0000000000000e64 <L_0e64>:
	s_nop 0                                                    // 000000000E64: BF800000

0000000000000e68 <L_0e68>:
	s_nop 0                                                    // 000000000E68: BF800000

0000000000000e6c <L_0e6c>:
	ds_load_b32 v1, v0                                         // 000000000E6C: D8D80000 01000000

0000000000000e74 <L_0e74>:
	s_wait_idle                                                // 000000000E74: BF8A0000

0000000000000e78 <L_0e78>:
	s_add_co_u32 ttmp10, ttmp8, ttmp4                          // 000000000E78: 80767074

0000000000000e7c <L_0e7c>:
	s_add_co_ci_u32 ttmp11, ttmp9, 0                           // 000000000E7C: 82778075

0000000000000e80 <L_0e80>:
	global_store_addtid_b32 v1, ttmp[10:11] scope:SCOPE_SYS    // 000000000E80: EE0A4076 008C0000 00000000

0000000000000e8c <L_0e8c>:
	s_add_co_u32 m0, m0, s3                                    // 000000000E8C: 807D037D

0000000000000e90 <L_0e90>:
	s_add_co_u32 ttmp4, ttmp4, s3                              // 000000000E90: 80700370

0000000000000e94 <L_0e94>:
	v_add_nc_u32_e64 v0, v0, 0x100                             // 000000000E94: D5250000 0001FF00 00000100

0000000000000ea0 <L_0ea0>:
	s_cmp_lt_u32 m0, ttmp15                                    // 000000000EA0: BF0A7B7D

0000000000000ea4 <L_0ea4>:
	s_cbranch_scc1 L_0e6c                                      // 000000000EA4: BFA2FFF1

0000000000000ea8 <L_0ea8>:
	s_mov_b32 exec_lo, -1                                      // 000000000EA8: BEFE00C1

0000000000000eac <L_0eac>:
	s_lshr_b32 m0, ttmp7, 25                                   // 000000000EAC: 857D9973

0000000000000eb0 <L_0eb0>:
	s_and_b32 m0, m0, 1                                        // 000000000EB0: 8B7D817D

0000000000000eb4 <L_0eb4>:
	s_cmp_eq_u32 m0, 1                                         // 000000000EB4: BF06817D

0000000000000eb8 <L_0eb8>:
	s_cbranch_scc1 L_0ecc                                      // 000000000EB8: BFA20004

0000000000000ebc <L_0ebc>:
	s_mov_b32 ttmp4, 0x200                                     // 000000000EBC: BEF000FF 00000200

0000000000000ec4 <L_0ec4>:
	s_mov_b32 exec_hi, 0                                       // 000000000EC4: BEFF0080

0000000000000ec8 <L_0ec8>:
	s_branch L_0ed8                                            // 000000000EC8: BFA00003

0000000000000ecc <L_0ecc>:
	s_mov_b32 ttmp4, 0x400                                     // 000000000ECC: BEF000FF 00000400

0000000000000ed4 <L_0ed4>:
	s_mov_b32 exec_hi, -1                                      // 000000000ED4: BEFF00C1

0000000000000ed8 <L_0ed8>:
	s_getreg_b32 ttmp15, hwreg(HW_REG_WAVE_GPR_ALLOC, 12, 8)   // 000000000ED8: B8FB3B05

0000000000000edc <L_0edc>:
	s_add_co_u32 ttmp15, ttmp15, 1                             // 000000000EDC: 807B817B

0000000000000ee0 <L_0ee0>:
	s_lshl_b32 ttmp15, ttmp15, 2                               // 000000000EE0: 847B827B

0000000000000ee4 <L_0ee4>:
	s_lshr_b32 m0, ttmp7, 25                                   // 000000000EE4: 857D9973

0000000000000ee8 <L_0ee8>:
	s_and_b32 m0, m0, 1                                        // 000000000EE8: 8B7D817D

0000000000000eec <L_0eec>:
	s_cmp_eq_u32 m0, 1                                         // 000000000EEC: BF06817D

0000000000000ef0 <L_0ef0>:
	s_cbranch_scc1 L_0f60                                      // 000000000EF0: BFA2001B

0000000000000ef4 <L_0ef4>:
	s_mov_b32 m0, 4                                            // 000000000EF4: BEFD0084

0000000000000ef8 <L_0ef8>:
	s_cmp_lt_u32 m0, ttmp15                                    // 000000000EF8: BF0A7B7D

0000000000000efc <L_0efc>:
	s_cbranch_scc0 L_0fc8                                      // 000000000EFC: BFA10032

0000000000000f00 <L_0f00>:
	v_movrels_b32_e32 v0, v0                                   // 000000000F00: 7E008700

0000000000000f04 <L_0f04>:
	v_movrels_b32_e32 v1, v1                                   // 000000000F04: 7E028701

0000000000000f08 <L_0f08>:
	v_movrels_b32_e32 v2, v2                                   // 000000000F08: 7E048702

0000000000000f0c <L_0f0c>:
	v_movrels_b32_e32 v3, v3                                   // 000000000F0C: 7E068703

0000000000000f10 <L_0f10>:
	s_add_co_u32 ttmp10, ttmp8, ttmp4                          // 000000000F10: 80767074

0000000000000f14 <L_0f14>:
	s_add_co_ci_u32 ttmp11, ttmp9, 0                           // 000000000F14: 82778075

0000000000000f18 <L_0f18>:
	global_store_addtid_b32 v0, ttmp[10:11] scope:SCOPE_SYS    // 000000000F18: EE0A4076 000C0000 00000000

0000000000000f24 <L_0f24>:
	global_store_addtid_b32 v1, ttmp[10:11] offset:128 scope:SCOPE_SYS// 000000000F24: EE0A4076 008C0000 00008000

0000000000000f30 <L_0f30>:
	global_store_addtid_b32 v2, ttmp[10:11] offset:256 scope:SCOPE_SYS// 000000000F30: EE0A4076 010C0000 00010000

0000000000000f3c <L_0f3c>:
	global_store_addtid_b32 v3, ttmp[10:11] offset:384 scope:SCOPE_SYS// 000000000F3C: EE0A4076 018C0000 00018000

0000000000000f48 <L_0f48>:
	s_add_co_u32 m0, m0, 4                                     // 000000000F48: 807D847D

0000000000000f4c <L_0f4c>:
	s_add_co_u32 ttmp4, ttmp4, 0x200                           // 000000000F4C: 8070FF70 00000200

0000000000000f54 <L_0f54>:
	s_cmp_lt_u32 m0, ttmp15                                    // 000000000F54: BF0A7B7D

0000000000000f58 <L_0f58>:
	s_cbranch_scc1 L_0f00                                      // 000000000F58: BFA2FFE9

0000000000000f5c <L_0f5c>:
	s_branch L_0fc8                                            // 000000000F5C: BFA0001A

0000000000000f60 <L_0f60>:
	s_mov_b32 m0, 4                                            // 000000000F60: BEFD0084

0000000000000f64 <L_0f64>:
	s_cmp_lt_u32 m0, ttmp15                                    // 000000000F64: BF0A7B7D

0000000000000f68 <L_0f68>:
	s_cbranch_scc0 L_0fc8                                      // 000000000F68: BFA10017

0000000000000f6c <L_0f6c>:
	v_movrels_b32_e32 v0, v0                                   // 000000000F6C: 7E008700

0000000000000f70 <L_0f70>:
	v_movrels_b32_e32 v1, v1                                   // 000000000F70: 7E028701

0000000000000f74 <L_0f74>:
	v_movrels_b32_e32 v2, v2                                   // 000000000F74: 7E048702

0000000000000f78 <L_0f78>:
	v_movrels_b32_e32 v3, v3                                   // 000000000F78: 7E068703

0000000000000f7c <L_0f7c>:
	s_add_co_u32 ttmp10, ttmp8, ttmp4                          // 000000000F7C: 80767074

0000000000000f80 <L_0f80>:
	s_add_co_ci_u32 ttmp11, ttmp9, 0                           // 000000000F80: 82778075

0000000000000f84 <L_0f84>:
	global_store_addtid_b32 v0, ttmp[10:11] scope:SCOPE_SYS    // 000000000F84: EE0A4076 000C0000 00000000

0000000000000f90 <L_0f90>:
	global_store_addtid_b32 v1, ttmp[10:11] offset:256 scope:SCOPE_SYS// 000000000F90: EE0A4076 008C0000 00010000

0000000000000f9c <L_0f9c>:
	global_store_addtid_b32 v2, ttmp[10:11] offset:512 scope:SCOPE_SYS// 000000000F9C: EE0A4076 010C0000 00020000

0000000000000fa8 <L_0fa8>:
	global_store_addtid_b32 v3, ttmp[10:11] offset:768 scope:SCOPE_SYS// 000000000FA8: EE0A4076 018C0000 00030000

0000000000000fb4 <L_0fb4>:
	s_add_co_u32 m0, m0, 4                                     // 000000000FB4: 807D847D

0000000000000fb8 <L_0fb8>:
	s_add_co_u32 ttmp4, ttmp4, 0x400                           // 000000000FB8: 8070FF70 00000400

0000000000000fc0 <L_0fc0>:
	s_cmp_lt_u32 m0, ttmp15                                    // 000000000FC0: BF0A7B7D

0000000000000fc4 <L_0fc4>:
	s_cbranch_scc1 L_0f6c                                      // 000000000FC4: BFA2FFE9

0000000000000fc8 <L_0fc8>:
	s_branch L_15dc                                            // 000000000FC8: BFA00184

0000000000000fcc <L_0fcc>:
	s_mov_b32 ttmp8, exec_lo                                   // 000000000FCC: BEF4007E

0000000000000fd0 <L_0fd0>:
	s_and_b32 ttmp9, exec_hi, 0x1ffffff                        // 000000000FD0: 8B75FF7F 01FFFFFF

0000000000000fd8 <L_0fd8>:
	s_mov_b32 ttmp5, exec_hi                                   // 000000000FD8: BEF1007F

0000000000000fdc <L_0fdc>:
	s_getreg_b32 ttmp6, hwreg(HW_REG_WAVE_STATUS, 29, 1)       // 000000000FDC: B8F20742

0000000000000fe0 <L_0fe0>:
	s_lshl_b32 ttmp6, ttmp6, 25                                // 000000000FE0: 84729972

0000000000000fe4 <L_0fe4>:
	s_and_b32 ttmp2, exec_hi, 0x4000000                        // 000000000FE4: 8B6EFF7F 04000000

0000000000000fec <L_0fec>:
	s_cbranch_scc0 L_1100                                      // 000000000FEC: BFA10044

0000000000000ff0 <L_0ff0>:
	s_mov_b32 exec_lo, -1                                      // 000000000FF0: BEFE00C1

0000000000000ff4 <L_0ff4>:
	s_lshr_b32 m0, ttmp6, 25                                   // 000000000FF4: 857D9972

0000000000000ff8 <L_0ff8>:
	s_and_b32 m0, m0, 1                                        // 000000000FF8: 8B7D817D

0000000000000ffc <L_0ffc>:
	s_cmp_eq_u32 m0, 1                                         // 000000000FFC: BF06817D

0000000000001000 <L_1000>:
	s_cbranch_scc1 L_100c                                      // 000000001000: BFA20002

0000000000001004 <L_1004>:
	s_mov_b32 exec_hi, 0                                       // 000000001004: BEFF0080

0000000000001008 <L_1008>:
	s_branch L_1010                                            // 000000001008: BFA00001

000000000000100c <L_100c>:
	s_mov_b32 exec_hi, -1                                      // 00000000100C: BEFF00C1

0000000000001010 <L_1010>:
	s_getreg_b32 ttmp3, hwreg(HW_REG_WAVE_LDS_ALLOC, 12, 9)    // 000000001010: B8EF4306

0000000000001014 <L_1014>:
	s_and_b32 ttmp3, ttmp3, -1                                 // 000000001014: 8B6FC16F

0000000000001018 <L_1018>:
	s_cbranch_scc0 L_1100                                      // 000000001018: BFA10039

000000000000101c <L_101c>:
	s_lshl_b32 ttmp3, ttmp3, 10                                // 00000000101C: 846F8A6F

0000000000001020 <L_1020>:
	s_getreg_b32 ttmp12, hwreg(HW_REG_WAVE_GPR_ALLOC, 12, 8)   // 000000001020: B8F83B05

0000000000001024 <L_1024>:
	s_add_co_u32 ttmp12, ttmp12, 1                             // 000000001024: 80788178

0000000000001028 <L_1028>:
	s_bitcmp1_b32 ttmp6, 25                                    // 000000001028: BF0D9972

000000000000102c <L_102c>:
	s_cbranch_scc1 L_1038                                      // 00000000102C: BFA20002

0000000000001030 <L_1030>:
	s_lshl_b32 ttmp12, ttmp12, 9                               // 000000001030: 84788978

0000000000001034 <L_1034>:
	s_branch L_103c                                            // 000000001034: BFA00001

0000000000001038 <L_1038>:
	s_lshl_b32 ttmp12, ttmp12, 10                              // 000000001038: 84788A78

000000000000103c <L_103c>:
	s_add_co_u32 ttmp12, ttmp12, 0x200                         // 00000000103C: 8078FF78 00000200

0000000000001044 <L_1044>:
	s_add_co_u32 ttmp12, ttmp12, 0x200                         // 000000001044: 8078FF78 00000200

000000000000104c <L_104c>:
	s_lshr_b32 m0, ttmp6, 25                                   // 00000000104C: 857D9972

0000000000001050 <L_1050>:
	s_and_b32 m0, m0, 1                                        // 000000001050: 8B7D817D

0000000000001054 <L_1054>:
	s_cmp_eq_u32 m0, 1                                         // 000000001054: BF06817D

0000000000001058 <L_1058>:
	s_mov_b32 m0, 0                                            // 000000001058: BEFD0080

000000000000105c <L_105c>:
	v_mbcnt_lo_u32_b32 v1, -1, 0                               // 00000000105C: D71F0001 000100C1

0000000000001064 <L_1064>:
	v_mbcnt_hi_u32_b32 v1, -1, v1                              // 000000001064: D7200001 000202C1

000000000000106c <L_106c>:
	v_lshlrev_b32_e32 v1, 2, v1                                // 00000000106C: 30020282

0000000000001070 <L_1070>:
	s_cbranch_scc1 L_10bc                                      // 000000001070: BFA20012

0000000000001074 <L_1074>:
	s_add_co_u32 ttmp10, ttmp8, ttmp12                         // 000000001074: 80767874

0000000000001078 <L_1078>:
	s_add_co_ci_u32 ttmp11, ttmp9, 0                           // 000000001078: 82778075

000000000000107c <L_107c>:
	global_load_addtid_b32 v0, ttmp[10:11] scope:SCOPE_SYS     // 00000000107C: EE0A0076 000C0000 00000000

0000000000001088 <L_1088>:
	s_wait_idle                                                // 000000001088: BF8A0000

000000000000108c <L_108c>:
	ds_store_b32 v1, v0                                        // 00000000108C: D8340000 00000001

0000000000001094 <L_1094>:
	v_add_nc_u32_e64 v1, v1, 0x80                              // 000000001094: D5250001 0001FF01 00000080

00000000000010a0 <L_10a0>:
	s_add_co_u32 m0, m0, 0x80                                  // 0000000010A0: 807DFF7D 00000080

00000000000010a8 <L_10a8>:
	s_add_co_u32 ttmp12, ttmp12, 0x80                          // 0000000010A8: 8078FF78 00000080

00000000000010b0 <L_10b0>:
	s_cmp_lt_u32 m0, ttmp3                                     // 0000000010B0: BF0A6F7D

00000000000010b4 <L_10b4>:
	s_cbranch_scc1 L_1074                                      // 0000000010B4: BFA2FFEF

00000000000010b8 <L_10b8>:
	s_branch L_1100                                            // 0000000010B8: BFA00011

00000000000010bc <L_10bc>:
	s_add_co_u32 ttmp10, ttmp8, ttmp12                         // 0000000010BC: 80767874

00000000000010c0 <L_10c0>:
	s_add_co_ci_u32 ttmp11, ttmp9, 0                           // 0000000010C0: 82778075

00000000000010c4 <L_10c4>:
	global_load_addtid_b32 v0, ttmp[10:11] scope:SCOPE_SYS     // 0000000010C4: EE0A0076 000C0000 00000000

00000000000010d0 <L_10d0>:
	s_wait_idle                                                // 0000000010D0: BF8A0000

00000000000010d4 <L_10d4>:
	ds_store_b32 v1, v0                                        // 0000000010D4: D8340000 00000001

00000000000010dc <L_10dc>:
	v_add_nc_u32_e64 v1, v1, 0x100                             // 0000000010DC: D5250001 0001FF01 00000100

00000000000010e8 <L_10e8>:
	s_add_co_u32 m0, m0, 0x100                                 // 0000000010E8: 807DFF7D 00000100

00000000000010f0 <L_10f0>:
	s_add_co_u32 ttmp12, ttmp12, 0x100                         // 0000000010F0: 8078FF78 00000100

00000000000010f8 <L_10f8>:
	s_cmp_lt_u32 m0, ttmp3                                     // 0000000010F8: BF0A6F7D

00000000000010fc <L_10fc>:
	s_cbranch_scc1 L_10bc                                      // 0000000010FC: BFA2FFEF

0000000000001100 <L_1100>:
	s_mov_b32 ttmp12, 0                                        // 000000001100: BEF80080

0000000000001104 <L_1104>:
	s_mov_b32 exec_lo, -1                                      // 000000001104: BEFE00C1

0000000000001108 <L_1108>:
	s_lshr_b32 m0, ttmp6, 25                                   // 000000001108: 857D9972

000000000000110c <L_110c>:
	s_and_b32 m0, m0, 1                                        // 00000000110C: 8B7D817D

0000000000001110 <L_1110>:
	s_cmp_eq_u32 m0, 1                                         // 000000001110: BF06817D

0000000000001114 <L_1114>:
	s_cbranch_scc1 L_1120                                      // 000000001114: BFA20002

0000000000001118 <L_1118>:
	s_mov_b32 exec_hi, 0                                       // 000000001118: BEFF0080

000000000000111c <L_111c>:
	s_branch L_1124                                            // 00000000111C: BFA00001

0000000000001120 <L_1120>:
	s_mov_b32 exec_hi, -1                                      // 000000001120: BEFF00C1

0000000000001124 <L_1124>:
	s_getreg_b32 ttmp3, hwreg(HW_REG_WAVE_GPR_ALLOC, 12, 8)    // 000000001124: B8EF3B05

0000000000001128 <L_1128>:
	s_add_co_u32 ttmp3, ttmp3, 1                               // 000000001128: 806F816F

000000000000112c <L_112c>:
	s_lshl_b32 ttmp3, ttmp3, 2                                 // 00000000112C: 846F826F

0000000000001130 <L_1130>:
	s_lshr_b32 m0, ttmp6, 25                                   // 000000001130: 857D9972

0000000000001134 <L_1134>:
	s_and_b32 m0, m0, 1                                        // 000000001134: 8B7D817D

0000000000001138 <L_1138>:
	s_cmp_eq_u32 m0, 1                                         // 000000001138: BF06817D

000000000000113c <L_113c>:
	s_cbranch_scc1 L_11f0                                      // 00000000113C: BFA2002C

0000000000001140 <L_1140>:
	s_mov_b32 ttmp2, ttmp12                                    // 000000001140: BEEE0078

0000000000001144 <L_1144>:
	s_add_co_u32 ttmp12, ttmp12, 0x200                         // 000000001144: 8078FF78 00000200

000000000000114c <L_114c>:
	s_mov_b32 m0, 4                                            // 00000000114C: BEFD0084

0000000000001150 <L_1150>:
	s_add_co_u32 ttmp10, ttmp8, ttmp12                         // 000000001150: 80767874

0000000000001154 <L_1154>:
	s_add_co_ci_u32 ttmp11, ttmp9, 0                           // 000000001154: 82778075

0000000000001158 <L_1158>:
	global_load_addtid_b32 v0, ttmp[10:11] scope:SCOPE_SYS     // 000000001158: EE0A0076 000C0000 00000000

0000000000001164 <L_1164>:
	global_load_addtid_b32 v1, ttmp[10:11] offset:128 scope:SCOPE_SYS// 000000001164: EE0A0076 000C0001 00008000

0000000000001170 <L_1170>:
	global_load_addtid_b32 v2, ttmp[10:11] offset:256 scope:SCOPE_SYS// 000000001170: EE0A0076 000C0002 00010000

000000000000117c <L_117c>:
	global_load_addtid_b32 v3, ttmp[10:11] offset:384 scope:SCOPE_SYS// 00000000117C: EE0A0076 000C0003 00018000

0000000000001188 <L_1188>:
	s_wait_idle                                                // 000000001188: BF8A0000

000000000000118c <L_118c>:
	v_movreld_b32_e32 v0, v0                                   // 00000000118C: 7E008500

0000000000001190 <L_1190>:
	v_movreld_b32_e32 v1, v1                                   // 000000001190: 7E028501

0000000000001194 <L_1194>:
	v_movreld_b32_e32 v2, v2                                   // 000000001194: 7E048502

0000000000001198 <L_1198>:
	v_movreld_b32_e32 v3, v3                                   // 000000001198: 7E068503

000000000000119c <L_119c>:
	s_add_co_u32 m0, m0, 4                                     // 00000000119C: 807D847D

00000000000011a0 <L_11a0>:
	s_add_co_u32 ttmp12, ttmp12, 0x200                         // 0000000011A0: 8078FF78 00000200

00000000000011a8 <L_11a8>:
	s_cmp_lt_u32 m0, ttmp3                                     // 0000000011A8: BF0A6F7D

00000000000011ac <L_11ac>:
	s_cbranch_scc1 L_1150                                      // 0000000011AC: BFA2FFE8

00000000000011b0 <L_11b0>:
	s_add_co_u32 ttmp10, ttmp8, ttmp2                          // 0000000011B0: 80766E74

00000000000011b4 <L_11b4>:
	s_add_co_ci_u32 ttmp11, ttmp9, 0                           // 0000000011B4: 82778075

00000000000011b8 <L_11b8>:
	global_load_addtid_b32 v0, ttmp[10:11] scope:SCOPE_SYS     // 0000000011B8: EE0A0076 000C0000 00000000

00000000000011c4 <L_11c4>:
	global_load_addtid_b32 v1, ttmp[10:11] offset:128 scope:SCOPE_SYS// 0000000011C4: EE0A0076 000C0001 00008000

00000000000011d0 <L_11d0>:
	global_load_addtid_b32 v2, ttmp[10:11] offset:256 scope:SCOPE_SYS// 0000000011D0: EE0A0076 000C0002 00010000

00000000000011dc <L_11dc>:
	global_load_addtid_b32 v3, ttmp[10:11] offset:384 scope:SCOPE_SYS// 0000000011DC: EE0A0076 000C0003 00018000

00000000000011e8 <L_11e8>:
	s_wait_idle                                                // 0000000011E8: BF8A0000

00000000000011ec <L_11ec>:
	s_branch L_12a4                                            // 0000000011EC: BFA0002D

00000000000011f0 <L_11f0>:
	s_mov_b32 ttmp2, ttmp12                                    // 0000000011F0: BEEE0078

00000000000011f4 <L_11f4>:
	s_add_co_u32 ttmp12, ttmp12, 0x400                         // 0000000011F4: 8078FF78 00000400

00000000000011fc <L_11fc>:
	s_mov_b32 m0, 4                                            // 0000000011FC: BEFD0084

0000000000001200 <L_1200>:
	s_cmp_lt_u32 m0, ttmp3                                     // 000000001200: BF0A6F7D

0000000000001204 <L_1204>:
	s_cbranch_scc0 L_1268                                      // 000000001204: BFA10018

0000000000001208 <L_1208>:
	s_add_co_u32 ttmp10, ttmp8, ttmp12                         // 000000001208: 80767874

000000000000120c <L_120c>:
	s_add_co_ci_u32 ttmp11, ttmp9, 0                           // 00000000120C: 82778075

0000000000001210 <L_1210>:
	global_load_addtid_b32 v0, ttmp[10:11] scope:SCOPE_SYS     // 000000001210: EE0A0076 000C0000 00000000

000000000000121c <L_121c>:
	global_load_addtid_b32 v1, ttmp[10:11] offset:256 scope:SCOPE_SYS// 00000000121C: EE0A0076 000C0001 00010000

0000000000001228 <L_1228>:
	global_load_addtid_b32 v2, ttmp[10:11] offset:512 scope:SCOPE_SYS// 000000001228: EE0A0076 000C0002 00020000

0000000000001234 <L_1234>:
	global_load_addtid_b32 v3, ttmp[10:11] offset:768 scope:SCOPE_SYS// 000000001234: EE0A0076 000C0003 00030000

0000000000001240 <L_1240>:
	s_wait_idle                                                // 000000001240: BF8A0000

0000000000001244 <L_1244>:
	v_movreld_b32_e32 v0, v0                                   // 000000001244: 7E008500

0000000000001248 <L_1248>:
	v_movreld_b32_e32 v1, v1                                   // 000000001248: 7E028501

000000000000124c <L_124c>:
	v_movreld_b32_e32 v2, v2                                   // 00000000124C: 7E048502

0000000000001250 <L_1250>:
	v_movreld_b32_e32 v3, v3                                   // 000000001250: 7E068503

0000000000001254 <L_1254>:
	s_add_co_u32 m0, m0, 4                                     // 000000001254: 807D847D

0000000000001258 <L_1258>:
	s_add_co_u32 ttmp12, ttmp12, 0x400                         // 000000001258: 8078FF78 00000400

0000000000001260 <L_1260>:
	s_cmp_lt_u32 m0, ttmp3                                     // 000000001260: BF0A6F7D

0000000000001264 <L_1264>:
	s_cbranch_scc1 L_1208                                      // 000000001264: BFA2FFE8

0000000000001268 <L_1268>:
	s_add_co_u32 ttmp10, ttmp8, ttmp2                          // 000000001268: 80766E74

000000000000126c <L_126c>:
	s_add_co_ci_u32 ttmp11, ttmp9, 0                           // 00000000126C: 82778075

0000000000001270 <L_1270>:
	global_load_addtid_b32 v0, ttmp[10:11] scope:SCOPE_SYS     // 000000001270: EE0A0076 000C0000 00000000

000000000000127c <L_127c>:
	global_load_addtid_b32 v1, ttmp[10:11] offset:256 scope:SCOPE_SYS// 00000000127C: EE0A0076 000C0001 00010000

0000000000001288 <L_1288>:
	global_load_addtid_b32 v2, ttmp[10:11] offset:512 scope:SCOPE_SYS// 000000001288: EE0A0076 000C0002 00020000

0000000000001294 <L_1294>:
	global_load_addtid_b32 v3, ttmp[10:11] offset:768 scope:SCOPE_SYS// 000000001294: EE0A0076 000C0003 00030000

00000000000012a0 <L_12a0>:
	s_wait_idle                                                // 0000000012A0: BF8A0000

00000000000012a4 <L_12a4>:
	s_getreg_b32 ttmp12, hwreg(HW_REG_WAVE_GPR_ALLOC, 12, 8)   // 0000000012A4: B8F83B05

00000000000012a8 <L_12a8>:
	s_add_co_u32 ttmp12, ttmp12, 1                             // 0000000012A8: 80788178

00000000000012ac <L_12ac>:
	s_bitcmp1_b32 ttmp6, 25                                    // 0000000012AC: BF0D9972

00000000000012b0 <L_12b0>:
	s_cbranch_scc1 L_12bc                                      // 0000000012B0: BFA20002

00000000000012b4 <L_12b4>:
	s_lshl_b32 ttmp12, ttmp12, 9                               // 0000000012B4: 84788978

00000000000012b8 <L_12b8>:
	s_branch L_12c0                                            // 0000000012B8: BFA00001

00000000000012bc <L_12bc>:
	s_lshl_b32 ttmp12, ttmp12, 10                              // 0000000012BC: 84788A78

00000000000012c0 <L_12c0>:
	s_add_co_u32 ttmp12, ttmp12, 0x200                         // 0000000012C0: 8078FF78 00000200

00000000000012c8 <L_12c8>:
	s_sub_co_u32 ttmp12, ttmp12, 0x60                          // 0000000012C8: 80F8FF78 00000060

00000000000012d0 <L_12d0>:
	s_add_co_u32 ttmp10, ttmp8, ttmp12                         // 0000000012D0: 80767874

00000000000012d4 <L_12d4>:
	s_add_co_ci_u32 ttmp11, ttmp9, 0                           // 0000000012D4: 82778075

00000000000012d8 <L_12d8>:
	s_mov_b32 m0, 0x6c                                         // 0000000012D8: BEFD00FF 0000006C

00000000000012e0 <L_12e0>:
	s_load_b128 s[0:3], ttmp[10:11], 0x0 scope:SCOPE_SYS       // 0000000012E0: F460403B F8000000

00000000000012e8 <L_12e8>:
	s_wait_idle                                                // 0000000012E8: BF8A0000

00000000000012ec <L_12ec>:
	s_sub_co_u32 m0, m0, 4                                     // 0000000012EC: 80FD847D

00000000000012f0 <L_12f0>:
	s_nop 0                                                    // 0000000012F0: BF800000

00000000000012f4 <L_12f4>:
	s_movreld_b64 s[0:1], s[0:1]                               // 0000000012F4: BE804300

00000000000012f8 <L_12f8>:
	s_movreld_b64 s[2:3], s[2:3]                               // 0000000012F8: BE824302

00000000000012fc <L_12fc>:
	s_sub_co_u32 ttmp10, ttmp10, 32                            // 0000000012FC: 80F6A076

0000000000001300 <L_1300>:
	s_sub_co_ci_u32 ttmp11, ttmp11, 0                          // 000000001300: 82F78077

0000000000001304 <L_1304>:
	s_load_b256 s[0:7], ttmp[10:11], 0x0 scope:SCOPE_SYS       // 000000001304: F460603B F8000000

000000000000130c <L_130c>:
	s_wait_idle                                                // 00000000130C: BF8A0000

0000000000001310 <L_1310>:
	s_sub_co_u32 m0, m0, 8                                     // 000000001310: 80FD887D

0000000000001314 <L_1314>:
	s_nop 0                                                    // 000000001314: BF800000

0000000000001318 <L_1318>:
	s_movreld_b64 s[0:1], s[0:1]                               // 000000001318: BE804300

000000000000131c <L_131c>:
	s_movreld_b64 s[2:3], s[2:3]                               // 00000000131C: BE824302

0000000000001320 <L_1320>:
	s_movreld_b64 s[4:5], s[4:5]                               // 000000001320: BE844304

0000000000001324 <L_1324>:
	s_movreld_b64 s[6:7], s[6:7]                               // 000000001324: BE864306

0000000000001328 <L_1328>:
	s_sub_co_u32 ttmp10, ttmp10, 64                            // 000000001328: 80F6C076

000000000000132c <L_132c>:
	s_sub_co_ci_u32 ttmp11, ttmp11, 0                          // 00000000132C: 82F78077

0000000000001330 <L_1330>:
	s_load_b512 s[0:15], ttmp[10:11], 0x0 scope:SCOPE_SYS      // 000000001330: F460803B F8000000

0000000000001338 <L_1338>:
	s_wait_idle                                                // 000000001338: BF8A0000

000000000000133c <L_133c>:
	s_sub_co_u32 m0, m0, 16                                    // 00000000133C: 80FD907D

0000000000001340 <L_1340>:
	s_nop 0                                                    // 000000001340: BF800000

0000000000001344 <L_1344>:
	s_movreld_b64 s[0:1], s[0:1]                               // 000000001344: BE804300

0000000000001348 <L_1348>:
	s_movreld_b64 s[2:3], s[2:3]                               // 000000001348: BE824302

000000000000134c <L_134c>:
	s_movreld_b64 s[4:5], s[4:5]                               // 00000000134C: BE844304

0000000000001350 <L_1350>:
	s_movreld_b64 s[6:7], s[6:7]                               // 000000001350: BE864306

0000000000001354 <L_1354>:
	s_movreld_b64 s[8:9], s[8:9]                               // 000000001354: BE884308

0000000000001358 <L_1358>:
	s_movreld_b64 s[10:11], s[10:11]                           // 000000001358: BE8A430A

000000000000135c <L_135c>:
	s_movreld_b64 s[12:13], s[12:13]                           // 00000000135C: BE8C430C

0000000000001360 <L_1360>:
	s_movreld_b64 s[14:15], s[14:15]                           // 000000001360: BE8E430E

0000000000001364 <L_1364>:
	s_cmp_eq_u32 m0, 0                                         // 000000001364: BF06807D

0000000000001368 <L_1368>:
	s_cbranch_scc0 L_1328                                      // 000000001368: BFA1FFEF

000000000000136c <L_136c>:
	s_setreg_imm32_b32 hwreg(HW_REG_WAVE_MODE), 0              // 00000000136C: B980F801 00000000

0000000000001374 <L_1374>:
	s_getreg_b32 ttmp12, hwreg(HW_REG_WAVE_GPR_ALLOC, 12, 8)   // 000000001374: B8F83B05

0000000000001378 <L_1378>:
	s_add_co_u32 ttmp12, ttmp12, 1                             // 000000001378: 80788178

000000000000137c <L_137c>:
	s_bitcmp1_b32 ttmp6, 25                                    // 00000000137C: BF0D9972

0000000000001380 <L_1380>:
	s_cbranch_scc1 L_138c                                      // 000000001380: BFA20002

0000000000001384 <L_1384>:
	s_lshl_b32 ttmp12, ttmp12, 9                               // 000000001384: 84788978

0000000000001388 <L_1388>:
	s_branch L_1390                                            // 000000001388: BFA00001

000000000000138c <L_138c>:
	s_lshl_b32 ttmp12, ttmp12, 10                              // 00000000138C: 84788A78

0000000000001390 <L_1390>:
	s_add_co_u32 ttmp12, ttmp12, 0x200                         // 000000001390: 8078FF78 00000200

0000000000001398 <L_1398>:
	s_add_co_u32 ttmp10, ttmp8, ttmp12                         // 000000001398: 80767874

000000000000139c <L_139c>:
	s_add_co_ci_u32 ttmp11, ttmp9, 0                           // 00000000139C: 82778075

00000000000013a0 <L_13a0>:
	s_mov_b32 exec_hi, ttmp5                                   // 0000000013A0: BEFF0071

00000000000013a4 <L_13a4>:
	s_load_b32 ttmp3, ttmp[10:11], 0x0 scope:SCOPE_SYS         // 0000000013A4: F4601BFB F8000000

00000000000013ac <L_13ac>:
	s_load_b32 ttmp0, ttmp[10:11], 0x4 scope:SCOPE_SYS         // 0000000013AC: F4601B3B F8000004

00000000000013b4 <L_13b4>:
	s_load_b32 ttmp1, ttmp[10:11], 0x8 scope:SCOPE_SYS         // 0000000013B4: F4601B7B F8000008

00000000000013bc <L_13bc>:
	s_load_b32 ttmp4, ttmp[10:11], 0xc scope:SCOPE_SYS         // 0000000013BC: F4601C3B F800000C

00000000000013c4 <L_13c4>:
	s_load_b32 ttmp5, ttmp[10:11], 0x10 scope:SCOPE_SYS        // 0000000013C4: F4601C7B F8000010

00000000000013cc <L_13cc>:
	s_load_b32 ttmp14, ttmp[10:11], 0x14 scope:SCOPE_SYS       // 0000000013CC: F4601EBB F8000014

00000000000013d4 <L_13d4>:
	s_load_b32 ttmp15, ttmp[10:11], 0x18 scope:SCOPE_SYS       // 0000000013D4: F4601EFB F8000018

00000000000013dc <L_13dc>:
	s_load_b32 ttmp13, ttmp[10:11], 0x1c scope:SCOPE_SYS       // 0000000013DC: F4601E7B F800001C

00000000000013e4 <L_13e4>:
	s_load_b32 ttmp7, ttmp[10:11], 0x20 scope:SCOPE_SYS        // 0000000013E4: F4601CFB F8000020

00000000000013ec <L_13ec>:
	s_load_b32 ttmp2, ttmp[10:11], 0x24 scope:SCOPE_SYS        // 0000000013EC: F4601BBB F8000024

00000000000013f4 <L_13f4>:
	s_wait_idle                                                // 0000000013F4: BF8A0000

00000000000013f8 <L_13f8>:
	s_setreg_b32 hwreg(HW_REG_WAVE_SCRATCH_BASE_LO), ttmp2     // 0000000013F8: B96EF814

00000000000013fc <L_13fc>:
	s_load_b32 ttmp2, ttmp[10:11], 0x28 scope:SCOPE_SYS        // 0000000013FC: F4601BBB F8000028

0000000000001404 <L_1404>:
	s_wait_idle                                                // 000000001404: BF8A0000

0000000000001408 <L_1408>:
	s_setreg_b32 hwreg(HW_REG_WAVE_SCRATCH_BASE_HI), ttmp2     // 000000001408: B96EF815

000000000000140c <L_140c>:
	s_load_b32 ttmp2, ttmp[10:11], 0x2c scope:SCOPE_SYS        // 00000000140C: F4601BBB F800002C

0000000000001414 <L_1414>:
	s_wait_idle                                                // 000000001414: BF8A0000

0000000000001418 <L_1418>:
	s_setreg_b32 hwreg(HW_REG_WAVE_EXCP_FLAG_USER), ttmp2      // 000000001418: B96EF812

000000000000141c <L_141c>:
	s_load_b32 ttmp2, ttmp[10:11], 0x30 scope:SCOPE_SYS        // 00000000141C: F4601BBB F8000030

0000000000001424 <L_1424>:
	s_wait_idle                                                // 000000001424: BF8A0000

0000000000001428 <L_1428>:
	s_setreg_b32 hwreg(HW_REG_WAVE_TRAP_CTRL), ttmp2           // 000000001428: B96EF813

000000000000142c <L_142c>:
	s_and_b32 ttmp2, exec_hi, 0x4000000                        // 00000000142C: 8B6EFF7F 04000000

0000000000001434 <L_1434>:
	s_cbranch_scc0 L_14c0                                      // 000000001434: BFA10022

0000000000001438 <L_1438>:
	s_load_b32 ttmp2, ttmp[10:11], 0x38 scope:SCOPE_SYS        // 000000001438: F4601BBB F8000038

0000000000001440 <L_1440>:
	s_wait_idle                                                // 000000001440: BF8A0000

0000000000001444 <L_1444>:
	s_bitcmp1_b32 ttmp2, 0                                     // 000000001444: BF0D806E

0000000000001448 <L_1448>:
	s_cbranch_scc0 L_14c0                                      // 000000001448: BFA1001D

000000000000144c <L_144c>:
	s_lshr_b32 ttmp2, ttmp2, 16                                // 00000000144C: 856E906E

0000000000001450 <L_1450>:
	s_and_b32 ttmp2, ttmp2, ttmp2                              // 000000001450: 8B6E6E6E

0000000000001454 <L_1454>:
	s_cbranch_scc0 L_1464                                      // 000000001454: BFA10003

0000000000001458 <L_1458>:
	s_barrier_signal -1                                        // 000000001458: BE804EC1

000000000000145c <L_145c>:
	s_add_co_i32 ttmp2, ttmp2, -1                              // 00000000145C: 816EC16E

0000000000001460 <L_1460>:
	s_branch L_1450                                            // 000000001460: BFA0FFFB

0000000000001464 <L_1464>:
	s_mov_b32 ttmp12, 0x80                                     // 000000001464: BEF800FF 00000080

000000000000146c <L_146c>:
	s_mov_b32 m0, 1                                            // 00000000146C: BEFD0081

0000000000001470 <L_1470>:
	s_load_b32 ttmp2, ttmp[10:11], ttmp12 offset:0x0 scope:SCOPE_SYS// 000000001470: F4601BBB F0000000

0000000000001478 <L_1478>:
	s_wait_kmcnt 0x0                                           // 000000001478: BFC70000

000000000000147c <L_147c>:
	s_add_co_u32 ttmp12, ttmp12, 4                             // 00000000147C: 80788478

0000000000001480 <L_1480>:
	s_bfe_u32 exec_lo, ttmp2, 0x70004                          // 000000001480: 937EFF6E 00070004

0000000000001488 <L_1488>:
	s_lshl_b32 exec_lo, exec_lo, 16                            // 000000001488: 847E907E

000000000000148c <L_148c>:
	s_or_b32 m0, m0, exec_lo                                   // 00000000148C: 8C7D7E7D

0000000000001490 <L_1490>:
	s_barrier_init m0                                          // 000000001490: BE80517D

0000000000001494 <L_1494>:
	s_and_not1_b32 m0, m0, 0x7f0000                            // 000000001494: 917DFF7D 007F0000

000000000000149c <L_149c>:
	s_lshr_b32 ttmp2, ttmp2, 16                                // 00000000149C: 856E906E

00000000000014a0 <L_14a0>:
	s_and_b32 ttmp2, ttmp2, ttmp2                              // 0000000014A0: 8B6E6E6E

00000000000014a4 <L_14a4>:
	s_cbranch_scc0 L_14b4                                      // 0000000014A4: BFA10003

00000000000014a8 <L_14a8>:
	s_barrier_signal m0                                        // 0000000014A8: BE804E7D

00000000000014ac <L_14ac>:
	s_add_co_i32 ttmp2, ttmp2, -1                              // 0000000014AC: 816EC16E

00000000000014b0 <L_14b0>:
	s_branch L_14a0                                            // 0000000014B0: BFA0FFFB

00000000000014b4 <L_14b4>:
	s_add_co_u32 m0, m0, 1                                     // 0000000014B4: 807D817D

00000000000014b8 <L_14b8>:
	s_cmp_gt_u32 m0, 16                                        // 0000000014B8: BF08907D

00000000000014bc <L_14bc>:
	s_cbranch_scc0 L_1470                                      // 0000000014BC: BFA1FFEC

00000000000014c0 <L_14c0>:
	s_load_b32 ttmp2, ttmp[10:11], 0x3c scope:SCOPE_SYS        // 0000000014C0: F4601BBB F800003C

00000000000014c8 <L_14c8>:
	s_wait_kmcnt 0x0                                           // 0000000014C8: BFC70000

00000000000014cc <L_14cc>:
	s_bitcmp1_b32 ttmp2, 0                                     // 0000000014CC: BF0D806E

00000000000014d0 <L_14d0>:
	s_cbranch_scc0 L_1504                                      // 0000000014D0: BFA1000C

00000000000014d4 <L_14d4>:
	s_bitcmp1_b32 exec_hi, 26                                  // 0000000014D4: BF0D9A7F

00000000000014d8 <L_14d8>:
	s_cbranch_scc0 L_14e4                                      // 0000000014D8: BFA10002

00000000000014dc <L_14dc>:
	s_cmp_eq_u32 0, 1                                          // 0000000014DC: BF068180

00000000000014e0 <L_14e0>:
	s_barrier_signal_isfirst -4                                // 0000000014E0: BE804FC4

00000000000014e4 <L_14e4>:
	s_barrier_wait 0xfffc                                      // 0000000014E4: BF94FFFC

00000000000014e8 <L_14e8>:
	s_cbranch_scc0 L_1504                                      // 0000000014E8: BFA10006

00000000000014ec <L_14ec>:
	s_lshr_b32 ttmp2, ttmp2, 16                                // 0000000014EC: 856E906E

00000000000014f0 <L_14f0>:
	s_and_b32 ttmp2, ttmp2, ttmp2                              // 0000000014F0: 8B6E6E6E

00000000000014f4 <L_14f4>:
	s_cbranch_scc0 L_1504                                      // 0000000014F4: BFA10003

00000000000014f8 <L_14f8>:
	s_barrier_signal -3                                        // 0000000014F8: BE804EC3

00000000000014fc <L_14fc>:
	s_add_co_i32 ttmp2, ttmp2, -1                              // 0000000014FC: 816EC16E

0000000000001500 <L_1500>:
	s_branch L_14f0                                            // 000000001500: BFA0FFFB

0000000000001504 <L_1504>:
	s_load_b32 ttmp2, ttmp[10:11], 0x40 scope:SCOPE_SYS        // 000000001504: F4601BBB F8000040

000000000000150c <L_150c>:
	s_wait_kmcnt 0x0                                           // 00000000150C: BFC70000

0000000000001510 <L_1510>:
	s_setreg_b32 hwreg(HW_REG_WAVE_SCHED_MODE), ttmp2          // 000000001510: B96EF81A

0000000000001514 <L_1514>:
	s_mov_b32 m0, ttmp3                                        // 000000001514: BEFD006F

0000000000001518 <L_1518>:
	s_mov_b32 exec_lo, ttmp4                                   // 000000001518: BEFE0070

000000000000151c <L_151c>:
	s_mov_b32 exec_hi, ttmp5                                   // 00000000151C: BEFF0071

0000000000001520 <L_1520>:
	s_setreg_b32 hwreg(HW_REG_XNACK_MASK), ttmp13              // 000000001520: B979F822

0000000000001524 <L_1524>:
	s_setreg_b32 hwreg(HW_REG_WAVE_EXCP_FLAG_PRIV, 0, 5), ttmp15// 000000001524: B97B2011

0000000000001528 <L_1528>:
	s_lshr_b32 ttmp15, ttmp15, 6                               // 000000001528: 857B867B

000000000000152c <L_152c>:
	s_setreg_b32 hwreg(HW_REG_WAVE_EXCP_FLAG_PRIV, 6, 1), ttmp15// 00000000152C: B97B0191

0000000000001530 <L_1530>:
	s_lshr_b32 ttmp15, ttmp15, 2                               // 000000001530: 857B827B

0000000000001534 <L_1534>:
	s_setreg_b32 hwreg(HW_REG_WAVE_EXCP_FLAG_PRIV, 8, 24), ttmp15// 000000001534: B97BBA11

0000000000001538 <L_1538>:
	s_setreg_b32 hwreg(HW_REG_WAVE_MODE), ttmp7                // 000000001538: B973F801

000000000000153c <L_153c>:
	s_getreg_b32 ttmp2, hwreg(HW_REG_WAVE_GPR_ALLOC, 12, 8)    // 00000000153C: B8EE3B05

0000000000001540 <L_1540>:
	s_add_co_u32 ttmp2, ttmp2, 1                               // 000000001540: 806E816E

0000000000001544 <L_1544>:
	s_bitcmp1_b32 ttmp6, 25                                    // 000000001544: BF0D9972

0000000000001548 <L_1548>:
	s_cbranch_scc1 L_1554                                      // 000000001548: BFA20002

000000000000154c <L_154c>:
	s_lshl_b32 ttmp2, ttmp2, 9                                 // 00000000154C: 846E896E

0000000000001550 <L_1550>:
	s_branch L_1558                                            // 000000001550: BFA00001

0000000000001554 <L_1554>:
	s_lshl_b32 ttmp2, ttmp2, 10                                // 000000001554: 846E8A6E

0000000000001558 <L_1558>:
	s_add_co_u32 ttmp2, ttmp2, 0x1c0                           // 000000001558: 806EFF6E 000001C0

0000000000001560 <L_1560>:
	s_add_co_u32 ttmp2, ttmp2, ttmp8                           // 000000001560: 806E746E

0000000000001564 <L_1564>:
	s_add_co_ci_u32 ttmp3, ttmp9, 0                            // 000000001564: 826F8075

0000000000001568 <L_1568>:
	s_load_b128 ttmp[4:7], ttmp[2:3], 0x10 scope:SCOPE_SYS     // 000000001568: F4605C37 F8000010

0000000000001570 <L_1570>:
	s_load_b128 ttmp[8:11], ttmp[2:3], 0x20 scope:SCOPE_SYS    // 000000001570: F4605D37 F8000020

0000000000001578 <L_1578>:
	s_load_b32 ttmp13, ttmp[2:3], 0x34 scope:SCOPE_SYS         // 000000001578: F4601E77 F8000034

0000000000001580 <L_1580>:
	s_wait_idle                                                // 000000001580: BF8A0000

0000000000001584 <L_1584>:
	s_lshr_b32 ttmp2, ttmp11, 22                               // 000000001584: 856E9677

0000000000001588 <L_1588>:
	s_setreg_b32 hwreg(HW_REG_XNACK_STATE_PRIV, 18, 1), ttmp2  // 000000001588: B96E04A1

000000000000158c <L_158c>:
	s_lshr_b32 ttmp2, ttmp11, 21                               // 00000000158C: 856E9577

0000000000001590 <L_1590>:
	s_setreg_b32 hwreg(HW_REG_XNACK_STATE_PRIV, 16, 1), ttmp2  // 000000001590: B96E0421

0000000000001594 <L_1594>:
	s_lshr_b32 ttmp2, ttmp11, 14                               // 000000001594: 856E8E77

0000000000001598 <L_1598>:
	s_setreg_b32 hwreg(HW_REG_XNACK_STATE_PRIV, 0, 7), ttmp2   // 000000001598: B96E3021

000000000000159c <L_159c>:
	s_and_b32 ttmp1, ttmp1, 0x1ffffff                          // 00000000159C: 8B6DFF6D 01FFFFFF

00000000000015a4 <L_15a4>:
	s_and_b64 exec, exec, exec                                 // 0000000015A4: 8BFE7E7E

00000000000015a8 <L_15a8>:
	s_and_b64 vcc, vcc, vcc                                    // 0000000015A8: 8BEA6A6A

00000000000015ac <L_15ac>:
	s_setreg_b32 hwreg(HW_REG_WAVE_STATE_PRIV), ttmp14         // 0000000015AC: B97AF804

00000000000015b0 <L_15b0>:
	s_getreg_b32 ttmp2, hwreg(HW_REG_WAVE_STATUS)              // 0000000015B0: B8EEF802

00000000000015b4 <L_15b4>:
	s_bitcmp0_b32 ttmp2, 11                                    // 0000000015B4: BF0C8B6E

00000000000015b8 <L_15b8>:
	s_cbranch_scc1 L_15c8                                      // 0000000015B8: BFA20003

00000000000015bc <L_15bc>:
	s_barrier_signal_isfirst -2                                // 0000000015BC: BE804FC2

00000000000015c0 <L_15c0>:
	s_barrier_wait 0xfffe                                      // 0000000015C0: BF94FFFE

00000000000015c4 <L_15c4>:
	s_cbranch_scc0 L_15cc                                      // 0000000015C4: BFA10001

00000000000015c8 <L_15c8>:
	s_barrier_signal -4                                        // 0000000015C8: BE804EC4

00000000000015cc <L_15cc>:
	s_barrier_wait 0xfffc                                      // 0000000015CC: BF94FFFC

00000000000015d0 <L_15d0>:
	s_lshr_b32 ttmp14, ttmp14, 9                               // 0000000015D0: 857A897A

00000000000015d4 <L_15d4>:
	s_setreg_b32 hwreg(HW_REG_WAVE_STATE_PRIV, 9, 1), ttmp14   // 0000000015D4: B97A0244

00000000000015d8 <L_15d8>:
	s_rfe_i64 ttmp[0:1]                                        // 0000000015D8: BE804A6C

00000000000015dc <L_15dc>:
	s_getreg_b32 ttmp2, hwreg(HW_REG_WAVE_STATUS)              // 0000000015DC: B8EEF802

00000000000015e0 <L_15e0>:
	s_bitcmp0_b32 ttmp2, 11                                    // 0000000015E0: BF0C8B6E

00000000000015e4 <L_15e4>:
	s_cbranch_scc1 L_15f4                                      // 0000000015E4: BFA20003

00000000000015e8 <L_15e8>:
	s_barrier_signal_isfirst -2                                // 0000000015E8: BE804FC2

00000000000015ec <L_15ec>:
	s_barrier_wait 0xfffe                                      // 0000000015EC: BF94FFFE

00000000000015f0 <L_15f0>:
	s_cbranch_scc0 L_15f8                                      // 0000000015F0: BFA10001

00000000000015f4 <L_15f4>:
	s_barrier_signal -4                                        // 0000000015F4: BE804EC4

00000000000015f8 <L_15f8>:
	s_barrier_wait 0xfffc                                      // 0000000015F8: BF94FFFC

00000000000015fc <L_15fc>:
	s_endpgm_saved                                             // 0000000015FC: BFB10000

0000000000001600 <L_1600>:
	s_code_end                                                 // 000000001600: BF9F0000

0000000000001604 <L_1604>:
	s_code_end                                                 // 000000001604: BF9F0000

0000000000001608 <L_1608>:
	s_code_end                                                 // 000000001608: BF9F0000

000000000000160c <L_160c>:
	s_code_end                                                 // 00000000160C: BF9F0000

0000000000001610 <L_1610>:
	s_code_end                                                 // 000000001610: BF9F0000

0000000000001614 <L_1614>:
	v_illegal                                                  // 000000001614: 00000000
