
/home/chcai/mi450_logs/root_cause_20260919/session_20260921_CWSR_llvm_roundtrip_v2/corrected.o:	file format elf64-amdgpu

Disassembly of section .text:

0000000000000000 <L_0000>:
	s_branch L_0008                                            // 000000000000: BFA00001

0000000000000004 <L_0004>:
	s_branch L_0fcc                                            // 000000000004: BFA003F5

0000000000000008 <L_0008>:
	s_version UC_VERSION_GFX12|UC_VERSION_W32_BIT              // 000000000008: B0804009

000000000000000c <L_000c>:
	s_getreg_b32 ttmp12, hwreg(HW_REG_WAVE_STATE_PRIV)         // 00000000000C: B8F8F804

0000000000000010 <L_0010>:
	s_getreg_b32 ttmp14, hwreg(HW_REG_WAVE_EXCP_FLAG_PRIV)     // 000000000010: B8FAF811

0000000000000014 <L_0014>:
	s_bitcmp1_b32 ttmp14, 8                                    // 000000000014: BF0D887A

0000000000000018 <L_0018>:
	s_cbranch_scc0 L_003c                                      // 000000000018: BFA10008

000000000000001c <L_001c>:
	s_setreg_imm32_b32 hwreg(HW_REG_WAVE_EXCP_FLAG_PRIV, 8, 1), 0// 00000000001C: B9800211 00000000

0000000000000024 <L_0024>:
	s_mov_b64 ttmp[2:3], 0                                     // 000000000024: BEEE0180

0000000000000028 <L_0028>:
	v_mov_b32_e32 v1, 0                                        // 000000000028: 7E020280

000000000000002c <L_002c>:
	global_prefetch_b8 v1, ttmp[2:3] scope:SCOPE_SE            // 00000000002C: EE17406E 00040000 00000001

0000000000000038 <L_0038>:
	s_rfe_i64 ttmp[0:1]                                        // 000000000038: BE804A6C

000000000000003c <L_003c>:
	s_getreg_b32 ttmp2, hwreg(HW_REG_WAVE_MODE, 12, 6)         // 00000000003C: B8EE2B01
	s_mov_b32 ttmp3, 0                                         // 000000000040: BEEF0080
	s_setreg_b32 hwreg(HW_REG_WAVE_MODE, 12, 6), ttmp3         // 000000000044: B96F2B01
	s_mov_b32 ttmp14, exec_lo                                  // 000000000048: BEFA007E
	s_mov_b32 exec_lo, 1                                       // 00000000004C: BEFE0081
	v_readlane_b32 ttmp15, v1, 0                               // 000000000050: D760007B 00010101
	v_sub_nc_u32_e64 v1, 63, ttmp2                             // 000000000058: D5260001 0200DCBF
	global_prefetch_b8 v1, ttmp[2:3] offset:-63 scope:SCOPE_SE // 000000000060: EE17406E 00040000 FFFFC101
	v_writelane_b32 v1, ttmp15, 0                              // 00000000006C: D7610001 0001007B
	s_setreg_b32 hwreg(HW_REG_WAVE_MODE, 12, 6), ttmp2         // 000000000074: B96E2B01
	s_mov_b32 exec_lo, ttmp14                                  // 000000000078: BEFE007A

000000000000007c <L_006c>:
	s_and_not1_b32 ttmp12, ttmp12, 0x8c00                      // 00000000007C: 9178FF78 00008C00

0000000000000084 <L_0074>:
	s_getreg_b32 ttmp15, hwreg(HW_REG_WAVE_EXCP_FLAG_PRIV)     // 000000000084: B8FBF811

0000000000000088 <L_0078>:
	s_bitcmp0_b32 ttmp15, 7                                    // 000000000088: BF0C877B

000000000000008c <L_007c>:
	s_cbranch_scc1 L_0088                                      // 00000000008C: BFA20002

0000000000000090 <L_0080>:
	s_and_not1_b32 ttmp1, ttmp1, 0xf0000000                    // 000000000090: 916DFF6D F0000000

0000000000000098 <L_0088>:
	s_bitcmp1_b32 ttmp15, 5                                    // 000000000098: BF0D857B

000000000000009c <L_008c>:
	s_cbranch_scc0 L_00a8                                      // 00000000009C: BFA10006

00000000000000a0 <L_0090>:
	s_and_not1_b32 ttmp15, ttmp15, 0x480                       // 0000000000A0: 917BFF7B 00000480

00000000000000a8 <L_0098>:
	s_setreg_imm32_b32 hwreg(HW_REG_WAVE_EXCP_FLAG_PRIV, 7, 1), 0// 0000000000A8: B98001D1 00000000

00000000000000b0 <L_00a0>:
	s_setreg_imm32_b32 hwreg(HW_REG_WAVE_EXCP_FLAG_PRIV, 10, 1), 0// 0000000000B0: B9800291 00000000

00000000000000b8 <L_00a8>:
	s_and_b32 ttmp2, ttmp12, 0x4000                            // 0000000000B8: 8B6EFF78 00004000

00000000000000c0 <L_00b0>:
	s_cbranch_scc0 L_00d4                                      // 0000000000C0: BFA10008

00000000000000c4 <L_00b4>:
	s_and_b32 ttmp2, ttmp15, 0x480                             // 0000000000C4: 8B6EFF7B 00000480

00000000000000cc <L_00bc>:
	s_cbranch_scc1 L_0120                                      // 0000000000CC: BFA20018

00000000000000d0 <L_00c0>:
	s_and_b32 ttmp2, ttmp15, 32                                // 0000000000D0: 8B6EA07B

00000000000000d4 <L_00c4>:
	s_cbranch_scc1 L_0470                                      // 0000000000D4: BFA200EA

00000000000000d8 <L_00c8>:
	s_sleep 16                                                 // 0000000000D8: BF830010

00000000000000dc <L_00cc>:
	s_getreg_b32 ttmp15, hwreg(HW_REG_WAVE_EXCP_FLAG_PRIV)     // 0000000000DC: B8FBF811

00000000000000e0 <L_00d0>:
	s_branch L_00c0                                            // 0000000000E0: BFA0FFFB

00000000000000e4 <L_00d4>:
	s_and_b32 ttmp2, ttmp15, 0xbd0                             // 0000000000E4: 8B6EFF7B 00000BD0

00000000000000ec <L_00dc>:
	s_cbranch_scc1 L_0120                                      // 0000000000EC: BFA20010

00000000000000f0 <L_00e0>:
	s_getreg_b32 ttmp2, hwreg(HW_REG_WAVE_EXCP_FLAG_USER)      // 0000000000F0: B8EEF812

00000000000000f4 <L_00e4>:
	s_and_b32 ttmp3, ttmp15, 15                                // 0000000000F4: 8B6F8F7B

00000000000000f8 <L_00e8>:
	s_cbranch_scc0 L_00f4                                      // 0000000000F8: BFA10002

00000000000000fc <L_00ec>:
	s_or_b32 ttmp2, ttmp2, 0x80                                // 0000000000FC: 8C6EFF6E 00000080

0000000000000104 <L_00f4>:
	s_getreg_b32 ttmp3, hwreg(HW_REG_WAVE_TRAP_CTRL)           // 000000000104: B8EFF813

0000000000000108 <L_00f8>:
	s_and_b32 ttmp2, ttmp3, ttmp2                              // 000000000108: 8B6E6E6F

000000000000010c <L_00fc>:
	s_cbranch_scc1 L_0120                                      // 00000000010C: BFA20008

0000000000000110 <L_0100>:
	s_and_b32 ttmp2, ttmp1, 0xf0000000                         // 000000000110: 8B6EFF6D F0000000

0000000000000118 <L_0108>:
	s_cbranch_scc1 L_0120                                      // 000000000118: BFA20005

000000000000011c <L_010c>:
	s_and_b32 ttmp3, ttmp3, 0x200                              // 00000000011C: 8B6FFF6F 00000200

0000000000000124 <L_0114>:
	s_cbranch_scc1 L_0120                                      // 000000000124: BFA20002

0000000000000128 <L_0118>:
	s_and_b32 ttmp2, ttmp15, 32                                // 000000000128: 8B6EA07B

000000000000012c <L_011c>:
	s_cbranch_scc1 L_0470                                      // 00000000012C: BFA200D4

0000000000000130 <L_0120>:
	s_and_not1_b32 ttmp11, ttmp11, 0x7fc000                    // 000000000130: 9177FF77 007FC000

0000000000000138 <L_0128>:
	s_getreg_b32 ttmp14, hwreg(HW_REG_XNACK_STATE_PRIV, 18, 1) // 000000000138: B8FA04A1

000000000000013c <L_012c>:
	s_lshl_b32 ttmp14, ttmp14, 22                              // 00000000013C: 847A967A

0000000000000140 <L_0130>:
	s_or_b32 ttmp11, ttmp11, ttmp14                            // 000000000140: 8C777A77

0000000000000144 <L_0134>:
	s_getreg_b32 ttmp14, hwreg(HW_REG_XNACK_STATE_PRIV, 16, 1) // 000000000144: B8FA0421

0000000000000148 <L_0138>:
	s_lshl_b32 ttmp14, ttmp14, 21                              // 000000000148: 847A957A

000000000000014c <L_013c>:
	s_or_b32 ttmp11, ttmp11, ttmp14                            // 00000000014C: 8C777A77

0000000000000150 <L_0140>:
	s_getreg_b32 ttmp14, hwreg(HW_REG_XNACK_STATE_PRIV, 0, 7)  // 000000000150: B8FA3021

0000000000000154 <L_0144>:
	s_lshl_b32 ttmp14, ttmp14, 14                              // 000000000154: 847A8E7A

0000000000000158 <L_0148>:
	s_or_b32 ttmp11, ttmp11, ttmp14                            // 000000000158: 8C777A77

000000000000015c <L_014c>:
	s_setreg_imm32_b32 hwreg(HW_REG_XNACK_STATE_PRIV), 0       // 00000000015C: B980F821 00000000

0000000000000164 <L_0154>:
	s_mov_b32 ttmp3, ttmp15                                    // 000000000164: BEEF007B

0000000000000168 <L_0158>:
	s_sendmsg_rtn_b64 ttmp[14:15], sendmsg(MSG_RTN_GET_TMA)    // 000000000168: BEFA4D82

000000000000016c <L_015c>:
	s_wait_idle                                                // 00000000016C: BF8A0000

0000000000000170 <L_0160>:
	s_lshl_b64 ttmp[14:15], ttmp[14:15], 8                     // 000000000170: 84FA887A

0000000000000174 <L_0164>:
	s_bitcmp1_b32 ttmp15, 24                                   // 000000000174: BF0D987B

0000000000000178 <L_0168>:
	s_cbranch_scc0 L_0174                                      // 000000000178: BFA10002

000000000000017c <L_016c>:
	s_or_b32 ttmp15, ttmp15, 0xfe000000                        // 00000000017C: 8C7BFF7B FE000000

0000000000000184 <L_0174>:
	s_load_b32 ttmp2, ttmp[14:15], 0x10 scope:SCOPE_SYS        // 000000000184: F4601BBD F8000010

000000000000018c <L_017c>:
	s_wait_idle                                                // 00000000018C: BF8A0000

0000000000000190 <L_0180>:
	s_lshl_b32 ttmp2, ttmp2, 23                                // 000000000190: 846E976E

0000000000000194 <L_0184>:
	s_and_not1_b32 ttmp11, ttmp11, 0x3800000                   // 000000000194: 9177FF77 03800000

000000000000019c <L_018c>:
	s_or_b32 ttmp11, ttmp11, ttmp2                             // 00000000019C: 8C776E77

00000000000001a0 <L_0190>:
	s_and_b32 ttmp2, ttmp3, 0x480                              // 0000000001A0: 8B6EFF6F 00000480

00000000000001a8 <L_0198>:
	s_cbranch_scc0 L_01cc                                      // 0000000001A8: BFA1000C

00000000000001ac <L_019c>:
	s_bitcmp1_b32 ttmp12, 14                                   // 0000000001AC: BF0D8E78

00000000000001b0 <L_01a0>:
	s_cbranch_scc1 L_01ac                                      // 0000000001B0: BFA20002

00000000000001b4 <L_01a4>:
	s_bitcmp1_b32 ttmp11, 24                                   // 0000000001B4: BF0D9877

00000000000001b8 <L_01a8>:
	s_cbranch_scc1 L_01b4                                      // 0000000001B8: BFA20002

00000000000001bc <L_01ac>:
	s_setreg_imm32_b32 hwreg(HW_REG_WAVE_EXCP_FLAG_PRIV, 7, 1), 0// 0000000001BC: B98001D1 00000000

00000000000001c4 <L_01b4>:
	s_bitcmp1_b32 ttmp12, 14                                   // 0000000001C4: BF0D8E78

00000000000001c8 <L_01b8>:
	s_cbranch_scc1 L_01c4                                      // 0000000001C8: BFA20002

00000000000001cc <L_01bc>:
	s_bitcmp1_b32 ttmp11, 25                                   // 0000000001CC: BF0D9977

00000000000001d0 <L_01c0>:
	s_cbranch_scc1 L_01cc                                      // 0000000001D0: BFA20002

00000000000001d4 <L_01c4>:
	s_setreg_imm32_b32 hwreg(HW_REG_WAVE_EXCP_FLAG_PRIV, 10, 1), 0// 0000000001D4: B9800291 00000000

00000000000001dc <L_01cc>:
	s_load_b64 ttmp[2:3], ttmp[14:15], 0x0 scope:SCOPE_SYS     // 0000000001DC: F4603BBD F8000000

00000000000001e4 <L_01d4>:
	s_wait_idle                                                // 0000000001E4: BF8A0000

00000000000001e8 <L_01d8>:
	s_load_b64 ttmp[14:15], ttmp[14:15], 0x8 scope:SCOPE_SYS   // 0000000001E8: F4603EBD F8000008

00000000000001f0 <L_01e0>:
	s_wait_idle                                                // 0000000001F0: BF8A0000

00000000000001f4 <L_01e4>:
	s_and_b64 ttmp[2:3], ttmp[2:3], ttmp[2:3]                  // 0000000001F4: 8BEE6E6E

00000000000001f8 <L_01e8>:
	s_cbranch_scc0 L_01f0                                      // 0000000001F8: BFA10001

00000000000001fc <L_01ec>:
	s_set_pc_i64 ttmp[2:3]                                     // 0000000001FC: BE80486E

0000000000000200 <L_01f0>:
	s_and_b32 ttmp2, ttmp1, 0xf0000000                         // 000000000200: 8B6EFF6D F0000000

0000000000000208 <L_01f8>:
	s_cbranch_scc1 L_0220                                      // 000000000208: BFA20009

000000000000020c <L_01fc>:
	s_getreg_b32 ttmp2, hwreg(HW_REG_WAVE_EXCP_FLAG_PRIV)      // 00000000020C: B8EEF811

0000000000000210 <L_0200>:
	s_and_b32 ttmp2, ttmp2, 0x80                               // 000000000210: 8B6EFF6E 00000080

0000000000000218 <L_0208>:
	s_cbranch_scc1 L_0228                                      // 000000000218: BFA20007

000000000000021c <L_020c>:
	s_or_b32 ttmp12, ttmp12, 0x4000                            // 00000000021C: 8C78FF78 00004000

0000000000000224 <L_0214>:
	s_sub_co_u32 ttmp0, ttmp0, 8                               // 000000000224: 80EC886C

0000000000000228 <L_0218>:
	s_sub_co_ci_u32 ttmp1, ttmp1, 0                            // 000000000228: 82ED806D

000000000000022c <L_021c>:
	s_branch L_0228                                            // 00000000022C: BFA00002

0000000000000230 <L_0220>:
	s_add_co_u32 ttmp0, ttmp0, 4                               // 000000000230: 806C846C

0000000000000234 <L_0224>:
	s_add_co_ci_u32 ttmp1, ttmp1, 0                            // 000000000234: 826D806D

0000000000000238 <L_0228>:
	s_and_b32 ttmp1, ttmp1, 0x1ffffff                          // 000000000238: 8B6DFF6D 01FFFFFF

0000000000000240 <L_0230>:
	s_getreg_b32 ttmp15, hwreg(HW_REG_WAVE_EXCP_FLAG_PRIV)     // 000000000240: B8FBF811

0000000000000244 <L_0234>:
	s_bitcmp1_b32 ttmp15, 4                                    // 000000000244: BF0D847B

0000000000000248 <L_0238>:
	s_cbranch_scc1 L_0440                                      // 000000000248: BFA20081

000000000000024c <L_023c>:
	s_load_b64 ttmp[14:15], ttmp[0:1], 0x0                     // 00000000024C: F4003EB6 F8000000

0000000000000254 <L_0244>:
	s_wait_kmcnt 0x0                                           // 000000000254: BFC70000

0000000000000258 <L_0248>:
	s_load_b64 ttmp[2:3], ttmp[0:1], 0x8                       // 000000000258: F4003BB6 F8000008

0000000000000260 <L_0250>:
	s_and_b32 ttmp10, ttmp14, 0x80000000                       // 000000000260: 8B76FF7A 80000000

0000000000000268 <L_0258>:
	s_cbranch_scc1 L_02f8                                      // 000000000268: BFA20027

000000000000026c <L_025c>:
	s_bfe_u32 ttmp10, ttmp14, 0x60019                          // 00000000026C: 9376FF7A 00060019

0000000000000274 <L_0264>:
	s_sub_co_i32 ttmp13, ttmp10, 35                            // 000000000274: 81F9A376

0000000000000278 <L_0268>:
	s_cmp_le_u32 ttmp13, 1                                     // 000000000278: BF0B8179

000000000000027c <L_026c>:
	s_cbranch_scc1 L_0428                                      // 00000000027C: BFA2006E

0000000000000280 <L_0270>:
	s_sub_co_i32 ttmp13, ttmp10, 44                            // 000000000280: 81F9AC76

0000000000000284 <L_0274>:
	s_cmp_le_u32 ttmp13, 1                                     // 000000000284: BF0B8179

0000000000000288 <L_0278>:
	s_cbranch_scc1 L_041c                                      // 000000000288: BFA20068

000000000000028c <L_027c>:
	s_sub_co_i32 ttmp13, ttmp10, 55                            // 00000000028C: 81F9B776

0000000000000290 <L_0280>:
	s_cmp_le_u32 ttmp13, 1                                     // 000000000290: BF0B8179

0000000000000294 <L_0284>:
	s_cbranch_scc1 L_041c                                      // 000000000294: BFA20065

0000000000000298 <L_0288>:
	s_and_b32 ttmp10, ttmp14, 0x1ff                            // 000000000298: 8B76FF7A 000001FF

00000000000002a0 <L_0290>:
	s_cmp_eq_u32 ttmp10, 0xfe                                  // 0000000002A0: BF06FF76 000000FE

00000000000002a8 <L_0298>:
	s_cbranch_scc1 L_0428                                      // 0000000002A8: BFA20063

00000000000002ac <L_029c>:
	s_cmp_eq_u32 ttmp10, 0xff                                  // 0000000002AC: BF06FF76 000000FF

00000000000002b4 <L_02a4>:
	s_cbranch_scc1 L_041c                                      // 0000000002B4: BFA2005D

00000000000002b8 <L_02a8>:
	s_cmp_eq_u32 ttmp10, 0xfa                                  // 0000000002B8: BF06FF76 000000FA

00000000000002c0 <L_02b0>:
	s_cbranch_scc1 L_041c                                      // 0000000002C0: BFA2005A

00000000000002c4 <L_02b4>:
	s_sub_co_i32 ttmp13, ttmp10, 0xe9                          // 0000000002C4: 81F9FF76 000000E9

00000000000002cc <L_02bc>:
	s_cmp_le_u32 ttmp13, 1                                     // 0000000002CC: BF0B8179

00000000000002d0 <L_02c0>:
	s_cbranch_scc1 L_041c                                      // 0000000002D0: BFA20056

00000000000002d4 <L_02c4>:
	s_and_b32 ttmp10, ttmp15, 0xffff0000                       // 0000000002D4: 8B76FF7B FFFF0000

00000000000002dc <L_02cc>:
	s_cmp_eq_u32 ttmp10, 0xbf860000                            // 0000000002DC: BF06FF76 BF860000

00000000000002e4 <L_02d4>:
	s_cbranch_scc0 L_0440                                      // 0000000002E4: BFA1005A

00000000000002e8 <L_02d8>:
	s_bfe_u32 ttmp10, ttmp15, 0x2000e                          // 0000000002E8: 9376FF7B 0002000E

00000000000002f0 <L_02e0>:
	s_and_b32 ttmp13, ttmp15, 0x3f00                           // 0000000002F0: 8B79FF7B 00003F00

00000000000002f8 <L_02e8>:
	s_lshr_b32 ttmp13, ttmp13, 6                               // 0000000002F8: 85798679

00000000000002fc <L_02ec>:
	s_or_b32 ttmp10, ttmp10, ttmp13                            // 0000000002FC: 8C767976

0000000000000300 <L_02f0>:
	s_setreg_b32 hwreg(HW_REG_WAVE_MODE, 12, 8), ttmp10        // 000000000300: B9763B01

0000000000000304 <L_02f4>:
	s_branch L_0440                                            // 000000000304: BFA00052

0000000000000308 <L_02f8>:
	s_and_b32 ttmp10, ttmp14, 0xfc000000                       // 000000000308: 8B76FF7A FC000000

0000000000000310 <L_0300>:
	s_cmp_eq_u32 ttmp10, 0xd4000000                            // 000000000310: BF06FF76 D4000000

0000000000000318 <L_0308>:
	s_cbranch_scc1 L_0370                                      // 000000000318: BFA20019

000000000000031c <L_030c>:
	s_cmp_eq_u32 ttmp10, 0xc8000000                            // 00000000031C: BF06FF76 C8000000

0000000000000324 <L_0314>:
	s_cbranch_scc1 L_03cc                                      // 000000000324: BFA2002D

0000000000000328 <L_0318>:
	s_and_b32 ttmp10, ttmp14, 0xff000000                       // 000000000328: 8B76FF7A FF000000

0000000000000330 <L_0320>:
	s_cmp_eq_u32 ttmp10, 0xcf000000                            // 000000000330: BF06FF76 CF000000

0000000000000338 <L_0328>:
	s_cbranch_scc1 L_0428                                      // 000000000338: BFA2003F

000000000000033c <L_032c>:
	s_and_b32 ttmp13, ttmp14, 0xffff0000                       // 00000000033C: 8B79FF7A FFFF0000

0000000000000344 <L_0334>:
	s_cmp_eq_u32 ttmp13, 0xcc330000                            // 000000000344: BF06FF79 CC330000

000000000000034c <L_033c>:
	s_cbranch_scc1 L_0434                                      // 00000000034C: BFA2003D

0000000000000350 <L_0340>:
	s_cmp_eq_u32 ttmp13, 0xcc880000                            // 000000000350: BF06FF79 CC880000

0000000000000358 <L_0348>:
	s_cbranch_scc1 L_0434                                      // 000000000358: BFA2003A

000000000000035c <L_034c>:
	s_cmp_eq_u32 ttmp13, 0xcc350000                            // 00000000035C: BF06FF79 CC350000

0000000000000364 <L_0354>:
	s_cbranch_scc1 L_0440                                      // 000000000364: BFA2003A

0000000000000368 <L_0358>:
	s_cmp_eq_u32 ttmp13, 0xcc3a0000                            // 000000000368: BF06FF79 CC3A0000

0000000000000370 <L_0360>:
	s_cbranch_scc1 L_0440                                      // 000000000370: BFA20037

0000000000000374 <L_0364>:
	s_cmp_eq_u32 ttmp10, 0xcc000000                            // 000000000374: BF06FF76 CC000000

000000000000037c <L_036c>:
	s_cbranch_scc0 L_0440                                      // 00000000037C: BFA10034

0000000000000380 <L_0370>:
	s_and_b32 ttmp10, ttmp15, 0x1ff                            // 000000000380: 8B76FF7B 000001FF

0000000000000388 <L_0378>:
	s_cmp_eq_u32 ttmp10, 0xff                                  // 000000000388: BF06FF76 000000FF

0000000000000390 <L_0380>:
	s_cbranch_scc1 L_0428                                      // 000000000390: BFA20029

0000000000000394 <L_0384>:
	s_cmp_eq_u32 ttmp10, 0xfa                                  // 000000000394: BF06FF76 000000FA

000000000000039c <L_038c>:
	s_cbranch_scc1 L_0428                                      // 00000000039C: BFA20026

00000000000003a0 <L_0390>:
	s_sub_co_i32 ttmp10, ttmp10, 0xe9                          // 0000000003A0: 81F6FF76 000000E9

00000000000003a8 <L_0398>:
	s_cmp_le_u32 ttmp10, 1                                     // 0000000003A8: BF0B8176

00000000000003ac <L_039c>:
	s_cbranch_scc1 L_0428                                      // 0000000003AC: BFA20022

00000000000003b0 <L_03a0>:
	s_and_b32 ttmp10, ttmp15, 0x3fe00                          // 0000000003B0: 8B76FF7B 0003FE00

00000000000003b8 <L_03a8>:
	s_cmp_eq_u32 ttmp10, 0x1fe00                               // 0000000003B8: BF06FF76 0001FE00

00000000000003c0 <L_03b0>:
	s_cbranch_scc1 L_0428                                      // 0000000003C0: BFA2001D

00000000000003c4 <L_03b4>:
	s_and_b32 ttmp10, ttmp15, 0x7fc0000                        // 0000000003C4: 8B76FF7B 07FC0000

00000000000003cc <L_03bc>:
	s_cmp_eq_u32 ttmp10, 0x3fc0000                             // 0000000003CC: BF06FF76 03FC0000

00000000000003d4 <L_03c4>:
	s_cbranch_scc1 L_0428                                      // 0000000003D4: BFA20018

00000000000003d8 <L_03c8>:
	s_branch L_041c                                            // 0000000003D8: BFA00014

00000000000003dc <L_03cc>:
	s_bfe_u32 ttmp10, ttmp14, 0x40016                          // 0000000003DC: 9376FF7A 00040016

00000000000003e4 <L_03d4>:
	s_sub_co_i32 ttmp10, ttmp10, 1                             // 0000000003E4: 81F68176

00000000000003e8 <L_03d8>:
	s_cmp_le_u32 ttmp10, 1                                     // 0000000003E8: BF0B8176

00000000000003ec <L_03dc>:
	s_cbranch_scc1 L_0428                                      // 0000000003EC: BFA20012

00000000000003f0 <L_03e0>:
	s_bfe_u32 ttmp10, ttmp14, 0x50011                          // 0000000003F0: 9376FF7A 00050011

00000000000003f8 <L_03e8>:
	s_sub_co_i32 ttmp10, ttmp10, 1                             // 0000000003F8: 81F68176

00000000000003fc <L_03ec>:
	s_cmp_le_u32 ttmp10, 1                                     // 0000000003FC: BF0B8176

0000000000000400 <L_03f0>:
	s_cbranch_scc1 L_0428                                      // 000000000400: BFA2000D

0000000000000404 <L_03f4>:
	s_and_b32 ttmp10, ttmp14, 0x1ff                            // 000000000404: 8B76FF7A 000001FF

000000000000040c <L_03fc>:
	s_cmp_eq_u32 ttmp10, 0xff                                  // 00000000040C: BF06FF76 000000FF

0000000000000414 <L_0404>:
	s_cbranch_scc1 L_0428                                      // 000000000414: BFA20008

0000000000000418 <L_0408>:
	s_and_b32 ttmp10, ttmp15, 0x1ff                            // 000000000418: 8B76FF7B 000001FF

0000000000000420 <L_0410>:
	s_cmp_eq_u32 ttmp10, 0xff                                  // 000000000420: BF06FF76 000000FF

0000000000000428 <L_0418>:
	s_cbranch_scc1 L_0428                                      // 000000000428: BFA20003

000000000000042c <L_041c>:
	s_wait_kmcnt 0x0                                           // 00000000042C: BFC70000

0000000000000430 <L_0420>:
	s_mov_b32 ttmp15, ttmp2                                    // 000000000430: BEFB006E

0000000000000434 <L_0424>:
	s_branch L_02c4                                            // 000000000434: BFA0FFA7

0000000000000438 <L_0428>:
	s_wait_kmcnt 0x0                                           // 000000000438: BFC70000

000000000000043c <L_042c>:
	s_mov_b32 ttmp15, ttmp3                                    // 00000000043C: BEFB006F

0000000000000440 <L_0430>:
	s_branch L_02c4                                            // 000000000440: BFA0FFA4

0000000000000444 <L_0434>:
	s_sub_co_u32 ttmp0, ttmp0, 8                               // 000000000444: 80EC886C

0000000000000448 <L_0438>:
	s_sub_co_ci_u32 ttmp1, ttmp1, 0                            // 000000000448: 82ED806D

000000000000044c <L_043c>:
	s_branch L_041c                                            // 00000000044C: BFA0FFF7

0000000000000450 <L_0440>:
	s_wait_kmcnt 0x0                                           // 000000000450: BFC70000

0000000000000454 <L_0444>:
	s_lshr_b32 ttmp14, ttmp11, 22                              // 000000000454: 857A9677

0000000000000458 <L_0448>:
	s_setreg_b32 hwreg(HW_REG_XNACK_STATE_PRIV, 18, 1), ttmp14 // 000000000458: B97A04A1

000000000000045c <L_044c>:
	s_lshr_b32 ttmp14, ttmp11, 21                              // 00000000045C: 857A9577

0000000000000460 <L_0450>:
	s_setreg_b32 hwreg(HW_REG_XNACK_STATE_PRIV, 16, 1), ttmp14 // 000000000460: B97A0421

0000000000000464 <L_0454>:
	s_lshr_b32 ttmp14, ttmp11, 14                              // 000000000464: 857A8E77

0000000000000468 <L_0458>:
	s_setreg_b32 hwreg(HW_REG_XNACK_STATE_PRIV, 0, 7), ttmp14  // 000000000468: B97A3021

000000000000046c <L_045c>:
	s_and_b64 exec, exec, exec                                 // 00000000046C: 8BFE7E7E

0000000000000470 <L_0460>:
	s_and_b64 vcc, vcc, vcc                                    // 000000000470: 8BEA6A6A

0000000000000474 <L_0464>:
	s_lshr_b32 ttmp12, ttmp12, 9                               // 000000000474: 85788978

0000000000000478 <L_0468>:
	s_setreg_b32 hwreg(HW_REG_WAVE_STATE_PRIV, 9, 7), ttmp12   // 000000000478: B9783244

000000000000047c <L_046c>:
	s_rfe_i64 ttmp[0:1]                                        // 00000000047C: BE804A6C

0000000000000480 <L_0470>:
	s_getreg_b32 ttmp14, hwreg(HW_REG_WAVE_STATUS)             // 000000000480: B8FAF802

0000000000000484 <L_0474>:
	s_bitcmp1_b32 ttmp14, 24                                   // 000000000484: BF0D987A

0000000000000488 <L_0478>:
	s_cbranch_scc0 L_0480                                      // 000000000488: BFA10001

000000000000048c <L_047c>:
	s_endpgm                                                   // 00000000048C: BFB00000

0000000000000490 <L_0480>:
	s_and_b32 ttmp1, ttmp1, 0x1ffffff                          // 000000000490: 8B6DFF6D 01FFFFFF

0000000000000498 <L_0488>:
	s_mov_b32 ttmp14, 0                                        // 000000000498: BEFA0080

000000000000049c <L_048c>:
	s_setreg_b32 hwreg(HW_REG_WAVE_EXCP_FLAG_PRIV, 5, 1), ttmp14// 00000000049C: B97A0151

00000000000004a0 <L_0490>:
	s_and_not1_b32 ttmp11, ttmp11, 0x7fc000                    // 0000000004A0: 9177FF77 007FC000

00000000000004a8 <L_0498>:
	s_getreg_b32 ttmp14, hwreg(HW_REG_XNACK_STATE_PRIV, 18, 1) // 0000000004A8: B8FA04A1

00000000000004ac <L_049c>:
	s_lshl_b32 ttmp14, ttmp14, 22                              // 0000000004AC: 847A967A

00000000000004b0 <L_04a0>:
	s_or_b32 ttmp11, ttmp11, ttmp14                            // 0000000004B0: 8C777A77

00000000000004b4 <L_04a4>:
	s_getreg_b32 ttmp14, hwreg(HW_REG_XNACK_STATE_PRIV, 16, 1) // 0000000004B4: B8FA0421

00000000000004b8 <L_04a8>:
	s_lshl_b32 ttmp14, ttmp14, 21                              // 0000000004B8: 847A957A

00000000000004bc <L_04ac>:
	s_or_b32 ttmp11, ttmp11, ttmp14                            // 0000000004BC: 8C777A77

00000000000004c0 <L_04b0>:
	s_getreg_b32 ttmp14, hwreg(HW_REG_XNACK_STATE_PRIV, 0, 7)  // 0000000004C0: B8FA3021

00000000000004c4 <L_04b4>:
	s_lshl_b32 ttmp14, ttmp14, 14                              // 0000000004C4: 847A8E7A

00000000000004c8 <L_04b8>:
	s_or_b32 ttmp11, ttmp11, ttmp14                            // 0000000004C8: 8C777A77

00000000000004cc <L_04bc>:
	s_setreg_imm32_b32 hwreg(HW_REG_XNACK_STATE_PRIV), 0       // 0000000004CC: B980F821 00000000

00000000000004d4 <L_04c4>:
	s_bitcmp1_b32 ttmp15, 4                                    // 0000000004D4: BF0D847B

00000000000004d8 <L_04c8>:
	s_cbranch_scc1 L_06d0                                      // 0000000004D8: BFA20081

00000000000004dc <L_04cc>:
	s_load_b64 ttmp[14:15], ttmp[0:1], 0x0                     // 0000000004DC: F4003EB6 F8000000

00000000000004e4 <L_04d4>:
	s_wait_kmcnt 0x0                                           // 0000000004E4: BFC70000

00000000000004e8 <L_04d8>:
	s_load_b64 ttmp[2:3], ttmp[0:1], 0x8                       // 0000000004E8: F4003BB6 F8000008

00000000000004f0 <L_04e0>:
	s_and_b32 ttmp10, ttmp14, 0x80000000                       // 0000000004F0: 8B76FF7A 80000000

00000000000004f8 <L_04e8>:
	s_cbranch_scc1 L_0588                                      // 0000000004F8: BFA20027

00000000000004fc <L_04ec>:
	s_bfe_u32 ttmp10, ttmp14, 0x60019                          // 0000000004FC: 9376FF7A 00060019

0000000000000504 <L_04f4>:
	s_sub_co_i32 ttmp13, ttmp10, 35                            // 000000000504: 81F9A376

0000000000000508 <L_04f8>:
	s_cmp_le_u32 ttmp13, 1                                     // 000000000508: BF0B8179

000000000000050c <L_04fc>:
	s_cbranch_scc1 L_06b8                                      // 00000000050C: BFA2006E

0000000000000510 <L_0500>:
	s_sub_co_i32 ttmp13, ttmp10, 44                            // 000000000510: 81F9AC76

0000000000000514 <L_0504>:
	s_cmp_le_u32 ttmp13, 1                                     // 000000000514: BF0B8179

0000000000000518 <L_0508>:
	s_cbranch_scc1 L_06ac                                      // 000000000518: BFA20068

000000000000051c <L_050c>:
	s_sub_co_i32 ttmp13, ttmp10, 55                            // 00000000051C: 81F9B776

0000000000000520 <L_0510>:
	s_cmp_le_u32 ttmp13, 1                                     // 000000000520: BF0B8179

0000000000000524 <L_0514>:
	s_cbranch_scc1 L_06ac                                      // 000000000524: BFA20065

0000000000000528 <L_0518>:
	s_and_b32 ttmp10, ttmp14, 0x1ff                            // 000000000528: 8B76FF7A 000001FF

0000000000000530 <L_0520>:
	s_cmp_eq_u32 ttmp10, 0xfe                                  // 000000000530: BF06FF76 000000FE

0000000000000538 <L_0528>:
	s_cbranch_scc1 L_06b8                                      // 000000000538: BFA20063

000000000000053c <L_052c>:
	s_cmp_eq_u32 ttmp10, 0xff                                  // 00000000053C: BF06FF76 000000FF

0000000000000544 <L_0534>:
	s_cbranch_scc1 L_06ac                                      // 000000000544: BFA2005D

0000000000000548 <L_0538>:
	s_cmp_eq_u32 ttmp10, 0xfa                                  // 000000000548: BF06FF76 000000FA

0000000000000550 <L_0540>:
	s_cbranch_scc1 L_06ac                                      // 000000000550: BFA2005A

0000000000000554 <L_0544>:
	s_sub_co_i32 ttmp13, ttmp10, 0xe9                          // 000000000554: 81F9FF76 000000E9

000000000000055c <L_054c>:
	s_cmp_le_u32 ttmp13, 1                                     // 00000000055C: BF0B8179

0000000000000560 <L_0550>:
	s_cbranch_scc1 L_06ac                                      // 000000000560: BFA20056

0000000000000564 <L_0554>:
	s_and_b32 ttmp10, ttmp15, 0xffff0000                       // 000000000564: 8B76FF7B FFFF0000

000000000000056c <L_055c>:
	s_cmp_eq_u32 ttmp10, 0xbf860000                            // 00000000056C: BF06FF76 BF860000

0000000000000574 <L_0564>:
	s_cbranch_scc0 L_06d0                                      // 000000000574: BFA1005A

0000000000000578 <L_0568>:
	s_bfe_u32 ttmp10, ttmp15, 0x2000e                          // 000000000578: 9376FF7B 0002000E

0000000000000580 <L_0570>:
	s_and_b32 ttmp13, ttmp15, 0x3f00                           // 000000000580: 8B79FF7B 00003F00

0000000000000588 <L_0578>:
	s_lshr_b32 ttmp13, ttmp13, 6                               // 000000000588: 85798679

000000000000058c <L_057c>:
	s_or_b32 ttmp10, ttmp10, ttmp13                            // 00000000058C: 8C767976

0000000000000590 <L_0580>:
	s_setreg_b32 hwreg(HW_REG_WAVE_MODE, 12, 8), ttmp10        // 000000000590: B9763B01

0000000000000594 <L_0584>:
	s_branch L_06d0                                            // 000000000594: BFA00052

0000000000000598 <L_0588>:
	s_and_b32 ttmp10, ttmp14, 0xfc000000                       // 000000000598: 8B76FF7A FC000000

00000000000005a0 <L_0590>:
	s_cmp_eq_u32 ttmp10, 0xd4000000                            // 0000000005A0: BF06FF76 D4000000

00000000000005a8 <L_0598>:
	s_cbranch_scc1 L_0600                                      // 0000000005A8: BFA20019

00000000000005ac <L_059c>:
	s_cmp_eq_u32 ttmp10, 0xc8000000                            // 0000000005AC: BF06FF76 C8000000

00000000000005b4 <L_05a4>:
	s_cbranch_scc1 L_065c                                      // 0000000005B4: BFA2002D

00000000000005b8 <L_05a8>:
	s_and_b32 ttmp10, ttmp14, 0xff000000                       // 0000000005B8: 8B76FF7A FF000000

00000000000005c0 <L_05b0>:
	s_cmp_eq_u32 ttmp10, 0xcf000000                            // 0000000005C0: BF06FF76 CF000000

00000000000005c8 <L_05b8>:
	s_cbranch_scc1 L_06b8                                      // 0000000005C8: BFA2003F

00000000000005cc <L_05bc>:
	s_and_b32 ttmp13, ttmp14, 0xffff0000                       // 0000000005CC: 8B79FF7A FFFF0000

00000000000005d4 <L_05c4>:
	s_cmp_eq_u32 ttmp13, 0xcc330000                            // 0000000005D4: BF06FF79 CC330000

00000000000005dc <L_05cc>:
	s_cbranch_scc1 L_06c4                                      // 0000000005DC: BFA2003D

00000000000005e0 <L_05d0>:
	s_cmp_eq_u32 ttmp13, 0xcc880000                            // 0000000005E0: BF06FF79 CC880000

00000000000005e8 <L_05d8>:
	s_cbranch_scc1 L_06c4                                      // 0000000005E8: BFA2003A

00000000000005ec <L_05dc>:
	s_cmp_eq_u32 ttmp13, 0xcc350000                            // 0000000005EC: BF06FF79 CC350000

00000000000005f4 <L_05e4>:
	s_cbranch_scc1 L_06d0                                      // 0000000005F4: BFA2003A

00000000000005f8 <L_05e8>:
	s_cmp_eq_u32 ttmp13, 0xcc3a0000                            // 0000000005F8: BF06FF79 CC3A0000

0000000000000600 <L_05f0>:
	s_cbranch_scc1 L_06d0                                      // 000000000600: BFA20037

0000000000000604 <L_05f4>:
	s_cmp_eq_u32 ttmp10, 0xcc000000                            // 000000000604: BF06FF76 CC000000

000000000000060c <L_05fc>:
	s_cbranch_scc0 L_06d0                                      // 00000000060C: BFA10034

0000000000000610 <L_0600>:
	s_and_b32 ttmp10, ttmp15, 0x1ff                            // 000000000610: 8B76FF7B 000001FF

0000000000000618 <L_0608>:
	s_cmp_eq_u32 ttmp10, 0xff                                  // 000000000618: BF06FF76 000000FF

0000000000000620 <L_0610>:
	s_cbranch_scc1 L_06b8                                      // 000000000620: BFA20029

0000000000000624 <L_0614>:
	s_cmp_eq_u32 ttmp10, 0xfa                                  // 000000000624: BF06FF76 000000FA

000000000000062c <L_061c>:
	s_cbranch_scc1 L_06b8                                      // 00000000062C: BFA20026

0000000000000630 <L_0620>:
	s_sub_co_i32 ttmp10, ttmp10, 0xe9                          // 000000000630: 81F6FF76 000000E9

0000000000000638 <L_0628>:
	s_cmp_le_u32 ttmp10, 1                                     // 000000000638: BF0B8176

000000000000063c <L_062c>:
	s_cbranch_scc1 L_06b8                                      // 00000000063C: BFA20022

0000000000000640 <L_0630>:
	s_and_b32 ttmp10, ttmp15, 0x3fe00                          // 000000000640: 8B76FF7B 0003FE00

0000000000000648 <L_0638>:
	s_cmp_eq_u32 ttmp10, 0x1fe00                               // 000000000648: BF06FF76 0001FE00

0000000000000650 <L_0640>:
	s_cbranch_scc1 L_06b8                                      // 000000000650: BFA2001D

0000000000000654 <L_0644>:
	s_and_b32 ttmp10, ttmp15, 0x7fc0000                        // 000000000654: 8B76FF7B 07FC0000

000000000000065c <L_064c>:
	s_cmp_eq_u32 ttmp10, 0x3fc0000                             // 00000000065C: BF06FF76 03FC0000

0000000000000664 <L_0654>:
	s_cbranch_scc1 L_06b8                                      // 000000000664: BFA20018

0000000000000668 <L_0658>:
	s_branch L_06ac                                            // 000000000668: BFA00014

000000000000066c <L_065c>:
	s_bfe_u32 ttmp10, ttmp14, 0x40016                          // 00000000066C: 9376FF7A 00040016

0000000000000674 <L_0664>:
	s_sub_co_i32 ttmp10, ttmp10, 1                             // 000000000674: 81F68176

0000000000000678 <L_0668>:
	s_cmp_le_u32 ttmp10, 1                                     // 000000000678: BF0B8176

000000000000067c <L_066c>:
	s_cbranch_scc1 L_06b8                                      // 00000000067C: BFA20012

0000000000000680 <L_0670>:
	s_bfe_u32 ttmp10, ttmp14, 0x50011                          // 000000000680: 9376FF7A 00050011

0000000000000688 <L_0678>:
	s_sub_co_i32 ttmp10, ttmp10, 1                             // 000000000688: 81F68176

000000000000068c <L_067c>:
	s_cmp_le_u32 ttmp10, 1                                     // 00000000068C: BF0B8176

0000000000000690 <L_0680>:
	s_cbranch_scc1 L_06b8                                      // 000000000690: BFA2000D

0000000000000694 <L_0684>:
	s_and_b32 ttmp10, ttmp14, 0x1ff                            // 000000000694: 8B76FF7A 000001FF

000000000000069c <L_068c>:
	s_cmp_eq_u32 ttmp10, 0xff                                  // 00000000069C: BF06FF76 000000FF

00000000000006a4 <L_0694>:
	s_cbranch_scc1 L_06b8                                      // 0000000006A4: BFA20008

00000000000006a8 <L_0698>:
	s_and_b32 ttmp10, ttmp15, 0x1ff                            // 0000000006A8: 8B76FF7B 000001FF

00000000000006b0 <L_06a0>:
	s_cmp_eq_u32 ttmp10, 0xff                                  // 0000000006B0: BF06FF76 000000FF

00000000000006b8 <L_06a8>:
	s_cbranch_scc1 L_06b8                                      // 0000000006B8: BFA20003

00000000000006bc <L_06ac>:
	s_wait_kmcnt 0x0                                           // 0000000006BC: BFC70000

00000000000006c0 <L_06b0>:
	s_mov_b32 ttmp15, ttmp2                                    // 0000000006C0: BEFB006E

00000000000006c4 <L_06b4>:
	s_branch L_0554                                            // 0000000006C4: BFA0FFA7

00000000000006c8 <L_06b8>:
	s_wait_kmcnt 0x0                                           // 0000000006C8: BFC70000

00000000000006cc <L_06bc>:
	s_mov_b32 ttmp15, ttmp3                                    // 0000000006CC: BEFB006F

00000000000006d0 <L_06c0>:
	s_branch L_0554                                            // 0000000006D0: BFA0FFA4

00000000000006d4 <L_06c4>:
	s_sub_co_u32 ttmp0, ttmp0, 8                               // 0000000006D4: 80EC886C

00000000000006d8 <L_06c8>:
	s_sub_co_ci_u32 ttmp1, ttmp1, 0                            // 0000000006D8: 82ED806D

00000000000006dc <L_06cc>:
	s_branch L_06ac                                            // 0000000006DC: BFA0FFF7

00000000000006e0 <L_06d0>:
	s_wait_kmcnt 0x0                                           // 0000000006E0: BFC70000

00000000000006e4 <L_06d4>:
	s_mov_b32 ttmp2, exec_lo                                   // 0000000006E4: BEEE007E

00000000000006e8 <L_06d8>:
	s_mov_b32 ttmp3, exec_hi                                   // 0000000006E8: BEEF007F

00000000000006ec <L_06dc>:
	s_mov_b64 exec, 0                                          // 0000000006EC: BEFE0180

00000000000006f0 <L_06e0>:
	s_sendmsg_rtn_b64 exec, sendmsg(MSG_RTN_SAVE_WAVE)         // 0000000006F0: BEFE4D84

00000000000006f4 <L_06e4>:
	s_wait_idle                                                // 0000000006F4: BF8A0000

00000000000006f8 <L_06e8>:
	s_and_b32 ttmp14, exec_hi, 0x4000000                       // 0000000006F8: 8B7AFF7F 04000000

0000000000000700 <L_06f0>:
	s_lshl_b32 ttmp14, ttmp14, 5                               // 000000000700: 847A857A

0000000000000704 <L_06f4>:
	s_or_b32 ttmp1, ttmp1, ttmp14                              // 000000000704: 8C6D7A6D

0000000000000708 <L_06f8>:
	s_getreg_b32 ttmp3, hwreg(HW_REG_XNACK_MASK)               // 000000000708: B8EFF822

000000000000070c <L_06fc>:
	s_setreg_imm32_b32 hwreg(HW_REG_XNACK_MASK), 0             // 00000000070C: B980F822 00000000

0000000000000714 <L_0704>:
	s_getreg_b32 ttmp14, hwreg(HW_REG_WAVE_MODE, 12, 6)        // 000000000714: B8FA2B01

0000000000000718 <L_0708>:
	s_lshl_b32 ttmp14, ttmp14, 25                              // 000000000718: 847A997A

000000000000071c <L_070c>:
	s_or_b32 ttmp1, ttmp1, ttmp14                              // 00000000071C: 8C6D7A6D

0000000000000720 <L_0710>:
	s_mov_b32 ttmp14, 0                                        // 000000000720: BEFA0080

0000000000000724 <L_0714>:
	s_setreg_b32 hwreg(HW_REG_WAVE_MODE, 12, 6), ttmp14        // 000000000724: B97A2B01

0000000000000728 <L_0718>:
	s_mov_b32 ttmp14, exec_lo                                  // 000000000728: BEFA007E

000000000000072c <L_071c>:
	s_and_b32 ttmp15, exec_hi, 0x1ffffff                       // 00000000072C: 8B7BFF7F 01FFFFFF

0000000000000734 <L_0724>:
	s_mov_b32 exec_lo, -1                                      // 000000000734: BEFE00C1

0000000000000738 <L_0728>:
	s_mov_b32 exec_hi, -1                                      // 000000000738: BEFF00C1

000000000000073c <L_072c>:
	global_store_addtid_b32 v0, ttmp[14:15] scope:SCOPE_SYS    // 00000000073C: EE0A407A 000C0000 00000000

0000000000000748 <L_0738>:
	v_mov_b32_e32 v0, 0                                        // 000000000748: 7E000280

000000000000074c <L_073c>:
	s_mov_b32 exec_lo, ttmp14                                  // 00000000074C: BEFE007A

0000000000000750 <L_0740>:
	s_mov_b32 exec_hi, ttmp15                                  // 000000000750: BEFF007B

0000000000000754 <L_0744>:
	s_getreg_b32 ttmp15, hwreg(HW_REG_WAVE_STATUS, 29, 1)      // 000000000754: B8FB0742

0000000000000758 <L_0748>:
	s_lshl_b32 ttmp15, ttmp15, 25                              // 000000000758: 847B997B

000000000000075c <L_074c>:
	s_getreg_b32 ttmp14, hwreg(HW_REG_WAVE_GPR_ALLOC, 12, 8)   // 00000000075C: B8FA3B05

0000000000000760 <L_0750>:
	s_add_co_u32 ttmp14, ttmp14, 1                             // 000000000760: 807A817A

0000000000000764 <L_0754>:
	s_bitcmp1_b32 ttmp15, 25                                   // 000000000764: BF0D997B

0000000000000768 <L_0758>:
	s_cbranch_scc1 L_0764                                      // 000000000768: BFA20002

000000000000076c <L_075c>:
	s_lshl_b32 ttmp14, ttmp14, 9                               // 00000000076C: 847A897A

0000000000000770 <L_0760>:
	s_branch L_0768                                            // 000000000770: BFA00001

0000000000000774 <L_0764>:
	s_lshl_b32 ttmp14, ttmp14, 10                              // 000000000774: 847A8A7A

0000000000000778 <L_0768>:
	s_and_b32 ttmp15, exec_hi, 0x1ffffff                       // 000000000778: 8B7BFF7F 01FFFFFF

0000000000000780 <L_0770>:
	s_add_co_u32 ttmp14, ttmp14, 0x1c0                         // 000000000780: 807AFF7A 000001C0

0000000000000788 <L_0778>:
	s_add_co_u32 ttmp14, ttmp14, exec_lo                       // 000000000788: 807A7E7A

000000000000078c <L_077c>:
	s_add_co_ci_u32 ttmp15, ttmp15, 0                          // 00000000078C: 827B807B

0000000000000790 <L_0780>:
	v_writelane_b32 v0, ttmp4, 4                               // 000000000790: D7610000 00010870

0000000000000798 <L_0788>:
	v_writelane_b32 v0, ttmp5, 5                               // 000000000798: D7610000 00010A71

00000000000007a0 <L_0790>:
	v_writelane_b32 v0, ttmp6, 6                               // 0000000007A0: D7610000 00010C72

00000000000007a8 <L_0798>:
	v_writelane_b32 v0, ttmp7, 7                               // 0000000007A8: D7610000 00010E73

00000000000007b0 <L_07a0>:
	v_writelane_b32 v0, ttmp8, 8                               // 0000000007B0: D7610000 00011074

00000000000007b8 <L_07a8>:
	v_writelane_b32 v0, ttmp9, 9                               // 0000000007B8: D7610000 00011275

00000000000007c0 <L_07b0>:
	v_writelane_b32 v0, ttmp10, 10                             // 0000000007C0: D7610000 00011476

00000000000007c8 <L_07b8>:
	v_writelane_b32 v0, ttmp11, 11                             // 0000000007C8: D7610000 00011677

00000000000007d0 <L_07c0>:
	v_writelane_b32 v0, ttmp13, 13                             // 0000000007D0: D7610000 00011A79

00000000000007d8 <L_07c8>:
	v_writelane_b32 v0, exec_lo, 14                            // 0000000007D8: D7610000 00011C7E

00000000000007e0 <L_07d0>:
	v_writelane_b32 v0, exec_hi, 15                            // 0000000007E0: D7610000 00011E7F

00000000000007e8 <L_07d8>:
	s_mov_b32 exec_lo, 0x3fff                                  // 0000000007E8: BEFE00FF 00003FFF

00000000000007f0 <L_07e0>:
	s_mov_b32 exec_hi, 0                                       // 0000000007F0: BEFF0080

00000000000007f4 <L_07e4>:
	global_store_addtid_b32 v0, ttmp[14:15] scope:SCOPE_SYS    // 0000000007F4: EE0A407A 000C0000 00000000

0000000000000800 <L_07f0>:
	v_readlane_b32 ttmp14, v0, 14                              // 000000000800: D760007A 00011D00

0000000000000808 <L_07f8>:
	v_readlane_b32 ttmp15, v0, 15                              // 000000000808: D760007B 00011F00

0000000000000810 <L_0800>:
	s_mov_b32 exec_lo, ttmp14                                  // 000000000810: BEFE007A

0000000000000814 <L_0804>:
	s_mov_b32 exec_hi, ttmp15                                  // 000000000814: BEFF007B

0000000000000818 <L_0808>:
	s_mov_b32 ttmp8, exec_lo                                   // 000000000818: BEF4007E

000000000000081c <L_080c>:
	s_and_b32 ttmp9, exec_hi, 0x1ffffff                        // 00000000081C: 8B75FF7F 01FFFFFF

0000000000000824 <L_0814>:
	s_mov_b32 ttmp5, m0                                        // 000000000824: BEF1007D

0000000000000828 <L_0818>:
	s_getreg_b32 ttmp7, hwreg(HW_REG_WAVE_STATUS, 29, 1)       // 000000000828: B8F30742

000000000000082c <L_081c>:
	s_lshl_b32 ttmp7, ttmp7, 25                                // 00000000082C: 84739973

0000000000000830 <L_0820>:
	s_mov_b32 exec_lo, -1                                      // 000000000830: BEFE00C1

0000000000000834 <L_0824>:
	s_lshr_b32 m0, ttmp7, 25                                   // 000000000834: 857D9973

0000000000000838 <L_0828>:
	s_and_b32 m0, m0, 1                                        // 000000000838: 8B7D817D

000000000000083c <L_082c>:
	s_cmp_eq_u32 m0, 1                                         // 00000000083C: BF06817D

0000000000000840 <L_0830>:
	s_cbranch_scc1 L_083c                                      // 000000000840: BFA20002

0000000000000844 <L_0834>:
	s_mov_b32 exec_hi, 0                                       // 000000000844: BEFF0080

0000000000000848 <L_0838>:
	s_branch L_0844                                            // 000000000848: BFA00002

000000000000084c <L_083c>:
	s_mov_b32 exec_hi, -1                                      // 00000000084C: BEFF00C1

0000000000000850 <L_0840>:
	s_branch L_086c                                            // 000000000850: BFA0000A

0000000000000854 <L_0844>:
	global_store_addtid_b32 v1, ttmp[8:9] offset:128 scope:SCOPE_SYS// 000000000854: EE0A4074 008C0000 00008000

0000000000000860 <L_0850>:
	global_store_addtid_b32 v2, ttmp[8:9] offset:256 scope:SCOPE_SYS// 000000000860: EE0A4074 010C0000 00010000

000000000000086c <L_085c>:
	global_store_addtid_b32 v3, ttmp[8:9] offset:384 scope:SCOPE_SYS// 00000000086C: EE0A4074 018C0000 00018000

0000000000000878 <L_0868>:
	s_branch L_0890                                            // 000000000878: BFA00009

000000000000087c <L_086c>:
	global_store_addtid_b32 v1, ttmp[8:9] offset:256 scope:SCOPE_SYS// 00000000087C: EE0A4074 008C0000 00010000

0000000000000888 <L_0878>:
	global_store_addtid_b32 v2, ttmp[8:9] offset:512 scope:SCOPE_SYS// 000000000888: EE0A4074 010C0000 00020000

0000000000000894 <L_0884>:
	global_store_addtid_b32 v3, ttmp[8:9] offset:768 scope:SCOPE_SYS// 000000000894: EE0A4074 018C0000 00030000

00000000000008a0 <L_0890>:
	s_getreg_b32 ttmp4, hwreg(HW_REG_WAVE_GPR_ALLOC, 12, 8)    // 0000000008A0: B8F03B05

00000000000008a4 <L_0894>:
	s_add_co_u32 ttmp4, ttmp4, 1                               // 0000000008A4: 80708170

00000000000008a8 <L_0898>:
	s_bitcmp1_b32 ttmp7, 25                                    // 0000000008A8: BF0D9973

00000000000008ac <L_089c>:
	s_cbranch_scc1 L_08a8                                      // 0000000008AC: BFA20002

00000000000008b0 <L_08a0>:
	s_lshl_b32 ttmp4, ttmp4, 9                                 // 0000000008B0: 84708970

00000000000008b4 <L_08a4>:
	s_branch L_08ac                                            // 0000000008B4: BFA00001

00000000000008b8 <L_08a8>:
	s_lshl_b32 ttmp4, ttmp4, 10                                // 0000000008B8: 84708A70

00000000000008bc <L_08ac>:
	s_add_co_u32 ttmp4, ttmp4, 0x200                           // 0000000008BC: 8070FF70 00000200

00000000000008c4 <L_08b4>:
	v_mov_b32_e32 v0, 0                                        // 0000000008C4: 7E000280

00000000000008c8 <L_08b8>:
	v_mov_b32_e32 v1, 0                                        // 0000000008C8: 7E020280

00000000000008cc <L_08bc>:
	v_mov_b32_e32 v2, 0                                        // 0000000008CC: 7E040280

00000000000008d0 <L_08c0>:
	s_mov_b32 m0, 0                                            // 0000000008D0: BEFD0080

00000000000008d4 <L_08c4>:
	v_writelane_b32 v2, ttmp5, m0                              // 0000000008D4: D7610002 0000FA71

00000000000008dc <L_08cc>:
	s_add_co_u32 m0, m0, 1                                     // 0000000008DC: 807D817D

00000000000008e0 <L_08d0>:
	s_getreg_b32 ttmp14, hwreg(HW_REG_WAVE_STATUS)             // 0000000008E0: B8FAF802

00000000000008e4 <L_08d4>:
	s_bitcmp0_b32 ttmp14, 11                                   // 0000000008E4: BF0C8B7A

00000000000008e8 <L_08d8>:
	s_cbranch_scc1 L_08e8                                      // 0000000008E8: BFA20003

00000000000008ec <L_08dc>:
	s_barrier_signal_isfirst -2                                // 0000000008EC: BE804FC2

00000000000008f0 <L_08e0>:
	s_barrier_wait 0xfffe                                      // 0000000008F0: BF94FFFE

00000000000008f4 <L_08e4>:
	s_cbranch_scc0 L_08ec                                      // 0000000008F4: BFA10001

00000000000008f8 <L_08e8>:
	s_barrier_signal -4                                        // 0000000008F8: BE804EC4

00000000000008fc <L_08ec>:
	s_barrier_wait 0xfffc                                      // 0000000008FC: BF94FFFC

0000000000000900 <L_08f0>:
	s_sendmsg_rtn_b32 ttmp14, sendmsg(MSG_RTN_GET_CLUSTER_BARRIER_STATE)// 000000000900: BEFA4C88

0000000000000904 <L_08f4>:
	s_wait_kmcnt 0x0                                           // 000000000904: BFC70000

0000000000000908 <L_08f8>:
	s_bitcmp0_b32 ttmp14, 0                                    // 000000000908: BF0C807A

000000000000090c <L_08fc>:
	s_cbranch_scc1 L_0918                                      // 00000000090C: BFA20006

0000000000000910 <L_0900>:
	s_bfe_u32 ttmp5, ttmp14, 0x70004                           // 000000000910: 9371FF7A 00070004

0000000000000918 <L_0908>:
	s_bfe_u32 ttmp14, ttmp14, 0x70010                          // 000000000918: 937AFF7A 00070010

0000000000000920 <L_0910>:
	s_cmp_eq_u32 ttmp14, ttmp5                                 // 000000000920: BF06717A

0000000000000924 <L_0914>:
	s_cbranch_scc1 L_08f0                                      // 000000000924: BFA2FFF6

0000000000000928 <L_0918>:
	s_getreg_b32 ttmp14, hwreg(HW_REG_WAVE_STATE_PRIV)         // 000000000928: B8FAF804

000000000000092c <L_091c>:
	s_and_b32 ttmp14, ttmp14, 0x1000c                          // 00000000092C: 8B7AFF7A 0001000C

0000000000000934 <L_0924>:
	s_and_not1_b32 ttmp12, ttmp12, 0x1000c                     // 000000000934: 9178FF78 0001000C

000000000000093c <L_092c>:
	s_or_b32 ttmp12, ttmp12, ttmp14                            // 00000000093C: 8C787A78

0000000000000940 <L_0930>:
	v_writelane_b32 v2, ttmp0, m0                              // 000000000940: D7610002 0000FA6C

0000000000000948 <L_0938>:
	s_add_co_u32 m0, m0, 1                                     // 000000000948: 807D817D

000000000000094c <L_093c>:
	s_and_b32 ttmp14, ttmp1, 0x1ffffff                         // 00000000094C: 8B7AFF6D 01FFFFFF

0000000000000954 <L_0944>:
	v_writelane_b32 v2, ttmp14, m0                             // 000000000954: D7610002 0000FA7A

000000000000095c <L_094c>:
	s_add_co_u32 m0, m0, 1                                     // 00000000095C: 807D817D

0000000000000960 <L_0950>:
	v_writelane_b32 v2, ttmp2, m0                              // 000000000960: D7610002 0000FA6E

0000000000000968 <L_0958>:
	s_add_co_u32 m0, m0, 1                                     // 000000000968: 807D817D

000000000000096c <L_095c>:
	s_mov_b32 ttmp14, 0                                        // 00000000096C: BEFA0080

0000000000000970 <L_0960>:
	v_writelane_b32 v2, ttmp14, m0                             // 000000000970: D7610002 0000FA7A

0000000000000978 <L_0968>:
	s_add_co_u32 m0, m0, 1                                     // 000000000978: 807D817D

000000000000097c <L_096c>:
	v_writelane_b32 v2, ttmp12, m0                             // 00000000097C: D7610002 0000FA78

0000000000000984 <L_0974>:
	s_add_co_u32 m0, m0, 1                                     // 000000000984: 807D817D

0000000000000988 <L_0978>:
	s_getreg_b32 ttmp14, hwreg(HW_REG_WAVE_EXCP_FLAG_PRIV)     // 000000000988: B8FAF811

000000000000098c <L_097c>:
	v_writelane_b32 v2, ttmp14, m0                             // 00000000098C: D7610002 0000FA7A

0000000000000994 <L_0984>:
	s_add_co_u32 m0, m0, 1                                     // 000000000994: 807D817D

0000000000000998 <L_0988>:
	v_writelane_b32 v2, ttmp3, m0                              // 000000000998: D7610002 0000FA6F

00000000000009a0 <L_0990>:
	s_add_co_u32 m0, m0, 1                                     // 0000000009A0: 807D817D

00000000000009a4 <L_0994>:
	s_getreg_b32 ttmp5, hwreg(HW_REG_WAVE_MODE)                // 0000000009A4: B8F1F801

00000000000009a8 <L_0998>:
	s_bfe_u32 ttmp14, ttmp1, 0x60019                           // 0000000009A8: 937AFF6D 00060019

00000000000009b0 <L_09a0>:
	s_lshl_b32 ttmp14, ttmp14, 12                              // 0000000009B0: 847A8C7A

00000000000009b4 <L_09a4>:
	s_or_b32 ttmp5, ttmp5, ttmp14                              // 0000000009B4: 8C717A71

00000000000009b8 <L_09a8>:
	v_writelane_b32 v2, ttmp5, m0                              // 0000000009B8: D7610002 0000FA71

00000000000009c0 <L_09b0>:
	s_add_co_u32 m0, m0, 1                                     // 0000000009C0: 807D817D

00000000000009c4 <L_09b4>:
	s_getreg_b32 ttmp5, hwreg(HW_REG_WAVE_SCRATCH_BASE_LO)     // 0000000009C4: B8F1F814

00000000000009c8 <L_09b8>:
	v_writelane_b32 v2, ttmp5, m0                              // 0000000009C8: D7610002 0000FA71

00000000000009d0 <L_09c0>:
	s_add_co_u32 m0, m0, 1                                     // 0000000009D0: 807D817D

00000000000009d4 <L_09c4>:
	s_getreg_b32 ttmp5, hwreg(HW_REG_WAVE_SCRATCH_BASE_HI)     // 0000000009D4: B8F1F815

00000000000009d8 <L_09c8>:
	v_writelane_b32 v2, ttmp5, m0                              // 0000000009D8: D7610002 0000FA71

00000000000009e0 <L_09d0>:
	s_add_co_u32 m0, m0, 1                                     // 0000000009E0: 807D817D

00000000000009e4 <L_09d4>:
	s_getreg_b32 ttmp5, hwreg(HW_REG_WAVE_EXCP_FLAG_USER)      // 0000000009E4: B8F1F812

00000000000009e8 <L_09d8>:
	v_writelane_b32 v2, ttmp5, m0                              // 0000000009E8: D7610002 0000FA71

00000000000009f0 <L_09e0>:
	s_add_co_u32 m0, m0, 1                                     // 0000000009F0: 807D817D

00000000000009f4 <L_09e4>:
	s_getreg_b32 ttmp5, hwreg(HW_REG_WAVE_TRAP_CTRL)           // 0000000009F4: B8F1F813

00000000000009f8 <L_09e8>:
	v_writelane_b32 v2, ttmp5, m0                              // 0000000009F8: D7610002 0000FA71

0000000000000a00 <L_09f0>:
	s_add_co_u32 m0, m0, 1                                     // 000000000A00: 807D817D

0000000000000a04 <L_09f4>:
	s_getreg_b32 ttmp14, hwreg(HW_REG_WAVE_STATUS)             // 000000000A04: B8FAF802

0000000000000a08 <L_09f8>:
	v_writelane_b32 v2, ttmp14, m0                             // 000000000A08: D7610002 0000FA7A

0000000000000a10 <L_0a00>:
	s_add_co_u32 m0, m0, 1                                     // 000000000A10: 807D817D

0000000000000a14 <L_0a04>:
	s_get_barrier_state ttmp14, -1                             // 000000000A14: BEFA50C1

0000000000000a18 <L_0a08>:
	s_wait_kmcnt 0x0                                           // 000000000A18: BFC70000

0000000000000a1c <L_0a0c>:
	v_writelane_b32 v2, ttmp14, m0                             // 000000000A1C: D7610002 0000FA7A

0000000000000a24 <L_0a14>:
	s_add_co_u32 m0, m0, 1                                     // 000000000A24: 807D817D

0000000000000a28 <L_0a18>:
	s_sendmsg_rtn_b32 ttmp14, sendmsg(MSG_RTN_GET_CLUSTER_BARRIER_STATE)// 000000000A28: BEFA4C88

0000000000000a2c <L_0a1c>:
	s_wait_kmcnt 0x0                                           // 000000000A2C: BFC70000

0000000000000a30 <L_0a20>:
	v_writelane_b32 v2, ttmp14, m0                             // 000000000A30: D7610002 0000FA7A

0000000000000a38 <L_0a28>:
	s_add_co_u32 m0, m0, 1                                     // 000000000A38: 807D817D

0000000000000a3c <L_0a2c>:
	s_getreg_b32 ttmp14, hwreg(HW_REG_WAVE_SCHED_MODE)         // 000000000A3C: B8FAF81A

0000000000000a40 <L_0a30>:
	v_writelane_b32 v2, ttmp14, m0                             // 000000000A40: D7610002 0000FA7A

0000000000000a48 <L_0a38>:
	s_add_co_u32 m0, m0, 1                                     // 000000000A48: 807D817D

0000000000000a4c <L_0a3c>:
	s_mov_b32 exec_lo, -1                                      // 000000000A4C: BEFE00C1

0000000000000a50 <L_0a40>:
	s_mov_b32 exec_hi, 0                                       // 000000000A50: BEFF0080

0000000000000a54 <L_0a44>:
	s_add_co_u32 ttmp10, ttmp8, ttmp4                          // 000000000A54: 80767074

0000000000000a58 <L_0a48>:
	s_add_co_ci_u32 ttmp11, ttmp9, 0                           // 000000000A58: 82778075

0000000000000a5c <L_0a4c>:
	global_store_addtid_b32 v2, ttmp[10:11] scope:SCOPE_SYS    // 000000000A5C: EE0A4076 010C0000 00000000

0000000000000a68 <L_0a58>:
	s_mov_b32 exec_lo, -1                                      // 000000000A68: BEFE00C1

0000000000000a6c <L_0a5c>:
	v_mov_b32_e32 v2, 0                                        // 000000000A6C: 7E040280

0000000000000a70 <L_0a60>:
	s_get_barrier_state ttmp14, 1                              // 000000000A70: BEFA5081

0000000000000a74 <L_0a64>:
	s_wait_kmcnt 0x0                                           // 000000000A74: BFC70000

0000000000000a78 <L_0a68>:
	v_writelane_b32 v2, ttmp14, 0                              // 000000000A78: D7610002 0001007A

0000000000000a80 <L_0a70>:
	s_get_barrier_state ttmp14, 2                              // 000000000A80: BEFA5082

0000000000000a84 <L_0a74>:
	s_wait_kmcnt 0x0                                           // 000000000A84: BFC70000

0000000000000a88 <L_0a78>:
	v_writelane_b32 v2, ttmp14, 1                              // 000000000A88: D7610002 0001027A

0000000000000a90 <L_0a80>:
	s_get_barrier_state ttmp14, 3                              // 000000000A90: BEFA5083

0000000000000a94 <L_0a84>:
	s_wait_kmcnt 0x0                                           // 000000000A94: BFC70000

0000000000000a98 <L_0a88>:
	v_writelane_b32 v2, ttmp14, 2                              // 000000000A98: D7610002 0001047A

0000000000000aa0 <L_0a90>:
	s_get_barrier_state ttmp14, 4                              // 000000000AA0: BEFA5084

0000000000000aa4 <L_0a94>:
	s_wait_kmcnt 0x0                                           // 000000000AA4: BFC70000

0000000000000aa8 <L_0a98>:
	v_writelane_b32 v2, ttmp14, 3                              // 000000000AA8: D7610002 0001067A

0000000000000ab0 <L_0aa0>:
	s_get_barrier_state ttmp14, 5                              // 000000000AB0: BEFA5085

0000000000000ab4 <L_0aa4>:
	s_wait_kmcnt 0x0                                           // 000000000AB4: BFC70000

0000000000000ab8 <L_0aa8>:
	v_writelane_b32 v2, ttmp14, 4                              // 000000000AB8: D7610002 0001087A

0000000000000ac0 <L_0ab0>:
	s_get_barrier_state ttmp14, 6                              // 000000000AC0: BEFA5086

0000000000000ac4 <L_0ab4>:
	s_wait_kmcnt 0x0                                           // 000000000AC4: BFC70000

0000000000000ac8 <L_0ab8>:
	v_writelane_b32 v2, ttmp14, 5                              // 000000000AC8: D7610002 00010A7A

0000000000000ad0 <L_0ac0>:
	s_get_barrier_state ttmp14, 7                              // 000000000AD0: BEFA5087

0000000000000ad4 <L_0ac4>:
	s_wait_kmcnt 0x0                                           // 000000000AD4: BFC70000

0000000000000ad8 <L_0ac8>:
	v_writelane_b32 v2, ttmp14, 6                              // 000000000AD8: D7610002 00010C7A

0000000000000ae0 <L_0ad0>:
	s_get_barrier_state ttmp14, 8                              // 000000000AE0: BEFA5088

0000000000000ae4 <L_0ad4>:
	s_wait_kmcnt 0x0                                           // 000000000AE4: BFC70000

0000000000000ae8 <L_0ad8>:
	v_writelane_b32 v2, ttmp14, 7                              // 000000000AE8: D7610002 00010E7A

0000000000000af0 <L_0ae0>:
	s_get_barrier_state ttmp14, 9                              // 000000000AF0: BEFA5089

0000000000000af4 <L_0ae4>:
	s_wait_kmcnt 0x0                                           // 000000000AF4: BFC70000

0000000000000af8 <L_0ae8>:
	v_writelane_b32 v2, ttmp14, 8                              // 000000000AF8: D7610002 0001107A

0000000000000b00 <L_0af0>:
	s_get_barrier_state ttmp14, 10                             // 000000000B00: BEFA508A

0000000000000b04 <L_0af4>:
	s_wait_kmcnt 0x0                                           // 000000000B04: BFC70000

0000000000000b08 <L_0af8>:
	v_writelane_b32 v2, ttmp14, 9                              // 000000000B08: D7610002 0001127A

0000000000000b10 <L_0b00>:
	s_get_barrier_state ttmp14, 11                             // 000000000B10: BEFA508B

0000000000000b14 <L_0b04>:
	s_wait_kmcnt 0x0                                           // 000000000B14: BFC70000

0000000000000b18 <L_0b08>:
	v_writelane_b32 v2, ttmp14, 10                             // 000000000B18: D7610002 0001147A

0000000000000b20 <L_0b10>:
	s_get_barrier_state ttmp14, 12                             // 000000000B20: BEFA508C

0000000000000b24 <L_0b14>:
	s_wait_kmcnt 0x0                                           // 000000000B24: BFC70000

0000000000000b28 <L_0b18>:
	v_writelane_b32 v2, ttmp14, 11                             // 000000000B28: D7610002 0001167A

0000000000000b30 <L_0b20>:
	s_get_barrier_state ttmp14, 13                             // 000000000B30: BEFA508D

0000000000000b34 <L_0b24>:
	s_wait_kmcnt 0x0                                           // 000000000B34: BFC70000

0000000000000b38 <L_0b28>:
	v_writelane_b32 v2, ttmp14, 12                             // 000000000B38: D7610002 0001187A

0000000000000b40 <L_0b30>:
	s_get_barrier_state ttmp14, 14                             // 000000000B40: BEFA508E

0000000000000b44 <L_0b34>:
	s_wait_kmcnt 0x0                                           // 000000000B44: BFC70000

0000000000000b48 <L_0b38>:
	v_writelane_b32 v2, ttmp14, 13                             // 000000000B48: D7610002 00011A7A

0000000000000b50 <L_0b40>:
	s_get_barrier_state ttmp14, 15                             // 000000000B50: BEFA508F

0000000000000b54 <L_0b44>:
	s_wait_kmcnt 0x0                                           // 000000000B54: BFC70000

0000000000000b58 <L_0b48>:
	v_writelane_b32 v2, ttmp14, 14                             // 000000000B58: D7610002 00011C7A

0000000000000b60 <L_0b50>:
	s_get_barrier_state ttmp14, 16                             // 000000000B60: BEFA5090

0000000000000b64 <L_0b54>:
	s_wait_kmcnt 0x0                                           // 000000000B64: BFC70000

0000000000000b68 <L_0b58>:
	v_writelane_b32 v2, ttmp14, 15                             // 000000000B68: D7610002 00011E7A

0000000000000b70 <L_0b60>:
	global_store_addtid_b32 v2, ttmp[10:11] offset:128 scope:SCOPE_SYS// 000000000B70: EE0A4076 010C0000 00008000

0000000000000b7c <L_0b6c>:
	s_getreg_b32 ttmp4, hwreg(HW_REG_WAVE_GPR_ALLOC, 12, 8)    // 000000000B7C: B8F03B05

0000000000000b80 <L_0b70>:
	s_add_co_u32 ttmp4, ttmp4, 1                               // 000000000B80: 80708170

0000000000000b84 <L_0b74>:
	s_bitcmp1_b32 ttmp7, 25                                    // 000000000B84: BF0D9973

0000000000000b88 <L_0b78>:
	s_cbranch_scc1 L_0b84                                      // 000000000B88: BFA20002

0000000000000b8c <L_0b7c>:
	s_lshl_b32 ttmp4, ttmp4, 9                                 // 000000000B8C: 84708970

0000000000000b90 <L_0b80>:
	s_branch L_0b88                                            // 000000000B90: BFA00001

0000000000000b94 <L_0b84>:
	s_lshl_b32 ttmp4, ttmp4, 10                                // 000000000B94: 84708A70

0000000000000b98 <L_0b88>:
	s_mov_b32 ttmp13, 0                                        // 000000000B98: BEF90080

0000000000000b9c <L_0b8c>:
	s_mov_b32 m0, 0                                            // 000000000B9C: BEFD0080

0000000000000ba0 <L_0b90>:
	s_nop 0                                                    // 000000000BA0: BF800000

0000000000000ba4 <L_0b94>:
	s_movrels_b64 s[0:1], s[0:1]                               // 000000000BA4: BE804100

0000000000000ba8 <L_0b98>:
	s_movrels_b64 s[2:3], s[2:3]                               // 000000000BA8: BE824102

0000000000000bac <L_0b9c>:
	s_movrels_b64 s[4:5], s[4:5]                               // 000000000BAC: BE844104

0000000000000bb0 <L_0ba0>:
	s_movrels_b64 s[6:7], s[6:7]                               // 000000000BB0: BE864106

0000000000000bb4 <L_0ba4>:
	s_movrels_b64 s[8:9], s[8:9]                               // 000000000BB4: BE884108

0000000000000bb8 <L_0ba8>:
	s_movrels_b64 s[10:11], s[10:11]                           // 000000000BB8: BE8A410A

0000000000000bbc <L_0bac>:
	s_movrels_b64 s[12:13], s[12:13]                           // 000000000BBC: BE8C410C

0000000000000bc0 <L_0bb0>:
	s_movrels_b64 s[14:15], s[14:15]                           // 000000000BC0: BE8E410E

0000000000000bc4 <L_0bb4>:
	v_writelane_b32 v2, s0, ttmp13                             // 000000000BC4: D7610002 0000F200

0000000000000bcc <L_0bbc>:
	s_add_co_u32 ttmp13, ttmp13, 1                             // 000000000BCC: 80798179

0000000000000bd0 <L_0bc0>:
	v_writelane_b32 v2, s1, ttmp13                             // 000000000BD0: D7610002 0000F201

0000000000000bd8 <L_0bc8>:
	s_add_co_u32 ttmp13, ttmp13, 1                             // 000000000BD8: 80798179

0000000000000bdc <L_0bcc>:
	v_writelane_b32 v2, s2, ttmp13                             // 000000000BDC: D7610002 0000F202

0000000000000be4 <L_0bd4>:
	s_add_co_u32 ttmp13, ttmp13, 1                             // 000000000BE4: 80798179

0000000000000be8 <L_0bd8>:
	v_writelane_b32 v2, s3, ttmp13                             // 000000000BE8: D7610002 0000F203

0000000000000bf0 <L_0be0>:
	s_add_co_u32 ttmp13, ttmp13, 1                             // 000000000BF0: 80798179

0000000000000bf4 <L_0be4>:
	v_writelane_b32 v2, s4, ttmp13                             // 000000000BF4: D7610002 0000F204

0000000000000bfc <L_0bec>:
	s_add_co_u32 ttmp13, ttmp13, 1                             // 000000000BFC: 80798179

0000000000000c00 <L_0bf0>:
	v_writelane_b32 v2, s5, ttmp13                             // 000000000C00: D7610002 0000F205

0000000000000c08 <L_0bf8>:
	s_add_co_u32 ttmp13, ttmp13, 1                             // 000000000C08: 80798179

0000000000000c0c <L_0bfc>:
	v_writelane_b32 v2, s6, ttmp13                             // 000000000C0C: D7610002 0000F206

0000000000000c14 <L_0c04>:
	s_add_co_u32 ttmp13, ttmp13, 1                             // 000000000C14: 80798179

0000000000000c18 <L_0c08>:
	v_writelane_b32 v2, s7, ttmp13                             // 000000000C18: D7610002 0000F207

0000000000000c20 <L_0c10>:
	s_add_co_u32 ttmp13, ttmp13, 1                             // 000000000C20: 80798179

0000000000000c24 <L_0c14>:
	v_writelane_b32 v2, s8, ttmp13                             // 000000000C24: D7610002 0000F208

0000000000000c2c <L_0c1c>:
	s_add_co_u32 ttmp13, ttmp13, 1                             // 000000000C2C: 80798179

0000000000000c30 <L_0c20>:
	v_writelane_b32 v2, s9, ttmp13                             // 000000000C30: D7610002 0000F209

0000000000000c38 <L_0c28>:
	s_add_co_u32 ttmp13, ttmp13, 1                             // 000000000C38: 80798179

0000000000000c3c <L_0c2c>:
	v_writelane_b32 v2, s10, ttmp13                            // 000000000C3C: D7610002 0000F20A

0000000000000c44 <L_0c34>:
	s_add_co_u32 ttmp13, ttmp13, 1                             // 000000000C44: 80798179

0000000000000c48 <L_0c38>:
	v_writelane_b32 v2, s11, ttmp13                            // 000000000C48: D7610002 0000F20B

0000000000000c50 <L_0c40>:
	s_add_co_u32 ttmp13, ttmp13, 1                             // 000000000C50: 80798179

0000000000000c54 <L_0c44>:
	v_writelane_b32 v2, s12, ttmp13                            // 000000000C54: D7610002 0000F20C

0000000000000c5c <L_0c4c>:
	s_add_co_u32 ttmp13, ttmp13, 1                             // 000000000C5C: 80798179

0000000000000c60 <L_0c50>:
	v_writelane_b32 v2, s13, ttmp13                            // 000000000C60: D7610002 0000F20D

0000000000000c68 <L_0c58>:
	s_add_co_u32 ttmp13, ttmp13, 1                             // 000000000C68: 80798179

0000000000000c6c <L_0c5c>:
	v_writelane_b32 v2, s14, ttmp13                            // 000000000C6C: D7610002 0000F20E

0000000000000c74 <L_0c64>:
	s_add_co_u32 ttmp13, ttmp13, 1                             // 000000000C74: 80798179

0000000000000c78 <L_0c68>:
	v_writelane_b32 v2, s15, ttmp13                            // 000000000C78: D7610002 0000F20F

0000000000000c80 <L_0c70>:
	s_add_co_u32 ttmp13, ttmp13, 1                             // 000000000C80: 80798179

0000000000000c84 <L_0c74>:
	s_cmp_eq_u32 ttmp13, 32                                    // 000000000C84: BF06A079

0000000000000c88 <L_0c78>:
	s_cbranch_scc0 L_0ca0                                      // 000000000C88: BFA10009

0000000000000c8c <L_0c7c>:
	s_add_co_u32 ttmp10, ttmp8, ttmp4                          // 000000000C8C: 80767074

0000000000000c90 <L_0c80>:
	s_add_co_ci_u32 ttmp11, ttmp9, 0                           // 000000000C90: 82778075

0000000000000c94 <L_0c84>:
	global_store_addtid_b32 v2, ttmp[10:11] scope:SCOPE_SYS    // 000000000C94: EE0A4076 010C0000 00000000

0000000000000ca0 <L_0c90>:
	s_add_co_u32 ttmp4, ttmp4, 0x80                            // 000000000CA0: 8070FF70 00000080

0000000000000ca8 <L_0c98>:
	s_mov_b32 ttmp13, 0                                        // 000000000CA8: BEF90080

0000000000000cac <L_0c9c>:
	v_mov_b32_e32 v2, 0                                        // 000000000CAC: 7E040280

0000000000000cb0 <L_0ca0>:
	s_add_co_u32 m0, m0, 16                                    // 000000000CB0: 807D907D

0000000000000cb4 <L_0ca4>:
	s_cmp_lt_u32 m0, 0x60                                      // 000000000CB4: BF0AFF7D 00000060

0000000000000cbc <L_0cac>:
	s_cbranch_scc1 L_0b94                                      // 000000000CBC: BFA2FFB9

0000000000000cc0 <L_0cb0>:
	s_movrels_b64 s[0:1], s[0:1]                               // 000000000CC0: BE804100

0000000000000cc4 <L_0cb4>:
	s_movrels_b64 s[2:3], s[2:3]                               // 000000000CC4: BE824102

0000000000000cc8 <L_0cb8>:
	s_movrels_b64 s[4:5], s[4:5]                               // 000000000CC8: BE844104

0000000000000ccc <L_0cbc>:
	s_movrels_b64 s[6:7], s[6:7]                               // 000000000CCC: BE864106

0000000000000cd0 <L_0cc0>:
	s_movrels_b64 s[8:9], s[8:9]                               // 000000000CD0: BE884108

0000000000000cd4 <L_0cc4>:
	s_movrels_b64 s[10:11], s[10:11]                           // 000000000CD4: BE8A410A

0000000000000cd8 <L_0cc8>:
	v_writelane_b32 v2, s0, ttmp13                             // 000000000CD8: D7610002 0000F200

0000000000000ce0 <L_0cd0>:
	s_add_co_u32 ttmp13, ttmp13, 1                             // 000000000CE0: 80798179

0000000000000ce4 <L_0cd4>:
	v_writelane_b32 v2, s1, ttmp13                             // 000000000CE4: D7610002 0000F201

0000000000000cec <L_0cdc>:
	s_add_co_u32 ttmp13, ttmp13, 1                             // 000000000CEC: 80798179

0000000000000cf0 <L_0ce0>:
	v_writelane_b32 v2, s2, ttmp13                             // 000000000CF0: D7610002 0000F202

0000000000000cf8 <L_0ce8>:
	s_add_co_u32 ttmp13, ttmp13, 1                             // 000000000CF8: 80798179

0000000000000cfc <L_0cec>:
	v_writelane_b32 v2, s3, ttmp13                             // 000000000CFC: D7610002 0000F203

0000000000000d04 <L_0cf4>:
	s_add_co_u32 ttmp13, ttmp13, 1                             // 000000000D04: 80798179

0000000000000d08 <L_0cf8>:
	v_writelane_b32 v2, s4, ttmp13                             // 000000000D08: D7610002 0000F204

0000000000000d10 <L_0d00>:
	s_add_co_u32 ttmp13, ttmp13, 1                             // 000000000D10: 80798179

0000000000000d14 <L_0d04>:
	v_writelane_b32 v2, s5, ttmp13                             // 000000000D14: D7610002 0000F205

0000000000000d1c <L_0d0c>:
	s_add_co_u32 ttmp13, ttmp13, 1                             // 000000000D1C: 80798179

0000000000000d20 <L_0d10>:
	v_writelane_b32 v2, s6, ttmp13                             // 000000000D20: D7610002 0000F206

0000000000000d28 <L_0d18>:
	s_add_co_u32 ttmp13, ttmp13, 1                             // 000000000D28: 80798179

0000000000000d2c <L_0d1c>:
	v_writelane_b32 v2, s7, ttmp13                             // 000000000D2C: D7610002 0000F207

0000000000000d34 <L_0d24>:
	s_add_co_u32 ttmp13, ttmp13, 1                             // 000000000D34: 80798179

0000000000000d38 <L_0d28>:
	v_writelane_b32 v2, s8, ttmp13                             // 000000000D38: D7610002 0000F208

0000000000000d40 <L_0d30>:
	s_add_co_u32 ttmp13, ttmp13, 1                             // 000000000D40: 80798179

0000000000000d44 <L_0d34>:
	v_writelane_b32 v2, s9, ttmp13                             // 000000000D44: D7610002 0000F209

0000000000000d4c <L_0d3c>:
	s_add_co_u32 ttmp13, ttmp13, 1                             // 000000000D4C: 80798179

0000000000000d50 <L_0d40>:
	v_writelane_b32 v2, s10, ttmp13                            // 000000000D50: D7610002 0000F20A

0000000000000d58 <L_0d48>:
	s_add_co_u32 ttmp13, ttmp13, 1                             // 000000000D58: 80798179

0000000000000d5c <L_0d4c>:
	v_writelane_b32 v2, s11, ttmp13                            // 000000000D5C: D7610002 0000F20B

0000000000000d64 <L_0d54>:
	s_add_co_u32 ttmp13, ttmp13, 1                             // 000000000D64: 80798179

0000000000000d68 <L_0d58>:
	s_mov_b32 exec_lo, 0xffff                                  // 000000000D68: BEFE00FF 0000FFFF

0000000000000d70 <L_0d60>:
	s_add_co_u32 ttmp10, ttmp8, ttmp4                          // 000000000D70: 80767074

0000000000000d74 <L_0d64>:
	s_add_co_ci_u32 ttmp11, ttmp9, 0                           // 000000000D74: 82778075

0000000000000d78 <L_0d68>:
	global_store_addtid_b32 v2, ttmp[10:11] scope:SCOPE_SYS    // 000000000D78: EE0A4076 010C0000 00000000

0000000000000d84 <L_0d74>:
	s_mov_b32 exec_lo, -1                                      // 000000000D84: BEFE00C1

0000000000000d88 <L_0d78>:
	s_lshr_b32 m0, ttmp7, 25                                   // 000000000D88: 857D9973

0000000000000d8c <L_0d7c>:
	s_and_b32 m0, m0, 1                                        // 000000000D8C: 8B7D817D

0000000000000d90 <L_0d80>:
	s_cmp_eq_u32 m0, 1                                         // 000000000D90: BF06817D

0000000000000d94 <L_0d84>:
	s_cbranch_scc1 L_0d90                                      // 000000000D94: BFA20002

0000000000000d98 <L_0d88>:
	s_mov_b32 exec_hi, 0                                       // 000000000D98: BEFF0080

0000000000000d9c <L_0d8c>:
	s_branch L_0d94                                            // 000000000D9C: BFA00001

0000000000000da0 <L_0d90>:
	s_mov_b32 exec_hi, -1                                      // 000000000DA0: BEFF00C1

0000000000000da4 <L_0d94>:
	s_getreg_b32 ttmp15, hwreg(HW_REG_WAVE_LDS_ALLOC, 12, 9)   // 000000000DA4: B8FB4306

0000000000000da8 <L_0d98>:
	s_and_b32 ttmp15, ttmp15, -1                               // 000000000DA8: 8B7BC17B

0000000000000dac <L_0d9c>:
	s_cbranch_scc0 L_0ea8                                      // 000000000DAC: BFA10042

0000000000000db0 <L_0da0>:
	s_and_b32 ttmp14, ttmp1, 0x80000000                        // 000000000DB0: 8B7AFF6D 80000000

0000000000000db8 <L_0da8>:
	s_cbranch_scc0 L_0ea8                                      // 000000000DB8: BFA1003F

0000000000000dbc <L_0dac>:
	s_lshl_b32 ttmp15, ttmp15, 10                              // 000000000DBC: 847B8A7B

0000000000000dc0 <L_0db0>:
	s_getreg_b32 ttmp4, hwreg(HW_REG_WAVE_GPR_ALLOC, 12, 8)    // 000000000DC0: B8F03B05

0000000000000dc4 <L_0db4>:
	s_add_co_u32 ttmp4, ttmp4, 1                               // 000000000DC4: 80708170

0000000000000dc8 <L_0db8>:
	s_bitcmp1_b32 ttmp7, 25                                    // 000000000DC8: BF0D9973

0000000000000dcc <L_0dbc>:
	s_cbranch_scc1 L_0dc8                                      // 000000000DCC: BFA20002

0000000000000dd0 <L_0dc0>:
	s_lshl_b32 ttmp4, ttmp4, 9                                 // 000000000DD0: 84708970

0000000000000dd4 <L_0dc4>:
	s_branch L_0dcc                                            // 000000000DD4: BFA00001

0000000000000dd8 <L_0dc8>:
	s_lshl_b32 ttmp4, ttmp4, 10                                // 000000000DD8: 84708A70

0000000000000ddc <L_0dcc>:
	s_add_co_u32 ttmp4, ttmp4, 0x200                           // 000000000DDC: 8070FF70 00000200

0000000000000de4 <L_0dd4>:
	s_add_co_u32 ttmp4, ttmp4, 0x200                           // 000000000DE4: 8070FF70 00000200

0000000000000dec <L_0ddc>:
	v_mbcnt_lo_u32_b32 v0, -1, 0                               // 000000000DEC: D71F0000 000100C1

0000000000000df4 <L_0de4>:
	v_mbcnt_hi_u32_b32 v0, -1, v0                              // 000000000DF4: D7200000 000200C1

0000000000000dfc <L_0dec>:
	v_mul_u32_u24_e32 v0, 4, v0                                // 000000000DFC: 16000084

0000000000000e00 <L_0df0>:
	s_lshr_b32 m0, ttmp7, 25                                   // 000000000E00: 857D9973

0000000000000e04 <L_0df4>:
	s_and_b32 m0, m0, 1                                        // 000000000E04: 8B7D817D

0000000000000e08 <L_0df8>:
	s_cmp_eq_u32 m0, 1                                         // 000000000E08: BF06817D

0000000000000e0c <L_0dfc>:
	s_mov_b32 m0, 0                                            // 000000000E0C: BEFD0080

0000000000000e10 <L_0e00>:
	s_cbranch_scc1 L_0e58                                      // 000000000E10: BFA20015

0000000000000e14 <L_0e04>:
	s_mov_b32 s3, 0x80                                         // 000000000E14: BE8300FF 00000080

0000000000000e1c <L_0e0c>:
	s_nop 0                                                    // 000000000E1C: BF800000

0000000000000e20 <L_0e10>:
	s_nop 0                                                    // 000000000E20: BF800000

0000000000000e24 <L_0e14>:
	s_nop 0                                                    // 000000000E24: BF800000

0000000000000e28 <L_0e18>:
	ds_load_b32 v1, v0                                         // 000000000E28: D8D80000 01000000

0000000000000e30 <L_0e20>:
	s_wait_idle                                                // 000000000E30: BF8A0000

0000000000000e34 <L_0e24>:
	s_add_co_u32 ttmp10, ttmp8, ttmp4                          // 000000000E34: 80767074

0000000000000e38 <L_0e28>:
	s_add_co_ci_u32 ttmp11, ttmp9, 0                           // 000000000E38: 82778075

0000000000000e3c <L_0e2c>:
	global_store_addtid_b32 v1, ttmp[10:11] scope:SCOPE_SYS    // 000000000E3C: EE0A4076 008C0000 00000000

0000000000000e48 <L_0e38>:
	s_add_co_u32 m0, m0, s3                                    // 000000000E48: 807D037D

0000000000000e4c <L_0e3c>:
	s_add_co_u32 ttmp4, ttmp4, s3                              // 000000000E4C: 80700370

0000000000000e50 <L_0e40>:
	v_add_nc_u32_e64 v0, v0, 0x80                              // 000000000E50: D5250000 0001FF00 00000080

0000000000000e5c <L_0e4c>:
	s_cmp_lt_u32 m0, ttmp15                                    // 000000000E5C: BF0A7B7D

0000000000000e60 <L_0e50>:
	s_cbranch_scc1 L_0e18                                      // 000000000E60: BFA2FFF1

0000000000000e64 <L_0e54>:
	s_branch L_0ea8                                            // 000000000E64: BFA00014

0000000000000e68 <L_0e58>:
	s_mov_b32 s3, 0x100                                        // 000000000E68: BE8300FF 00000100

0000000000000e70 <L_0e60>:
	s_nop 0                                                    // 000000000E70: BF800000

0000000000000e74 <L_0e64>:
	s_nop 0                                                    // 000000000E74: BF800000

0000000000000e78 <L_0e68>:
	s_nop 0                                                    // 000000000E78: BF800000

0000000000000e7c <L_0e6c>:
	ds_load_b32 v1, v0                                         // 000000000E7C: D8D80000 01000000

0000000000000e84 <L_0e74>:
	s_wait_idle                                                // 000000000E84: BF8A0000

0000000000000e88 <L_0e78>:
	s_add_co_u32 ttmp10, ttmp8, ttmp4                          // 000000000E88: 80767074

0000000000000e8c <L_0e7c>:
	s_add_co_ci_u32 ttmp11, ttmp9, 0                           // 000000000E8C: 82778075

0000000000000e90 <L_0e80>:
	global_store_addtid_b32 v1, ttmp[10:11] scope:SCOPE_SYS    // 000000000E90: EE0A4076 008C0000 00000000

0000000000000e9c <L_0e8c>:
	s_add_co_u32 m0, m0, s3                                    // 000000000E9C: 807D037D

0000000000000ea0 <L_0e90>:
	s_add_co_u32 ttmp4, ttmp4, s3                              // 000000000EA0: 80700370

0000000000000ea4 <L_0e94>:
	v_add_nc_u32_e64 v0, v0, 0x100                             // 000000000EA4: D5250000 0001FF00 00000100

0000000000000eb0 <L_0ea0>:
	s_cmp_lt_u32 m0, ttmp15                                    // 000000000EB0: BF0A7B7D

0000000000000eb4 <L_0ea4>:
	s_cbranch_scc1 L_0e6c                                      // 000000000EB4: BFA2FFF1

0000000000000eb8 <L_0ea8>:
	s_mov_b32 exec_lo, -1                                      // 000000000EB8: BEFE00C1

0000000000000ebc <L_0eac>:
	s_lshr_b32 m0, ttmp7, 25                                   // 000000000EBC: 857D9973

0000000000000ec0 <L_0eb0>:
	s_and_b32 m0, m0, 1                                        // 000000000EC0: 8B7D817D

0000000000000ec4 <L_0eb4>:
	s_cmp_eq_u32 m0, 1                                         // 000000000EC4: BF06817D

0000000000000ec8 <L_0eb8>:
	s_cbranch_scc1 L_0ecc                                      // 000000000EC8: BFA20004

0000000000000ecc <L_0ebc>:
	s_mov_b32 ttmp4, 0x200                                     // 000000000ECC: BEF000FF 00000200

0000000000000ed4 <L_0ec4>:
	s_mov_b32 exec_hi, 0                                       // 000000000ED4: BEFF0080

0000000000000ed8 <L_0ec8>:
	s_branch L_0ed8                                            // 000000000ED8: BFA00003

0000000000000edc <L_0ecc>:
	s_mov_b32 ttmp4, 0x400                                     // 000000000EDC: BEF000FF 00000400

0000000000000ee4 <L_0ed4>:
	s_mov_b32 exec_hi, -1                                      // 000000000EE4: BEFF00C1

0000000000000ee8 <L_0ed8>:
	s_getreg_b32 ttmp15, hwreg(HW_REG_WAVE_GPR_ALLOC, 12, 8)   // 000000000EE8: B8FB3B05

0000000000000eec <L_0edc>:
	s_add_co_u32 ttmp15, ttmp15, 1                             // 000000000EEC: 807B817B

0000000000000ef0 <L_0ee0>:
	s_lshl_b32 ttmp15, ttmp15, 2                               // 000000000EF0: 847B827B

0000000000000ef4 <L_0ee4>:
	s_lshr_b32 m0, ttmp7, 25                                   // 000000000EF4: 857D9973

0000000000000ef8 <L_0ee8>:
	s_and_b32 m0, m0, 1                                        // 000000000EF8: 8B7D817D

0000000000000efc <L_0eec>:
	s_cmp_eq_u32 m0, 1                                         // 000000000EFC: BF06817D

0000000000000f00 <L_0ef0>:
	s_cbranch_scc1 L_0f60                                      // 000000000F00: BFA2001B

0000000000000f04 <L_0ef4>:
	s_mov_b32 m0, 4                                            // 000000000F04: BEFD0084

0000000000000f08 <L_0ef8>:
	s_cmp_lt_u32 m0, ttmp15                                    // 000000000F08: BF0A7B7D

0000000000000f0c <L_0efc>:
	s_cbranch_scc0 L_0fc8                                      // 000000000F0C: BFA10032

0000000000000f10 <L_0f00>:
	v_movrels_b32_e32 v0, v0                                   // 000000000F10: 7E008700

0000000000000f14 <L_0f04>:
	v_movrels_b32_e32 v1, v1                                   // 000000000F14: 7E028701

0000000000000f18 <L_0f08>:
	v_movrels_b32_e32 v2, v2                                   // 000000000F18: 7E048702

0000000000000f1c <L_0f0c>:
	v_movrels_b32_e32 v3, v3                                   // 000000000F1C: 7E068703

0000000000000f20 <L_0f10>:
	s_add_co_u32 ttmp10, ttmp8, ttmp4                          // 000000000F20: 80767074

0000000000000f24 <L_0f14>:
	s_add_co_ci_u32 ttmp11, ttmp9, 0                           // 000000000F24: 82778075

0000000000000f28 <L_0f18>:
	global_store_addtid_b32 v0, ttmp[10:11] scope:SCOPE_SYS    // 000000000F28: EE0A4076 000C0000 00000000

0000000000000f34 <L_0f24>:
	global_store_addtid_b32 v1, ttmp[10:11] offset:128 scope:SCOPE_SYS// 000000000F34: EE0A4076 008C0000 00008000

0000000000000f40 <L_0f30>:
	global_store_addtid_b32 v2, ttmp[10:11] offset:256 scope:SCOPE_SYS// 000000000F40: EE0A4076 010C0000 00010000

0000000000000f4c <L_0f3c>:
	global_store_addtid_b32 v3, ttmp[10:11] offset:384 scope:SCOPE_SYS// 000000000F4C: EE0A4076 018C0000 00018000

0000000000000f58 <L_0f48>:
	s_add_co_u32 m0, m0, 4                                     // 000000000F58: 807D847D

0000000000000f5c <L_0f4c>:
	s_add_co_u32 ttmp4, ttmp4, 0x200                           // 000000000F5C: 8070FF70 00000200

0000000000000f64 <L_0f54>:
	s_cmp_lt_u32 m0, ttmp15                                    // 000000000F64: BF0A7B7D

0000000000000f68 <L_0f58>:
	s_cbranch_scc1 L_0f00                                      // 000000000F68: BFA2FFE9

0000000000000f6c <L_0f5c>:
	s_branch L_0fc8                                            // 000000000F6C: BFA0001A

0000000000000f70 <L_0f60>:
	s_mov_b32 m0, 4                                            // 000000000F70: BEFD0084

0000000000000f74 <L_0f64>:
	s_cmp_lt_u32 m0, ttmp15                                    // 000000000F74: BF0A7B7D

0000000000000f78 <L_0f68>:
	s_cbranch_scc0 L_0fc8                                      // 000000000F78: BFA10017

0000000000000f7c <L_0f6c>:
	v_movrels_b32_e32 v0, v0                                   // 000000000F7C: 7E008700

0000000000000f80 <L_0f70>:
	v_movrels_b32_e32 v1, v1                                   // 000000000F80: 7E028701

0000000000000f84 <L_0f74>:
	v_movrels_b32_e32 v2, v2                                   // 000000000F84: 7E048702

0000000000000f88 <L_0f78>:
	v_movrels_b32_e32 v3, v3                                   // 000000000F88: 7E068703

0000000000000f8c <L_0f7c>:
	s_add_co_u32 ttmp10, ttmp8, ttmp4                          // 000000000F8C: 80767074

0000000000000f90 <L_0f80>:
	s_add_co_ci_u32 ttmp11, ttmp9, 0                           // 000000000F90: 82778075

0000000000000f94 <L_0f84>:
	global_store_addtid_b32 v0, ttmp[10:11] scope:SCOPE_SYS    // 000000000F94: EE0A4076 000C0000 00000000

0000000000000fa0 <L_0f90>:
	global_store_addtid_b32 v1, ttmp[10:11] offset:256 scope:SCOPE_SYS// 000000000FA0: EE0A4076 008C0000 00010000

0000000000000fac <L_0f9c>:
	global_store_addtid_b32 v2, ttmp[10:11] offset:512 scope:SCOPE_SYS// 000000000FAC: EE0A4076 010C0000 00020000

0000000000000fb8 <L_0fa8>:
	global_store_addtid_b32 v3, ttmp[10:11] offset:768 scope:SCOPE_SYS// 000000000FB8: EE0A4076 018C0000 00030000

0000000000000fc4 <L_0fb4>:
	s_add_co_u32 m0, m0, 4                                     // 000000000FC4: 807D847D

0000000000000fc8 <L_0fb8>:
	s_add_co_u32 ttmp4, ttmp4, 0x400                           // 000000000FC8: 8070FF70 00000400

0000000000000fd0 <L_0fc0>:
	s_cmp_lt_u32 m0, ttmp15                                    // 000000000FD0: BF0A7B7D

0000000000000fd4 <L_0fc4>:
	s_cbranch_scc1 L_0f6c                                      // 000000000FD4: BFA2FFE9

0000000000000fd8 <L_0fc8>:
	s_branch L_15dc                                            // 000000000FD8: BFA00184

0000000000000fdc <L_0fcc>:
	s_mov_b32 ttmp8, exec_lo                                   // 000000000FDC: BEF4007E

0000000000000fe0 <L_0fd0>:
	s_and_b32 ttmp9, exec_hi, 0x1ffffff                        // 000000000FE0: 8B75FF7F 01FFFFFF

0000000000000fe8 <L_0fd8>:
	s_mov_b32 ttmp5, exec_hi                                   // 000000000FE8: BEF1007F

0000000000000fec <L_0fdc>:
	s_getreg_b32 ttmp6, hwreg(HW_REG_WAVE_STATUS, 29, 1)       // 000000000FEC: B8F20742

0000000000000ff0 <L_0fe0>:
	s_lshl_b32 ttmp6, ttmp6, 25                                // 000000000FF0: 84729972

0000000000000ff4 <L_0fe4>:
	s_and_b32 ttmp2, exec_hi, 0x4000000                        // 000000000FF4: 8B6EFF7F 04000000

0000000000000ffc <L_0fec>:
	s_cbranch_scc0 L_1100                                      // 000000000FFC: BFA10044

0000000000001000 <L_0ff0>:
	s_mov_b32 exec_lo, -1                                      // 000000001000: BEFE00C1

0000000000001004 <L_0ff4>:
	s_lshr_b32 m0, ttmp6, 25                                   // 000000001004: 857D9972

0000000000001008 <L_0ff8>:
	s_and_b32 m0, m0, 1                                        // 000000001008: 8B7D817D

000000000000100c <L_0ffc>:
	s_cmp_eq_u32 m0, 1                                         // 00000000100C: BF06817D

0000000000001010 <L_1000>:
	s_cbranch_scc1 L_100c                                      // 000000001010: BFA20002

0000000000001014 <L_1004>:
	s_mov_b32 exec_hi, 0                                       // 000000001014: BEFF0080

0000000000001018 <L_1008>:
	s_branch L_1010                                            // 000000001018: BFA00001

000000000000101c <L_100c>:
	s_mov_b32 exec_hi, -1                                      // 00000000101C: BEFF00C1

0000000000001020 <L_1010>:
	s_getreg_b32 ttmp3, hwreg(HW_REG_WAVE_LDS_ALLOC, 12, 9)    // 000000001020: B8EF4306

0000000000001024 <L_1014>:
	s_and_b32 ttmp3, ttmp3, -1                                 // 000000001024: 8B6FC16F

0000000000001028 <L_1018>:
	s_cbranch_scc0 L_1100                                      // 000000001028: BFA10039

000000000000102c <L_101c>:
	s_lshl_b32 ttmp3, ttmp3, 10                                // 00000000102C: 846F8A6F

0000000000001030 <L_1020>:
	s_getreg_b32 ttmp12, hwreg(HW_REG_WAVE_GPR_ALLOC, 12, 8)   // 000000001030: B8F83B05

0000000000001034 <L_1024>:
	s_add_co_u32 ttmp12, ttmp12, 1                             // 000000001034: 80788178

0000000000001038 <L_1028>:
	s_bitcmp1_b32 ttmp6, 25                                    // 000000001038: BF0D9972

000000000000103c <L_102c>:
	s_cbranch_scc1 L_1038                                      // 00000000103C: BFA20002

0000000000001040 <L_1030>:
	s_lshl_b32 ttmp12, ttmp12, 9                               // 000000001040: 84788978

0000000000001044 <L_1034>:
	s_branch L_103c                                            // 000000001044: BFA00001

0000000000001048 <L_1038>:
	s_lshl_b32 ttmp12, ttmp12, 10                              // 000000001048: 84788A78

000000000000104c <L_103c>:
	s_add_co_u32 ttmp12, ttmp12, 0x200                         // 00000000104C: 8078FF78 00000200

0000000000001054 <L_1044>:
	s_add_co_u32 ttmp12, ttmp12, 0x200                         // 000000001054: 8078FF78 00000200

000000000000105c <L_104c>:
	s_lshr_b32 m0, ttmp6, 25                                   // 00000000105C: 857D9972

0000000000001060 <L_1050>:
	s_and_b32 m0, m0, 1                                        // 000000001060: 8B7D817D

0000000000001064 <L_1054>:
	s_cmp_eq_u32 m0, 1                                         // 000000001064: BF06817D

0000000000001068 <L_1058>:
	s_mov_b32 m0, 0                                            // 000000001068: BEFD0080

000000000000106c <L_105c>:
	v_mbcnt_lo_u32_b32 v1, -1, 0                               // 00000000106C: D71F0001 000100C1

0000000000001074 <L_1064>:
	v_mbcnt_hi_u32_b32 v1, -1, v1                              // 000000001074: D7200001 000202C1

000000000000107c <L_106c>:
	v_lshlrev_b32_e32 v1, 2, v1                                // 00000000107C: 30020282

0000000000001080 <L_1070>:
	s_cbranch_scc1 L_10bc                                      // 000000001080: BFA20012

0000000000001084 <L_1074>:
	s_add_co_u32 ttmp10, ttmp8, ttmp12                         // 000000001084: 80767874

0000000000001088 <L_1078>:
	s_add_co_ci_u32 ttmp11, ttmp9, 0                           // 000000001088: 82778075

000000000000108c <L_107c>:
	global_load_addtid_b32 v0, ttmp[10:11] scope:SCOPE_SYS     // 00000000108C: EE0A0076 000C0000 00000000

0000000000001098 <L_1088>:
	s_wait_idle                                                // 000000001098: BF8A0000

000000000000109c <L_108c>:
	ds_store_b32 v1, v0                                        // 00000000109C: D8340000 00000001

00000000000010a4 <L_1094>:
	v_add_nc_u32_e64 v1, v1, 0x80                              // 0000000010A4: D5250001 0001FF01 00000080

00000000000010b0 <L_10a0>:
	s_add_co_u32 m0, m0, 0x80                                  // 0000000010B0: 807DFF7D 00000080

00000000000010b8 <L_10a8>:
	s_add_co_u32 ttmp12, ttmp12, 0x80                          // 0000000010B8: 8078FF78 00000080

00000000000010c0 <L_10b0>:
	s_cmp_lt_u32 m0, ttmp3                                     // 0000000010C0: BF0A6F7D

00000000000010c4 <L_10b4>:
	s_cbranch_scc1 L_1074                                      // 0000000010C4: BFA2FFEF

00000000000010c8 <L_10b8>:
	s_branch L_1100                                            // 0000000010C8: BFA00011

00000000000010cc <L_10bc>:
	s_add_co_u32 ttmp10, ttmp8, ttmp12                         // 0000000010CC: 80767874

00000000000010d0 <L_10c0>:
	s_add_co_ci_u32 ttmp11, ttmp9, 0                           // 0000000010D0: 82778075

00000000000010d4 <L_10c4>:
	global_load_addtid_b32 v0, ttmp[10:11] scope:SCOPE_SYS     // 0000000010D4: EE0A0076 000C0000 00000000

00000000000010e0 <L_10d0>:
	s_wait_idle                                                // 0000000010E0: BF8A0000

00000000000010e4 <L_10d4>:
	ds_store_b32 v1, v0                                        // 0000000010E4: D8340000 00000001

00000000000010ec <L_10dc>:
	v_add_nc_u32_e64 v1, v1, 0x100                             // 0000000010EC: D5250001 0001FF01 00000100

00000000000010f8 <L_10e8>:
	s_add_co_u32 m0, m0, 0x100                                 // 0000000010F8: 807DFF7D 00000100

0000000000001100 <L_10f0>:
	s_add_co_u32 ttmp12, ttmp12, 0x100                         // 000000001100: 8078FF78 00000100

0000000000001108 <L_10f8>:
	s_cmp_lt_u32 m0, ttmp3                                     // 000000001108: BF0A6F7D

000000000000110c <L_10fc>:
	s_cbranch_scc1 L_10bc                                      // 00000000110C: BFA2FFEF

0000000000001110 <L_1100>:
	s_mov_b32 ttmp12, 0                                        // 000000001110: BEF80080

0000000000001114 <L_1104>:
	s_mov_b32 exec_lo, -1                                      // 000000001114: BEFE00C1

0000000000001118 <L_1108>:
	s_lshr_b32 m0, ttmp6, 25                                   // 000000001118: 857D9972

000000000000111c <L_110c>:
	s_and_b32 m0, m0, 1                                        // 00000000111C: 8B7D817D

0000000000001120 <L_1110>:
	s_cmp_eq_u32 m0, 1                                         // 000000001120: BF06817D

0000000000001124 <L_1114>:
	s_cbranch_scc1 L_1120                                      // 000000001124: BFA20002

0000000000001128 <L_1118>:
	s_mov_b32 exec_hi, 0                                       // 000000001128: BEFF0080

000000000000112c <L_111c>:
	s_branch L_1124                                            // 00000000112C: BFA00001

0000000000001130 <L_1120>:
	s_mov_b32 exec_hi, -1                                      // 000000001130: BEFF00C1

0000000000001134 <L_1124>:
	s_getreg_b32 ttmp3, hwreg(HW_REG_WAVE_GPR_ALLOC, 12, 8)    // 000000001134: B8EF3B05

0000000000001138 <L_1128>:
	s_add_co_u32 ttmp3, ttmp3, 1                               // 000000001138: 806F816F

000000000000113c <L_112c>:
	s_lshl_b32 ttmp3, ttmp3, 2                                 // 00000000113C: 846F826F

0000000000001140 <L_1130>:
	s_lshr_b32 m0, ttmp6, 25                                   // 000000001140: 857D9972

0000000000001144 <L_1134>:
	s_and_b32 m0, m0, 1                                        // 000000001144: 8B7D817D

0000000000001148 <L_1138>:
	s_cmp_eq_u32 m0, 1                                         // 000000001148: BF06817D

000000000000114c <L_113c>:
	s_cbranch_scc1 L_11f0                                      // 00000000114C: BFA2002C

0000000000001150 <L_1140>:
	s_mov_b32 ttmp2, ttmp12                                    // 000000001150: BEEE0078

0000000000001154 <L_1144>:
	s_add_co_u32 ttmp12, ttmp12, 0x200                         // 000000001154: 8078FF78 00000200

000000000000115c <L_114c>:
	s_mov_b32 m0, 4                                            // 00000000115C: BEFD0084

0000000000001160 <L_1150>:
	s_add_co_u32 ttmp10, ttmp8, ttmp12                         // 000000001160: 80767874

0000000000001164 <L_1154>:
	s_add_co_ci_u32 ttmp11, ttmp9, 0                           // 000000001164: 82778075

0000000000001168 <L_1158>:
	global_load_addtid_b32 v0, ttmp[10:11] scope:SCOPE_SYS     // 000000001168: EE0A0076 000C0000 00000000

0000000000001174 <L_1164>:
	global_load_addtid_b32 v1, ttmp[10:11] offset:128 scope:SCOPE_SYS// 000000001174: EE0A0076 000C0001 00008000

0000000000001180 <L_1170>:
	global_load_addtid_b32 v2, ttmp[10:11] offset:256 scope:SCOPE_SYS// 000000001180: EE0A0076 000C0002 00010000

000000000000118c <L_117c>:
	global_load_addtid_b32 v3, ttmp[10:11] offset:384 scope:SCOPE_SYS// 00000000118C: EE0A0076 000C0003 00018000

0000000000001198 <L_1188>:
	s_wait_idle                                                // 000000001198: BF8A0000

000000000000119c <L_118c>:
	v_movreld_b32_e32 v0, v0                                   // 00000000119C: 7E008500

00000000000011a0 <L_1190>:
	v_movreld_b32_e32 v1, v1                                   // 0000000011A0: 7E028501

00000000000011a4 <L_1194>:
	v_movreld_b32_e32 v2, v2                                   // 0000000011A4: 7E048502

00000000000011a8 <L_1198>:
	v_movreld_b32_e32 v3, v3                                   // 0000000011A8: 7E068503

00000000000011ac <L_119c>:
	s_add_co_u32 m0, m0, 4                                     // 0000000011AC: 807D847D

00000000000011b0 <L_11a0>:
	s_add_co_u32 ttmp12, ttmp12, 0x200                         // 0000000011B0: 8078FF78 00000200

00000000000011b8 <L_11a8>:
	s_cmp_lt_u32 m0, ttmp3                                     // 0000000011B8: BF0A6F7D

00000000000011bc <L_11ac>:
	s_cbranch_scc1 L_1150                                      // 0000000011BC: BFA2FFE8

00000000000011c0 <L_11b0>:
	s_add_co_u32 ttmp10, ttmp8, ttmp2                          // 0000000011C0: 80766E74

00000000000011c4 <L_11b4>:
	s_add_co_ci_u32 ttmp11, ttmp9, 0                           // 0000000011C4: 82778075

00000000000011c8 <L_11b8>:
	global_load_addtid_b32 v0, ttmp[10:11] scope:SCOPE_SYS     // 0000000011C8: EE0A0076 000C0000 00000000

00000000000011d4 <L_11c4>:
	global_load_addtid_b32 v1, ttmp[10:11] offset:128 scope:SCOPE_SYS// 0000000011D4: EE0A0076 000C0001 00008000

00000000000011e0 <L_11d0>:
	global_load_addtid_b32 v2, ttmp[10:11] offset:256 scope:SCOPE_SYS// 0000000011E0: EE0A0076 000C0002 00010000

00000000000011ec <L_11dc>:
	global_load_addtid_b32 v3, ttmp[10:11] offset:384 scope:SCOPE_SYS// 0000000011EC: EE0A0076 000C0003 00018000

00000000000011f8 <L_11e8>:
	s_wait_idle                                                // 0000000011F8: BF8A0000

00000000000011fc <L_11ec>:
	s_branch L_12a4                                            // 0000000011FC: BFA0002D

0000000000001200 <L_11f0>:
	s_mov_b32 ttmp2, ttmp12                                    // 000000001200: BEEE0078

0000000000001204 <L_11f4>:
	s_add_co_u32 ttmp12, ttmp12, 0x400                         // 000000001204: 8078FF78 00000400

000000000000120c <L_11fc>:
	s_mov_b32 m0, 4                                            // 00000000120C: BEFD0084

0000000000001210 <L_1200>:
	s_cmp_lt_u32 m0, ttmp3                                     // 000000001210: BF0A6F7D

0000000000001214 <L_1204>:
	s_cbranch_scc0 L_1268                                      // 000000001214: BFA10018

0000000000001218 <L_1208>:
	s_add_co_u32 ttmp10, ttmp8, ttmp12                         // 000000001218: 80767874

000000000000121c <L_120c>:
	s_add_co_ci_u32 ttmp11, ttmp9, 0                           // 00000000121C: 82778075

0000000000001220 <L_1210>:
	global_load_addtid_b32 v0, ttmp[10:11] scope:SCOPE_SYS     // 000000001220: EE0A0076 000C0000 00000000

000000000000122c <L_121c>:
	global_load_addtid_b32 v1, ttmp[10:11] offset:256 scope:SCOPE_SYS// 00000000122C: EE0A0076 000C0001 00010000

0000000000001238 <L_1228>:
	global_load_addtid_b32 v2, ttmp[10:11] offset:512 scope:SCOPE_SYS// 000000001238: EE0A0076 000C0002 00020000

0000000000001244 <L_1234>:
	global_load_addtid_b32 v3, ttmp[10:11] offset:768 scope:SCOPE_SYS// 000000001244: EE0A0076 000C0003 00030000

0000000000001250 <L_1240>:
	s_wait_idle                                                // 000000001250: BF8A0000

0000000000001254 <L_1244>:
	v_movreld_b32_e32 v0, v0                                   // 000000001254: 7E008500

0000000000001258 <L_1248>:
	v_movreld_b32_e32 v1, v1                                   // 000000001258: 7E028501

000000000000125c <L_124c>:
	v_movreld_b32_e32 v2, v2                                   // 00000000125C: 7E048502

0000000000001260 <L_1250>:
	v_movreld_b32_e32 v3, v3                                   // 000000001260: 7E068503

0000000000001264 <L_1254>:
	s_add_co_u32 m0, m0, 4                                     // 000000001264: 807D847D

0000000000001268 <L_1258>:
	s_add_co_u32 ttmp12, ttmp12, 0x400                         // 000000001268: 8078FF78 00000400

0000000000001270 <L_1260>:
	s_cmp_lt_u32 m0, ttmp3                                     // 000000001270: BF0A6F7D

0000000000001274 <L_1264>:
	s_cbranch_scc1 L_1208                                      // 000000001274: BFA2FFE8

0000000000001278 <L_1268>:
	s_add_co_u32 ttmp10, ttmp8, ttmp2                          // 000000001278: 80766E74

000000000000127c <L_126c>:
	s_add_co_ci_u32 ttmp11, ttmp9, 0                           // 00000000127C: 82778075

0000000000001280 <L_1270>:
	global_load_addtid_b32 v0, ttmp[10:11] scope:SCOPE_SYS     // 000000001280: EE0A0076 000C0000 00000000

000000000000128c <L_127c>:
	global_load_addtid_b32 v1, ttmp[10:11] offset:256 scope:SCOPE_SYS// 00000000128C: EE0A0076 000C0001 00010000

0000000000001298 <L_1288>:
	global_load_addtid_b32 v2, ttmp[10:11] offset:512 scope:SCOPE_SYS// 000000001298: EE0A0076 000C0002 00020000

00000000000012a4 <L_1294>:
	global_load_addtid_b32 v3, ttmp[10:11] offset:768 scope:SCOPE_SYS// 0000000012A4: EE0A0076 000C0003 00030000

00000000000012b0 <L_12a0>:
	s_wait_idle                                                // 0000000012B0: BF8A0000

00000000000012b4 <L_12a4>:
	s_getreg_b32 ttmp12, hwreg(HW_REG_WAVE_GPR_ALLOC, 12, 8)   // 0000000012B4: B8F83B05

00000000000012b8 <L_12a8>:
	s_add_co_u32 ttmp12, ttmp12, 1                             // 0000000012B8: 80788178

00000000000012bc <L_12ac>:
	s_bitcmp1_b32 ttmp6, 25                                    // 0000000012BC: BF0D9972

00000000000012c0 <L_12b0>:
	s_cbranch_scc1 L_12bc                                      // 0000000012C0: BFA20002

00000000000012c4 <L_12b4>:
	s_lshl_b32 ttmp12, ttmp12, 9                               // 0000000012C4: 84788978

00000000000012c8 <L_12b8>:
	s_branch L_12c0                                            // 0000000012C8: BFA00001

00000000000012cc <L_12bc>:
	s_lshl_b32 ttmp12, ttmp12, 10                              // 0000000012CC: 84788A78

00000000000012d0 <L_12c0>:
	s_add_co_u32 ttmp12, ttmp12, 0x200                         // 0000000012D0: 8078FF78 00000200

00000000000012d8 <L_12c8>:
	s_sub_co_u32 ttmp12, ttmp12, 0x60                          // 0000000012D8: 80F8FF78 00000060

00000000000012e0 <L_12d0>:
	s_add_co_u32 ttmp10, ttmp8, ttmp12                         // 0000000012E0: 80767874

00000000000012e4 <L_12d4>:
	s_add_co_ci_u32 ttmp11, ttmp9, 0                           // 0000000012E4: 82778075

00000000000012e8 <L_12d8>:
	s_mov_b32 m0, 0x6c                                         // 0000000012E8: BEFD00FF 0000006C

00000000000012f0 <L_12e0>:
	s_load_b128 s[0:3], ttmp[10:11], 0x0 scope:SCOPE_SYS       // 0000000012F0: F460403B F8000000

00000000000012f8 <L_12e8>:
	s_wait_idle                                                // 0000000012F8: BF8A0000

00000000000012fc <L_12ec>:
	s_sub_co_u32 m0, m0, 4                                     // 0000000012FC: 80FD847D

0000000000001300 <L_12f0>:
	s_nop 0                                                    // 000000001300: BF800000

0000000000001304 <L_12f4>:
	s_movreld_b64 s[0:1], s[0:1]                               // 000000001304: BE804300

0000000000001308 <L_12f8>:
	s_movreld_b64 s[2:3], s[2:3]                               // 000000001308: BE824302

000000000000130c <L_12fc>:
	s_sub_co_u32 ttmp10, ttmp10, 32                            // 00000000130C: 80F6A076

0000000000001310 <L_1300>:
	s_sub_co_ci_u32 ttmp11, ttmp11, 0                          // 000000001310: 82F78077

0000000000001314 <L_1304>:
	s_load_b256 s[0:7], ttmp[10:11], 0x0 scope:SCOPE_SYS       // 000000001314: F460603B F8000000

000000000000131c <L_130c>:
	s_wait_idle                                                // 00000000131C: BF8A0000

0000000000001320 <L_1310>:
	s_sub_co_u32 m0, m0, 8                                     // 000000001320: 80FD887D

0000000000001324 <L_1314>:
	s_nop 0                                                    // 000000001324: BF800000

0000000000001328 <L_1318>:
	s_movreld_b64 s[0:1], s[0:1]                               // 000000001328: BE804300

000000000000132c <L_131c>:
	s_movreld_b64 s[2:3], s[2:3]                               // 00000000132C: BE824302

0000000000001330 <L_1320>:
	s_movreld_b64 s[4:5], s[4:5]                               // 000000001330: BE844304

0000000000001334 <L_1324>:
	s_movreld_b64 s[6:7], s[6:7]                               // 000000001334: BE864306

0000000000001338 <L_1328>:
	s_sub_co_u32 ttmp10, ttmp10, 64                            // 000000001338: 80F6C076

000000000000133c <L_132c>:
	s_sub_co_ci_u32 ttmp11, ttmp11, 0                          // 00000000133C: 82F78077

0000000000001340 <L_1330>:
	s_load_b512 s[0:15], ttmp[10:11], 0x0 scope:SCOPE_SYS      // 000000001340: F460803B F8000000

0000000000001348 <L_1338>:
	s_wait_idle                                                // 000000001348: BF8A0000

000000000000134c <L_133c>:
	s_sub_co_u32 m0, m0, 16                                    // 00000000134C: 80FD907D

0000000000001350 <L_1340>:
	s_nop 0                                                    // 000000001350: BF800000

0000000000001354 <L_1344>:
	s_movreld_b64 s[0:1], s[0:1]                               // 000000001354: BE804300

0000000000001358 <L_1348>:
	s_movreld_b64 s[2:3], s[2:3]                               // 000000001358: BE824302

000000000000135c <L_134c>:
	s_movreld_b64 s[4:5], s[4:5]                               // 00000000135C: BE844304

0000000000001360 <L_1350>:
	s_movreld_b64 s[6:7], s[6:7]                               // 000000001360: BE864306

0000000000001364 <L_1354>:
	s_movreld_b64 s[8:9], s[8:9]                               // 000000001364: BE884308

0000000000001368 <L_1358>:
	s_movreld_b64 s[10:11], s[10:11]                           // 000000001368: BE8A430A

000000000000136c <L_135c>:
	s_movreld_b64 s[12:13], s[12:13]                           // 00000000136C: BE8C430C

0000000000001370 <L_1360>:
	s_movreld_b64 s[14:15], s[14:15]                           // 000000001370: BE8E430E

0000000000001374 <L_1364>:
	s_cmp_eq_u32 m0, 0                                         // 000000001374: BF06807D

0000000000001378 <L_1368>:
	s_cbranch_scc0 L_1328                                      // 000000001378: BFA1FFEF

000000000000137c <L_136c>:
	s_setreg_imm32_b32 hwreg(HW_REG_WAVE_MODE), 0              // 00000000137C: B980F801 00000000

0000000000001384 <L_1374>:
	s_getreg_b32 ttmp12, hwreg(HW_REG_WAVE_GPR_ALLOC, 12, 8)   // 000000001384: B8F83B05

0000000000001388 <L_1378>:
	s_add_co_u32 ttmp12, ttmp12, 1                             // 000000001388: 80788178

000000000000138c <L_137c>:
	s_bitcmp1_b32 ttmp6, 25                                    // 00000000138C: BF0D9972

0000000000001390 <L_1380>:
	s_cbranch_scc1 L_138c                                      // 000000001390: BFA20002

0000000000001394 <L_1384>:
	s_lshl_b32 ttmp12, ttmp12, 9                               // 000000001394: 84788978

0000000000001398 <L_1388>:
	s_branch L_1390                                            // 000000001398: BFA00001

000000000000139c <L_138c>:
	s_lshl_b32 ttmp12, ttmp12, 10                              // 00000000139C: 84788A78

00000000000013a0 <L_1390>:
	s_add_co_u32 ttmp12, ttmp12, 0x200                         // 0000000013A0: 8078FF78 00000200

00000000000013a8 <L_1398>:
	s_add_co_u32 ttmp10, ttmp8, ttmp12                         // 0000000013A8: 80767874

00000000000013ac <L_139c>:
	s_add_co_ci_u32 ttmp11, ttmp9, 0                           // 0000000013AC: 82778075

00000000000013b0 <L_13a0>:
	s_mov_b32 exec_hi, ttmp5                                   // 0000000013B0: BEFF0071

00000000000013b4 <L_13a4>:
	s_load_b32 ttmp3, ttmp[10:11], 0x0 scope:SCOPE_SYS         // 0000000013B4: F4601BFB F8000000

00000000000013bc <L_13ac>:
	s_load_b32 ttmp0, ttmp[10:11], 0x4 scope:SCOPE_SYS         // 0000000013BC: F4601B3B F8000004

00000000000013c4 <L_13b4>:
	s_load_b32 ttmp1, ttmp[10:11], 0x8 scope:SCOPE_SYS         // 0000000013C4: F4601B7B F8000008

00000000000013cc <L_13bc>:
	s_load_b32 ttmp4, ttmp[10:11], 0xc scope:SCOPE_SYS         // 0000000013CC: F4601C3B F800000C

00000000000013d4 <L_13c4>:
	s_load_b32 ttmp5, ttmp[10:11], 0x10 scope:SCOPE_SYS        // 0000000013D4: F4601C7B F8000010

00000000000013dc <L_13cc>:
	s_load_b32 ttmp14, ttmp[10:11], 0x14 scope:SCOPE_SYS       // 0000000013DC: F4601EBB F8000014

00000000000013e4 <L_13d4>:
	s_load_b32 ttmp15, ttmp[10:11], 0x18 scope:SCOPE_SYS       // 0000000013E4: F4601EFB F8000018

00000000000013ec <L_13dc>:
	s_load_b32 ttmp13, ttmp[10:11], 0x1c scope:SCOPE_SYS       // 0000000013EC: F4601E7B F800001C

00000000000013f4 <L_13e4>:
	s_load_b32 ttmp7, ttmp[10:11], 0x20 scope:SCOPE_SYS        // 0000000013F4: F4601CFB F8000020

00000000000013fc <L_13ec>:
	s_load_b32 ttmp2, ttmp[10:11], 0x24 scope:SCOPE_SYS        // 0000000013FC: F4601BBB F8000024

0000000000001404 <L_13f4>:
	s_wait_idle                                                // 000000001404: BF8A0000

0000000000001408 <L_13f8>:
	s_setreg_b32 hwreg(HW_REG_WAVE_SCRATCH_BASE_LO), ttmp2     // 000000001408: B96EF814

000000000000140c <L_13fc>:
	s_load_b32 ttmp2, ttmp[10:11], 0x28 scope:SCOPE_SYS        // 00000000140C: F4601BBB F8000028

0000000000001414 <L_1404>:
	s_wait_idle                                                // 000000001414: BF8A0000

0000000000001418 <L_1408>:
	s_setreg_b32 hwreg(HW_REG_WAVE_SCRATCH_BASE_HI), ttmp2     // 000000001418: B96EF815

000000000000141c <L_140c>:
	s_load_b32 ttmp2, ttmp[10:11], 0x2c scope:SCOPE_SYS        // 00000000141C: F4601BBB F800002C

0000000000001424 <L_1414>:
	s_wait_idle                                                // 000000001424: BF8A0000

0000000000001428 <L_1418>:
	s_setreg_b32 hwreg(HW_REG_WAVE_EXCP_FLAG_USER), ttmp2      // 000000001428: B96EF812

000000000000142c <L_141c>:
	s_load_b32 ttmp2, ttmp[10:11], 0x30 scope:SCOPE_SYS        // 00000000142C: F4601BBB F8000030

0000000000001434 <L_1424>:
	s_wait_idle                                                // 000000001434: BF8A0000

0000000000001438 <L_1428>:
	s_setreg_b32 hwreg(HW_REG_WAVE_TRAP_CTRL), ttmp2           // 000000001438: B96EF813

000000000000143c <L_142c>:
	s_and_b32 ttmp2, exec_hi, 0x4000000                        // 00000000143C: 8B6EFF7F 04000000

0000000000001444 <L_1434>:
	s_cbranch_scc0 L_14c0                                      // 000000001444: BFA10022

0000000000001448 <L_1438>:
	s_load_b32 ttmp2, ttmp[10:11], 0x38 scope:SCOPE_SYS        // 000000001448: F4601BBB F8000038

0000000000001450 <L_1440>:
	s_wait_idle                                                // 000000001450: BF8A0000

0000000000001454 <L_1444>:
	s_bitcmp1_b32 ttmp2, 0                                     // 000000001454: BF0D806E

0000000000001458 <L_1448>:
	s_cbranch_scc0 L_14c0                                      // 000000001458: BFA1001D

000000000000145c <L_144c>:
	s_lshr_b32 ttmp2, ttmp2, 16                                // 00000000145C: 856E906E

0000000000001460 <L_1450>:
	s_and_b32 ttmp2, ttmp2, ttmp2                              // 000000001460: 8B6E6E6E

0000000000001464 <L_1454>:
	s_cbranch_scc0 L_1464                                      // 000000001464: BFA10003

0000000000001468 <L_1458>:
	s_barrier_signal -1                                        // 000000001468: BE804EC1

000000000000146c <L_145c>:
	s_add_co_i32 ttmp2, ttmp2, -1                              // 00000000146C: 816EC16E

0000000000001470 <L_1460>:
	s_branch L_1450                                            // 000000001470: BFA0FFFB

0000000000001474 <L_1464>:
	s_mov_b32 ttmp12, 0x80                                     // 000000001474: BEF800FF 00000080

000000000000147c <L_146c>:
	s_mov_b32 m0, 1                                            // 00000000147C: BEFD0081

0000000000001480 <L_1470>:
	s_load_b32 ttmp2, ttmp[10:11], ttmp12 offset:0x0 scope:SCOPE_SYS// 000000001480: F4601BBB F0000000

0000000000001488 <L_1478>:
	s_wait_kmcnt 0x0                                           // 000000001488: BFC70000

000000000000148c <L_147c>:
	s_add_co_u32 ttmp12, ttmp12, 4                             // 00000000148C: 80788478

0000000000001490 <L_1480>:
	s_bfe_u32 exec_lo, ttmp2, 0x70004                          // 000000001490: 937EFF6E 00070004

0000000000001498 <L_1488>:
	s_lshl_b32 exec_lo, exec_lo, 16                            // 000000001498: 847E907E

000000000000149c <L_148c>:
	s_or_b32 m0, m0, exec_lo                                   // 00000000149C: 8C7D7E7D

00000000000014a0 <L_1490>:
	s_barrier_init m0                                          // 0000000014A0: BE80517D

00000000000014a4 <L_1494>:
	s_and_not1_b32 m0, m0, 0x7f0000                            // 0000000014A4: 917DFF7D 007F0000

00000000000014ac <L_149c>:
	s_lshr_b32 ttmp2, ttmp2, 16                                // 0000000014AC: 856E906E

00000000000014b0 <L_14a0>:
	s_and_b32 ttmp2, ttmp2, ttmp2                              // 0000000014B0: 8B6E6E6E

00000000000014b4 <L_14a4>:
	s_cbranch_scc0 L_14b4                                      // 0000000014B4: BFA10003

00000000000014b8 <L_14a8>:
	s_barrier_signal m0                                        // 0000000014B8: BE804E7D

00000000000014bc <L_14ac>:
	s_add_co_i32 ttmp2, ttmp2, -1                              // 0000000014BC: 816EC16E

00000000000014c0 <L_14b0>:
	s_branch L_14a0                                            // 0000000014C0: BFA0FFFB

00000000000014c4 <L_14b4>:
	s_add_co_u32 m0, m0, 1                                     // 0000000014C4: 807D817D

00000000000014c8 <L_14b8>:
	s_cmp_gt_u32 m0, 16                                        // 0000000014C8: BF08907D

00000000000014cc <L_14bc>:
	s_cbranch_scc0 L_1470                                      // 0000000014CC: BFA1FFEC

00000000000014d0 <L_14c0>:
	s_load_b32 ttmp2, ttmp[10:11], 0x3c scope:SCOPE_SYS        // 0000000014D0: F4601BBB F800003C

00000000000014d8 <L_14c8>:
	s_wait_kmcnt 0x0                                           // 0000000014D8: BFC70000

00000000000014dc <L_14cc>:
	s_bitcmp1_b32 ttmp2, 0                                     // 0000000014DC: BF0D806E

00000000000014e0 <L_14d0>:
	s_cbranch_scc0 L_1504                                      // 0000000014E0: BFA1000C

00000000000014e4 <L_14d4>:
	s_bitcmp1_b32 exec_hi, 26                                  // 0000000014E4: BF0D9A7F

00000000000014e8 <L_14d8>:
	s_cbranch_scc0 L_14e4                                      // 0000000014E8: BFA10002

00000000000014ec <L_14dc>:
	s_cmp_eq_u32 0, 1                                          // 0000000014EC: BF068180

00000000000014f0 <L_14e0>:
	s_barrier_signal_isfirst -4                                // 0000000014F0: BE804FC4

00000000000014f4 <L_14e4>:
	s_barrier_wait 0xfffc                                      // 0000000014F4: BF94FFFC

00000000000014f8 <L_14e8>:
	s_cbranch_scc0 L_1504                                      // 0000000014F8: BFA10006

00000000000014fc <L_14ec>:
	s_lshr_b32 ttmp2, ttmp2, 16                                // 0000000014FC: 856E906E

0000000000001500 <L_14f0>:
	s_and_b32 ttmp2, ttmp2, ttmp2                              // 000000001500: 8B6E6E6E

0000000000001504 <L_14f4>:
	s_cbranch_scc0 L_1504                                      // 000000001504: BFA10003

0000000000001508 <L_14f8>:
	s_barrier_signal -3                                        // 000000001508: BE804EC3

000000000000150c <L_14fc>:
	s_add_co_i32 ttmp2, ttmp2, -1                              // 00000000150C: 816EC16E

0000000000001510 <L_1500>:
	s_branch L_14f0                                            // 000000001510: BFA0FFFB

0000000000001514 <L_1504>:
	s_load_b32 ttmp2, ttmp[10:11], 0x40 scope:SCOPE_SYS        // 000000001514: F4601BBB F8000040

000000000000151c <L_150c>:
	s_wait_kmcnt 0x0                                           // 00000000151C: BFC70000

0000000000001520 <L_1510>:
	s_setreg_b32 hwreg(HW_REG_WAVE_SCHED_MODE), ttmp2          // 000000001520: B96EF81A

0000000000001524 <L_1514>:
	s_mov_b32 m0, ttmp3                                        // 000000001524: BEFD006F

0000000000001528 <L_1518>:
	s_mov_b32 exec_lo, ttmp4                                   // 000000001528: BEFE0070

000000000000152c <L_151c>:
	s_mov_b32 exec_hi, ttmp5                                   // 00000000152C: BEFF0071

0000000000001530 <L_1520>:
	s_setreg_b32 hwreg(HW_REG_XNACK_MASK), ttmp13              // 000000001530: B979F822

0000000000001534 <L_1524>:
	s_setreg_b32 hwreg(HW_REG_WAVE_EXCP_FLAG_PRIV, 0, 5), ttmp15// 000000001534: B97B2011

0000000000001538 <L_1528>:
	s_lshr_b32 ttmp15, ttmp15, 6                               // 000000001538: 857B867B

000000000000153c <L_152c>:
	s_setreg_b32 hwreg(HW_REG_WAVE_EXCP_FLAG_PRIV, 6, 1), ttmp15// 00000000153C: B97B0191

0000000000001540 <L_1530>:
	s_lshr_b32 ttmp15, ttmp15, 2                               // 000000001540: 857B827B

0000000000001544 <L_1534>:
	s_setreg_b32 hwreg(HW_REG_WAVE_EXCP_FLAG_PRIV, 8, 24), ttmp15// 000000001544: B97BBA11

0000000000001548 <L_1538>:
	s_setreg_b32 hwreg(HW_REG_WAVE_MODE), ttmp7                // 000000001548: B973F801

000000000000154c <L_153c>:
	s_getreg_b32 ttmp2, hwreg(HW_REG_WAVE_GPR_ALLOC, 12, 8)    // 00000000154C: B8EE3B05

0000000000001550 <L_1540>:
	s_add_co_u32 ttmp2, ttmp2, 1                               // 000000001550: 806E816E

0000000000001554 <L_1544>:
	s_bitcmp1_b32 ttmp6, 25                                    // 000000001554: BF0D9972

0000000000001558 <L_1548>:
	s_cbranch_scc1 L_1554                                      // 000000001558: BFA20002

000000000000155c <L_154c>:
	s_lshl_b32 ttmp2, ttmp2, 9                                 // 00000000155C: 846E896E

0000000000001560 <L_1550>:
	s_branch L_1558                                            // 000000001560: BFA00001

0000000000001564 <L_1554>:
	s_lshl_b32 ttmp2, ttmp2, 10                                // 000000001564: 846E8A6E

0000000000001568 <L_1558>:
	s_add_co_u32 ttmp2, ttmp2, 0x1c0                           // 000000001568: 806EFF6E 000001C0

0000000000001570 <L_1560>:
	s_add_co_u32 ttmp2, ttmp2, ttmp8                           // 000000001570: 806E746E

0000000000001574 <L_1564>:
	s_add_co_ci_u32 ttmp3, ttmp9, 0                            // 000000001574: 826F8075

0000000000001578 <L_1568>:
	s_load_b128 ttmp[4:7], ttmp[2:3], 0x10 scope:SCOPE_SYS     // 000000001578: F4605C37 F8000010

0000000000001580 <L_1570>:
	s_load_b128 ttmp[8:11], ttmp[2:3], 0x20 scope:SCOPE_SYS    // 000000001580: F4605D37 F8000020

0000000000001588 <L_1578>:
	s_load_b32 ttmp13, ttmp[2:3], 0x34 scope:SCOPE_SYS         // 000000001588: F4601E77 F8000034

0000000000001590 <L_1580>:
	s_wait_idle                                                // 000000001590: BF8A0000

0000000000001594 <L_1584>:
	s_lshr_b32 ttmp2, ttmp11, 22                               // 000000001594: 856E9677

0000000000001598 <L_1588>:
	s_setreg_b32 hwreg(HW_REG_XNACK_STATE_PRIV, 18, 1), ttmp2  // 000000001598: B96E04A1

000000000000159c <L_158c>:
	s_lshr_b32 ttmp2, ttmp11, 21                               // 00000000159C: 856E9577

00000000000015a0 <L_1590>:
	s_setreg_b32 hwreg(HW_REG_XNACK_STATE_PRIV, 16, 1), ttmp2  // 0000000015A0: B96E0421

00000000000015a4 <L_1594>:
	s_lshr_b32 ttmp2, ttmp11, 14                               // 0000000015A4: 856E8E77

00000000000015a8 <L_1598>:
	s_setreg_b32 hwreg(HW_REG_XNACK_STATE_PRIV, 0, 7), ttmp2   // 0000000015A8: B96E3021

00000000000015ac <L_159c>:
	s_and_b32 ttmp1, ttmp1, 0x1ffffff                          // 0000000015AC: 8B6DFF6D 01FFFFFF

00000000000015b4 <L_15a4>:
	s_and_b64 exec, exec, exec                                 // 0000000015B4: 8BFE7E7E

00000000000015b8 <L_15a8>:
	s_and_b64 vcc, vcc, vcc                                    // 0000000015B8: 8BEA6A6A

00000000000015bc <L_15ac>:
	s_setreg_b32 hwreg(HW_REG_WAVE_STATE_PRIV), ttmp14         // 0000000015BC: B97AF804

00000000000015c0 <L_15b0>:
	s_getreg_b32 ttmp2, hwreg(HW_REG_WAVE_STATUS)              // 0000000015C0: B8EEF802

00000000000015c4 <L_15b4>:
	s_bitcmp0_b32 ttmp2, 11                                    // 0000000015C4: BF0C8B6E

00000000000015c8 <L_15b8>:
	s_cbranch_scc1 L_15c8                                      // 0000000015C8: BFA20003

00000000000015cc <L_15bc>:
	s_barrier_signal_isfirst -2                                // 0000000015CC: BE804FC2

00000000000015d0 <L_15c0>:
	s_barrier_wait 0xfffe                                      // 0000000015D0: BF94FFFE

00000000000015d4 <L_15c4>:
	s_cbranch_scc0 L_15cc                                      // 0000000015D4: BFA10001

00000000000015d8 <L_15c8>:
	s_barrier_signal -4                                        // 0000000015D8: BE804EC4

00000000000015dc <L_15cc>:
	s_barrier_wait 0xfffc                                      // 0000000015DC: BF94FFFC

00000000000015e0 <L_15d0>:
	s_lshr_b32 ttmp14, ttmp14, 9                               // 0000000015E0: 857A897A

00000000000015e4 <L_15d4>:
	s_setreg_b32 hwreg(HW_REG_WAVE_STATE_PRIV, 9, 1), ttmp14   // 0000000015E4: B97A0244

00000000000015e8 <L_15d8>:
	s_rfe_i64 ttmp[0:1]                                        // 0000000015E8: BE804A6C

00000000000015ec <L_15dc>:
	s_getreg_b32 ttmp2, hwreg(HW_REG_WAVE_STATUS)              // 0000000015EC: B8EEF802

00000000000015f0 <L_15e0>:
	s_bitcmp0_b32 ttmp2, 11                                    // 0000000015F0: BF0C8B6E

00000000000015f4 <L_15e4>:
	s_cbranch_scc1 L_15f4                                      // 0000000015F4: BFA20003

00000000000015f8 <L_15e8>:
	s_barrier_signal_isfirst -2                                // 0000000015F8: BE804FC2

00000000000015fc <L_15ec>:
	s_barrier_wait 0xfffe                                      // 0000000015FC: BF94FFFE

0000000000001600 <L_15f0>:
	s_cbranch_scc0 L_15f8                                      // 000000001600: BFA10001

0000000000001604 <L_15f4>:
	s_barrier_signal -4                                        // 000000001604: BE804EC4

0000000000001608 <L_15f8>:
	s_barrier_wait 0xfffc                                      // 000000001608: BF94FFFC

000000000000160c <L_15fc>:
	s_endpgm_saved                                             // 00000000160C: BFB10000

0000000000001610 <L_1600>:
	s_code_end                                                 // 000000001610: BF9F0000

0000000000001614 <L_1604>:
	s_code_end                                                 // 000000001614: BF9F0000

0000000000001618 <L_1608>:
	s_code_end                                                 // 000000001618: BF9F0000

000000000000161c <L_160c>:
	s_code_end                                                 // 00000000161C: BF9F0000

0000000000001620 <L_1610>:
	s_code_end                                                 // 000000001620: BF9F0000

0000000000001624 <L_1614>:
	v_illegal                                                  // 000000001624: 00000000
