
/home/chcai/mi450_logs/root_cause_20260919/session_20260928_driver_ticket_v1/reproducer/CPU_BUILD_v2/sentinel.hsaco:	file format elf64-amdgpu

Disassembly of section .text:

0000000000003100 <sentinel_00_0>:
	global_prefetch_b8 v0, s[0:1] scope:SCOPE_SE               // 000000003100: EE174000 00040000 00000000
	v_nop                                                      // 00000000310C: 7E000000
	s_setreg_imm32_b32 hwreg(HW_REG_WAVE_MODE, 25, 1), 1       // 000000003110: B9800641 00000001
	s_load_b64 s[4:5], s[0:1], 0x0 nv                          // 000000003118: F4102100 F8000000
	s_wait_kmcnt 0x0                                           // 000000003120: BFC70000
	s_mov_b32 s6, 0                                            // 000000003124: BE860080
	s_setreg_b32 hwreg(HW_REG_WAVE_MODE, 12, 8), s6            // 000000003128: B9063B01
	s_nop 0                                                    // 00000000312C: BF800000
	s_set_vgpr_msb 0                                           // 000000003130: BF860000
	s_nop 0                                                    // 000000003134: BF800000
	v_mov_b32_e32 v1, 0x11000000                               // 000000003138: 7E0202FF 11000000
	s_wait_idle                                                // 000000003140: BF8A0000
	s_mov_b32 s7, 0x11000001                                   // 000000003144: BE8700FF 11000001
	v_writelane_b32 v1, s7, 1                                  // 00000000314C: D7610001 02010207
	s_wait_idle                                                // 000000003154: BF8A0000
	s_mov_b32 s7, 0x11000010                                   // 000000003158: BE8700FF 11000010
	v_writelane_b32 v1, s7, 16                                 // 000000003160: D7610001 02012007
	s_wait_idle                                                // 000000003168: BF8A0000
	s_set_vgpr_msb 0x41                                        // 00000000316C: BF860041
	s_nop 0                                                    // 000000003170: BF800000
	v_mov_b32_e32 v1 /*v257*/, 0x22000000                      // 000000003174: 7E0202FF 22000000
	s_wait_idle                                                // 00000000317C: BF8A0000
	s_mov_b32 s7, 0x22000001                                   // 000000003180: BE8700FF 22000001
	v_writelane_b32 v1 /*v257*/, s7, 1                         // 000000003188: D7610001 02010207
	s_wait_idle                                                // 000000003190: BF8A0000
	s_mov_b32 s7, 0x22000010                                   // 000000003194: BE8700FF 22000010
	v_writelane_b32 v1 /*v257*/, s7, 16                        // 00000000319C: D7610001 02012007
	s_wait_idle                                                // 0000000031A4: BF8A0000
	s_set_vgpr_msb 0x4182                                      // 0000000031A8: BF864182
	s_nop 0                                                    // 0000000031AC: BF800000
	v_mov_b32_e32 v1 /*v513*/, 0x33000000                      // 0000000031B0: 7E0202FF 33000000
	s_wait_idle                                                // 0000000031B8: BF8A0000
	s_mov_b32 s7, 0x33000001                                   // 0000000031BC: BE8700FF 33000001
	v_writelane_b32 v1 /*v513*/, s7, 1                         // 0000000031C4: D7610001 02010207
	s_wait_idle                                                // 0000000031CC: BF8A0000
	s_mov_b32 s7, 0x33000010                                   // 0000000031D0: BE8700FF 33000010
	v_writelane_b32 v1 /*v513*/, s7, 16                        // 0000000031D8: D7610001 02012007
	s_wait_idle                                                // 0000000031E0: BF8A0000
	v_readlane_b32 s22, v1 /*v513*/, 0                         // 0000000031E4: D7600016 02010101
	v_readlane_b32 s23, v1 /*v513*/, 1                         // 0000000031EC: D7600017 02010301
	v_readlane_b32 s24, v1 /*v513*/, 16                        // 0000000031F4: D7600018 02012101
	s_set_vgpr_msb 0x8241                                      // 0000000031FC: BF868241
	s_nop 0                                                    // 000000003200: BF800000
	v_readlane_b32 s19, v1 /*v257*/, 0                         // 000000003204: D7600013 02010101
	v_readlane_b32 s20, v1 /*v257*/, 1                         // 00000000320C: D7600014 02010301
	v_readlane_b32 s21, v1 /*v257*/, 16                        // 000000003214: D7600015 02012101
	s_set_vgpr_msb 0x4100                                      // 00000000321C: BF864100
	s_nop 0                                                    // 000000003220: BF800000
	v_readlane_b32 s16, v1, 0                                  // 000000003224: D7600010 02010101
	v_readlane_b32 s17, v1, 1                                  // 00000000322C: D7600011 02010301
	v_readlane_b32 s18, v1, 16                                 // 000000003234: D7600012 02012101
	s_mov_b32 s8, 0x53545250                                   // 00000000323C: BE8800FF 53545250
	s_mov_b32 s9, 1                                            // 000000003244: BE890081
	s_mov_b32 s10, 0                                           // 000000003248: BE8A0080
	s_mov_b32 s11, 0                                           // 00000000324C: BE8B0080
	s_mov_b32 s40, 0x434f4d50                                  // 000000003250: BEA800FF 434F4D50
	s_set_vgpr_msb 0                                           // 000000003258: BF860000
	s_nop 0                                                    // 00000000325C: BF800000
	s_wait_idle                                                // 000000003260: BF8A0000
	s_getreg_b32 s14, hwreg(HW_REG_WAVE_STATUS)                // 000000003264: B88EF802
	s_mov_b32 s38, exec_lo                                     // 000000003268: BEA6007E
	s_getreg_b32 s12, hwreg(HW_REG_WAVE_MODE)                  // 00000000326C: B88CF801
	s_get_pc_i64 s[34:35]                                      // 000000003270: BEA24700
	s_add_co_u32 s34, s34, lit(0x14)                           // 000000003274: 8022FF22 00000014
	s_add_co_ci_u32 s35, s35, 0                                // 00000000327C: 82238023
	s_nop 0                                                    // 000000003280: BF800000
	s_nop 0                                                    // 000000003284: BF800000
	s_getreg_b32 s13, hwreg(HW_REG_WAVE_MODE)                  // 000000003288: B88DF801
	s_mov_b32 s36, ttmp0                                       // 00000000328C: BEA4006C
	s_mov_b32 s37, ttmp1                                       // 000000003290: BEA5006D
	s_mov_b32 s39, exec_lo                                     // 000000003294: BEA7007E
	s_wait_idle                                                // 000000003298: BF8A0000
	s_getreg_b32 s15, hwreg(HW_REG_WAVE_STATUS)                // 00000000329C: B88FF802
	s_set_vgpr_msb 0                                           // 0000000032A0: BF860000
	s_nop 0                                                    // 0000000032A4: BF800000
	v_readlane_b32 s25, v1, 0                                  // 0000000032A8: D7600019 02010101
	v_readlane_b32 s26, v1, 1                                  // 0000000032B0: D760001A 02010301
	v_readlane_b32 s27, v1, 16                                 // 0000000032B8: D760001B 02012101
	s_set_vgpr_msb 0x41                                        // 0000000032C0: BF860041
	s_nop 0                                                    // 0000000032C4: BF800000
	v_readlane_b32 s28, v1 /*v257*/, 0                         // 0000000032C8: D760001C 02010101
	v_readlane_b32 s29, v1 /*v257*/, 1                         // 0000000032D0: D760001D 02010301
	v_readlane_b32 s30, v1 /*v257*/, 16                        // 0000000032D8: D760001E 02012101
	s_set_vgpr_msb 0x4182                                      // 0000000032E0: BF864182
	s_nop 0                                                    // 0000000032E4: BF800000
	v_readlane_b32 s31, v1 /*v513*/, 0                         // 0000000032E8: D760001F 02010101
	v_readlane_b32 s32, v1 /*v513*/, 1                         // 0000000032F0: D7600020 02010301
	v_readlane_b32 s33, v1 /*v513*/, 16                        // 0000000032F8: D7600021 02012101
	s_set_vgpr_msb 0x8200                                      // 000000003300: BF868200
	s_nop 0                                                    // 000000003304: BF800000
	s_mov_b32 exec_lo, 1                                       // 000000003308: BEFE0081
	v_mov_b32_e32 v0, 0                                        // 00000000330C: 7E000280
	v_mov_b32_e32 v2, s8                                       // 000000003310: 7E040208
	s_wait_idle                                                // 000000003314: BF8A0000
	global_store_b32 v0, v2, s[4:5]                            // 000000003318: EE068004 01000000 00000000
	s_wait_storecnt 0x0                                        // 000000003324: BFC10000
	v_mov_b32_e32 v2, s9                                       // 000000003328: 7E040209
	s_wait_idle                                                // 00000000332C: BF8A0000
	global_store_b32 v0, v2, s[4:5] offset:4                   // 000000003330: EE068004 01000000 00000400
	s_wait_storecnt 0x0                                        // 00000000333C: BFC10000
	v_mov_b32_e32 v2, s10                                      // 000000003340: 7E04020A
	s_wait_idle                                                // 000000003344: BF8A0000
	global_store_b32 v0, v2, s[4:5] offset:8                   // 000000003348: EE068004 01000000 00000800
	s_wait_storecnt 0x0                                        // 000000003354: BFC10000
	v_mov_b32_e32 v2, s11                                      // 000000003358: 7E04020B
	s_wait_idle                                                // 00000000335C: BF8A0000
	global_store_b32 v0, v2, s[4:5] offset:12                  // 000000003360: EE068004 01000000 00000C00
	s_wait_storecnt 0x0                                        // 00000000336C: BFC10000
	v_mov_b32_e32 v2, s12                                      // 000000003370: 7E04020C
	s_wait_idle                                                // 000000003374: BF8A0000
	global_store_b32 v0, v2, s[4:5] offset:16                  // 000000003378: EE068004 01000000 00001000
	s_wait_storecnt 0x0                                        // 000000003384: BFC10000
	v_mov_b32_e32 v2, s13                                      // 000000003388: 7E04020D
	s_wait_idle                                                // 00000000338C: BF8A0000
	global_store_b32 v0, v2, s[4:5] offset:20                  // 000000003390: EE068004 01000000 00001400
	s_wait_storecnt 0x0                                        // 00000000339C: BFC10000
	v_mov_b32_e32 v2, s14                                      // 0000000033A0: 7E04020E
	s_wait_idle                                                // 0000000033A4: BF8A0000
	global_store_b32 v0, v2, s[4:5] offset:24                  // 0000000033A8: EE068004 01000000 00001800
	s_wait_storecnt 0x0                                        // 0000000033B4: BFC10000
	v_mov_b32_e32 v2, s15                                      // 0000000033B8: 7E04020F
	s_wait_idle                                                // 0000000033BC: BF8A0000
	global_store_b32 v0, v2, s[4:5] offset:28                  // 0000000033C0: EE068004 01000000 00001C00
	s_wait_storecnt 0x0                                        // 0000000033CC: BFC10000
	v_mov_b32_e32 v2, s16                                      // 0000000033D0: 7E040210
	s_wait_idle                                                // 0000000033D4: BF8A0000
	global_store_b32 v0, v2, s[4:5] offset:32                  // 0000000033D8: EE068004 01000000 00002000
	s_wait_storecnt 0x0                                        // 0000000033E4: BFC10000
	v_mov_b32_e32 v2, s17                                      // 0000000033E8: 7E040211
	s_wait_idle                                                // 0000000033EC: BF8A0000
	global_store_b32 v0, v2, s[4:5] offset:36                  // 0000000033F0: EE068004 01000000 00002400
	s_wait_storecnt 0x0                                        // 0000000033FC: BFC10000
	v_mov_b32_e32 v2, s18                                      // 000000003400: 7E040212
	s_wait_idle                                                // 000000003404: BF8A0000
	global_store_b32 v0, v2, s[4:5] offset:40                  // 000000003408: EE068004 01000000 00002800
	s_wait_storecnt 0x0                                        // 000000003414: BFC10000
	v_mov_b32_e32 v2, s19                                      // 000000003418: 7E040213
	s_wait_idle                                                // 00000000341C: BF8A0000
	global_store_b32 v0, v2, s[4:5] offset:44                  // 000000003420: EE068004 01000000 00002C00
	s_wait_storecnt 0x0                                        // 00000000342C: BFC10000
	v_mov_b32_e32 v2, s20                                      // 000000003430: 7E040214
	s_wait_idle                                                // 000000003434: BF8A0000
	global_store_b32 v0, v2, s[4:5] offset:48                  // 000000003438: EE068004 01000000 00003000
	s_wait_storecnt 0x0                                        // 000000003444: BFC10000
	v_mov_b32_e32 v2, s21                                      // 000000003448: 7E040215
	s_wait_idle                                                // 00000000344C: BF8A0000
	global_store_b32 v0, v2, s[4:5] offset:52                  // 000000003450: EE068004 01000000 00003400
	s_wait_storecnt 0x0                                        // 00000000345C: BFC10000
	v_mov_b32_e32 v2, s22                                      // 000000003460: 7E040216
	s_wait_idle                                                // 000000003464: BF8A0000
	global_store_b32 v0, v2, s[4:5] offset:56                  // 000000003468: EE068004 01000000 00003800
	s_wait_storecnt 0x0                                        // 000000003474: BFC10000
	v_mov_b32_e32 v2, s23                                      // 000000003478: 7E040217
	s_wait_idle                                                // 00000000347C: BF8A0000
	global_store_b32 v0, v2, s[4:5] offset:60                  // 000000003480: EE068004 01000000 00003C00
	s_wait_storecnt 0x0                                        // 00000000348C: BFC10000
	v_mov_b32_e32 v2, s24                                      // 000000003490: 7E040218
	s_wait_idle                                                // 000000003494: BF8A0000
	global_store_b32 v0, v2, s[4:5] offset:64                  // 000000003498: EE068004 01000000 00004000
	s_wait_storecnt 0x0                                        // 0000000034A4: BFC10000
	v_mov_b32_e32 v2, s25                                      // 0000000034A8: 7E040219
	s_wait_idle                                                // 0000000034AC: BF8A0000
	global_store_b32 v0, v2, s[4:5] offset:68                  // 0000000034B0: EE068004 01000000 00004400
	s_wait_storecnt 0x0                                        // 0000000034BC: BFC10000
	v_mov_b32_e32 v2, s26                                      // 0000000034C0: 7E04021A
	s_wait_idle                                                // 0000000034C4: BF8A0000
	global_store_b32 v0, v2, s[4:5] offset:72                  // 0000000034C8: EE068004 01000000 00004800
	s_wait_storecnt 0x0                                        // 0000000034D4: BFC10000
	v_mov_b32_e32 v2, s27                                      // 0000000034D8: 7E04021B
	s_wait_idle                                                // 0000000034DC: BF8A0000
	global_store_b32 v0, v2, s[4:5] offset:76                  // 0000000034E0: EE068004 01000000 00004C00
	s_wait_storecnt 0x0                                        // 0000000034EC: BFC10000
	v_mov_b32_e32 v2, s28                                      // 0000000034F0: 7E04021C
	s_wait_idle                                                // 0000000034F4: BF8A0000
	global_store_b32 v0, v2, s[4:5] offset:80                  // 0000000034F8: EE068004 01000000 00005000
	s_wait_storecnt 0x0                                        // 000000003504: BFC10000
	v_mov_b32_e32 v2, s29                                      // 000000003508: 7E04021D
	s_wait_idle                                                // 00000000350C: BF8A0000
	global_store_b32 v0, v2, s[4:5] offset:84                  // 000000003510: EE068004 01000000 00005400
	s_wait_storecnt 0x0                                        // 00000000351C: BFC10000
	v_mov_b32_e32 v2, s30                                      // 000000003520: 7E04021E
	s_wait_idle                                                // 000000003524: BF8A0000
	global_store_b32 v0, v2, s[4:5] offset:88                  // 000000003528: EE068004 01000000 00005800
	s_wait_storecnt 0x0                                        // 000000003534: BFC10000
	v_mov_b32_e32 v2, s31                                      // 000000003538: 7E04021F
	s_wait_idle                                                // 00000000353C: BF8A0000
	global_store_b32 v0, v2, s[4:5] offset:92                  // 000000003540: EE068004 01000000 00005C00
	s_wait_storecnt 0x0                                        // 00000000354C: BFC10000
	v_mov_b32_e32 v2, s32                                      // 000000003550: 7E040220
	s_wait_idle                                                // 000000003554: BF8A0000
	global_store_b32 v0, v2, s[4:5] offset:96                  // 000000003558: EE068004 01000000 00006000
	s_wait_storecnt 0x0                                        // 000000003564: BFC10000
	v_mov_b32_e32 v2, s33                                      // 000000003568: 7E040221
	s_wait_idle                                                // 00000000356C: BF8A0000
	global_store_b32 v0, v2, s[4:5] offset:100                 // 000000003570: EE068004 01000000 00006400
	s_wait_storecnt 0x0                                        // 00000000357C: BFC10000
	v_mov_b32_e32 v2, s34                                      // 000000003580: 7E040222
	s_wait_idle                                                // 000000003584: BF8A0000
	global_store_b32 v0, v2, s[4:5] offset:104                 // 000000003588: EE068004 01000000 00006800
	s_wait_storecnt 0x0                                        // 000000003594: BFC10000
	v_mov_b32_e32 v2, s35                                      // 000000003598: 7E040223
	s_wait_idle                                                // 00000000359C: BF8A0000
	global_store_b32 v0, v2, s[4:5] offset:108                 // 0000000035A0: EE068004 01000000 00006C00
	s_wait_storecnt 0x0                                        // 0000000035AC: BFC10000
	v_mov_b32_e32 v2, s36                                      // 0000000035B0: 7E040224
	s_wait_idle                                                // 0000000035B4: BF8A0000
	global_store_b32 v0, v2, s[4:5] offset:112                 // 0000000035B8: EE068004 01000000 00007000
	s_wait_storecnt 0x0                                        // 0000000035C4: BFC10000
	v_mov_b32_e32 v2, s37                                      // 0000000035C8: 7E040225
	s_wait_idle                                                // 0000000035CC: BF8A0000
	global_store_b32 v0, v2, s[4:5] offset:116                 // 0000000035D0: EE068004 01000000 00007400
	s_wait_storecnt 0x0                                        // 0000000035DC: BFC10000
	v_mov_b32_e32 v2, s38                                      // 0000000035E0: 7E040226
	s_wait_idle                                                // 0000000035E4: BF8A0000
	global_store_b32 v0, v2, s[4:5] offset:120                 // 0000000035E8: EE068004 01000000 00007800
	s_wait_storecnt 0x0                                        // 0000000035F4: BFC10000
	v_mov_b32_e32 v2, s39                                      // 0000000035F8: 7E040227
	s_wait_idle                                                // 0000000035FC: BF8A0000
	global_store_b32 v0, v2, s[4:5] offset:124                 // 000000003600: EE068004 01000000 00007C00
	s_wait_storecnt 0x0                                        // 00000000360C: BFC10000
	v_mov_b32_e32 v2, s40                                      // 000000003610: 7E040228
	s_wait_idle                                                // 000000003614: BF8A0000
	global_store_b32 v0, v2, s[4:5] offset:128                 // 000000003618: EE068004 01000000 00008000
	s_wait_storecnt 0x0                                        // 000000003624: BFC10000
	s_wait_storecnt 0x0                                        // 000000003628: BFC10000
	s_endpgm                                                   // 00000000362C: BFB00000
	s_nop 0                                                    // 000000003630: BF800000
	s_nop 0                                                    // 000000003634: BF800000
	s_nop 0                                                    // 000000003638: BF800000
	s_nop 0                                                    // 00000000363C: BF800000
	s_nop 0                                                    // 000000003640: BF800000
	s_nop 0                                                    // 000000003644: BF800000
	s_nop 0                                                    // 000000003648: BF800000
	s_nop 0                                                    // 00000000364C: BF800000
	s_nop 0                                                    // 000000003650: BF800000
	s_nop 0                                                    // 000000003654: BF800000
	s_nop 0                                                    // 000000003658: BF800000
	s_nop 0                                                    // 00000000365C: BF800000
	s_nop 0                                                    // 000000003660: BF800000
	s_nop 0                                                    // 000000003664: BF800000
	s_nop 0                                                    // 000000003668: BF800000
	s_nop 0                                                    // 00000000366C: BF800000
	s_nop 0                                                    // 000000003670: BF800000
	s_nop 0                                                    // 000000003674: BF800000
	s_nop 0                                                    // 000000003678: BF800000
	s_nop 0                                                    // 00000000367C: BF800000
	s_nop 0                                                    // 000000003680: BF800000
	s_nop 0                                                    // 000000003684: BF800000
	s_nop 0                                                    // 000000003688: BF800000
	s_nop 0                                                    // 00000000368C: BF800000
	s_nop 0                                                    // 000000003690: BF800000
	s_nop 0                                                    // 000000003694: BF800000
	s_nop 0                                                    // 000000003698: BF800000
	s_nop 0                                                    // 00000000369C: BF800000
	s_nop 0                                                    // 0000000036A0: BF800000
	s_nop 0                                                    // 0000000036A4: BF800000
	s_nop 0                                                    // 0000000036A8: BF800000
	s_nop 0                                                    // 0000000036AC: BF800000
	s_nop 0                                                    // 0000000036B0: BF800000
	s_nop 0                                                    // 0000000036B4: BF800000
	s_nop 0                                                    // 0000000036B8: BF800000
	s_nop 0                                                    // 0000000036BC: BF800000
	s_nop 0                                                    // 0000000036C0: BF800000
	s_nop 0                                                    // 0000000036C4: BF800000
	s_nop 0                                                    // 0000000036C8: BF800000
	s_nop 0                                                    // 0000000036CC: BF800000
	s_nop 0                                                    // 0000000036D0: BF800000
	s_nop 0                                                    // 0000000036D4: BF800000
	s_nop 0                                                    // 0000000036D8: BF800000
	s_nop 0                                                    // 0000000036DC: BF800000
	s_nop 0                                                    // 0000000036E0: BF800000
	s_nop 0                                                    // 0000000036E4: BF800000
	s_nop 0                                                    // 0000000036E8: BF800000
	s_nop 0                                                    // 0000000036EC: BF800000
	s_nop 0                                                    // 0000000036F0: BF800000
	s_nop 0                                                    // 0000000036F4: BF800000
	s_nop 0                                                    // 0000000036F8: BF800000
	s_nop 0                                                    // 0000000036FC: BF800000

0000000000003700 <sentinel_00_1>:
	global_prefetch_b8 v0, s[0:1] scope:SCOPE_SE               // 000000003700: EE174000 00040000 00000000
	v_nop                                                      // 00000000370C: 7E000000
	s_setreg_imm32_b32 hwreg(HW_REG_WAVE_MODE, 25, 1), 1       // 000000003710: B9800641 00000001
	s_load_b64 s[4:5], s[0:1], 0x0 nv                          // 000000003718: F4102100 F8000000
	s_wait_kmcnt 0x0                                           // 000000003720: BFC70000
	s_mov_b32 s6, 0                                            // 000000003724: BE860080
	s_setreg_b32 hwreg(HW_REG_WAVE_MODE, 12, 8), s6            // 000000003728: B9063B01
	s_nop 0                                                    // 00000000372C: BF800000
	s_set_vgpr_msb 0                                           // 000000003730: BF860000
	s_nop 0                                                    // 000000003734: BF800000
	v_mov_b32_e32 v1, 0x11000000                               // 000000003738: 7E0202FF 11000000
	s_wait_idle                                                // 000000003740: BF8A0000
	s_mov_b32 s7, 0x11000001                                   // 000000003744: BE8700FF 11000001
	v_writelane_b32 v1, s7, 1                                  // 00000000374C: D7610001 02010207
	s_wait_idle                                                // 000000003754: BF8A0000
	s_mov_b32 s7, 0x11000010                                   // 000000003758: BE8700FF 11000010
	v_writelane_b32 v1, s7, 16                                 // 000000003760: D7610001 02012007
	s_wait_idle                                                // 000000003768: BF8A0000
	s_set_vgpr_msb 0x41                                        // 00000000376C: BF860041
	s_nop 0                                                    // 000000003770: BF800000
	v_mov_b32_e32 v1 /*v257*/, 0x22000000                      // 000000003774: 7E0202FF 22000000
	s_wait_idle                                                // 00000000377C: BF8A0000
	s_mov_b32 s7, 0x22000001                                   // 000000003780: BE8700FF 22000001
	v_writelane_b32 v1 /*v257*/, s7, 1                         // 000000003788: D7610001 02010207
	s_wait_idle                                                // 000000003790: BF8A0000
	s_mov_b32 s7, 0x22000010                                   // 000000003794: BE8700FF 22000010
	v_writelane_b32 v1 /*v257*/, s7, 16                        // 00000000379C: D7610001 02012007
	s_wait_idle                                                // 0000000037A4: BF8A0000
	s_set_vgpr_msb 0x4182                                      // 0000000037A8: BF864182
	s_nop 0                                                    // 0000000037AC: BF800000
	v_mov_b32_e32 v1 /*v513*/, 0x33000000                      // 0000000037B0: 7E0202FF 33000000
	s_wait_idle                                                // 0000000037B8: BF8A0000
	s_mov_b32 s7, 0x33000001                                   // 0000000037BC: BE8700FF 33000001
	v_writelane_b32 v1 /*v513*/, s7, 1                         // 0000000037C4: D7610001 02010207
	s_wait_idle                                                // 0000000037CC: BF8A0000
	s_mov_b32 s7, 0x33000010                                   // 0000000037D0: BE8700FF 33000010
	v_writelane_b32 v1 /*v513*/, s7, 16                        // 0000000037D8: D7610001 02012007
	s_wait_idle                                                // 0000000037E0: BF8A0000
	v_readlane_b32 s22, v1 /*v513*/, 0                         // 0000000037E4: D7600016 02010101
	v_readlane_b32 s23, v1 /*v513*/, 1                         // 0000000037EC: D7600017 02010301
	v_readlane_b32 s24, v1 /*v513*/, 16                        // 0000000037F4: D7600018 02012101
	s_set_vgpr_msb 0x8241                                      // 0000000037FC: BF868241
	s_nop 0                                                    // 000000003800: BF800000
	v_readlane_b32 s19, v1 /*v257*/, 0                         // 000000003804: D7600013 02010101
	v_readlane_b32 s20, v1 /*v257*/, 1                         // 00000000380C: D7600014 02010301
	v_readlane_b32 s21, v1 /*v257*/, 16                        // 000000003814: D7600015 02012101
	s_set_vgpr_msb 0x4100                                      // 00000000381C: BF864100
	s_nop 0                                                    // 000000003820: BF800000
	v_readlane_b32 s16, v1, 0                                  // 000000003824: D7600010 02010101
	v_readlane_b32 s17, v1, 1                                  // 00000000382C: D7600011 02010301
	v_readlane_b32 s18, v1, 16                                 // 000000003834: D7600012 02012101
	s_mov_b32 s8, 0x53545250                                   // 00000000383C: BE8800FF 53545250
	s_mov_b32 s9, 1                                            // 000000003844: BE890081
	s_mov_b32 s10, 0                                           // 000000003848: BE8A0080
	s_mov_b32 s11, 1                                           // 00000000384C: BE8B0081
	s_mov_b32 s40, 0x434f4d50                                  // 000000003850: BEA800FF 434F4D50
	s_set_vgpr_msb 0                                           // 000000003858: BF860000
	s_nop 0                                                    // 00000000385C: BF800000
	s_wait_idle                                                // 000000003860: BF8A0000
	s_getreg_b32 s14, hwreg(HW_REG_WAVE_STATUS)                // 000000003864: B88EF802
	s_mov_b32 s38, exec_lo                                     // 000000003868: BEA6007E
	s_getreg_b32 s12, hwreg(HW_REG_WAVE_MODE)                  // 00000000386C: B88CF801
	s_get_pc_i64 s[34:35]                                      // 000000003870: BEA24700
	s_add_co_u32 s34, s34, lit(0x14)                           // 000000003874: 8022FF22 00000014
	s_add_co_ci_u32 s35, s35, 0                                // 00000000387C: 82238023
	s_nop 0                                                    // 000000003880: BF800000
	s_trap 3                                                   // 000000003884: BF900003
	s_getreg_b32 s13, hwreg(HW_REG_WAVE_MODE)                  // 000000003888: B88DF801
	s_mov_b32 s36, ttmp0                                       // 00000000388C: BEA4006C
	s_mov_b32 s37, ttmp1                                       // 000000003890: BEA5006D
	s_mov_b32 s39, exec_lo                                     // 000000003894: BEA7007E
	s_wait_idle                                                // 000000003898: BF8A0000
	s_getreg_b32 s15, hwreg(HW_REG_WAVE_STATUS)                // 00000000389C: B88FF802
	s_set_vgpr_msb 0                                           // 0000000038A0: BF860000
	s_nop 0                                                    // 0000000038A4: BF800000
	v_readlane_b32 s25, v1, 0                                  // 0000000038A8: D7600019 02010101
	v_readlane_b32 s26, v1, 1                                  // 0000000038B0: D760001A 02010301
	v_readlane_b32 s27, v1, 16                                 // 0000000038B8: D760001B 02012101
	s_set_vgpr_msb 0x41                                        // 0000000038C0: BF860041
	s_nop 0                                                    // 0000000038C4: BF800000
	v_readlane_b32 s28, v1 /*v257*/, 0                         // 0000000038C8: D760001C 02010101
	v_readlane_b32 s29, v1 /*v257*/, 1                         // 0000000038D0: D760001D 02010301
	v_readlane_b32 s30, v1 /*v257*/, 16                        // 0000000038D8: D760001E 02012101
	s_set_vgpr_msb 0x4182                                      // 0000000038E0: BF864182
	s_nop 0                                                    // 0000000038E4: BF800000
	v_readlane_b32 s31, v1 /*v513*/, 0                         // 0000000038E8: D760001F 02010101
	v_readlane_b32 s32, v1 /*v513*/, 1                         // 0000000038F0: D7600020 02010301
	v_readlane_b32 s33, v1 /*v513*/, 16                        // 0000000038F8: D7600021 02012101
	s_set_vgpr_msb 0x8200                                      // 000000003900: BF868200
	s_nop 0                                                    // 000000003904: BF800000
	s_mov_b32 exec_lo, 1                                       // 000000003908: BEFE0081
	v_mov_b32_e32 v0, 0                                        // 00000000390C: 7E000280
	v_mov_b32_e32 v2, s8                                       // 000000003910: 7E040208
	s_wait_idle                                                // 000000003914: BF8A0000
	global_store_b32 v0, v2, s[4:5]                            // 000000003918: EE068004 01000000 00000000
	s_wait_storecnt 0x0                                        // 000000003924: BFC10000
	v_mov_b32_e32 v2, s9                                       // 000000003928: 7E040209
	s_wait_idle                                                // 00000000392C: BF8A0000
	global_store_b32 v0, v2, s[4:5] offset:4                   // 000000003930: EE068004 01000000 00000400
	s_wait_storecnt 0x0                                        // 00000000393C: BFC10000
	v_mov_b32_e32 v2, s10                                      // 000000003940: 7E04020A
	s_wait_idle                                                // 000000003944: BF8A0000
	global_store_b32 v0, v2, s[4:5] offset:8                   // 000000003948: EE068004 01000000 00000800
	s_wait_storecnt 0x0                                        // 000000003954: BFC10000
	v_mov_b32_e32 v2, s11                                      // 000000003958: 7E04020B
	s_wait_idle                                                // 00000000395C: BF8A0000
	global_store_b32 v0, v2, s[4:5] offset:12                  // 000000003960: EE068004 01000000 00000C00
	s_wait_storecnt 0x0                                        // 00000000396C: BFC10000
	v_mov_b32_e32 v2, s12                                      // 000000003970: 7E04020C
	s_wait_idle                                                // 000000003974: BF8A0000
	global_store_b32 v0, v2, s[4:5] offset:16                  // 000000003978: EE068004 01000000 00001000
	s_wait_storecnt 0x0                                        // 000000003984: BFC10000
	v_mov_b32_e32 v2, s13                                      // 000000003988: 7E04020D
	s_wait_idle                                                // 00000000398C: BF8A0000
	global_store_b32 v0, v2, s[4:5] offset:20                  // 000000003990: EE068004 01000000 00001400
	s_wait_storecnt 0x0                                        // 00000000399C: BFC10000
	v_mov_b32_e32 v2, s14                                      // 0000000039A0: 7E04020E
	s_wait_idle                                                // 0000000039A4: BF8A0000
	global_store_b32 v0, v2, s[4:5] offset:24                  // 0000000039A8: EE068004 01000000 00001800
	s_wait_storecnt 0x0                                        // 0000000039B4: BFC10000
	v_mov_b32_e32 v2, s15                                      // 0000000039B8: 7E04020F
	s_wait_idle                                                // 0000000039BC: BF8A0000
	global_store_b32 v0, v2, s[4:5] offset:28                  // 0000000039C0: EE068004 01000000 00001C00
	s_wait_storecnt 0x0                                        // 0000000039CC: BFC10000
	v_mov_b32_e32 v2, s16                                      // 0000000039D0: 7E040210
	s_wait_idle                                                // 0000000039D4: BF8A0000
	global_store_b32 v0, v2, s[4:5] offset:32                  // 0000000039D8: EE068004 01000000 00002000
	s_wait_storecnt 0x0                                        // 0000000039E4: BFC10000
	v_mov_b32_e32 v2, s17                                      // 0000000039E8: 7E040211
	s_wait_idle                                                // 0000000039EC: BF8A0000
	global_store_b32 v0, v2, s[4:5] offset:36                  // 0000000039F0: EE068004 01000000 00002400
	s_wait_storecnt 0x0                                        // 0000000039FC: BFC10000
	v_mov_b32_e32 v2, s18                                      // 000000003A00: 7E040212
	s_wait_idle                                                // 000000003A04: BF8A0000
	global_store_b32 v0, v2, s[4:5] offset:40                  // 000000003A08: EE068004 01000000 00002800
	s_wait_storecnt 0x0                                        // 000000003A14: BFC10000
	v_mov_b32_e32 v2, s19                                      // 000000003A18: 7E040213
	s_wait_idle                                                // 000000003A1C: BF8A0000
	global_store_b32 v0, v2, s[4:5] offset:44                  // 000000003A20: EE068004 01000000 00002C00
	s_wait_storecnt 0x0                                        // 000000003A2C: BFC10000
	v_mov_b32_e32 v2, s20                                      // 000000003A30: 7E040214
	s_wait_idle                                                // 000000003A34: BF8A0000
	global_store_b32 v0, v2, s[4:5] offset:48                  // 000000003A38: EE068004 01000000 00003000
	s_wait_storecnt 0x0                                        // 000000003A44: BFC10000
	v_mov_b32_e32 v2, s21                                      // 000000003A48: 7E040215
	s_wait_idle                                                // 000000003A4C: BF8A0000
	global_store_b32 v0, v2, s[4:5] offset:52                  // 000000003A50: EE068004 01000000 00003400
	s_wait_storecnt 0x0                                        // 000000003A5C: BFC10000
	v_mov_b32_e32 v2, s22                                      // 000000003A60: 7E040216
	s_wait_idle                                                // 000000003A64: BF8A0000
	global_store_b32 v0, v2, s[4:5] offset:56                  // 000000003A68: EE068004 01000000 00003800
	s_wait_storecnt 0x0                                        // 000000003A74: BFC10000
	v_mov_b32_e32 v2, s23                                      // 000000003A78: 7E040217
	s_wait_idle                                                // 000000003A7C: BF8A0000
	global_store_b32 v0, v2, s[4:5] offset:60                  // 000000003A80: EE068004 01000000 00003C00
	s_wait_storecnt 0x0                                        // 000000003A8C: BFC10000
	v_mov_b32_e32 v2, s24                                      // 000000003A90: 7E040218
	s_wait_idle                                                // 000000003A94: BF8A0000
	global_store_b32 v0, v2, s[4:5] offset:64                  // 000000003A98: EE068004 01000000 00004000
	s_wait_storecnt 0x0                                        // 000000003AA4: BFC10000
	v_mov_b32_e32 v2, s25                                      // 000000003AA8: 7E040219
	s_wait_idle                                                // 000000003AAC: BF8A0000
	global_store_b32 v0, v2, s[4:5] offset:68                  // 000000003AB0: EE068004 01000000 00004400
	s_wait_storecnt 0x0                                        // 000000003ABC: BFC10000
	v_mov_b32_e32 v2, s26                                      // 000000003AC0: 7E04021A
	s_wait_idle                                                // 000000003AC4: BF8A0000
	global_store_b32 v0, v2, s[4:5] offset:72                  // 000000003AC8: EE068004 01000000 00004800
	s_wait_storecnt 0x0                                        // 000000003AD4: BFC10000
	v_mov_b32_e32 v2, s27                                      // 000000003AD8: 7E04021B
	s_wait_idle                                                // 000000003ADC: BF8A0000
	global_store_b32 v0, v2, s[4:5] offset:76                  // 000000003AE0: EE068004 01000000 00004C00
	s_wait_storecnt 0x0                                        // 000000003AEC: BFC10000
	v_mov_b32_e32 v2, s28                                      // 000000003AF0: 7E04021C
	s_wait_idle                                                // 000000003AF4: BF8A0000
	global_store_b32 v0, v2, s[4:5] offset:80                  // 000000003AF8: EE068004 01000000 00005000
	s_wait_storecnt 0x0                                        // 000000003B04: BFC10000
	v_mov_b32_e32 v2, s29                                      // 000000003B08: 7E04021D
	s_wait_idle                                                // 000000003B0C: BF8A0000
	global_store_b32 v0, v2, s[4:5] offset:84                  // 000000003B10: EE068004 01000000 00005400
	s_wait_storecnt 0x0                                        // 000000003B1C: BFC10000
	v_mov_b32_e32 v2, s30                                      // 000000003B20: 7E04021E
	s_wait_idle                                                // 000000003B24: BF8A0000
	global_store_b32 v0, v2, s[4:5] offset:88                  // 000000003B28: EE068004 01000000 00005800
	s_wait_storecnt 0x0                                        // 000000003B34: BFC10000
	v_mov_b32_e32 v2, s31                                      // 000000003B38: 7E04021F
	s_wait_idle                                                // 000000003B3C: BF8A0000
	global_store_b32 v0, v2, s[4:5] offset:92                  // 000000003B40: EE068004 01000000 00005C00
	s_wait_storecnt 0x0                                        // 000000003B4C: BFC10000
	v_mov_b32_e32 v2, s32                                      // 000000003B50: 7E040220
	s_wait_idle                                                // 000000003B54: BF8A0000
	global_store_b32 v0, v2, s[4:5] offset:96                  // 000000003B58: EE068004 01000000 00006000
	s_wait_storecnt 0x0                                        // 000000003B64: BFC10000
	v_mov_b32_e32 v2, s33                                      // 000000003B68: 7E040221
	s_wait_idle                                                // 000000003B6C: BF8A0000
	global_store_b32 v0, v2, s[4:5] offset:100                 // 000000003B70: EE068004 01000000 00006400
	s_wait_storecnt 0x0                                        // 000000003B7C: BFC10000
	v_mov_b32_e32 v2, s34                                      // 000000003B80: 7E040222
	s_wait_idle                                                // 000000003B84: BF8A0000
	global_store_b32 v0, v2, s[4:5] offset:104                 // 000000003B88: EE068004 01000000 00006800
	s_wait_storecnt 0x0                                        // 000000003B94: BFC10000
	v_mov_b32_e32 v2, s35                                      // 000000003B98: 7E040223
	s_wait_idle                                                // 000000003B9C: BF8A0000
	global_store_b32 v0, v2, s[4:5] offset:108                 // 000000003BA0: EE068004 01000000 00006C00
	s_wait_storecnt 0x0                                        // 000000003BAC: BFC10000
	v_mov_b32_e32 v2, s36                                      // 000000003BB0: 7E040224
	s_wait_idle                                                // 000000003BB4: BF8A0000
	global_store_b32 v0, v2, s[4:5] offset:112                 // 000000003BB8: EE068004 01000000 00007000
	s_wait_storecnt 0x0                                        // 000000003BC4: BFC10000
	v_mov_b32_e32 v2, s37                                      // 000000003BC8: 7E040225
	s_wait_idle                                                // 000000003BCC: BF8A0000
	global_store_b32 v0, v2, s[4:5] offset:116                 // 000000003BD0: EE068004 01000000 00007400
	s_wait_storecnt 0x0                                        // 000000003BDC: BFC10000
	v_mov_b32_e32 v2, s38                                      // 000000003BE0: 7E040226
	s_wait_idle                                                // 000000003BE4: BF8A0000
	global_store_b32 v0, v2, s[4:5] offset:120                 // 000000003BE8: EE068004 01000000 00007800
	s_wait_storecnt 0x0                                        // 000000003BF4: BFC10000
	v_mov_b32_e32 v2, s39                                      // 000000003BF8: 7E040227
	s_wait_idle                                                // 000000003BFC: BF8A0000
	global_store_b32 v0, v2, s[4:5] offset:124                 // 000000003C00: EE068004 01000000 00007C00
	s_wait_storecnt 0x0                                        // 000000003C0C: BFC10000
	v_mov_b32_e32 v2, s40                                      // 000000003C10: 7E040228
	s_wait_idle                                                // 000000003C14: BF8A0000
	global_store_b32 v0, v2, s[4:5] offset:128                 // 000000003C18: EE068004 01000000 00008000
	s_wait_storecnt 0x0                                        // 000000003C24: BFC10000
	s_wait_storecnt 0x0                                        // 000000003C28: BFC10000
	s_endpgm                                                   // 000000003C2C: BFB00000
	s_nop 0                                                    // 000000003C30: BF800000
	s_nop 0                                                    // 000000003C34: BF800000
	s_nop 0                                                    // 000000003C38: BF800000
	s_nop 0                                                    // 000000003C3C: BF800000
	s_nop 0                                                    // 000000003C40: BF800000
	s_nop 0                                                    // 000000003C44: BF800000
	s_nop 0                                                    // 000000003C48: BF800000
	s_nop 0                                                    // 000000003C4C: BF800000
	s_nop 0                                                    // 000000003C50: BF800000
	s_nop 0                                                    // 000000003C54: BF800000
	s_nop 0                                                    // 000000003C58: BF800000
	s_nop 0                                                    // 000000003C5C: BF800000
	s_nop 0                                                    // 000000003C60: BF800000
	s_nop 0                                                    // 000000003C64: BF800000
	s_nop 0                                                    // 000000003C68: BF800000
	s_nop 0                                                    // 000000003C6C: BF800000
	s_nop 0                                                    // 000000003C70: BF800000
	s_nop 0                                                    // 000000003C74: BF800000
	s_nop 0                                                    // 000000003C78: BF800000
	s_nop 0                                                    // 000000003C7C: BF800000
	s_nop 0                                                    // 000000003C80: BF800000
	s_nop 0                                                    // 000000003C84: BF800000
	s_nop 0                                                    // 000000003C88: BF800000
	s_nop 0                                                    // 000000003C8C: BF800000
	s_nop 0                                                    // 000000003C90: BF800000
	s_nop 0                                                    // 000000003C94: BF800000
	s_nop 0                                                    // 000000003C98: BF800000
	s_nop 0                                                    // 000000003C9C: BF800000
	s_nop 0                                                    // 000000003CA0: BF800000
	s_nop 0                                                    // 000000003CA4: BF800000
	s_nop 0                                                    // 000000003CA8: BF800000
	s_nop 0                                                    // 000000003CAC: BF800000
	s_nop 0                                                    // 000000003CB0: BF800000
	s_nop 0                                                    // 000000003CB4: BF800000
	s_nop 0                                                    // 000000003CB8: BF800000
	s_nop 0                                                    // 000000003CBC: BF800000
	s_nop 0                                                    // 000000003CC0: BF800000
	s_nop 0                                                    // 000000003CC4: BF800000
	s_nop 0                                                    // 000000003CC8: BF800000
	s_nop 0                                                    // 000000003CCC: BF800000
	s_nop 0                                                    // 000000003CD0: BF800000
	s_nop 0                                                    // 000000003CD4: BF800000
	s_nop 0                                                    // 000000003CD8: BF800000
	s_nop 0                                                    // 000000003CDC: BF800000
	s_nop 0                                                    // 000000003CE0: BF800000
	s_nop 0                                                    // 000000003CE4: BF800000
	s_nop 0                                                    // 000000003CE8: BF800000
	s_nop 0                                                    // 000000003CEC: BF800000
	s_nop 0                                                    // 000000003CF0: BF800000
	s_nop 0                                                    // 000000003CF4: BF800000
	s_nop 0                                                    // 000000003CF8: BF800000
	s_nop 0                                                    // 000000003CFC: BF800000

0000000000003d00 <sentinel_41_0>:
	global_prefetch_b8 v0, s[0:1] scope:SCOPE_SE               // 000000003D00: EE174000 00040000 00000000
	v_nop                                                      // 000000003D0C: 7E000000
	s_setreg_imm32_b32 hwreg(HW_REG_WAVE_MODE, 25, 1), 1       // 000000003D10: B9800641 00000001
	s_load_b64 s[4:5], s[0:1], 0x0 nv                          // 000000003D18: F4102100 F8000000
	s_wait_kmcnt 0x0                                           // 000000003D20: BFC70000
	s_mov_b32 s6, 0                                            // 000000003D24: BE860080
	s_setreg_b32 hwreg(HW_REG_WAVE_MODE, 12, 8), s6            // 000000003D28: B9063B01
	s_nop 0                                                    // 000000003D2C: BF800000
	s_set_vgpr_msb 0                                           // 000000003D30: BF860000
	s_nop 0                                                    // 000000003D34: BF800000
	v_mov_b32_e32 v1, 0x11000000                               // 000000003D38: 7E0202FF 11000000
	s_wait_idle                                                // 000000003D40: BF8A0000
	s_mov_b32 s7, 0x11000001                                   // 000000003D44: BE8700FF 11000001
	v_writelane_b32 v1, s7, 1                                  // 000000003D4C: D7610001 02010207
	s_wait_idle                                                // 000000003D54: BF8A0000
	s_mov_b32 s7, 0x11000010                                   // 000000003D58: BE8700FF 11000010
	v_writelane_b32 v1, s7, 16                                 // 000000003D60: D7610001 02012007
	s_wait_idle                                                // 000000003D68: BF8A0000
	s_set_vgpr_msb 0x41                                        // 000000003D6C: BF860041
	s_nop 0                                                    // 000000003D70: BF800000
	v_mov_b32_e32 v1 /*v257*/, 0x22000000                      // 000000003D74: 7E0202FF 22000000
	s_wait_idle                                                // 000000003D7C: BF8A0000
	s_mov_b32 s7, 0x22000001                                   // 000000003D80: BE8700FF 22000001
	v_writelane_b32 v1 /*v257*/, s7, 1                         // 000000003D88: D7610001 02010207
	s_wait_idle                                                // 000000003D90: BF8A0000
	s_mov_b32 s7, 0x22000010                                   // 000000003D94: BE8700FF 22000010
	v_writelane_b32 v1 /*v257*/, s7, 16                        // 000000003D9C: D7610001 02012007
	s_wait_idle                                                // 000000003DA4: BF8A0000
	s_set_vgpr_msb 0x4182                                      // 000000003DA8: BF864182
	s_nop 0                                                    // 000000003DAC: BF800000
	v_mov_b32_e32 v1 /*v513*/, 0x33000000                      // 000000003DB0: 7E0202FF 33000000
	s_wait_idle                                                // 000000003DB8: BF8A0000
	s_mov_b32 s7, 0x33000001                                   // 000000003DBC: BE8700FF 33000001
	v_writelane_b32 v1 /*v513*/, s7, 1                         // 000000003DC4: D7610001 02010207
	s_wait_idle                                                // 000000003DCC: BF8A0000
	s_mov_b32 s7, 0x33000010                                   // 000000003DD0: BE8700FF 33000010
	v_writelane_b32 v1 /*v513*/, s7, 16                        // 000000003DD8: D7610001 02012007
	s_wait_idle                                                // 000000003DE0: BF8A0000
	v_readlane_b32 s22, v1 /*v513*/, 0                         // 000000003DE4: D7600016 02010101
	v_readlane_b32 s23, v1 /*v513*/, 1                         // 000000003DEC: D7600017 02010301
	v_readlane_b32 s24, v1 /*v513*/, 16                        // 000000003DF4: D7600018 02012101
	s_set_vgpr_msb 0x8241                                      // 000000003DFC: BF868241
	s_nop 0                                                    // 000000003E00: BF800000
	v_readlane_b32 s19, v1 /*v257*/, 0                         // 000000003E04: D7600013 02010101
	v_readlane_b32 s20, v1 /*v257*/, 1                         // 000000003E0C: D7600014 02010301
	v_readlane_b32 s21, v1 /*v257*/, 16                        // 000000003E14: D7600015 02012101
	s_set_vgpr_msb 0x4100                                      // 000000003E1C: BF864100
	s_nop 0                                                    // 000000003E20: BF800000
	v_readlane_b32 s16, v1, 0                                  // 000000003E24: D7600010 02010101
	v_readlane_b32 s17, v1, 1                                  // 000000003E2C: D7600011 02010301
	v_readlane_b32 s18, v1, 16                                 // 000000003E34: D7600012 02012101
	s_mov_b32 s8, 0x53545250                                   // 000000003E3C: BE8800FF 53545250
	s_mov_b32 s9, 1                                            // 000000003E44: BE890081
	s_mov_b32 s10, 0x41                                        // 000000003E48: BE8A00FF 00000041
	s_mov_b32 s11, 0                                           // 000000003E50: BE8B0080
	s_mov_b32 s40, 0x434f4d50                                  // 000000003E54: BEA800FF 434F4D50
	s_set_vgpr_msb 0x41                                        // 000000003E5C: BF860041
	s_nop 0                                                    // 000000003E60: BF800000
	s_wait_idle                                                // 000000003E64: BF8A0000
	s_getreg_b32 s14, hwreg(HW_REG_WAVE_STATUS)                // 000000003E68: B88EF802
	s_mov_b32 s38, exec_lo                                     // 000000003E6C: BEA6007E
	s_getreg_b32 s12, hwreg(HW_REG_WAVE_MODE)                  // 000000003E70: B88CF801
	s_get_pc_i64 s[34:35]                                      // 000000003E74: BEA24700
	s_add_co_u32 s34, s34, lit(0x14)                           // 000000003E78: 8022FF22 00000014
	s_add_co_ci_u32 s35, s35, 0                                // 000000003E80: 82238023
	s_nop 0                                                    // 000000003E84: BF800000
	s_nop 0                                                    // 000000003E88: BF800000
	s_getreg_b32 s13, hwreg(HW_REG_WAVE_MODE)                  // 000000003E8C: B88DF801
	s_mov_b32 s36, ttmp0                                       // 000000003E90: BEA4006C
	s_mov_b32 s37, ttmp1                                       // 000000003E94: BEA5006D
	s_mov_b32 s39, exec_lo                                     // 000000003E98: BEA7007E
	s_wait_idle                                                // 000000003E9C: BF8A0000
	s_getreg_b32 s15, hwreg(HW_REG_WAVE_STATUS)                // 000000003EA0: B88FF802
	s_set_vgpr_msb 0x4100                                      // 000000003EA4: BF864100
	s_nop 0                                                    // 000000003EA8: BF800000
	v_readlane_b32 s25, v1, 0                                  // 000000003EAC: D7600019 02010101
	v_readlane_b32 s26, v1, 1                                  // 000000003EB4: D760001A 02010301
	v_readlane_b32 s27, v1, 16                                 // 000000003EBC: D760001B 02012101
	s_set_vgpr_msb 0x41                                        // 000000003EC4: BF860041
	s_nop 0                                                    // 000000003EC8: BF800000
	v_readlane_b32 s28, v1 /*v257*/, 0                         // 000000003ECC: D760001C 02010101
	v_readlane_b32 s29, v1 /*v257*/, 1                         // 000000003ED4: D760001D 02010301
	v_readlane_b32 s30, v1 /*v257*/, 16                        // 000000003EDC: D760001E 02012101
	s_set_vgpr_msb 0x4182                                      // 000000003EE4: BF864182
	s_nop 0                                                    // 000000003EE8: BF800000
	v_readlane_b32 s31, v1 /*v513*/, 0                         // 000000003EEC: D760001F 02010101
	v_readlane_b32 s32, v1 /*v513*/, 1                         // 000000003EF4: D7600020 02010301
	v_readlane_b32 s33, v1 /*v513*/, 16                        // 000000003EFC: D7600021 02012101
	s_set_vgpr_msb 0x8200                                      // 000000003F04: BF868200
	s_nop 0                                                    // 000000003F08: BF800000
	s_mov_b32 exec_lo, 1                                       // 000000003F0C: BEFE0081
	v_mov_b32_e32 v0, 0                                        // 000000003F10: 7E000280
	v_mov_b32_e32 v2, s8                                       // 000000003F14: 7E040208
	s_wait_idle                                                // 000000003F18: BF8A0000
	global_store_b32 v0, v2, s[4:5]                            // 000000003F1C: EE068004 01000000 00000000
	s_wait_storecnt 0x0                                        // 000000003F28: BFC10000
	v_mov_b32_e32 v2, s9                                       // 000000003F2C: 7E040209
	s_wait_idle                                                // 000000003F30: BF8A0000
	global_store_b32 v0, v2, s[4:5] offset:4                   // 000000003F34: EE068004 01000000 00000400
	s_wait_storecnt 0x0                                        // 000000003F40: BFC10000
	v_mov_b32_e32 v2, s10                                      // 000000003F44: 7E04020A
	s_wait_idle                                                // 000000003F48: BF8A0000
	global_store_b32 v0, v2, s[4:5] offset:8                   // 000000003F4C: EE068004 01000000 00000800
	s_wait_storecnt 0x0                                        // 000000003F58: BFC10000
	v_mov_b32_e32 v2, s11                                      // 000000003F5C: 7E04020B
	s_wait_idle                                                // 000000003F60: BF8A0000
	global_store_b32 v0, v2, s[4:5] offset:12                  // 000000003F64: EE068004 01000000 00000C00
	s_wait_storecnt 0x0                                        // 000000003F70: BFC10000
	v_mov_b32_e32 v2, s12                                      // 000000003F74: 7E04020C
	s_wait_idle                                                // 000000003F78: BF8A0000
	global_store_b32 v0, v2, s[4:5] offset:16                  // 000000003F7C: EE068004 01000000 00001000
	s_wait_storecnt 0x0                                        // 000000003F88: BFC10000
	v_mov_b32_e32 v2, s13                                      // 000000003F8C: 7E04020D
	s_wait_idle                                                // 000000003F90: BF8A0000
	global_store_b32 v0, v2, s[4:5] offset:20                  // 000000003F94: EE068004 01000000 00001400
	s_wait_storecnt 0x0                                        // 000000003FA0: BFC10000
	v_mov_b32_e32 v2, s14                                      // 000000003FA4: 7E04020E
	s_wait_idle                                                // 000000003FA8: BF8A0000
	global_store_b32 v0, v2, s[4:5] offset:24                  // 000000003FAC: EE068004 01000000 00001800
	s_wait_storecnt 0x0                                        // 000000003FB8: BFC10000
	v_mov_b32_e32 v2, s15                                      // 000000003FBC: 7E04020F
	s_wait_idle                                                // 000000003FC0: BF8A0000
	global_store_b32 v0, v2, s[4:5] offset:28                  // 000000003FC4: EE068004 01000000 00001C00
	s_wait_storecnt 0x0                                        // 000000003FD0: BFC10000
	v_mov_b32_e32 v2, s16                                      // 000000003FD4: 7E040210
	s_wait_idle                                                // 000000003FD8: BF8A0000
	global_store_b32 v0, v2, s[4:5] offset:32                  // 000000003FDC: EE068004 01000000 00002000
	s_wait_storecnt 0x0                                        // 000000003FE8: BFC10000
	v_mov_b32_e32 v2, s17                                      // 000000003FEC: 7E040211
	s_wait_idle                                                // 000000003FF0: BF8A0000
	global_store_b32 v0, v2, s[4:5] offset:36                  // 000000003FF4: EE068004 01000000 00002400
	s_wait_storecnt 0x0                                        // 000000004000: BFC10000
	v_mov_b32_e32 v2, s18                                      // 000000004004: 7E040212
	s_wait_idle                                                // 000000004008: BF8A0000
	global_store_b32 v0, v2, s[4:5] offset:40                  // 00000000400C: EE068004 01000000 00002800
	s_wait_storecnt 0x0                                        // 000000004018: BFC10000
	v_mov_b32_e32 v2, s19                                      // 00000000401C: 7E040213
	s_wait_idle                                                // 000000004020: BF8A0000
	global_store_b32 v0, v2, s[4:5] offset:44                  // 000000004024: EE068004 01000000 00002C00
	s_wait_storecnt 0x0                                        // 000000004030: BFC10000
	v_mov_b32_e32 v2, s20                                      // 000000004034: 7E040214
	s_wait_idle                                                // 000000004038: BF8A0000
	global_store_b32 v0, v2, s[4:5] offset:48                  // 00000000403C: EE068004 01000000 00003000
	s_wait_storecnt 0x0                                        // 000000004048: BFC10000
	v_mov_b32_e32 v2, s21                                      // 00000000404C: 7E040215
	s_wait_idle                                                // 000000004050: BF8A0000
	global_store_b32 v0, v2, s[4:5] offset:52                  // 000000004054: EE068004 01000000 00003400
	s_wait_storecnt 0x0                                        // 000000004060: BFC10000
	v_mov_b32_e32 v2, s22                                      // 000000004064: 7E040216
	s_wait_idle                                                // 000000004068: BF8A0000
	global_store_b32 v0, v2, s[4:5] offset:56                  // 00000000406C: EE068004 01000000 00003800
	s_wait_storecnt 0x0                                        // 000000004078: BFC10000
	v_mov_b32_e32 v2, s23                                      // 00000000407C: 7E040217
	s_wait_idle                                                // 000000004080: BF8A0000
	global_store_b32 v0, v2, s[4:5] offset:60                  // 000000004084: EE068004 01000000 00003C00
	s_wait_storecnt 0x0                                        // 000000004090: BFC10000
	v_mov_b32_e32 v2, s24                                      // 000000004094: 7E040218
	s_wait_idle                                                // 000000004098: BF8A0000
	global_store_b32 v0, v2, s[4:5] offset:64                  // 00000000409C: EE068004 01000000 00004000
	s_wait_storecnt 0x0                                        // 0000000040A8: BFC10000
	v_mov_b32_e32 v2, s25                                      // 0000000040AC: 7E040219
	s_wait_idle                                                // 0000000040B0: BF8A0000
	global_store_b32 v0, v2, s[4:5] offset:68                  // 0000000040B4: EE068004 01000000 00004400
	s_wait_storecnt 0x0                                        // 0000000040C0: BFC10000
	v_mov_b32_e32 v2, s26                                      // 0000000040C4: 7E04021A
	s_wait_idle                                                // 0000000040C8: BF8A0000
	global_store_b32 v0, v2, s[4:5] offset:72                  // 0000000040CC: EE068004 01000000 00004800
	s_wait_storecnt 0x0                                        // 0000000040D8: BFC10000
	v_mov_b32_e32 v2, s27                                      // 0000000040DC: 7E04021B
	s_wait_idle                                                // 0000000040E0: BF8A0000
	global_store_b32 v0, v2, s[4:5] offset:76                  // 0000000040E4: EE068004 01000000 00004C00
	s_wait_storecnt 0x0                                        // 0000000040F0: BFC10000
	v_mov_b32_e32 v2, s28                                      // 0000000040F4: 7E04021C
	s_wait_idle                                                // 0000000040F8: BF8A0000
	global_store_b32 v0, v2, s[4:5] offset:80                  // 0000000040FC: EE068004 01000000 00005000
	s_wait_storecnt 0x0                                        // 000000004108: BFC10000
	v_mov_b32_e32 v2, s29                                      // 00000000410C: 7E04021D
	s_wait_idle                                                // 000000004110: BF8A0000
	global_store_b32 v0, v2, s[4:5] offset:84                  // 000000004114: EE068004 01000000 00005400
	s_wait_storecnt 0x0                                        // 000000004120: BFC10000
	v_mov_b32_e32 v2, s30                                      // 000000004124: 7E04021E
	s_wait_idle                                                // 000000004128: BF8A0000
	global_store_b32 v0, v2, s[4:5] offset:88                  // 00000000412C: EE068004 01000000 00005800
	s_wait_storecnt 0x0                                        // 000000004138: BFC10000
	v_mov_b32_e32 v2, s31                                      // 00000000413C: 7E04021F
	s_wait_idle                                                // 000000004140: BF8A0000
	global_store_b32 v0, v2, s[4:5] offset:92                  // 000000004144: EE068004 01000000 00005C00
	s_wait_storecnt 0x0                                        // 000000004150: BFC10000
	v_mov_b32_e32 v2, s32                                      // 000000004154: 7E040220
	s_wait_idle                                                // 000000004158: BF8A0000
	global_store_b32 v0, v2, s[4:5] offset:96                  // 00000000415C: EE068004 01000000 00006000
	s_wait_storecnt 0x0                                        // 000000004168: BFC10000
	v_mov_b32_e32 v2, s33                                      // 00000000416C: 7E040221
	s_wait_idle                                                // 000000004170: BF8A0000
	global_store_b32 v0, v2, s[4:5] offset:100                 // 000000004174: EE068004 01000000 00006400
	s_wait_storecnt 0x0                                        // 000000004180: BFC10000
	v_mov_b32_e32 v2, s34                                      // 000000004184: 7E040222
	s_wait_idle                                                // 000000004188: BF8A0000
	global_store_b32 v0, v2, s[4:5] offset:104                 // 00000000418C: EE068004 01000000 00006800
	s_wait_storecnt 0x0                                        // 000000004198: BFC10000
	v_mov_b32_e32 v2, s35                                      // 00000000419C: 7E040223
	s_wait_idle                                                // 0000000041A0: BF8A0000
	global_store_b32 v0, v2, s[4:5] offset:108                 // 0000000041A4: EE068004 01000000 00006C00
	s_wait_storecnt 0x0                                        // 0000000041B0: BFC10000
	v_mov_b32_e32 v2, s36                                      // 0000000041B4: 7E040224
	s_wait_idle                                                // 0000000041B8: BF8A0000
	global_store_b32 v0, v2, s[4:5] offset:112                 // 0000000041BC: EE068004 01000000 00007000
	s_wait_storecnt 0x0                                        // 0000000041C8: BFC10000
	v_mov_b32_e32 v2, s37                                      // 0000000041CC: 7E040225
	s_wait_idle                                                // 0000000041D0: BF8A0000
	global_store_b32 v0, v2, s[4:5] offset:116                 // 0000000041D4: EE068004 01000000 00007400
	s_wait_storecnt 0x0                                        // 0000000041E0: BFC10000
	v_mov_b32_e32 v2, s38                                      // 0000000041E4: 7E040226
	s_wait_idle                                                // 0000000041E8: BF8A0000
	global_store_b32 v0, v2, s[4:5] offset:120                 // 0000000041EC: EE068004 01000000 00007800
	s_wait_storecnt 0x0                                        // 0000000041F8: BFC10000
	v_mov_b32_e32 v2, s39                                      // 0000000041FC: 7E040227
	s_wait_idle                                                // 000000004200: BF8A0000
	global_store_b32 v0, v2, s[4:5] offset:124                 // 000000004204: EE068004 01000000 00007C00
	s_wait_storecnt 0x0                                        // 000000004210: BFC10000
	v_mov_b32_e32 v2, s40                                      // 000000004214: 7E040228
	s_wait_idle                                                // 000000004218: BF8A0000
	global_store_b32 v0, v2, s[4:5] offset:128                 // 00000000421C: EE068004 01000000 00008000
	s_wait_storecnt 0x0                                        // 000000004228: BFC10000
	s_wait_storecnt 0x0                                        // 00000000422C: BFC10000
	s_endpgm                                                   // 000000004230: BFB00000
	s_nop 0                                                    // 000000004234: BF800000
	s_nop 0                                                    // 000000004238: BF800000
	s_nop 0                                                    // 00000000423C: BF800000
	s_nop 0                                                    // 000000004240: BF800000
	s_nop 0                                                    // 000000004244: BF800000
	s_nop 0                                                    // 000000004248: BF800000
	s_nop 0                                                    // 00000000424C: BF800000
	s_nop 0                                                    // 000000004250: BF800000
	s_nop 0                                                    // 000000004254: BF800000
	s_nop 0                                                    // 000000004258: BF800000
	s_nop 0                                                    // 00000000425C: BF800000
	s_nop 0                                                    // 000000004260: BF800000
	s_nop 0                                                    // 000000004264: BF800000
	s_nop 0                                                    // 000000004268: BF800000
	s_nop 0                                                    // 00000000426C: BF800000
	s_nop 0                                                    // 000000004270: BF800000
	s_nop 0                                                    // 000000004274: BF800000
	s_nop 0                                                    // 000000004278: BF800000
	s_nop 0                                                    // 00000000427C: BF800000
	s_nop 0                                                    // 000000004280: BF800000
	s_nop 0                                                    // 000000004284: BF800000
	s_nop 0                                                    // 000000004288: BF800000
	s_nop 0                                                    // 00000000428C: BF800000
	s_nop 0                                                    // 000000004290: BF800000
	s_nop 0                                                    // 000000004294: BF800000
	s_nop 0                                                    // 000000004298: BF800000
	s_nop 0                                                    // 00000000429C: BF800000
	s_nop 0                                                    // 0000000042A0: BF800000
	s_nop 0                                                    // 0000000042A4: BF800000
	s_nop 0                                                    // 0000000042A8: BF800000
	s_nop 0                                                    // 0000000042AC: BF800000
	s_nop 0                                                    // 0000000042B0: BF800000
	s_nop 0                                                    // 0000000042B4: BF800000
	s_nop 0                                                    // 0000000042B8: BF800000
	s_nop 0                                                    // 0000000042BC: BF800000
	s_nop 0                                                    // 0000000042C0: BF800000
	s_nop 0                                                    // 0000000042C4: BF800000
	s_nop 0                                                    // 0000000042C8: BF800000
	s_nop 0                                                    // 0000000042CC: BF800000
	s_nop 0                                                    // 0000000042D0: BF800000
	s_nop 0                                                    // 0000000042D4: BF800000
	s_nop 0                                                    // 0000000042D8: BF800000
	s_nop 0                                                    // 0000000042DC: BF800000
	s_nop 0                                                    // 0000000042E0: BF800000
	s_nop 0                                                    // 0000000042E4: BF800000
	s_nop 0                                                    // 0000000042E8: BF800000
	s_nop 0                                                    // 0000000042EC: BF800000
	s_nop 0                                                    // 0000000042F0: BF800000
	s_nop 0                                                    // 0000000042F4: BF800000
	s_nop 0                                                    // 0000000042F8: BF800000
	s_nop 0                                                    // 0000000042FC: BF800000

0000000000004300 <sentinel_41_1>:
	global_prefetch_b8 v0, s[0:1] scope:SCOPE_SE               // 000000004300: EE174000 00040000 00000000
	v_nop                                                      // 00000000430C: 7E000000
	s_setreg_imm32_b32 hwreg(HW_REG_WAVE_MODE, 25, 1), 1       // 000000004310: B9800641 00000001
	s_load_b64 s[4:5], s[0:1], 0x0 nv                          // 000000004318: F4102100 F8000000
	s_wait_kmcnt 0x0                                           // 000000004320: BFC70000
	s_mov_b32 s6, 0                                            // 000000004324: BE860080
	s_setreg_b32 hwreg(HW_REG_WAVE_MODE, 12, 8), s6            // 000000004328: B9063B01
	s_nop 0                                                    // 00000000432C: BF800000
	s_set_vgpr_msb 0                                           // 000000004330: BF860000
	s_nop 0                                                    // 000000004334: BF800000
	v_mov_b32_e32 v1, 0x11000000                               // 000000004338: 7E0202FF 11000000
	s_wait_idle                                                // 000000004340: BF8A0000
	s_mov_b32 s7, 0x11000001                                   // 000000004344: BE8700FF 11000001
	v_writelane_b32 v1, s7, 1                                  // 00000000434C: D7610001 02010207
	s_wait_idle                                                // 000000004354: BF8A0000
	s_mov_b32 s7, 0x11000010                                   // 000000004358: BE8700FF 11000010
	v_writelane_b32 v1, s7, 16                                 // 000000004360: D7610001 02012007
	s_wait_idle                                                // 000000004368: BF8A0000
	s_set_vgpr_msb 0x41                                        // 00000000436C: BF860041
	s_nop 0                                                    // 000000004370: BF800000
	v_mov_b32_e32 v1 /*v257*/, 0x22000000                      // 000000004374: 7E0202FF 22000000
	s_wait_idle                                                // 00000000437C: BF8A0000
	s_mov_b32 s7, 0x22000001                                   // 000000004380: BE8700FF 22000001
	v_writelane_b32 v1 /*v257*/, s7, 1                         // 000000004388: D7610001 02010207
	s_wait_idle                                                // 000000004390: BF8A0000
	s_mov_b32 s7, 0x22000010                                   // 000000004394: BE8700FF 22000010
	v_writelane_b32 v1 /*v257*/, s7, 16                        // 00000000439C: D7610001 02012007
	s_wait_idle                                                // 0000000043A4: BF8A0000
	s_set_vgpr_msb 0x4182                                      // 0000000043A8: BF864182
	s_nop 0                                                    // 0000000043AC: BF800000
	v_mov_b32_e32 v1 /*v513*/, 0x33000000                      // 0000000043B0: 7E0202FF 33000000
	s_wait_idle                                                // 0000000043B8: BF8A0000
	s_mov_b32 s7, 0x33000001                                   // 0000000043BC: BE8700FF 33000001
	v_writelane_b32 v1 /*v513*/, s7, 1                         // 0000000043C4: D7610001 02010207
	s_wait_idle                                                // 0000000043CC: BF8A0000
	s_mov_b32 s7, 0x33000010                                   // 0000000043D0: BE8700FF 33000010
	v_writelane_b32 v1 /*v513*/, s7, 16                        // 0000000043D8: D7610001 02012007
	s_wait_idle                                                // 0000000043E0: BF8A0000
	v_readlane_b32 s22, v1 /*v513*/, 0                         // 0000000043E4: D7600016 02010101
	v_readlane_b32 s23, v1 /*v513*/, 1                         // 0000000043EC: D7600017 02010301
	v_readlane_b32 s24, v1 /*v513*/, 16                        // 0000000043F4: D7600018 02012101
	s_set_vgpr_msb 0x8241                                      // 0000000043FC: BF868241
	s_nop 0                                                    // 000000004400: BF800000
	v_readlane_b32 s19, v1 /*v257*/, 0                         // 000000004404: D7600013 02010101
	v_readlane_b32 s20, v1 /*v257*/, 1                         // 00000000440C: D7600014 02010301
	v_readlane_b32 s21, v1 /*v257*/, 16                        // 000000004414: D7600015 02012101
	s_set_vgpr_msb 0x4100                                      // 00000000441C: BF864100
	s_nop 0                                                    // 000000004420: BF800000
	v_readlane_b32 s16, v1, 0                                  // 000000004424: D7600010 02010101
	v_readlane_b32 s17, v1, 1                                  // 00000000442C: D7600011 02010301
	v_readlane_b32 s18, v1, 16                                 // 000000004434: D7600012 02012101
	s_mov_b32 s8, 0x53545250                                   // 00000000443C: BE8800FF 53545250
	s_mov_b32 s9, 1                                            // 000000004444: BE890081
	s_mov_b32 s10, 0x41                                        // 000000004448: BE8A00FF 00000041
	s_mov_b32 s11, 1                                           // 000000004450: BE8B0081
	s_mov_b32 s40, 0x434f4d50                                  // 000000004454: BEA800FF 434F4D50
	s_set_vgpr_msb 0x41                                        // 00000000445C: BF860041
	s_nop 0                                                    // 000000004460: BF800000
	s_wait_idle                                                // 000000004464: BF8A0000
	s_getreg_b32 s14, hwreg(HW_REG_WAVE_STATUS)                // 000000004468: B88EF802
	s_mov_b32 s38, exec_lo                                     // 00000000446C: BEA6007E
	s_getreg_b32 s12, hwreg(HW_REG_WAVE_MODE)                  // 000000004470: B88CF801
	s_get_pc_i64 s[34:35]                                      // 000000004474: BEA24700
	s_add_co_u32 s34, s34, lit(0x14)                           // 000000004478: 8022FF22 00000014
	s_add_co_ci_u32 s35, s35, 0                                // 000000004480: 82238023
	s_nop 0                                                    // 000000004484: BF800000
	s_trap 3                                                   // 000000004488: BF900003
	s_getreg_b32 s13, hwreg(HW_REG_WAVE_MODE)                  // 00000000448C: B88DF801
	s_mov_b32 s36, ttmp0                                       // 000000004490: BEA4006C
	s_mov_b32 s37, ttmp1                                       // 000000004494: BEA5006D
	s_mov_b32 s39, exec_lo                                     // 000000004498: BEA7007E
	s_wait_idle                                                // 00000000449C: BF8A0000
	s_getreg_b32 s15, hwreg(HW_REG_WAVE_STATUS)                // 0000000044A0: B88FF802
	s_set_vgpr_msb 0x4100                                      // 0000000044A4: BF864100
	s_nop 0                                                    // 0000000044A8: BF800000
	v_readlane_b32 s25, v1, 0                                  // 0000000044AC: D7600019 02010101
	v_readlane_b32 s26, v1, 1                                  // 0000000044B4: D760001A 02010301
	v_readlane_b32 s27, v1, 16                                 // 0000000044BC: D760001B 02012101
	s_set_vgpr_msb 0x41                                        // 0000000044C4: BF860041
	s_nop 0                                                    // 0000000044C8: BF800000
	v_readlane_b32 s28, v1 /*v257*/, 0                         // 0000000044CC: D760001C 02010101
	v_readlane_b32 s29, v1 /*v257*/, 1                         // 0000000044D4: D760001D 02010301
	v_readlane_b32 s30, v1 /*v257*/, 16                        // 0000000044DC: D760001E 02012101
	s_set_vgpr_msb 0x4182                                      // 0000000044E4: BF864182
	s_nop 0                                                    // 0000000044E8: BF800000
	v_readlane_b32 s31, v1 /*v513*/, 0                         // 0000000044EC: D760001F 02010101
	v_readlane_b32 s32, v1 /*v513*/, 1                         // 0000000044F4: D7600020 02010301
	v_readlane_b32 s33, v1 /*v513*/, 16                        // 0000000044FC: D7600021 02012101
	s_set_vgpr_msb 0x8200                                      // 000000004504: BF868200
	s_nop 0                                                    // 000000004508: BF800000
	s_mov_b32 exec_lo, 1                                       // 00000000450C: BEFE0081
	v_mov_b32_e32 v0, 0                                        // 000000004510: 7E000280
	v_mov_b32_e32 v2, s8                                       // 000000004514: 7E040208
	s_wait_idle                                                // 000000004518: BF8A0000
	global_store_b32 v0, v2, s[4:5]                            // 00000000451C: EE068004 01000000 00000000
	s_wait_storecnt 0x0                                        // 000000004528: BFC10000
	v_mov_b32_e32 v2, s9                                       // 00000000452C: 7E040209
	s_wait_idle                                                // 000000004530: BF8A0000
	global_store_b32 v0, v2, s[4:5] offset:4                   // 000000004534: EE068004 01000000 00000400
	s_wait_storecnt 0x0                                        // 000000004540: BFC10000
	v_mov_b32_e32 v2, s10                                      // 000000004544: 7E04020A
	s_wait_idle                                                // 000000004548: BF8A0000
	global_store_b32 v0, v2, s[4:5] offset:8                   // 00000000454C: EE068004 01000000 00000800
	s_wait_storecnt 0x0                                        // 000000004558: BFC10000
	v_mov_b32_e32 v2, s11                                      // 00000000455C: 7E04020B
	s_wait_idle                                                // 000000004560: BF8A0000
	global_store_b32 v0, v2, s[4:5] offset:12                  // 000000004564: EE068004 01000000 00000C00
	s_wait_storecnt 0x0                                        // 000000004570: BFC10000
	v_mov_b32_e32 v2, s12                                      // 000000004574: 7E04020C
	s_wait_idle                                                // 000000004578: BF8A0000
	global_store_b32 v0, v2, s[4:5] offset:16                  // 00000000457C: EE068004 01000000 00001000
	s_wait_storecnt 0x0                                        // 000000004588: BFC10000
	v_mov_b32_e32 v2, s13                                      // 00000000458C: 7E04020D
	s_wait_idle                                                // 000000004590: BF8A0000
	global_store_b32 v0, v2, s[4:5] offset:20                  // 000000004594: EE068004 01000000 00001400
	s_wait_storecnt 0x0                                        // 0000000045A0: BFC10000
	v_mov_b32_e32 v2, s14                                      // 0000000045A4: 7E04020E
	s_wait_idle                                                // 0000000045A8: BF8A0000
	global_store_b32 v0, v2, s[4:5] offset:24                  // 0000000045AC: EE068004 01000000 00001800
	s_wait_storecnt 0x0                                        // 0000000045B8: BFC10000
	v_mov_b32_e32 v2, s15                                      // 0000000045BC: 7E04020F
	s_wait_idle                                                // 0000000045C0: BF8A0000
	global_store_b32 v0, v2, s[4:5] offset:28                  // 0000000045C4: EE068004 01000000 00001C00
	s_wait_storecnt 0x0                                        // 0000000045D0: BFC10000
	v_mov_b32_e32 v2, s16                                      // 0000000045D4: 7E040210
	s_wait_idle                                                // 0000000045D8: BF8A0000
	global_store_b32 v0, v2, s[4:5] offset:32                  // 0000000045DC: EE068004 01000000 00002000
	s_wait_storecnt 0x0                                        // 0000000045E8: BFC10000
	v_mov_b32_e32 v2, s17                                      // 0000000045EC: 7E040211
	s_wait_idle                                                // 0000000045F0: BF8A0000
	global_store_b32 v0, v2, s[4:5] offset:36                  // 0000000045F4: EE068004 01000000 00002400
	s_wait_storecnt 0x0                                        // 000000004600: BFC10000
	v_mov_b32_e32 v2, s18                                      // 000000004604: 7E040212
	s_wait_idle                                                // 000000004608: BF8A0000
	global_store_b32 v0, v2, s[4:5] offset:40                  // 00000000460C: EE068004 01000000 00002800
	s_wait_storecnt 0x0                                        // 000000004618: BFC10000
	v_mov_b32_e32 v2, s19                                      // 00000000461C: 7E040213
	s_wait_idle                                                // 000000004620: BF8A0000
	global_store_b32 v0, v2, s[4:5] offset:44                  // 000000004624: EE068004 01000000 00002C00
	s_wait_storecnt 0x0                                        // 000000004630: BFC10000
	v_mov_b32_e32 v2, s20                                      // 000000004634: 7E040214
	s_wait_idle                                                // 000000004638: BF8A0000
	global_store_b32 v0, v2, s[4:5] offset:48                  // 00000000463C: EE068004 01000000 00003000
	s_wait_storecnt 0x0                                        // 000000004648: BFC10000
	v_mov_b32_e32 v2, s21                                      // 00000000464C: 7E040215
	s_wait_idle                                                // 000000004650: BF8A0000
	global_store_b32 v0, v2, s[4:5] offset:52                  // 000000004654: EE068004 01000000 00003400
	s_wait_storecnt 0x0                                        // 000000004660: BFC10000
	v_mov_b32_e32 v2, s22                                      // 000000004664: 7E040216
	s_wait_idle                                                // 000000004668: BF8A0000
	global_store_b32 v0, v2, s[4:5] offset:56                  // 00000000466C: EE068004 01000000 00003800
	s_wait_storecnt 0x0                                        // 000000004678: BFC10000
	v_mov_b32_e32 v2, s23                                      // 00000000467C: 7E040217
	s_wait_idle                                                // 000000004680: BF8A0000
	global_store_b32 v0, v2, s[4:5] offset:60                  // 000000004684: EE068004 01000000 00003C00
	s_wait_storecnt 0x0                                        // 000000004690: BFC10000
	v_mov_b32_e32 v2, s24                                      // 000000004694: 7E040218
	s_wait_idle                                                // 000000004698: BF8A0000
	global_store_b32 v0, v2, s[4:5] offset:64                  // 00000000469C: EE068004 01000000 00004000
	s_wait_storecnt 0x0                                        // 0000000046A8: BFC10000
	v_mov_b32_e32 v2, s25                                      // 0000000046AC: 7E040219
	s_wait_idle                                                // 0000000046B0: BF8A0000
	global_store_b32 v0, v2, s[4:5] offset:68                  // 0000000046B4: EE068004 01000000 00004400
	s_wait_storecnt 0x0                                        // 0000000046C0: BFC10000
	v_mov_b32_e32 v2, s26                                      // 0000000046C4: 7E04021A
	s_wait_idle                                                // 0000000046C8: BF8A0000
	global_store_b32 v0, v2, s[4:5] offset:72                  // 0000000046CC: EE068004 01000000 00004800
	s_wait_storecnt 0x0                                        // 0000000046D8: BFC10000
	v_mov_b32_e32 v2, s27                                      // 0000000046DC: 7E04021B
	s_wait_idle                                                // 0000000046E0: BF8A0000
	global_store_b32 v0, v2, s[4:5] offset:76                  // 0000000046E4: EE068004 01000000 00004C00
	s_wait_storecnt 0x0                                        // 0000000046F0: BFC10000
	v_mov_b32_e32 v2, s28                                      // 0000000046F4: 7E04021C
	s_wait_idle                                                // 0000000046F8: BF8A0000
	global_store_b32 v0, v2, s[4:5] offset:80                  // 0000000046FC: EE068004 01000000 00005000
	s_wait_storecnt 0x0                                        // 000000004708: BFC10000
	v_mov_b32_e32 v2, s29                                      // 00000000470C: 7E04021D
	s_wait_idle                                                // 000000004710: BF8A0000
	global_store_b32 v0, v2, s[4:5] offset:84                  // 000000004714: EE068004 01000000 00005400
	s_wait_storecnt 0x0                                        // 000000004720: BFC10000
	v_mov_b32_e32 v2, s30                                      // 000000004724: 7E04021E
	s_wait_idle                                                // 000000004728: BF8A0000
	global_store_b32 v0, v2, s[4:5] offset:88                  // 00000000472C: EE068004 01000000 00005800
	s_wait_storecnt 0x0                                        // 000000004738: BFC10000
	v_mov_b32_e32 v2, s31                                      // 00000000473C: 7E04021F
	s_wait_idle                                                // 000000004740: BF8A0000
	global_store_b32 v0, v2, s[4:5] offset:92                  // 000000004744: EE068004 01000000 00005C00
	s_wait_storecnt 0x0                                        // 000000004750: BFC10000
	v_mov_b32_e32 v2, s32                                      // 000000004754: 7E040220
	s_wait_idle                                                // 000000004758: BF8A0000
	global_store_b32 v0, v2, s[4:5] offset:96                  // 00000000475C: EE068004 01000000 00006000
	s_wait_storecnt 0x0                                        // 000000004768: BFC10000
	v_mov_b32_e32 v2, s33                                      // 00000000476C: 7E040221
	s_wait_idle                                                // 000000004770: BF8A0000
	global_store_b32 v0, v2, s[4:5] offset:100                 // 000000004774: EE068004 01000000 00006400
	s_wait_storecnt 0x0                                        // 000000004780: BFC10000
	v_mov_b32_e32 v2, s34                                      // 000000004784: 7E040222
	s_wait_idle                                                // 000000004788: BF8A0000
	global_store_b32 v0, v2, s[4:5] offset:104                 // 00000000478C: EE068004 01000000 00006800
	s_wait_storecnt 0x0                                        // 000000004798: BFC10000
	v_mov_b32_e32 v2, s35                                      // 00000000479C: 7E040223
	s_wait_idle                                                // 0000000047A0: BF8A0000
	global_store_b32 v0, v2, s[4:5] offset:108                 // 0000000047A4: EE068004 01000000 00006C00
	s_wait_storecnt 0x0                                        // 0000000047B0: BFC10000
	v_mov_b32_e32 v2, s36                                      // 0000000047B4: 7E040224
	s_wait_idle                                                // 0000000047B8: BF8A0000
	global_store_b32 v0, v2, s[4:5] offset:112                 // 0000000047BC: EE068004 01000000 00007000
	s_wait_storecnt 0x0                                        // 0000000047C8: BFC10000
	v_mov_b32_e32 v2, s37                                      // 0000000047CC: 7E040225
	s_wait_idle                                                // 0000000047D0: BF8A0000
	global_store_b32 v0, v2, s[4:5] offset:116                 // 0000000047D4: EE068004 01000000 00007400
	s_wait_storecnt 0x0                                        // 0000000047E0: BFC10000
	v_mov_b32_e32 v2, s38                                      // 0000000047E4: 7E040226
	s_wait_idle                                                // 0000000047E8: BF8A0000
	global_store_b32 v0, v2, s[4:5] offset:120                 // 0000000047EC: EE068004 01000000 00007800
	s_wait_storecnt 0x0                                        // 0000000047F8: BFC10000
	v_mov_b32_e32 v2, s39                                      // 0000000047FC: 7E040227
	s_wait_idle                                                // 000000004800: BF8A0000
	global_store_b32 v0, v2, s[4:5] offset:124                 // 000000004804: EE068004 01000000 00007C00
	s_wait_storecnt 0x0                                        // 000000004810: BFC10000
	v_mov_b32_e32 v2, s40                                      // 000000004814: 7E040228
	s_wait_idle                                                // 000000004818: BF8A0000
	global_store_b32 v0, v2, s[4:5] offset:128                 // 00000000481C: EE068004 01000000 00008000
	s_wait_storecnt 0x0                                        // 000000004828: BFC10000
	s_wait_storecnt 0x0                                        // 00000000482C: BFC10000
	s_endpgm                                                   // 000000004830: BFB00000
	s_nop 0                                                    // 000000004834: BF800000
	s_nop 0                                                    // 000000004838: BF800000
	s_nop 0                                                    // 00000000483C: BF800000
	s_nop 0                                                    // 000000004840: BF800000
	s_nop 0                                                    // 000000004844: BF800000
	s_nop 0                                                    // 000000004848: BF800000
	s_nop 0                                                    // 00000000484C: BF800000
	s_nop 0                                                    // 000000004850: BF800000
	s_nop 0                                                    // 000000004854: BF800000
	s_nop 0                                                    // 000000004858: BF800000
	s_nop 0                                                    // 00000000485C: BF800000
	s_nop 0                                                    // 000000004860: BF800000
	s_nop 0                                                    // 000000004864: BF800000
	s_nop 0                                                    // 000000004868: BF800000
	s_nop 0                                                    // 00000000486C: BF800000
	s_nop 0                                                    // 000000004870: BF800000
	s_nop 0                                                    // 000000004874: BF800000
	s_nop 0                                                    // 000000004878: BF800000
	s_nop 0                                                    // 00000000487C: BF800000
	s_nop 0                                                    // 000000004880: BF800000
	s_nop 0                                                    // 000000004884: BF800000
	s_nop 0                                                    // 000000004888: BF800000
	s_nop 0                                                    // 00000000488C: BF800000
	s_nop 0                                                    // 000000004890: BF800000
	s_nop 0                                                    // 000000004894: BF800000
	s_nop 0                                                    // 000000004898: BF800000
	s_nop 0                                                    // 00000000489C: BF800000
	s_nop 0                                                    // 0000000048A0: BF800000
	s_nop 0                                                    // 0000000048A4: BF800000
	s_nop 0                                                    // 0000000048A8: BF800000
	s_nop 0                                                    // 0000000048AC: BF800000
	s_nop 0                                                    // 0000000048B0: BF800000
	s_nop 0                                                    // 0000000048B4: BF800000
	s_nop 0                                                    // 0000000048B8: BF800000
	s_nop 0                                                    // 0000000048BC: BF800000
	s_nop 0                                                    // 0000000048C0: BF800000
	s_nop 0                                                    // 0000000048C4: BF800000
	s_nop 0                                                    // 0000000048C8: BF800000
	s_nop 0                                                    // 0000000048CC: BF800000
	s_nop 0                                                    // 0000000048D0: BF800000
	s_nop 0                                                    // 0000000048D4: BF800000
	s_nop 0                                                    // 0000000048D8: BF800000
	s_nop 0                                                    // 0000000048DC: BF800000
	s_nop 0                                                    // 0000000048E0: BF800000
	s_nop 0                                                    // 0000000048E4: BF800000
	s_nop 0                                                    // 0000000048E8: BF800000
	s_nop 0                                                    // 0000000048EC: BF800000
	s_nop 0                                                    // 0000000048F0: BF800000
	s_nop 0                                                    // 0000000048F4: BF800000
	s_nop 0                                                    // 0000000048F8: BF800000
	s_nop 0                                                    // 0000000048FC: BF800000

0000000000004900 <sentinel_45_0>:
	global_prefetch_b8 v0, s[0:1] scope:SCOPE_SE               // 000000004900: EE174000 00040000 00000000
	v_nop                                                      // 00000000490C: 7E000000
	s_setreg_imm32_b32 hwreg(HW_REG_WAVE_MODE, 25, 1), 1       // 000000004910: B9800641 00000001
	s_load_b64 s[4:5], s[0:1], 0x0 nv                          // 000000004918: F4102100 F8000000
	s_wait_kmcnt 0x0                                           // 000000004920: BFC70000
	s_mov_b32 s6, 0                                            // 000000004924: BE860080
	s_setreg_b32 hwreg(HW_REG_WAVE_MODE, 12, 8), s6            // 000000004928: B9063B01
	s_nop 0                                                    // 00000000492C: BF800000
	s_set_vgpr_msb 0                                           // 000000004930: BF860000
	s_nop 0                                                    // 000000004934: BF800000
	v_mov_b32_e32 v1, 0x11000000                               // 000000004938: 7E0202FF 11000000
	s_wait_idle                                                // 000000004940: BF8A0000
	s_mov_b32 s7, 0x11000001                                   // 000000004944: BE8700FF 11000001
	v_writelane_b32 v1, s7, 1                                  // 00000000494C: D7610001 02010207
	s_wait_idle                                                // 000000004954: BF8A0000
	s_mov_b32 s7, 0x11000010                                   // 000000004958: BE8700FF 11000010
	v_writelane_b32 v1, s7, 16                                 // 000000004960: D7610001 02012007
	s_wait_idle                                                // 000000004968: BF8A0000
	s_set_vgpr_msb 0x41                                        // 00000000496C: BF860041
	s_nop 0                                                    // 000000004970: BF800000
	v_mov_b32_e32 v1 /*v257*/, 0x22000000                      // 000000004974: 7E0202FF 22000000
	s_wait_idle                                                // 00000000497C: BF8A0000
	s_mov_b32 s7, 0x22000001                                   // 000000004980: BE8700FF 22000001
	v_writelane_b32 v1 /*v257*/, s7, 1                         // 000000004988: D7610001 02010207
	s_wait_idle                                                // 000000004990: BF8A0000
	s_mov_b32 s7, 0x22000010                                   // 000000004994: BE8700FF 22000010
	v_writelane_b32 v1 /*v257*/, s7, 16                        // 00000000499C: D7610001 02012007
	s_wait_idle                                                // 0000000049A4: BF8A0000
	s_set_vgpr_msb 0x4182                                      // 0000000049A8: BF864182
	s_nop 0                                                    // 0000000049AC: BF800000
	v_mov_b32_e32 v1 /*v513*/, 0x33000000                      // 0000000049B0: 7E0202FF 33000000
	s_wait_idle                                                // 0000000049B8: BF8A0000
	s_mov_b32 s7, 0x33000001                                   // 0000000049BC: BE8700FF 33000001
	v_writelane_b32 v1 /*v513*/, s7, 1                         // 0000000049C4: D7610001 02010207
	s_wait_idle                                                // 0000000049CC: BF8A0000
	s_mov_b32 s7, 0x33000010                                   // 0000000049D0: BE8700FF 33000010
	v_writelane_b32 v1 /*v513*/, s7, 16                        // 0000000049D8: D7610001 02012007
	s_wait_idle                                                // 0000000049E0: BF8A0000
	v_readlane_b32 s22, v1 /*v513*/, 0                         // 0000000049E4: D7600016 02010101
	v_readlane_b32 s23, v1 /*v513*/, 1                         // 0000000049EC: D7600017 02010301
	v_readlane_b32 s24, v1 /*v513*/, 16                        // 0000000049F4: D7600018 02012101
	s_set_vgpr_msb 0x8241                                      // 0000000049FC: BF868241
	s_nop 0                                                    // 000000004A00: BF800000
	v_readlane_b32 s19, v1 /*v257*/, 0                         // 000000004A04: D7600013 02010101
	v_readlane_b32 s20, v1 /*v257*/, 1                         // 000000004A0C: D7600014 02010301
	v_readlane_b32 s21, v1 /*v257*/, 16                        // 000000004A14: D7600015 02012101
	s_set_vgpr_msb 0x4100                                      // 000000004A1C: BF864100
	s_nop 0                                                    // 000000004A20: BF800000
	v_readlane_b32 s16, v1, 0                                  // 000000004A24: D7600010 02010101
	v_readlane_b32 s17, v1, 1                                  // 000000004A2C: D7600011 02010301
	v_readlane_b32 s18, v1, 16                                 // 000000004A34: D7600012 02012101
	s_mov_b32 s8, 0x53545250                                   // 000000004A3C: BE8800FF 53545250
	s_mov_b32 s9, 1                                            // 000000004A44: BE890081
	s_mov_b32 s10, 0x45                                        // 000000004A48: BE8A00FF 00000045
	s_mov_b32 s11, 0                                           // 000000004A50: BE8B0080
	s_mov_b32 s40, 0x434f4d50                                  // 000000004A54: BEA800FF 434F4D50
	s_set_vgpr_msb 0x45                                        // 000000004A5C: BF860045
	s_nop 0                                                    // 000000004A60: BF800000
	s_wait_idle                                                // 000000004A64: BF8A0000
	s_getreg_b32 s14, hwreg(HW_REG_WAVE_STATUS)                // 000000004A68: B88EF802
	s_mov_b32 s38, exec_lo                                     // 000000004A6C: BEA6007E
	s_getreg_b32 s12, hwreg(HW_REG_WAVE_MODE)                  // 000000004A70: B88CF801
	s_get_pc_i64 s[34:35]                                      // 000000004A74: BEA24700
	s_add_co_u32 s34, s34, lit(0x14)                           // 000000004A78: 8022FF22 00000014
	s_add_co_ci_u32 s35, s35, 0                                // 000000004A80: 82238023
	s_nop 0                                                    // 000000004A84: BF800000
	s_nop 0                                                    // 000000004A88: BF800000
	s_getreg_b32 s13, hwreg(HW_REG_WAVE_MODE)                  // 000000004A8C: B88DF801
	s_mov_b32 s36, ttmp0                                       // 000000004A90: BEA4006C
	s_mov_b32 s37, ttmp1                                       // 000000004A94: BEA5006D
	s_mov_b32 s39, exec_lo                                     // 000000004A98: BEA7007E
	s_wait_idle                                                // 000000004A9C: BF8A0000
	s_getreg_b32 s15, hwreg(HW_REG_WAVE_STATUS)                // 000000004AA0: B88FF802
	s_set_vgpr_msb 0x4500                                      // 000000004AA4: BF864500
	s_nop 0                                                    // 000000004AA8: BF800000
	v_readlane_b32 s25, v1, 0                                  // 000000004AAC: D7600019 02010101
	v_readlane_b32 s26, v1, 1                                  // 000000004AB4: D760001A 02010301
	v_readlane_b32 s27, v1, 16                                 // 000000004ABC: D760001B 02012101
	s_set_vgpr_msb 0x41                                        // 000000004AC4: BF860041
	s_nop 0                                                    // 000000004AC8: BF800000
	v_readlane_b32 s28, v1 /*v257*/, 0                         // 000000004ACC: D760001C 02010101
	v_readlane_b32 s29, v1 /*v257*/, 1                         // 000000004AD4: D760001D 02010301
	v_readlane_b32 s30, v1 /*v257*/, 16                        // 000000004ADC: D760001E 02012101
	s_set_vgpr_msb 0x4182                                      // 000000004AE4: BF864182
	s_nop 0                                                    // 000000004AE8: BF800000
	v_readlane_b32 s31, v1 /*v513*/, 0                         // 000000004AEC: D760001F 02010101
	v_readlane_b32 s32, v1 /*v513*/, 1                         // 000000004AF4: D7600020 02010301
	v_readlane_b32 s33, v1 /*v513*/, 16                        // 000000004AFC: D7600021 02012101
	s_set_vgpr_msb 0x8200                                      // 000000004B04: BF868200
	s_nop 0                                                    // 000000004B08: BF800000
	s_mov_b32 exec_lo, 1                                       // 000000004B0C: BEFE0081
	v_mov_b32_e32 v0, 0                                        // 000000004B10: 7E000280
	v_mov_b32_e32 v2, s8                                       // 000000004B14: 7E040208
	s_wait_idle                                                // 000000004B18: BF8A0000
	global_store_b32 v0, v2, s[4:5]                            // 000000004B1C: EE068004 01000000 00000000
	s_wait_storecnt 0x0                                        // 000000004B28: BFC10000
	v_mov_b32_e32 v2, s9                                       // 000000004B2C: 7E040209
	s_wait_idle                                                // 000000004B30: BF8A0000
	global_store_b32 v0, v2, s[4:5] offset:4                   // 000000004B34: EE068004 01000000 00000400
	s_wait_storecnt 0x0                                        // 000000004B40: BFC10000
	v_mov_b32_e32 v2, s10                                      // 000000004B44: 7E04020A
	s_wait_idle                                                // 000000004B48: BF8A0000
	global_store_b32 v0, v2, s[4:5] offset:8                   // 000000004B4C: EE068004 01000000 00000800
	s_wait_storecnt 0x0                                        // 000000004B58: BFC10000
	v_mov_b32_e32 v2, s11                                      // 000000004B5C: 7E04020B
	s_wait_idle                                                // 000000004B60: BF8A0000
	global_store_b32 v0, v2, s[4:5] offset:12                  // 000000004B64: EE068004 01000000 00000C00
	s_wait_storecnt 0x0                                        // 000000004B70: BFC10000
	v_mov_b32_e32 v2, s12                                      // 000000004B74: 7E04020C
	s_wait_idle                                                // 000000004B78: BF8A0000
	global_store_b32 v0, v2, s[4:5] offset:16                  // 000000004B7C: EE068004 01000000 00001000
	s_wait_storecnt 0x0                                        // 000000004B88: BFC10000
	v_mov_b32_e32 v2, s13                                      // 000000004B8C: 7E04020D
	s_wait_idle                                                // 000000004B90: BF8A0000
	global_store_b32 v0, v2, s[4:5] offset:20                  // 000000004B94: EE068004 01000000 00001400
	s_wait_storecnt 0x0                                        // 000000004BA0: BFC10000
	v_mov_b32_e32 v2, s14                                      // 000000004BA4: 7E04020E
	s_wait_idle                                                // 000000004BA8: BF8A0000
	global_store_b32 v0, v2, s[4:5] offset:24                  // 000000004BAC: EE068004 01000000 00001800
	s_wait_storecnt 0x0                                        // 000000004BB8: BFC10000
	v_mov_b32_e32 v2, s15                                      // 000000004BBC: 7E04020F
	s_wait_idle                                                // 000000004BC0: BF8A0000
	global_store_b32 v0, v2, s[4:5] offset:28                  // 000000004BC4: EE068004 01000000 00001C00
	s_wait_storecnt 0x0                                        // 000000004BD0: BFC10000
	v_mov_b32_e32 v2, s16                                      // 000000004BD4: 7E040210
	s_wait_idle                                                // 000000004BD8: BF8A0000
	global_store_b32 v0, v2, s[4:5] offset:32                  // 000000004BDC: EE068004 01000000 00002000
	s_wait_storecnt 0x0                                        // 000000004BE8: BFC10000
	v_mov_b32_e32 v2, s17                                      // 000000004BEC: 7E040211
	s_wait_idle                                                // 000000004BF0: BF8A0000
	global_store_b32 v0, v2, s[4:5] offset:36                  // 000000004BF4: EE068004 01000000 00002400
	s_wait_storecnt 0x0                                        // 000000004C00: BFC10000
	v_mov_b32_e32 v2, s18                                      // 000000004C04: 7E040212
	s_wait_idle                                                // 000000004C08: BF8A0000
	global_store_b32 v0, v2, s[4:5] offset:40                  // 000000004C0C: EE068004 01000000 00002800
	s_wait_storecnt 0x0                                        // 000000004C18: BFC10000
	v_mov_b32_e32 v2, s19                                      // 000000004C1C: 7E040213
	s_wait_idle                                                // 000000004C20: BF8A0000
	global_store_b32 v0, v2, s[4:5] offset:44                  // 000000004C24: EE068004 01000000 00002C00
	s_wait_storecnt 0x0                                        // 000000004C30: BFC10000
	v_mov_b32_e32 v2, s20                                      // 000000004C34: 7E040214
	s_wait_idle                                                // 000000004C38: BF8A0000
	global_store_b32 v0, v2, s[4:5] offset:48                  // 000000004C3C: EE068004 01000000 00003000
	s_wait_storecnt 0x0                                        // 000000004C48: BFC10000
	v_mov_b32_e32 v2, s21                                      // 000000004C4C: 7E040215
	s_wait_idle                                                // 000000004C50: BF8A0000
	global_store_b32 v0, v2, s[4:5] offset:52                  // 000000004C54: EE068004 01000000 00003400
	s_wait_storecnt 0x0                                        // 000000004C60: BFC10000
	v_mov_b32_e32 v2, s22                                      // 000000004C64: 7E040216
	s_wait_idle                                                // 000000004C68: BF8A0000
	global_store_b32 v0, v2, s[4:5] offset:56                  // 000000004C6C: EE068004 01000000 00003800
	s_wait_storecnt 0x0                                        // 000000004C78: BFC10000
	v_mov_b32_e32 v2, s23                                      // 000000004C7C: 7E040217
	s_wait_idle                                                // 000000004C80: BF8A0000
	global_store_b32 v0, v2, s[4:5] offset:60                  // 000000004C84: EE068004 01000000 00003C00
	s_wait_storecnt 0x0                                        // 000000004C90: BFC10000
	v_mov_b32_e32 v2, s24                                      // 000000004C94: 7E040218
	s_wait_idle                                                // 000000004C98: BF8A0000
	global_store_b32 v0, v2, s[4:5] offset:64                  // 000000004C9C: EE068004 01000000 00004000
	s_wait_storecnt 0x0                                        // 000000004CA8: BFC10000
	v_mov_b32_e32 v2, s25                                      // 000000004CAC: 7E040219
	s_wait_idle                                                // 000000004CB0: BF8A0000
	global_store_b32 v0, v2, s[4:5] offset:68                  // 000000004CB4: EE068004 01000000 00004400
	s_wait_storecnt 0x0                                        // 000000004CC0: BFC10000
	v_mov_b32_e32 v2, s26                                      // 000000004CC4: 7E04021A
	s_wait_idle                                                // 000000004CC8: BF8A0000
	global_store_b32 v0, v2, s[4:5] offset:72                  // 000000004CCC: EE068004 01000000 00004800
	s_wait_storecnt 0x0                                        // 000000004CD8: BFC10000
	v_mov_b32_e32 v2, s27                                      // 000000004CDC: 7E04021B
	s_wait_idle                                                // 000000004CE0: BF8A0000
	global_store_b32 v0, v2, s[4:5] offset:76                  // 000000004CE4: EE068004 01000000 00004C00
	s_wait_storecnt 0x0                                        // 000000004CF0: BFC10000
	v_mov_b32_e32 v2, s28                                      // 000000004CF4: 7E04021C
	s_wait_idle                                                // 000000004CF8: BF8A0000
	global_store_b32 v0, v2, s[4:5] offset:80                  // 000000004CFC: EE068004 01000000 00005000
	s_wait_storecnt 0x0                                        // 000000004D08: BFC10000
	v_mov_b32_e32 v2, s29                                      // 000000004D0C: 7E04021D
	s_wait_idle                                                // 000000004D10: BF8A0000
	global_store_b32 v0, v2, s[4:5] offset:84                  // 000000004D14: EE068004 01000000 00005400
	s_wait_storecnt 0x0                                        // 000000004D20: BFC10000
	v_mov_b32_e32 v2, s30                                      // 000000004D24: 7E04021E
	s_wait_idle                                                // 000000004D28: BF8A0000
	global_store_b32 v0, v2, s[4:5] offset:88                  // 000000004D2C: EE068004 01000000 00005800
	s_wait_storecnt 0x0                                        // 000000004D38: BFC10000
	v_mov_b32_e32 v2, s31                                      // 000000004D3C: 7E04021F
	s_wait_idle                                                // 000000004D40: BF8A0000
	global_store_b32 v0, v2, s[4:5] offset:92                  // 000000004D44: EE068004 01000000 00005C00
	s_wait_storecnt 0x0                                        // 000000004D50: BFC10000
	v_mov_b32_e32 v2, s32                                      // 000000004D54: 7E040220
	s_wait_idle                                                // 000000004D58: BF8A0000
	global_store_b32 v0, v2, s[4:5] offset:96                  // 000000004D5C: EE068004 01000000 00006000
	s_wait_storecnt 0x0                                        // 000000004D68: BFC10000
	v_mov_b32_e32 v2, s33                                      // 000000004D6C: 7E040221
	s_wait_idle                                                // 000000004D70: BF8A0000
	global_store_b32 v0, v2, s[4:5] offset:100                 // 000000004D74: EE068004 01000000 00006400
	s_wait_storecnt 0x0                                        // 000000004D80: BFC10000
	v_mov_b32_e32 v2, s34                                      // 000000004D84: 7E040222
	s_wait_idle                                                // 000000004D88: BF8A0000
	global_store_b32 v0, v2, s[4:5] offset:104                 // 000000004D8C: EE068004 01000000 00006800
	s_wait_storecnt 0x0                                        // 000000004D98: BFC10000
	v_mov_b32_e32 v2, s35                                      // 000000004D9C: 7E040223
	s_wait_idle                                                // 000000004DA0: BF8A0000
	global_store_b32 v0, v2, s[4:5] offset:108                 // 000000004DA4: EE068004 01000000 00006C00
	s_wait_storecnt 0x0                                        // 000000004DB0: BFC10000
	v_mov_b32_e32 v2, s36                                      // 000000004DB4: 7E040224
	s_wait_idle                                                // 000000004DB8: BF8A0000
	global_store_b32 v0, v2, s[4:5] offset:112                 // 000000004DBC: EE068004 01000000 00007000
	s_wait_storecnt 0x0                                        // 000000004DC8: BFC10000
	v_mov_b32_e32 v2, s37                                      // 000000004DCC: 7E040225
	s_wait_idle                                                // 000000004DD0: BF8A0000
	global_store_b32 v0, v2, s[4:5] offset:116                 // 000000004DD4: EE068004 01000000 00007400
	s_wait_storecnt 0x0                                        // 000000004DE0: BFC10000
	v_mov_b32_e32 v2, s38                                      // 000000004DE4: 7E040226
	s_wait_idle                                                // 000000004DE8: BF8A0000
	global_store_b32 v0, v2, s[4:5] offset:120                 // 000000004DEC: EE068004 01000000 00007800
	s_wait_storecnt 0x0                                        // 000000004DF8: BFC10000
	v_mov_b32_e32 v2, s39                                      // 000000004DFC: 7E040227
	s_wait_idle                                                // 000000004E00: BF8A0000
	global_store_b32 v0, v2, s[4:5] offset:124                 // 000000004E04: EE068004 01000000 00007C00
	s_wait_storecnt 0x0                                        // 000000004E10: BFC10000
	v_mov_b32_e32 v2, s40                                      // 000000004E14: 7E040228
	s_wait_idle                                                // 000000004E18: BF8A0000
	global_store_b32 v0, v2, s[4:5] offset:128                 // 000000004E1C: EE068004 01000000 00008000
	s_wait_storecnt 0x0                                        // 000000004E28: BFC10000
	s_wait_storecnt 0x0                                        // 000000004E2C: BFC10000
	s_endpgm                                                   // 000000004E30: BFB00000
	s_nop 0                                                    // 000000004E34: BF800000
	s_nop 0                                                    // 000000004E38: BF800000
	s_nop 0                                                    // 000000004E3C: BF800000
	s_nop 0                                                    // 000000004E40: BF800000
	s_nop 0                                                    // 000000004E44: BF800000
	s_nop 0                                                    // 000000004E48: BF800000
	s_nop 0                                                    // 000000004E4C: BF800000
	s_nop 0                                                    // 000000004E50: BF800000
	s_nop 0                                                    // 000000004E54: BF800000
	s_nop 0                                                    // 000000004E58: BF800000
	s_nop 0                                                    // 000000004E5C: BF800000
	s_nop 0                                                    // 000000004E60: BF800000
	s_nop 0                                                    // 000000004E64: BF800000
	s_nop 0                                                    // 000000004E68: BF800000
	s_nop 0                                                    // 000000004E6C: BF800000
	s_nop 0                                                    // 000000004E70: BF800000
	s_nop 0                                                    // 000000004E74: BF800000
	s_nop 0                                                    // 000000004E78: BF800000
	s_nop 0                                                    // 000000004E7C: BF800000
	s_nop 0                                                    // 000000004E80: BF800000
	s_nop 0                                                    // 000000004E84: BF800000
	s_nop 0                                                    // 000000004E88: BF800000
	s_nop 0                                                    // 000000004E8C: BF800000
	s_nop 0                                                    // 000000004E90: BF800000
	s_nop 0                                                    // 000000004E94: BF800000
	s_nop 0                                                    // 000000004E98: BF800000
	s_nop 0                                                    // 000000004E9C: BF800000
	s_nop 0                                                    // 000000004EA0: BF800000
	s_nop 0                                                    // 000000004EA4: BF800000
	s_nop 0                                                    // 000000004EA8: BF800000
	s_nop 0                                                    // 000000004EAC: BF800000
	s_nop 0                                                    // 000000004EB0: BF800000
	s_nop 0                                                    // 000000004EB4: BF800000
	s_nop 0                                                    // 000000004EB8: BF800000
	s_nop 0                                                    // 000000004EBC: BF800000
	s_nop 0                                                    // 000000004EC0: BF800000
	s_nop 0                                                    // 000000004EC4: BF800000
	s_nop 0                                                    // 000000004EC8: BF800000
	s_nop 0                                                    // 000000004ECC: BF800000
	s_nop 0                                                    // 000000004ED0: BF800000
	s_nop 0                                                    // 000000004ED4: BF800000
	s_nop 0                                                    // 000000004ED8: BF800000
	s_nop 0                                                    // 000000004EDC: BF800000
	s_nop 0                                                    // 000000004EE0: BF800000
	s_nop 0                                                    // 000000004EE4: BF800000
	s_nop 0                                                    // 000000004EE8: BF800000
	s_nop 0                                                    // 000000004EEC: BF800000
	s_nop 0                                                    // 000000004EF0: BF800000
	s_nop 0                                                    // 000000004EF4: BF800000
	s_nop 0                                                    // 000000004EF8: BF800000
	s_nop 0                                                    // 000000004EFC: BF800000

0000000000004f00 <sentinel_45_1>:
	global_prefetch_b8 v0, s[0:1] scope:SCOPE_SE               // 000000004F00: EE174000 00040000 00000000
	v_nop                                                      // 000000004F0C: 7E000000
	s_setreg_imm32_b32 hwreg(HW_REG_WAVE_MODE, 25, 1), 1       // 000000004F10: B9800641 00000001
	s_load_b64 s[4:5], s[0:1], 0x0 nv                          // 000000004F18: F4102100 F8000000
	s_wait_kmcnt 0x0                                           // 000000004F20: BFC70000
	s_mov_b32 s6, 0                                            // 000000004F24: BE860080
	s_setreg_b32 hwreg(HW_REG_WAVE_MODE, 12, 8), s6            // 000000004F28: B9063B01
	s_nop 0                                                    // 000000004F2C: BF800000
	s_set_vgpr_msb 0                                           // 000000004F30: BF860000
	s_nop 0                                                    // 000000004F34: BF800000
	v_mov_b32_e32 v1, 0x11000000                               // 000000004F38: 7E0202FF 11000000
	s_wait_idle                                                // 000000004F40: BF8A0000
	s_mov_b32 s7, 0x11000001                                   // 000000004F44: BE8700FF 11000001
	v_writelane_b32 v1, s7, 1                                  // 000000004F4C: D7610001 02010207
	s_wait_idle                                                // 000000004F54: BF8A0000
	s_mov_b32 s7, 0x11000010                                   // 000000004F58: BE8700FF 11000010
	v_writelane_b32 v1, s7, 16                                 // 000000004F60: D7610001 02012007
	s_wait_idle                                                // 000000004F68: BF8A0000
	s_set_vgpr_msb 0x41                                        // 000000004F6C: BF860041
	s_nop 0                                                    // 000000004F70: BF800000
	v_mov_b32_e32 v1 /*v257*/, 0x22000000                      // 000000004F74: 7E0202FF 22000000
	s_wait_idle                                                // 000000004F7C: BF8A0000
	s_mov_b32 s7, 0x22000001                                   // 000000004F80: BE8700FF 22000001
	v_writelane_b32 v1 /*v257*/, s7, 1                         // 000000004F88: D7610001 02010207
	s_wait_idle                                                // 000000004F90: BF8A0000
	s_mov_b32 s7, 0x22000010                                   // 000000004F94: BE8700FF 22000010
	v_writelane_b32 v1 /*v257*/, s7, 16                        // 000000004F9C: D7610001 02012007
	s_wait_idle                                                // 000000004FA4: BF8A0000
	s_set_vgpr_msb 0x4182                                      // 000000004FA8: BF864182
	s_nop 0                                                    // 000000004FAC: BF800000
	v_mov_b32_e32 v1 /*v513*/, 0x33000000                      // 000000004FB0: 7E0202FF 33000000
	s_wait_idle                                                // 000000004FB8: BF8A0000
	s_mov_b32 s7, 0x33000001                                   // 000000004FBC: BE8700FF 33000001
	v_writelane_b32 v1 /*v513*/, s7, 1                         // 000000004FC4: D7610001 02010207
	s_wait_idle                                                // 000000004FCC: BF8A0000
	s_mov_b32 s7, 0x33000010                                   // 000000004FD0: BE8700FF 33000010
	v_writelane_b32 v1 /*v513*/, s7, 16                        // 000000004FD8: D7610001 02012007
	s_wait_idle                                                // 000000004FE0: BF8A0000
	v_readlane_b32 s22, v1 /*v513*/, 0                         // 000000004FE4: D7600016 02010101
	v_readlane_b32 s23, v1 /*v513*/, 1                         // 000000004FEC: D7600017 02010301
	v_readlane_b32 s24, v1 /*v513*/, 16                        // 000000004FF4: D7600018 02012101
	s_set_vgpr_msb 0x8241                                      // 000000004FFC: BF868241
	s_nop 0                                                    // 000000005000: BF800000
	v_readlane_b32 s19, v1 /*v257*/, 0                         // 000000005004: D7600013 02010101
	v_readlane_b32 s20, v1 /*v257*/, 1                         // 00000000500C: D7600014 02010301
	v_readlane_b32 s21, v1 /*v257*/, 16                        // 000000005014: D7600015 02012101
	s_set_vgpr_msb 0x4100                                      // 00000000501C: BF864100
	s_nop 0                                                    // 000000005020: BF800000
	v_readlane_b32 s16, v1, 0                                  // 000000005024: D7600010 02010101
	v_readlane_b32 s17, v1, 1                                  // 00000000502C: D7600011 02010301
	v_readlane_b32 s18, v1, 16                                 // 000000005034: D7600012 02012101
	s_mov_b32 s8, 0x53545250                                   // 00000000503C: BE8800FF 53545250
	s_mov_b32 s9, 1                                            // 000000005044: BE890081
	s_mov_b32 s10, 0x45                                        // 000000005048: BE8A00FF 00000045
	s_mov_b32 s11, 1                                           // 000000005050: BE8B0081
	s_mov_b32 s40, 0x434f4d50                                  // 000000005054: BEA800FF 434F4D50
	s_set_vgpr_msb 0x45                                        // 00000000505C: BF860045
	s_nop 0                                                    // 000000005060: BF800000
	s_wait_idle                                                // 000000005064: BF8A0000
	s_getreg_b32 s14, hwreg(HW_REG_WAVE_STATUS)                // 000000005068: B88EF802
	s_mov_b32 s38, exec_lo                                     // 00000000506C: BEA6007E
	s_getreg_b32 s12, hwreg(HW_REG_WAVE_MODE)                  // 000000005070: B88CF801
	s_get_pc_i64 s[34:35]                                      // 000000005074: BEA24700
	s_add_co_u32 s34, s34, lit(0x14)                           // 000000005078: 8022FF22 00000014
	s_add_co_ci_u32 s35, s35, 0                                // 000000005080: 82238023
	s_nop 0                                                    // 000000005084: BF800000
	s_trap 3                                                   // 000000005088: BF900003
	s_getreg_b32 s13, hwreg(HW_REG_WAVE_MODE)                  // 00000000508C: B88DF801
	s_mov_b32 s36, ttmp0                                       // 000000005090: BEA4006C
	s_mov_b32 s37, ttmp1                                       // 000000005094: BEA5006D
	s_mov_b32 s39, exec_lo                                     // 000000005098: BEA7007E
	s_wait_idle                                                // 00000000509C: BF8A0000
	s_getreg_b32 s15, hwreg(HW_REG_WAVE_STATUS)                // 0000000050A0: B88FF802
	s_set_vgpr_msb 0x4500                                      // 0000000050A4: BF864500
	s_nop 0                                                    // 0000000050A8: BF800000
	v_readlane_b32 s25, v1, 0                                  // 0000000050AC: D7600019 02010101
	v_readlane_b32 s26, v1, 1                                  // 0000000050B4: D760001A 02010301
	v_readlane_b32 s27, v1, 16                                 // 0000000050BC: D760001B 02012101
	s_set_vgpr_msb 0x41                                        // 0000000050C4: BF860041
	s_nop 0                                                    // 0000000050C8: BF800000
	v_readlane_b32 s28, v1 /*v257*/, 0                         // 0000000050CC: D760001C 02010101
	v_readlane_b32 s29, v1 /*v257*/, 1                         // 0000000050D4: D760001D 02010301
	v_readlane_b32 s30, v1 /*v257*/, 16                        // 0000000050DC: D760001E 02012101
	s_set_vgpr_msb 0x4182                                      // 0000000050E4: BF864182
	s_nop 0                                                    // 0000000050E8: BF800000
	v_readlane_b32 s31, v1 /*v513*/, 0                         // 0000000050EC: D760001F 02010101
	v_readlane_b32 s32, v1 /*v513*/, 1                         // 0000000050F4: D7600020 02010301
	v_readlane_b32 s33, v1 /*v513*/, 16                        // 0000000050FC: D7600021 02012101
	s_set_vgpr_msb 0x8200                                      // 000000005104: BF868200
	s_nop 0                                                    // 000000005108: BF800000
	s_mov_b32 exec_lo, 1                                       // 00000000510C: BEFE0081
	v_mov_b32_e32 v0, 0                                        // 000000005110: 7E000280
	v_mov_b32_e32 v2, s8                                       // 000000005114: 7E040208
	s_wait_idle                                                // 000000005118: BF8A0000
	global_store_b32 v0, v2, s[4:5]                            // 00000000511C: EE068004 01000000 00000000
	s_wait_storecnt 0x0                                        // 000000005128: BFC10000
	v_mov_b32_e32 v2, s9                                       // 00000000512C: 7E040209
	s_wait_idle                                                // 000000005130: BF8A0000
	global_store_b32 v0, v2, s[4:5] offset:4                   // 000000005134: EE068004 01000000 00000400
	s_wait_storecnt 0x0                                        // 000000005140: BFC10000
	v_mov_b32_e32 v2, s10                                      // 000000005144: 7E04020A
	s_wait_idle                                                // 000000005148: BF8A0000
	global_store_b32 v0, v2, s[4:5] offset:8                   // 00000000514C: EE068004 01000000 00000800
	s_wait_storecnt 0x0                                        // 000000005158: BFC10000
	v_mov_b32_e32 v2, s11                                      // 00000000515C: 7E04020B
	s_wait_idle                                                // 000000005160: BF8A0000
	global_store_b32 v0, v2, s[4:5] offset:12                  // 000000005164: EE068004 01000000 00000C00
	s_wait_storecnt 0x0                                        // 000000005170: BFC10000
	v_mov_b32_e32 v2, s12                                      // 000000005174: 7E04020C
	s_wait_idle                                                // 000000005178: BF8A0000
	global_store_b32 v0, v2, s[4:5] offset:16                  // 00000000517C: EE068004 01000000 00001000
	s_wait_storecnt 0x0                                        // 000000005188: BFC10000
	v_mov_b32_e32 v2, s13                                      // 00000000518C: 7E04020D
	s_wait_idle                                                // 000000005190: BF8A0000
	global_store_b32 v0, v2, s[4:5] offset:20                  // 000000005194: EE068004 01000000 00001400
	s_wait_storecnt 0x0                                        // 0000000051A0: BFC10000
	v_mov_b32_e32 v2, s14                                      // 0000000051A4: 7E04020E
	s_wait_idle                                                // 0000000051A8: BF8A0000
	global_store_b32 v0, v2, s[4:5] offset:24                  // 0000000051AC: EE068004 01000000 00001800
	s_wait_storecnt 0x0                                        // 0000000051B8: BFC10000
	v_mov_b32_e32 v2, s15                                      // 0000000051BC: 7E04020F
	s_wait_idle                                                // 0000000051C0: BF8A0000
	global_store_b32 v0, v2, s[4:5] offset:28                  // 0000000051C4: EE068004 01000000 00001C00
	s_wait_storecnt 0x0                                        // 0000000051D0: BFC10000
	v_mov_b32_e32 v2, s16                                      // 0000000051D4: 7E040210
	s_wait_idle                                                // 0000000051D8: BF8A0000
	global_store_b32 v0, v2, s[4:5] offset:32                  // 0000000051DC: EE068004 01000000 00002000
	s_wait_storecnt 0x0                                        // 0000000051E8: BFC10000
	v_mov_b32_e32 v2, s17                                      // 0000000051EC: 7E040211
	s_wait_idle                                                // 0000000051F0: BF8A0000
	global_store_b32 v0, v2, s[4:5] offset:36                  // 0000000051F4: EE068004 01000000 00002400
	s_wait_storecnt 0x0                                        // 000000005200: BFC10000
	v_mov_b32_e32 v2, s18                                      // 000000005204: 7E040212
	s_wait_idle                                                // 000000005208: BF8A0000
	global_store_b32 v0, v2, s[4:5] offset:40                  // 00000000520C: EE068004 01000000 00002800
	s_wait_storecnt 0x0                                        // 000000005218: BFC10000
	v_mov_b32_e32 v2, s19                                      // 00000000521C: 7E040213
	s_wait_idle                                                // 000000005220: BF8A0000
	global_store_b32 v0, v2, s[4:5] offset:44                  // 000000005224: EE068004 01000000 00002C00
	s_wait_storecnt 0x0                                        // 000000005230: BFC10000
	v_mov_b32_e32 v2, s20                                      // 000000005234: 7E040214
	s_wait_idle                                                // 000000005238: BF8A0000
	global_store_b32 v0, v2, s[4:5] offset:48                  // 00000000523C: EE068004 01000000 00003000
	s_wait_storecnt 0x0                                        // 000000005248: BFC10000
	v_mov_b32_e32 v2, s21                                      // 00000000524C: 7E040215
	s_wait_idle                                                // 000000005250: BF8A0000
	global_store_b32 v0, v2, s[4:5] offset:52                  // 000000005254: EE068004 01000000 00003400
	s_wait_storecnt 0x0                                        // 000000005260: BFC10000
	v_mov_b32_e32 v2, s22                                      // 000000005264: 7E040216
	s_wait_idle                                                // 000000005268: BF8A0000
	global_store_b32 v0, v2, s[4:5] offset:56                  // 00000000526C: EE068004 01000000 00003800
	s_wait_storecnt 0x0                                        // 000000005278: BFC10000
	v_mov_b32_e32 v2, s23                                      // 00000000527C: 7E040217
	s_wait_idle                                                // 000000005280: BF8A0000
	global_store_b32 v0, v2, s[4:5] offset:60                  // 000000005284: EE068004 01000000 00003C00
	s_wait_storecnt 0x0                                        // 000000005290: BFC10000
	v_mov_b32_e32 v2, s24                                      // 000000005294: 7E040218
	s_wait_idle                                                // 000000005298: BF8A0000
	global_store_b32 v0, v2, s[4:5] offset:64                  // 00000000529C: EE068004 01000000 00004000
	s_wait_storecnt 0x0                                        // 0000000052A8: BFC10000
	v_mov_b32_e32 v2, s25                                      // 0000000052AC: 7E040219
	s_wait_idle                                                // 0000000052B0: BF8A0000
	global_store_b32 v0, v2, s[4:5] offset:68                  // 0000000052B4: EE068004 01000000 00004400
	s_wait_storecnt 0x0                                        // 0000000052C0: BFC10000
	v_mov_b32_e32 v2, s26                                      // 0000000052C4: 7E04021A
	s_wait_idle                                                // 0000000052C8: BF8A0000
	global_store_b32 v0, v2, s[4:5] offset:72                  // 0000000052CC: EE068004 01000000 00004800
	s_wait_storecnt 0x0                                        // 0000000052D8: BFC10000
	v_mov_b32_e32 v2, s27                                      // 0000000052DC: 7E04021B
	s_wait_idle                                                // 0000000052E0: BF8A0000
	global_store_b32 v0, v2, s[4:5] offset:76                  // 0000000052E4: EE068004 01000000 00004C00
	s_wait_storecnt 0x0                                        // 0000000052F0: BFC10000
	v_mov_b32_e32 v2, s28                                      // 0000000052F4: 7E04021C
	s_wait_idle                                                // 0000000052F8: BF8A0000
	global_store_b32 v0, v2, s[4:5] offset:80                  // 0000000052FC: EE068004 01000000 00005000
	s_wait_storecnt 0x0                                        // 000000005308: BFC10000
	v_mov_b32_e32 v2, s29                                      // 00000000530C: 7E04021D
	s_wait_idle                                                // 000000005310: BF8A0000
	global_store_b32 v0, v2, s[4:5] offset:84                  // 000000005314: EE068004 01000000 00005400
	s_wait_storecnt 0x0                                        // 000000005320: BFC10000
	v_mov_b32_e32 v2, s30                                      // 000000005324: 7E04021E
	s_wait_idle                                                // 000000005328: BF8A0000
	global_store_b32 v0, v2, s[4:5] offset:88                  // 00000000532C: EE068004 01000000 00005800
	s_wait_storecnt 0x0                                        // 000000005338: BFC10000
	v_mov_b32_e32 v2, s31                                      // 00000000533C: 7E04021F
	s_wait_idle                                                // 000000005340: BF8A0000
	global_store_b32 v0, v2, s[4:5] offset:92                  // 000000005344: EE068004 01000000 00005C00
	s_wait_storecnt 0x0                                        // 000000005350: BFC10000
	v_mov_b32_e32 v2, s32                                      // 000000005354: 7E040220
	s_wait_idle                                                // 000000005358: BF8A0000
	global_store_b32 v0, v2, s[4:5] offset:96                  // 00000000535C: EE068004 01000000 00006000
	s_wait_storecnt 0x0                                        // 000000005368: BFC10000
	v_mov_b32_e32 v2, s33                                      // 00000000536C: 7E040221
	s_wait_idle                                                // 000000005370: BF8A0000
	global_store_b32 v0, v2, s[4:5] offset:100                 // 000000005374: EE068004 01000000 00006400
	s_wait_storecnt 0x0                                        // 000000005380: BFC10000
	v_mov_b32_e32 v2, s34                                      // 000000005384: 7E040222
	s_wait_idle                                                // 000000005388: BF8A0000
	global_store_b32 v0, v2, s[4:5] offset:104                 // 00000000538C: EE068004 01000000 00006800
	s_wait_storecnt 0x0                                        // 000000005398: BFC10000
	v_mov_b32_e32 v2, s35                                      // 00000000539C: 7E040223
	s_wait_idle                                                // 0000000053A0: BF8A0000
	global_store_b32 v0, v2, s[4:5] offset:108                 // 0000000053A4: EE068004 01000000 00006C00
	s_wait_storecnt 0x0                                        // 0000000053B0: BFC10000
	v_mov_b32_e32 v2, s36                                      // 0000000053B4: 7E040224
	s_wait_idle                                                // 0000000053B8: BF8A0000
	global_store_b32 v0, v2, s[4:5] offset:112                 // 0000000053BC: EE068004 01000000 00007000
	s_wait_storecnt 0x0                                        // 0000000053C8: BFC10000
	v_mov_b32_e32 v2, s37                                      // 0000000053CC: 7E040225
	s_wait_idle                                                // 0000000053D0: BF8A0000
	global_store_b32 v0, v2, s[4:5] offset:116                 // 0000000053D4: EE068004 01000000 00007400
	s_wait_storecnt 0x0                                        // 0000000053E0: BFC10000
	v_mov_b32_e32 v2, s38                                      // 0000000053E4: 7E040226
	s_wait_idle                                                // 0000000053E8: BF8A0000
	global_store_b32 v0, v2, s[4:5] offset:120                 // 0000000053EC: EE068004 01000000 00007800
	s_wait_storecnt 0x0                                        // 0000000053F8: BFC10000
	v_mov_b32_e32 v2, s39                                      // 0000000053FC: 7E040227
	s_wait_idle                                                // 000000005400: BF8A0000
	global_store_b32 v0, v2, s[4:5] offset:124                 // 000000005404: EE068004 01000000 00007C00
	s_wait_storecnt 0x0                                        // 000000005410: BFC10000
	v_mov_b32_e32 v2, s40                                      // 000000005414: 7E040228
	s_wait_idle                                                // 000000005418: BF8A0000
	global_store_b32 v0, v2, s[4:5] offset:128                 // 00000000541C: EE068004 01000000 00008000
	s_wait_storecnt 0x0                                        // 000000005428: BFC10000
	s_wait_storecnt 0x0                                        // 00000000542C: BFC10000
	s_endpgm                                                   // 000000005430: BFB00000
	s_nop 0                                                    // 000000005434: BF800000
	s_nop 0                                                    // 000000005438: BF800000
	s_nop 0                                                    // 00000000543C: BF800000
	s_nop 0                                                    // 000000005440: BF800000
	s_nop 0                                                    // 000000005444: BF800000
	s_nop 0                                                    // 000000005448: BF800000
	s_nop 0                                                    // 00000000544C: BF800000
	s_nop 0                                                    // 000000005450: BF800000
	s_nop 0                                                    // 000000005454: BF800000
	s_nop 0                                                    // 000000005458: BF800000
	s_nop 0                                                    // 00000000545C: BF800000
	s_nop 0                                                    // 000000005460: BF800000
	s_nop 0                                                    // 000000005464: BF800000
	s_nop 0                                                    // 000000005468: BF800000
	s_nop 0                                                    // 00000000546C: BF800000
	s_nop 0                                                    // 000000005470: BF800000
	s_nop 0                                                    // 000000005474: BF800000
	s_nop 0                                                    // 000000005478: BF800000
	s_nop 0                                                    // 00000000547C: BF800000
	s_nop 0                                                    // 000000005480: BF800000
	s_nop 0                                                    // 000000005484: BF800000
	s_nop 0                                                    // 000000005488: BF800000
	s_nop 0                                                    // 00000000548C: BF800000
	s_nop 0                                                    // 000000005490: BF800000
	s_nop 0                                                    // 000000005494: BF800000
	s_nop 0                                                    // 000000005498: BF800000
	s_nop 0                                                    // 00000000549C: BF800000
	s_nop 0                                                    // 0000000054A0: BF800000
	s_nop 0                                                    // 0000000054A4: BF800000
	s_nop 0                                                    // 0000000054A8: BF800000
	s_nop 0                                                    // 0000000054AC: BF800000
	s_nop 0                                                    // 0000000054B0: BF800000
	s_nop 0                                                    // 0000000054B4: BF800000
	s_nop 0                                                    // 0000000054B8: BF800000
	s_nop 0                                                    // 0000000054BC: BF800000
	s_nop 0                                                    // 0000000054C0: BF800000
	s_nop 0                                                    // 0000000054C4: BF800000
	s_nop 0                                                    // 0000000054C8: BF800000
	s_nop 0                                                    // 0000000054CC: BF800000
	s_nop 0                                                    // 0000000054D0: BF800000
	s_nop 0                                                    // 0000000054D4: BF800000
	s_nop 0                                                    // 0000000054D8: BF800000
	s_nop 0                                                    // 0000000054DC: BF800000
	s_nop 0                                                    // 0000000054E0: BF800000
	s_nop 0                                                    // 0000000054E4: BF800000
	s_nop 0                                                    // 0000000054E8: BF800000
	s_nop 0                                                    // 0000000054EC: BF800000
	s_nop 0                                                    // 0000000054F0: BF800000
	s_nop 0                                                    // 0000000054F4: BF800000
	s_nop 0                                                    // 0000000054F8: BF800000
	s_nop 0                                                    // 0000000054FC: BF800000

0000000000005500 <sentinel_82_0>:
	global_prefetch_b8 v0, s[0:1] scope:SCOPE_SE               // 000000005500: EE174000 00040000 00000000
	v_nop                                                      // 00000000550C: 7E000000
	s_setreg_imm32_b32 hwreg(HW_REG_WAVE_MODE, 25, 1), 1       // 000000005510: B9800641 00000001
	s_load_b64 s[4:5], s[0:1], 0x0 nv                          // 000000005518: F4102100 F8000000
	s_wait_kmcnt 0x0                                           // 000000005520: BFC70000
	s_mov_b32 s6, 0                                            // 000000005524: BE860080
	s_setreg_b32 hwreg(HW_REG_WAVE_MODE, 12, 8), s6            // 000000005528: B9063B01
	s_nop 0                                                    // 00000000552C: BF800000
	s_set_vgpr_msb 0                                           // 000000005530: BF860000
	s_nop 0                                                    // 000000005534: BF800000
	v_mov_b32_e32 v1, 0x11000000                               // 000000005538: 7E0202FF 11000000
	s_wait_idle                                                // 000000005540: BF8A0000
	s_mov_b32 s7, 0x11000001                                   // 000000005544: BE8700FF 11000001
	v_writelane_b32 v1, s7, 1                                  // 00000000554C: D7610001 02010207
	s_wait_idle                                                // 000000005554: BF8A0000
	s_mov_b32 s7, 0x11000010                                   // 000000005558: BE8700FF 11000010
	v_writelane_b32 v1, s7, 16                                 // 000000005560: D7610001 02012007
	s_wait_idle                                                // 000000005568: BF8A0000
	s_set_vgpr_msb 0x41                                        // 00000000556C: BF860041
	s_nop 0                                                    // 000000005570: BF800000
	v_mov_b32_e32 v1 /*v257*/, 0x22000000                      // 000000005574: 7E0202FF 22000000
	s_wait_idle                                                // 00000000557C: BF8A0000
	s_mov_b32 s7, 0x22000001                                   // 000000005580: BE8700FF 22000001
	v_writelane_b32 v1 /*v257*/, s7, 1                         // 000000005588: D7610001 02010207
	s_wait_idle                                                // 000000005590: BF8A0000
	s_mov_b32 s7, 0x22000010                                   // 000000005594: BE8700FF 22000010
	v_writelane_b32 v1 /*v257*/, s7, 16                        // 00000000559C: D7610001 02012007
	s_wait_idle                                                // 0000000055A4: BF8A0000
	s_set_vgpr_msb 0x4182                                      // 0000000055A8: BF864182
	s_nop 0                                                    // 0000000055AC: BF800000
	v_mov_b32_e32 v1 /*v513*/, 0x33000000                      // 0000000055B0: 7E0202FF 33000000
	s_wait_idle                                                // 0000000055B8: BF8A0000
	s_mov_b32 s7, 0x33000001                                   // 0000000055BC: BE8700FF 33000001
	v_writelane_b32 v1 /*v513*/, s7, 1                         // 0000000055C4: D7610001 02010207
	s_wait_idle                                                // 0000000055CC: BF8A0000
	s_mov_b32 s7, 0x33000010                                   // 0000000055D0: BE8700FF 33000010
	v_writelane_b32 v1 /*v513*/, s7, 16                        // 0000000055D8: D7610001 02012007
	s_wait_idle                                                // 0000000055E0: BF8A0000
	v_readlane_b32 s22, v1 /*v513*/, 0                         // 0000000055E4: D7600016 02010101
	v_readlane_b32 s23, v1 /*v513*/, 1                         // 0000000055EC: D7600017 02010301
	v_readlane_b32 s24, v1 /*v513*/, 16                        // 0000000055F4: D7600018 02012101
	s_set_vgpr_msb 0x8241                                      // 0000000055FC: BF868241
	s_nop 0                                                    // 000000005600: BF800000
	v_readlane_b32 s19, v1 /*v257*/, 0                         // 000000005604: D7600013 02010101
	v_readlane_b32 s20, v1 /*v257*/, 1                         // 00000000560C: D7600014 02010301
	v_readlane_b32 s21, v1 /*v257*/, 16                        // 000000005614: D7600015 02012101
	s_set_vgpr_msb 0x4100                                      // 00000000561C: BF864100
	s_nop 0                                                    // 000000005620: BF800000
	v_readlane_b32 s16, v1, 0                                  // 000000005624: D7600010 02010101
	v_readlane_b32 s17, v1, 1                                  // 00000000562C: D7600011 02010301
	v_readlane_b32 s18, v1, 16                                 // 000000005634: D7600012 02012101
	s_mov_b32 s8, 0x53545250                                   // 00000000563C: BE8800FF 53545250
	s_mov_b32 s9, 1                                            // 000000005644: BE890081
	s_mov_b32 s10, 0x82                                        // 000000005648: BE8A00FF 00000082
	s_mov_b32 s11, 0                                           // 000000005650: BE8B0080
	s_mov_b32 s40, 0x434f4d50                                  // 000000005654: BEA800FF 434F4D50
	s_set_vgpr_msb 0x82                                        // 00000000565C: BF860082
	s_nop 0                                                    // 000000005660: BF800000
	s_wait_idle                                                // 000000005664: BF8A0000
	s_getreg_b32 s14, hwreg(HW_REG_WAVE_STATUS)                // 000000005668: B88EF802
	s_mov_b32 s38, exec_lo                                     // 00000000566C: BEA6007E
	s_getreg_b32 s12, hwreg(HW_REG_WAVE_MODE)                  // 000000005670: B88CF801
	s_get_pc_i64 s[34:35]                                      // 000000005674: BEA24700
	s_add_co_u32 s34, s34, lit(0x14)                           // 000000005678: 8022FF22 00000014
	s_add_co_ci_u32 s35, s35, 0                                // 000000005680: 82238023
	s_nop 0                                                    // 000000005684: BF800000
	s_nop 0                                                    // 000000005688: BF800000
	s_getreg_b32 s13, hwreg(HW_REG_WAVE_MODE)                  // 00000000568C: B88DF801
	s_mov_b32 s36, ttmp0                                       // 000000005690: BEA4006C
	s_mov_b32 s37, ttmp1                                       // 000000005694: BEA5006D
	s_mov_b32 s39, exec_lo                                     // 000000005698: BEA7007E
	s_wait_idle                                                // 00000000569C: BF8A0000
	s_getreg_b32 s15, hwreg(HW_REG_WAVE_STATUS)                // 0000000056A0: B88FF802
	s_set_vgpr_msb 0x8200                                      // 0000000056A4: BF868200
	s_nop 0                                                    // 0000000056A8: BF800000
	v_readlane_b32 s25, v1, 0                                  // 0000000056AC: D7600019 02010101
	v_readlane_b32 s26, v1, 1                                  // 0000000056B4: D760001A 02010301
	v_readlane_b32 s27, v1, 16                                 // 0000000056BC: D760001B 02012101
	s_set_vgpr_msb 0x41                                        // 0000000056C4: BF860041
	s_nop 0                                                    // 0000000056C8: BF800000
	v_readlane_b32 s28, v1 /*v257*/, 0                         // 0000000056CC: D760001C 02010101
	v_readlane_b32 s29, v1 /*v257*/, 1                         // 0000000056D4: D760001D 02010301
	v_readlane_b32 s30, v1 /*v257*/, 16                        // 0000000056DC: D760001E 02012101
	s_set_vgpr_msb 0x4182                                      // 0000000056E4: BF864182
	s_nop 0                                                    // 0000000056E8: BF800000
	v_readlane_b32 s31, v1 /*v513*/, 0                         // 0000000056EC: D760001F 02010101
	v_readlane_b32 s32, v1 /*v513*/, 1                         // 0000000056F4: D7600020 02010301
	v_readlane_b32 s33, v1 /*v513*/, 16                        // 0000000056FC: D7600021 02012101
	s_set_vgpr_msb 0x8200                                      // 000000005704: BF868200
	s_nop 0                                                    // 000000005708: BF800000
	s_mov_b32 exec_lo, 1                                       // 00000000570C: BEFE0081
	v_mov_b32_e32 v0, 0                                        // 000000005710: 7E000280
	v_mov_b32_e32 v2, s8                                       // 000000005714: 7E040208
	s_wait_idle                                                // 000000005718: BF8A0000
	global_store_b32 v0, v2, s[4:5]                            // 00000000571C: EE068004 01000000 00000000
	s_wait_storecnt 0x0                                        // 000000005728: BFC10000
	v_mov_b32_e32 v2, s9                                       // 00000000572C: 7E040209
	s_wait_idle                                                // 000000005730: BF8A0000
	global_store_b32 v0, v2, s[4:5] offset:4                   // 000000005734: EE068004 01000000 00000400
	s_wait_storecnt 0x0                                        // 000000005740: BFC10000
	v_mov_b32_e32 v2, s10                                      // 000000005744: 7E04020A
	s_wait_idle                                                // 000000005748: BF8A0000
	global_store_b32 v0, v2, s[4:5] offset:8                   // 00000000574C: EE068004 01000000 00000800
	s_wait_storecnt 0x0                                        // 000000005758: BFC10000
	v_mov_b32_e32 v2, s11                                      // 00000000575C: 7E04020B
	s_wait_idle                                                // 000000005760: BF8A0000
	global_store_b32 v0, v2, s[4:5] offset:12                  // 000000005764: EE068004 01000000 00000C00
	s_wait_storecnt 0x0                                        // 000000005770: BFC10000
	v_mov_b32_e32 v2, s12                                      // 000000005774: 7E04020C
	s_wait_idle                                                // 000000005778: BF8A0000
	global_store_b32 v0, v2, s[4:5] offset:16                  // 00000000577C: EE068004 01000000 00001000
	s_wait_storecnt 0x0                                        // 000000005788: BFC10000
	v_mov_b32_e32 v2, s13                                      // 00000000578C: 7E04020D
	s_wait_idle                                                // 000000005790: BF8A0000
	global_store_b32 v0, v2, s[4:5] offset:20                  // 000000005794: EE068004 01000000 00001400
	s_wait_storecnt 0x0                                        // 0000000057A0: BFC10000
	v_mov_b32_e32 v2, s14                                      // 0000000057A4: 7E04020E
	s_wait_idle                                                // 0000000057A8: BF8A0000
	global_store_b32 v0, v2, s[4:5] offset:24                  // 0000000057AC: EE068004 01000000 00001800
	s_wait_storecnt 0x0                                        // 0000000057B8: BFC10000
	v_mov_b32_e32 v2, s15                                      // 0000000057BC: 7E04020F
	s_wait_idle                                                // 0000000057C0: BF8A0000
	global_store_b32 v0, v2, s[4:5] offset:28                  // 0000000057C4: EE068004 01000000 00001C00
	s_wait_storecnt 0x0                                        // 0000000057D0: BFC10000
	v_mov_b32_e32 v2, s16                                      // 0000000057D4: 7E040210
	s_wait_idle                                                // 0000000057D8: BF8A0000
	global_store_b32 v0, v2, s[4:5] offset:32                  // 0000000057DC: EE068004 01000000 00002000
	s_wait_storecnt 0x0                                        // 0000000057E8: BFC10000
	v_mov_b32_e32 v2, s17                                      // 0000000057EC: 7E040211
	s_wait_idle                                                // 0000000057F0: BF8A0000
	global_store_b32 v0, v2, s[4:5] offset:36                  // 0000000057F4: EE068004 01000000 00002400
	s_wait_storecnt 0x0                                        // 000000005800: BFC10000
	v_mov_b32_e32 v2, s18                                      // 000000005804: 7E040212
	s_wait_idle                                                // 000000005808: BF8A0000
	global_store_b32 v0, v2, s[4:5] offset:40                  // 00000000580C: EE068004 01000000 00002800
	s_wait_storecnt 0x0                                        // 000000005818: BFC10000
	v_mov_b32_e32 v2, s19                                      // 00000000581C: 7E040213
	s_wait_idle                                                // 000000005820: BF8A0000
	global_store_b32 v0, v2, s[4:5] offset:44                  // 000000005824: EE068004 01000000 00002C00
	s_wait_storecnt 0x0                                        // 000000005830: BFC10000
	v_mov_b32_e32 v2, s20                                      // 000000005834: 7E040214
	s_wait_idle                                                // 000000005838: BF8A0000
	global_store_b32 v0, v2, s[4:5] offset:48                  // 00000000583C: EE068004 01000000 00003000
	s_wait_storecnt 0x0                                        // 000000005848: BFC10000
	v_mov_b32_e32 v2, s21                                      // 00000000584C: 7E040215
	s_wait_idle                                                // 000000005850: BF8A0000
	global_store_b32 v0, v2, s[4:5] offset:52                  // 000000005854: EE068004 01000000 00003400
	s_wait_storecnt 0x0                                        // 000000005860: BFC10000
	v_mov_b32_e32 v2, s22                                      // 000000005864: 7E040216
	s_wait_idle                                                // 000000005868: BF8A0000
	global_store_b32 v0, v2, s[4:5] offset:56                  // 00000000586C: EE068004 01000000 00003800
	s_wait_storecnt 0x0                                        // 000000005878: BFC10000
	v_mov_b32_e32 v2, s23                                      // 00000000587C: 7E040217
	s_wait_idle                                                // 000000005880: BF8A0000
	global_store_b32 v0, v2, s[4:5] offset:60                  // 000000005884: EE068004 01000000 00003C00
	s_wait_storecnt 0x0                                        // 000000005890: BFC10000
	v_mov_b32_e32 v2, s24                                      // 000000005894: 7E040218
	s_wait_idle                                                // 000000005898: BF8A0000
	global_store_b32 v0, v2, s[4:5] offset:64                  // 00000000589C: EE068004 01000000 00004000
	s_wait_storecnt 0x0                                        // 0000000058A8: BFC10000
	v_mov_b32_e32 v2, s25                                      // 0000000058AC: 7E040219
	s_wait_idle                                                // 0000000058B0: BF8A0000
	global_store_b32 v0, v2, s[4:5] offset:68                  // 0000000058B4: EE068004 01000000 00004400
	s_wait_storecnt 0x0                                        // 0000000058C0: BFC10000
	v_mov_b32_e32 v2, s26                                      // 0000000058C4: 7E04021A
	s_wait_idle                                                // 0000000058C8: BF8A0000
	global_store_b32 v0, v2, s[4:5] offset:72                  // 0000000058CC: EE068004 01000000 00004800
	s_wait_storecnt 0x0                                        // 0000000058D8: BFC10000
	v_mov_b32_e32 v2, s27                                      // 0000000058DC: 7E04021B
	s_wait_idle                                                // 0000000058E0: BF8A0000
	global_store_b32 v0, v2, s[4:5] offset:76                  // 0000000058E4: EE068004 01000000 00004C00
	s_wait_storecnt 0x0                                        // 0000000058F0: BFC10000
	v_mov_b32_e32 v2, s28                                      // 0000000058F4: 7E04021C
	s_wait_idle                                                // 0000000058F8: BF8A0000
	global_store_b32 v0, v2, s[4:5] offset:80                  // 0000000058FC: EE068004 01000000 00005000
	s_wait_storecnt 0x0                                        // 000000005908: BFC10000
	v_mov_b32_e32 v2, s29                                      // 00000000590C: 7E04021D
	s_wait_idle                                                // 000000005910: BF8A0000
	global_store_b32 v0, v2, s[4:5] offset:84                  // 000000005914: EE068004 01000000 00005400
	s_wait_storecnt 0x0                                        // 000000005920: BFC10000
	v_mov_b32_e32 v2, s30                                      // 000000005924: 7E04021E
	s_wait_idle                                                // 000000005928: BF8A0000
	global_store_b32 v0, v2, s[4:5] offset:88                  // 00000000592C: EE068004 01000000 00005800
	s_wait_storecnt 0x0                                        // 000000005938: BFC10000
	v_mov_b32_e32 v2, s31                                      // 00000000593C: 7E04021F
	s_wait_idle                                                // 000000005940: BF8A0000
	global_store_b32 v0, v2, s[4:5] offset:92                  // 000000005944: EE068004 01000000 00005C00
	s_wait_storecnt 0x0                                        // 000000005950: BFC10000
	v_mov_b32_e32 v2, s32                                      // 000000005954: 7E040220
	s_wait_idle                                                // 000000005958: BF8A0000
	global_store_b32 v0, v2, s[4:5] offset:96                  // 00000000595C: EE068004 01000000 00006000
	s_wait_storecnt 0x0                                        // 000000005968: BFC10000
	v_mov_b32_e32 v2, s33                                      // 00000000596C: 7E040221
	s_wait_idle                                                // 000000005970: BF8A0000
	global_store_b32 v0, v2, s[4:5] offset:100                 // 000000005974: EE068004 01000000 00006400
	s_wait_storecnt 0x0                                        // 000000005980: BFC10000
	v_mov_b32_e32 v2, s34                                      // 000000005984: 7E040222
	s_wait_idle                                                // 000000005988: BF8A0000
	global_store_b32 v0, v2, s[4:5] offset:104                 // 00000000598C: EE068004 01000000 00006800
	s_wait_storecnt 0x0                                        // 000000005998: BFC10000
	v_mov_b32_e32 v2, s35                                      // 00000000599C: 7E040223
	s_wait_idle                                                // 0000000059A0: BF8A0000
	global_store_b32 v0, v2, s[4:5] offset:108                 // 0000000059A4: EE068004 01000000 00006C00
	s_wait_storecnt 0x0                                        // 0000000059B0: BFC10000
	v_mov_b32_e32 v2, s36                                      // 0000000059B4: 7E040224
	s_wait_idle                                                // 0000000059B8: BF8A0000
	global_store_b32 v0, v2, s[4:5] offset:112                 // 0000000059BC: EE068004 01000000 00007000
	s_wait_storecnt 0x0                                        // 0000000059C8: BFC10000
	v_mov_b32_e32 v2, s37                                      // 0000000059CC: 7E040225
	s_wait_idle                                                // 0000000059D0: BF8A0000
	global_store_b32 v0, v2, s[4:5] offset:116                 // 0000000059D4: EE068004 01000000 00007400
	s_wait_storecnt 0x0                                        // 0000000059E0: BFC10000
	v_mov_b32_e32 v2, s38                                      // 0000000059E4: 7E040226
	s_wait_idle                                                // 0000000059E8: BF8A0000
	global_store_b32 v0, v2, s[4:5] offset:120                 // 0000000059EC: EE068004 01000000 00007800
	s_wait_storecnt 0x0                                        // 0000000059F8: BFC10000
	v_mov_b32_e32 v2, s39                                      // 0000000059FC: 7E040227
	s_wait_idle                                                // 000000005A00: BF8A0000
	global_store_b32 v0, v2, s[4:5] offset:124                 // 000000005A04: EE068004 01000000 00007C00
	s_wait_storecnt 0x0                                        // 000000005A10: BFC10000
	v_mov_b32_e32 v2, s40                                      // 000000005A14: 7E040228
	s_wait_idle                                                // 000000005A18: BF8A0000
	global_store_b32 v0, v2, s[4:5] offset:128                 // 000000005A1C: EE068004 01000000 00008000
	s_wait_storecnt 0x0                                        // 000000005A28: BFC10000
	s_wait_storecnt 0x0                                        // 000000005A2C: BFC10000
	s_endpgm                                                   // 000000005A30: BFB00000
	s_nop 0                                                    // 000000005A34: BF800000
	s_nop 0                                                    // 000000005A38: BF800000
	s_nop 0                                                    // 000000005A3C: BF800000
	s_nop 0                                                    // 000000005A40: BF800000
	s_nop 0                                                    // 000000005A44: BF800000
	s_nop 0                                                    // 000000005A48: BF800000
	s_nop 0                                                    // 000000005A4C: BF800000
	s_nop 0                                                    // 000000005A50: BF800000
	s_nop 0                                                    // 000000005A54: BF800000
	s_nop 0                                                    // 000000005A58: BF800000
	s_nop 0                                                    // 000000005A5C: BF800000
	s_nop 0                                                    // 000000005A60: BF800000
	s_nop 0                                                    // 000000005A64: BF800000
	s_nop 0                                                    // 000000005A68: BF800000
	s_nop 0                                                    // 000000005A6C: BF800000
	s_nop 0                                                    // 000000005A70: BF800000
	s_nop 0                                                    // 000000005A74: BF800000
	s_nop 0                                                    // 000000005A78: BF800000
	s_nop 0                                                    // 000000005A7C: BF800000
	s_nop 0                                                    // 000000005A80: BF800000
	s_nop 0                                                    // 000000005A84: BF800000
	s_nop 0                                                    // 000000005A88: BF800000
	s_nop 0                                                    // 000000005A8C: BF800000
	s_nop 0                                                    // 000000005A90: BF800000
	s_nop 0                                                    // 000000005A94: BF800000
	s_nop 0                                                    // 000000005A98: BF800000
	s_nop 0                                                    // 000000005A9C: BF800000
	s_nop 0                                                    // 000000005AA0: BF800000
	s_nop 0                                                    // 000000005AA4: BF800000
	s_nop 0                                                    // 000000005AA8: BF800000
	s_nop 0                                                    // 000000005AAC: BF800000
	s_nop 0                                                    // 000000005AB0: BF800000
	s_nop 0                                                    // 000000005AB4: BF800000
	s_nop 0                                                    // 000000005AB8: BF800000
	s_nop 0                                                    // 000000005ABC: BF800000
	s_nop 0                                                    // 000000005AC0: BF800000
	s_nop 0                                                    // 000000005AC4: BF800000
	s_nop 0                                                    // 000000005AC8: BF800000
	s_nop 0                                                    // 000000005ACC: BF800000
	s_nop 0                                                    // 000000005AD0: BF800000
	s_nop 0                                                    // 000000005AD4: BF800000
	s_nop 0                                                    // 000000005AD8: BF800000
	s_nop 0                                                    // 000000005ADC: BF800000
	s_nop 0                                                    // 000000005AE0: BF800000
	s_nop 0                                                    // 000000005AE4: BF800000
	s_nop 0                                                    // 000000005AE8: BF800000
	s_nop 0                                                    // 000000005AEC: BF800000
	s_nop 0                                                    // 000000005AF0: BF800000
	s_nop 0                                                    // 000000005AF4: BF800000
	s_nop 0                                                    // 000000005AF8: BF800000
	s_nop 0                                                    // 000000005AFC: BF800000

0000000000005b00 <sentinel_82_1>:
	global_prefetch_b8 v0, s[0:1] scope:SCOPE_SE               // 000000005B00: EE174000 00040000 00000000
	v_nop                                                      // 000000005B0C: 7E000000
	s_setreg_imm32_b32 hwreg(HW_REG_WAVE_MODE, 25, 1), 1       // 000000005B10: B9800641 00000001
	s_load_b64 s[4:5], s[0:1], 0x0 nv                          // 000000005B18: F4102100 F8000000
	s_wait_kmcnt 0x0                                           // 000000005B20: BFC70000
	s_mov_b32 s6, 0                                            // 000000005B24: BE860080
	s_setreg_b32 hwreg(HW_REG_WAVE_MODE, 12, 8), s6            // 000000005B28: B9063B01
	s_nop 0                                                    // 000000005B2C: BF800000
	s_set_vgpr_msb 0                                           // 000000005B30: BF860000
	s_nop 0                                                    // 000000005B34: BF800000
	v_mov_b32_e32 v1, 0x11000000                               // 000000005B38: 7E0202FF 11000000
	s_wait_idle                                                // 000000005B40: BF8A0000
	s_mov_b32 s7, 0x11000001                                   // 000000005B44: BE8700FF 11000001
	v_writelane_b32 v1, s7, 1                                  // 000000005B4C: D7610001 02010207
	s_wait_idle                                                // 000000005B54: BF8A0000
	s_mov_b32 s7, 0x11000010                                   // 000000005B58: BE8700FF 11000010
	v_writelane_b32 v1, s7, 16                                 // 000000005B60: D7610001 02012007
	s_wait_idle                                                // 000000005B68: BF8A0000
	s_set_vgpr_msb 0x41                                        // 000000005B6C: BF860041
	s_nop 0                                                    // 000000005B70: BF800000
	v_mov_b32_e32 v1 /*v257*/, 0x22000000                      // 000000005B74: 7E0202FF 22000000
	s_wait_idle                                                // 000000005B7C: BF8A0000
	s_mov_b32 s7, 0x22000001                                   // 000000005B80: BE8700FF 22000001
	v_writelane_b32 v1 /*v257*/, s7, 1                         // 000000005B88: D7610001 02010207
	s_wait_idle                                                // 000000005B90: BF8A0000
	s_mov_b32 s7, 0x22000010                                   // 000000005B94: BE8700FF 22000010
	v_writelane_b32 v1 /*v257*/, s7, 16                        // 000000005B9C: D7610001 02012007
	s_wait_idle                                                // 000000005BA4: BF8A0000
	s_set_vgpr_msb 0x4182                                      // 000000005BA8: BF864182
	s_nop 0                                                    // 000000005BAC: BF800000
	v_mov_b32_e32 v1 /*v513*/, 0x33000000                      // 000000005BB0: 7E0202FF 33000000
	s_wait_idle                                                // 000000005BB8: BF8A0000
	s_mov_b32 s7, 0x33000001                                   // 000000005BBC: BE8700FF 33000001
	v_writelane_b32 v1 /*v513*/, s7, 1                         // 000000005BC4: D7610001 02010207
	s_wait_idle                                                // 000000005BCC: BF8A0000
	s_mov_b32 s7, 0x33000010                                   // 000000005BD0: BE8700FF 33000010
	v_writelane_b32 v1 /*v513*/, s7, 16                        // 000000005BD8: D7610001 02012007
	s_wait_idle                                                // 000000005BE0: BF8A0000
	v_readlane_b32 s22, v1 /*v513*/, 0                         // 000000005BE4: D7600016 02010101
	v_readlane_b32 s23, v1 /*v513*/, 1                         // 000000005BEC: D7600017 02010301
	v_readlane_b32 s24, v1 /*v513*/, 16                        // 000000005BF4: D7600018 02012101
	s_set_vgpr_msb 0x8241                                      // 000000005BFC: BF868241
	s_nop 0                                                    // 000000005C00: BF800000
	v_readlane_b32 s19, v1 /*v257*/, 0                         // 000000005C04: D7600013 02010101
	v_readlane_b32 s20, v1 /*v257*/, 1                         // 000000005C0C: D7600014 02010301
	v_readlane_b32 s21, v1 /*v257*/, 16                        // 000000005C14: D7600015 02012101
	s_set_vgpr_msb 0x4100                                      // 000000005C1C: BF864100
	s_nop 0                                                    // 000000005C20: BF800000
	v_readlane_b32 s16, v1, 0                                  // 000000005C24: D7600010 02010101
	v_readlane_b32 s17, v1, 1                                  // 000000005C2C: D7600011 02010301
	v_readlane_b32 s18, v1, 16                                 // 000000005C34: D7600012 02012101
	s_mov_b32 s8, 0x53545250                                   // 000000005C3C: BE8800FF 53545250
	s_mov_b32 s9, 1                                            // 000000005C44: BE890081
	s_mov_b32 s10, 0x82                                        // 000000005C48: BE8A00FF 00000082
	s_mov_b32 s11, 1                                           // 000000005C50: BE8B0081
	s_mov_b32 s40, 0x434f4d50                                  // 000000005C54: BEA800FF 434F4D50
	s_set_vgpr_msb 0x82                                        // 000000005C5C: BF860082
	s_nop 0                                                    // 000000005C60: BF800000
	s_wait_idle                                                // 000000005C64: BF8A0000
	s_getreg_b32 s14, hwreg(HW_REG_WAVE_STATUS)                // 000000005C68: B88EF802
	s_mov_b32 s38, exec_lo                                     // 000000005C6C: BEA6007E
	s_getreg_b32 s12, hwreg(HW_REG_WAVE_MODE)                  // 000000005C70: B88CF801
	s_get_pc_i64 s[34:35]                                      // 000000005C74: BEA24700
	s_add_co_u32 s34, s34, lit(0x14)                           // 000000005C78: 8022FF22 00000014
	s_add_co_ci_u32 s35, s35, 0                                // 000000005C80: 82238023
	s_nop 0                                                    // 000000005C84: BF800000
	s_trap 3                                                   // 000000005C88: BF900003
	s_getreg_b32 s13, hwreg(HW_REG_WAVE_MODE)                  // 000000005C8C: B88DF801
	s_mov_b32 s36, ttmp0                                       // 000000005C90: BEA4006C
	s_mov_b32 s37, ttmp1                                       // 000000005C94: BEA5006D
	s_mov_b32 s39, exec_lo                                     // 000000005C98: BEA7007E
	s_wait_idle                                                // 000000005C9C: BF8A0000
	s_getreg_b32 s15, hwreg(HW_REG_WAVE_STATUS)                // 000000005CA0: B88FF802
	s_set_vgpr_msb 0x8200                                      // 000000005CA4: BF868200
	s_nop 0                                                    // 000000005CA8: BF800000
	v_readlane_b32 s25, v1, 0                                  // 000000005CAC: D7600019 02010101
	v_readlane_b32 s26, v1, 1                                  // 000000005CB4: D760001A 02010301
	v_readlane_b32 s27, v1, 16                                 // 000000005CBC: D760001B 02012101
	s_set_vgpr_msb 0x41                                        // 000000005CC4: BF860041
	s_nop 0                                                    // 000000005CC8: BF800000
	v_readlane_b32 s28, v1 /*v257*/, 0                         // 000000005CCC: D760001C 02010101
	v_readlane_b32 s29, v1 /*v257*/, 1                         // 000000005CD4: D760001D 02010301
	v_readlane_b32 s30, v1 /*v257*/, 16                        // 000000005CDC: D760001E 02012101
	s_set_vgpr_msb 0x4182                                      // 000000005CE4: BF864182
	s_nop 0                                                    // 000000005CE8: BF800000
	v_readlane_b32 s31, v1 /*v513*/, 0                         // 000000005CEC: D760001F 02010101
	v_readlane_b32 s32, v1 /*v513*/, 1                         // 000000005CF4: D7600020 02010301
	v_readlane_b32 s33, v1 /*v513*/, 16                        // 000000005CFC: D7600021 02012101
	s_set_vgpr_msb 0x8200                                      // 000000005D04: BF868200
	s_nop 0                                                    // 000000005D08: BF800000
	s_mov_b32 exec_lo, 1                                       // 000000005D0C: BEFE0081
	v_mov_b32_e32 v0, 0                                        // 000000005D10: 7E000280
	v_mov_b32_e32 v2, s8                                       // 000000005D14: 7E040208
	s_wait_idle                                                // 000000005D18: BF8A0000
	global_store_b32 v0, v2, s[4:5]                            // 000000005D1C: EE068004 01000000 00000000
	s_wait_storecnt 0x0                                        // 000000005D28: BFC10000
	v_mov_b32_e32 v2, s9                                       // 000000005D2C: 7E040209
	s_wait_idle                                                // 000000005D30: BF8A0000
	global_store_b32 v0, v2, s[4:5] offset:4                   // 000000005D34: EE068004 01000000 00000400
	s_wait_storecnt 0x0                                        // 000000005D40: BFC10000
	v_mov_b32_e32 v2, s10                                      // 000000005D44: 7E04020A
	s_wait_idle                                                // 000000005D48: BF8A0000
	global_store_b32 v0, v2, s[4:5] offset:8                   // 000000005D4C: EE068004 01000000 00000800
	s_wait_storecnt 0x0                                        // 000000005D58: BFC10000
	v_mov_b32_e32 v2, s11                                      // 000000005D5C: 7E04020B
	s_wait_idle                                                // 000000005D60: BF8A0000
	global_store_b32 v0, v2, s[4:5] offset:12                  // 000000005D64: EE068004 01000000 00000C00
	s_wait_storecnt 0x0                                        // 000000005D70: BFC10000
	v_mov_b32_e32 v2, s12                                      // 000000005D74: 7E04020C
	s_wait_idle                                                // 000000005D78: BF8A0000
	global_store_b32 v0, v2, s[4:5] offset:16                  // 000000005D7C: EE068004 01000000 00001000
	s_wait_storecnt 0x0                                        // 000000005D88: BFC10000
	v_mov_b32_e32 v2, s13                                      // 000000005D8C: 7E04020D
	s_wait_idle                                                // 000000005D90: BF8A0000
	global_store_b32 v0, v2, s[4:5] offset:20                  // 000000005D94: EE068004 01000000 00001400
	s_wait_storecnt 0x0                                        // 000000005DA0: BFC10000
	v_mov_b32_e32 v2, s14                                      // 000000005DA4: 7E04020E
	s_wait_idle                                                // 000000005DA8: BF8A0000
	global_store_b32 v0, v2, s[4:5] offset:24                  // 000000005DAC: EE068004 01000000 00001800
	s_wait_storecnt 0x0                                        // 000000005DB8: BFC10000
	v_mov_b32_e32 v2, s15                                      // 000000005DBC: 7E04020F
	s_wait_idle                                                // 000000005DC0: BF8A0000
	global_store_b32 v0, v2, s[4:5] offset:28                  // 000000005DC4: EE068004 01000000 00001C00
	s_wait_storecnt 0x0                                        // 000000005DD0: BFC10000
	v_mov_b32_e32 v2, s16                                      // 000000005DD4: 7E040210
	s_wait_idle                                                // 000000005DD8: BF8A0000
	global_store_b32 v0, v2, s[4:5] offset:32                  // 000000005DDC: EE068004 01000000 00002000
	s_wait_storecnt 0x0                                        // 000000005DE8: BFC10000
	v_mov_b32_e32 v2, s17                                      // 000000005DEC: 7E040211
	s_wait_idle                                                // 000000005DF0: BF8A0000
	global_store_b32 v0, v2, s[4:5] offset:36                  // 000000005DF4: EE068004 01000000 00002400
	s_wait_storecnt 0x0                                        // 000000005E00: BFC10000
	v_mov_b32_e32 v2, s18                                      // 000000005E04: 7E040212
	s_wait_idle                                                // 000000005E08: BF8A0000
	global_store_b32 v0, v2, s[4:5] offset:40                  // 000000005E0C: EE068004 01000000 00002800
	s_wait_storecnt 0x0                                        // 000000005E18: BFC10000
	v_mov_b32_e32 v2, s19                                      // 000000005E1C: 7E040213
	s_wait_idle                                                // 000000005E20: BF8A0000
	global_store_b32 v0, v2, s[4:5] offset:44                  // 000000005E24: EE068004 01000000 00002C00
	s_wait_storecnt 0x0                                        // 000000005E30: BFC10000
	v_mov_b32_e32 v2, s20                                      // 000000005E34: 7E040214
	s_wait_idle                                                // 000000005E38: BF8A0000
	global_store_b32 v0, v2, s[4:5] offset:48                  // 000000005E3C: EE068004 01000000 00003000
	s_wait_storecnt 0x0                                        // 000000005E48: BFC10000
	v_mov_b32_e32 v2, s21                                      // 000000005E4C: 7E040215
	s_wait_idle                                                // 000000005E50: BF8A0000
	global_store_b32 v0, v2, s[4:5] offset:52                  // 000000005E54: EE068004 01000000 00003400
	s_wait_storecnt 0x0                                        // 000000005E60: BFC10000
	v_mov_b32_e32 v2, s22                                      // 000000005E64: 7E040216
	s_wait_idle                                                // 000000005E68: BF8A0000
	global_store_b32 v0, v2, s[4:5] offset:56                  // 000000005E6C: EE068004 01000000 00003800
	s_wait_storecnt 0x0                                        // 000000005E78: BFC10000
	v_mov_b32_e32 v2, s23                                      // 000000005E7C: 7E040217
	s_wait_idle                                                // 000000005E80: BF8A0000
	global_store_b32 v0, v2, s[4:5] offset:60                  // 000000005E84: EE068004 01000000 00003C00
	s_wait_storecnt 0x0                                        // 000000005E90: BFC10000
	v_mov_b32_e32 v2, s24                                      // 000000005E94: 7E040218
	s_wait_idle                                                // 000000005E98: BF8A0000
	global_store_b32 v0, v2, s[4:5] offset:64                  // 000000005E9C: EE068004 01000000 00004000
	s_wait_storecnt 0x0                                        // 000000005EA8: BFC10000
	v_mov_b32_e32 v2, s25                                      // 000000005EAC: 7E040219
	s_wait_idle                                                // 000000005EB0: BF8A0000
	global_store_b32 v0, v2, s[4:5] offset:68                  // 000000005EB4: EE068004 01000000 00004400
	s_wait_storecnt 0x0                                        // 000000005EC0: BFC10000
	v_mov_b32_e32 v2, s26                                      // 000000005EC4: 7E04021A
	s_wait_idle                                                // 000000005EC8: BF8A0000
	global_store_b32 v0, v2, s[4:5] offset:72                  // 000000005ECC: EE068004 01000000 00004800
	s_wait_storecnt 0x0                                        // 000000005ED8: BFC10000
	v_mov_b32_e32 v2, s27                                      // 000000005EDC: 7E04021B
	s_wait_idle                                                // 000000005EE0: BF8A0000
	global_store_b32 v0, v2, s[4:5] offset:76                  // 000000005EE4: EE068004 01000000 00004C00
	s_wait_storecnt 0x0                                        // 000000005EF0: BFC10000
	v_mov_b32_e32 v2, s28                                      // 000000005EF4: 7E04021C
	s_wait_idle                                                // 000000005EF8: BF8A0000
	global_store_b32 v0, v2, s[4:5] offset:80                  // 000000005EFC: EE068004 01000000 00005000
	s_wait_storecnt 0x0                                        // 000000005F08: BFC10000
	v_mov_b32_e32 v2, s29                                      // 000000005F0C: 7E04021D
	s_wait_idle                                                // 000000005F10: BF8A0000
	global_store_b32 v0, v2, s[4:5] offset:84                  // 000000005F14: EE068004 01000000 00005400
	s_wait_storecnt 0x0                                        // 000000005F20: BFC10000
	v_mov_b32_e32 v2, s30                                      // 000000005F24: 7E04021E
	s_wait_idle                                                // 000000005F28: BF8A0000
	global_store_b32 v0, v2, s[4:5] offset:88                  // 000000005F2C: EE068004 01000000 00005800
	s_wait_storecnt 0x0                                        // 000000005F38: BFC10000
	v_mov_b32_e32 v2, s31                                      // 000000005F3C: 7E04021F
	s_wait_idle                                                // 000000005F40: BF8A0000
	global_store_b32 v0, v2, s[4:5] offset:92                  // 000000005F44: EE068004 01000000 00005C00
	s_wait_storecnt 0x0                                        // 000000005F50: BFC10000
	v_mov_b32_e32 v2, s32                                      // 000000005F54: 7E040220
	s_wait_idle                                                // 000000005F58: BF8A0000
	global_store_b32 v0, v2, s[4:5] offset:96                  // 000000005F5C: EE068004 01000000 00006000
	s_wait_storecnt 0x0                                        // 000000005F68: BFC10000
	v_mov_b32_e32 v2, s33                                      // 000000005F6C: 7E040221
	s_wait_idle                                                // 000000005F70: BF8A0000
	global_store_b32 v0, v2, s[4:5] offset:100                 // 000000005F74: EE068004 01000000 00006400
	s_wait_storecnt 0x0                                        // 000000005F80: BFC10000
	v_mov_b32_e32 v2, s34                                      // 000000005F84: 7E040222
	s_wait_idle                                                // 000000005F88: BF8A0000
	global_store_b32 v0, v2, s[4:5] offset:104                 // 000000005F8C: EE068004 01000000 00006800
	s_wait_storecnt 0x0                                        // 000000005F98: BFC10000
	v_mov_b32_e32 v2, s35                                      // 000000005F9C: 7E040223
	s_wait_idle                                                // 000000005FA0: BF8A0000
	global_store_b32 v0, v2, s[4:5] offset:108                 // 000000005FA4: EE068004 01000000 00006C00
	s_wait_storecnt 0x0                                        // 000000005FB0: BFC10000
	v_mov_b32_e32 v2, s36                                      // 000000005FB4: 7E040224
	s_wait_idle                                                // 000000005FB8: BF8A0000
	global_store_b32 v0, v2, s[4:5] offset:112                 // 000000005FBC: EE068004 01000000 00007000
	s_wait_storecnt 0x0                                        // 000000005FC8: BFC10000
	v_mov_b32_e32 v2, s37                                      // 000000005FCC: 7E040225
	s_wait_idle                                                // 000000005FD0: BF8A0000
	global_store_b32 v0, v2, s[4:5] offset:116                 // 000000005FD4: EE068004 01000000 00007400
	s_wait_storecnt 0x0                                        // 000000005FE0: BFC10000
	v_mov_b32_e32 v2, s38                                      // 000000005FE4: 7E040226
	s_wait_idle                                                // 000000005FE8: BF8A0000
	global_store_b32 v0, v2, s[4:5] offset:120                 // 000000005FEC: EE068004 01000000 00007800
	s_wait_storecnt 0x0                                        // 000000005FF8: BFC10000
	v_mov_b32_e32 v2, s39                                      // 000000005FFC: 7E040227
	s_wait_idle                                                // 000000006000: BF8A0000
	global_store_b32 v0, v2, s[4:5] offset:124                 // 000000006004: EE068004 01000000 00007C00
	s_wait_storecnt 0x0                                        // 000000006010: BFC10000
	v_mov_b32_e32 v2, s40                                      // 000000006014: 7E040228
	s_wait_idle                                                // 000000006018: BF8A0000
	global_store_b32 v0, v2, s[4:5] offset:128                 // 00000000601C: EE068004 01000000 00008000
	s_wait_storecnt 0x0                                        // 000000006028: BFC10000
	s_wait_storecnt 0x0                                        // 00000000602C: BFC10000
	s_endpgm                                                   // 000000006030: BFB00000
	s_nop 0                                                    // 000000006034: BF800000
	s_nop 0                                                    // 000000006038: BF800000
	s_nop 0                                                    // 00000000603C: BF800000
	s_nop 0                                                    // 000000006040: BF800000
	s_nop 0                                                    // 000000006044: BF800000
	s_nop 0                                                    // 000000006048: BF800000
	s_nop 0                                                    // 00000000604C: BF800000
	s_nop 0                                                    // 000000006050: BF800000
	s_nop 0                                                    // 000000006054: BF800000
	s_nop 0                                                    // 000000006058: BF800000
	s_nop 0                                                    // 00000000605C: BF800000
	s_nop 0                                                    // 000000006060: BF800000
	s_nop 0                                                    // 000000006064: BF800000
	s_nop 0                                                    // 000000006068: BF800000
	s_nop 0                                                    // 00000000606C: BF800000
	s_nop 0                                                    // 000000006070: BF800000
	s_nop 0                                                    // 000000006074: BF800000
	s_nop 0                                                    // 000000006078: BF800000
	s_nop 0                                                    // 00000000607C: BF800000
	s_nop 0                                                    // 000000006080: BF800000
	s_nop 0                                                    // 000000006084: BF800000
	s_nop 0                                                    // 000000006088: BF800000
	s_nop 0                                                    // 00000000608C: BF800000
	s_nop 0                                                    // 000000006090: BF800000
	s_nop 0                                                    // 000000006094: BF800000
	s_nop 0                                                    // 000000006098: BF800000
	s_nop 0                                                    // 00000000609C: BF800000
	s_nop 0                                                    // 0000000060A0: BF800000
	s_nop 0                                                    // 0000000060A4: BF800000
	s_nop 0                                                    // 0000000060A8: BF800000
	s_nop 0                                                    // 0000000060AC: BF800000
	s_nop 0                                                    // 0000000060B0: BF800000
	s_nop 0                                                    // 0000000060B4: BF800000
	s_nop 0                                                    // 0000000060B8: BF800000
	s_nop 0                                                    // 0000000060BC: BF800000
	s_nop 0                                                    // 0000000060C0: BF800000
	s_nop 0                                                    // 0000000060C4: BF800000
	s_nop 0                                                    // 0000000060C8: BF800000
	s_nop 0                                                    // 0000000060CC: BF800000
	s_nop 0                                                    // 0000000060D0: BF800000
	s_nop 0                                                    // 0000000060D4: BF800000
	s_nop 0                                                    // 0000000060D8: BF800000
	s_nop 0                                                    // 0000000060DC: BF800000
	s_nop 0                                                    // 0000000060E0: BF800000
	s_nop 0                                                    // 0000000060E4: BF800000
	s_nop 0                                                    // 0000000060E8: BF800000
	s_nop 0                                                    // 0000000060EC: BF800000
	s_nop 0                                                    // 0000000060F0: BF800000
	s_nop 0                                                    // 0000000060F4: BF800000
	s_nop 0                                                    // 0000000060F8: BF800000
	s_nop 0                                                    // 0000000060FC: BF800000

0000000000006100 <sentinel_05_0>:
	global_prefetch_b8 v0, s[0:1] scope:SCOPE_SE               // 000000006100: EE174000 00040000 00000000
	v_nop                                                      // 00000000610C: 7E000000
	s_setreg_imm32_b32 hwreg(HW_REG_WAVE_MODE, 25, 1), 1       // 000000006110: B9800641 00000001
	s_load_b64 s[4:5], s[0:1], 0x0 nv                          // 000000006118: F4102100 F8000000
	s_wait_kmcnt 0x0                                           // 000000006120: BFC70000
	s_mov_b32 s6, 0                                            // 000000006124: BE860080
	s_setreg_b32 hwreg(HW_REG_WAVE_MODE, 12, 8), s6            // 000000006128: B9063B01
	s_nop 0                                                    // 00000000612C: BF800000
	s_set_vgpr_msb 0                                           // 000000006130: BF860000
	s_nop 0                                                    // 000000006134: BF800000
	v_mov_b32_e32 v1, 0x11000000                               // 000000006138: 7E0202FF 11000000
	s_wait_idle                                                // 000000006140: BF8A0000
	s_mov_b32 s7, 0x11000001                                   // 000000006144: BE8700FF 11000001
	v_writelane_b32 v1, s7, 1                                  // 00000000614C: D7610001 02010207
	s_wait_idle                                                // 000000006154: BF8A0000
	s_mov_b32 s7, 0x11000010                                   // 000000006158: BE8700FF 11000010
	v_writelane_b32 v1, s7, 16                                 // 000000006160: D7610001 02012007
	s_wait_idle                                                // 000000006168: BF8A0000
	s_set_vgpr_msb 0x41                                        // 00000000616C: BF860041
	s_nop 0                                                    // 000000006170: BF800000
	v_mov_b32_e32 v1 /*v257*/, 0x22000000                      // 000000006174: 7E0202FF 22000000
	s_wait_idle                                                // 00000000617C: BF8A0000
	s_mov_b32 s7, 0x22000001                                   // 000000006180: BE8700FF 22000001
	v_writelane_b32 v1 /*v257*/, s7, 1                         // 000000006188: D7610001 02010207
	s_wait_idle                                                // 000000006190: BF8A0000
	s_mov_b32 s7, 0x22000010                                   // 000000006194: BE8700FF 22000010
	v_writelane_b32 v1 /*v257*/, s7, 16                        // 00000000619C: D7610001 02012007
	s_wait_idle                                                // 0000000061A4: BF8A0000
	s_set_vgpr_msb 0x4182                                      // 0000000061A8: BF864182
	s_nop 0                                                    // 0000000061AC: BF800000
	v_mov_b32_e32 v1 /*v513*/, 0x33000000                      // 0000000061B0: 7E0202FF 33000000
	s_wait_idle                                                // 0000000061B8: BF8A0000
	s_mov_b32 s7, 0x33000001                                   // 0000000061BC: BE8700FF 33000001
	v_writelane_b32 v1 /*v513*/, s7, 1                         // 0000000061C4: D7610001 02010207
	s_wait_idle                                                // 0000000061CC: BF8A0000
	s_mov_b32 s7, 0x33000010                                   // 0000000061D0: BE8700FF 33000010
	v_writelane_b32 v1 /*v513*/, s7, 16                        // 0000000061D8: D7610001 02012007
	s_wait_idle                                                // 0000000061E0: BF8A0000
	v_readlane_b32 s22, v1 /*v513*/, 0                         // 0000000061E4: D7600016 02010101
	v_readlane_b32 s23, v1 /*v513*/, 1                         // 0000000061EC: D7600017 02010301
	v_readlane_b32 s24, v1 /*v513*/, 16                        // 0000000061F4: D7600018 02012101
	s_set_vgpr_msb 0x8241                                      // 0000000061FC: BF868241
	s_nop 0                                                    // 000000006200: BF800000
	v_readlane_b32 s19, v1 /*v257*/, 0                         // 000000006204: D7600013 02010101
	v_readlane_b32 s20, v1 /*v257*/, 1                         // 00000000620C: D7600014 02010301
	v_readlane_b32 s21, v1 /*v257*/, 16                        // 000000006214: D7600015 02012101
	s_set_vgpr_msb 0x4100                                      // 00000000621C: BF864100
	s_nop 0                                                    // 000000006220: BF800000
	v_readlane_b32 s16, v1, 0                                  // 000000006224: D7600010 02010101
	v_readlane_b32 s17, v1, 1                                  // 00000000622C: D7600011 02010301
	v_readlane_b32 s18, v1, 16                                 // 000000006234: D7600012 02012101
	s_mov_b32 s8, 0x53545250                                   // 00000000623C: BE8800FF 53545250
	s_mov_b32 s9, 1                                            // 000000006244: BE890081
	s_mov_b32 s10, 5                                           // 000000006248: BE8A0085
	s_mov_b32 s11, 0                                           // 00000000624C: BE8B0080
	s_mov_b32 s40, 0x434f4d50                                  // 000000006250: BEA800FF 434F4D50
	s_set_vgpr_msb 5                                           // 000000006258: BF860005
	s_nop 0                                                    // 00000000625C: BF800000
	s_wait_idle                                                // 000000006260: BF8A0000
	s_getreg_b32 s14, hwreg(HW_REG_WAVE_STATUS)                // 000000006264: B88EF802
	s_mov_b32 s38, exec_lo                                     // 000000006268: BEA6007E
	s_getreg_b32 s12, hwreg(HW_REG_WAVE_MODE)                  // 00000000626C: B88CF801
	s_get_pc_i64 s[34:35]                                      // 000000006270: BEA24700
	s_add_co_u32 s34, s34, lit(0x14)                           // 000000006274: 8022FF22 00000014
	s_add_co_ci_u32 s35, s35, 0                                // 00000000627C: 82238023
	s_nop 0                                                    // 000000006280: BF800000
	s_nop 0                                                    // 000000006284: BF800000
	s_getreg_b32 s13, hwreg(HW_REG_WAVE_MODE)                  // 000000006288: B88DF801
	s_mov_b32 s36, ttmp0                                       // 00000000628C: BEA4006C
	s_mov_b32 s37, ttmp1                                       // 000000006290: BEA5006D
	s_mov_b32 s39, exec_lo                                     // 000000006294: BEA7007E
	s_wait_idle                                                // 000000006298: BF8A0000
	s_getreg_b32 s15, hwreg(HW_REG_WAVE_STATUS)                // 00000000629C: B88FF802
	s_set_vgpr_msb 0x500                                       // 0000000062A0: BF860500
	s_nop 0                                                    // 0000000062A4: BF800000
	v_readlane_b32 s25, v1, 0                                  // 0000000062A8: D7600019 02010101
	v_readlane_b32 s26, v1, 1                                  // 0000000062B0: D760001A 02010301
	v_readlane_b32 s27, v1, 16                                 // 0000000062B8: D760001B 02012101
	s_set_vgpr_msb 0x41                                        // 0000000062C0: BF860041
	s_nop 0                                                    // 0000000062C4: BF800000
	v_readlane_b32 s28, v1 /*v257*/, 0                         // 0000000062C8: D760001C 02010101
	v_readlane_b32 s29, v1 /*v257*/, 1                         // 0000000062D0: D760001D 02010301
	v_readlane_b32 s30, v1 /*v257*/, 16                        // 0000000062D8: D760001E 02012101
	s_set_vgpr_msb 0x4182                                      // 0000000062E0: BF864182
	s_nop 0                                                    // 0000000062E4: BF800000
	v_readlane_b32 s31, v1 /*v513*/, 0                         // 0000000062E8: D760001F 02010101
	v_readlane_b32 s32, v1 /*v513*/, 1                         // 0000000062F0: D7600020 02010301
	v_readlane_b32 s33, v1 /*v513*/, 16                        // 0000000062F8: D7600021 02012101
	s_set_vgpr_msb 0x8200                                      // 000000006300: BF868200
	s_nop 0                                                    // 000000006304: BF800000
	s_mov_b32 exec_lo, 1                                       // 000000006308: BEFE0081
	v_mov_b32_e32 v0, 0                                        // 00000000630C: 7E000280
	v_mov_b32_e32 v2, s8                                       // 000000006310: 7E040208
	s_wait_idle                                                // 000000006314: BF8A0000
	global_store_b32 v0, v2, s[4:5]                            // 000000006318: EE068004 01000000 00000000
	s_wait_storecnt 0x0                                        // 000000006324: BFC10000
	v_mov_b32_e32 v2, s9                                       // 000000006328: 7E040209
	s_wait_idle                                                // 00000000632C: BF8A0000
	global_store_b32 v0, v2, s[4:5] offset:4                   // 000000006330: EE068004 01000000 00000400
	s_wait_storecnt 0x0                                        // 00000000633C: BFC10000
	v_mov_b32_e32 v2, s10                                      // 000000006340: 7E04020A
	s_wait_idle                                                // 000000006344: BF8A0000
	global_store_b32 v0, v2, s[4:5] offset:8                   // 000000006348: EE068004 01000000 00000800
	s_wait_storecnt 0x0                                        // 000000006354: BFC10000
	v_mov_b32_e32 v2, s11                                      // 000000006358: 7E04020B
	s_wait_idle                                                // 00000000635C: BF8A0000
	global_store_b32 v0, v2, s[4:5] offset:12                  // 000000006360: EE068004 01000000 00000C00
	s_wait_storecnt 0x0                                        // 00000000636C: BFC10000
	v_mov_b32_e32 v2, s12                                      // 000000006370: 7E04020C
	s_wait_idle                                                // 000000006374: BF8A0000
	global_store_b32 v0, v2, s[4:5] offset:16                  // 000000006378: EE068004 01000000 00001000
	s_wait_storecnt 0x0                                        // 000000006384: BFC10000
	v_mov_b32_e32 v2, s13                                      // 000000006388: 7E04020D
	s_wait_idle                                                // 00000000638C: BF8A0000
	global_store_b32 v0, v2, s[4:5] offset:20                  // 000000006390: EE068004 01000000 00001400
	s_wait_storecnt 0x0                                        // 00000000639C: BFC10000
	v_mov_b32_e32 v2, s14                                      // 0000000063A0: 7E04020E
	s_wait_idle                                                // 0000000063A4: BF8A0000
	global_store_b32 v0, v2, s[4:5] offset:24                  // 0000000063A8: EE068004 01000000 00001800
	s_wait_storecnt 0x0                                        // 0000000063B4: BFC10000
	v_mov_b32_e32 v2, s15                                      // 0000000063B8: 7E04020F
	s_wait_idle                                                // 0000000063BC: BF8A0000
	global_store_b32 v0, v2, s[4:5] offset:28                  // 0000000063C0: EE068004 01000000 00001C00
	s_wait_storecnt 0x0                                        // 0000000063CC: BFC10000
	v_mov_b32_e32 v2, s16                                      // 0000000063D0: 7E040210
	s_wait_idle                                                // 0000000063D4: BF8A0000
	global_store_b32 v0, v2, s[4:5] offset:32                  // 0000000063D8: EE068004 01000000 00002000
	s_wait_storecnt 0x0                                        // 0000000063E4: BFC10000
	v_mov_b32_e32 v2, s17                                      // 0000000063E8: 7E040211
	s_wait_idle                                                // 0000000063EC: BF8A0000
	global_store_b32 v0, v2, s[4:5] offset:36                  // 0000000063F0: EE068004 01000000 00002400
	s_wait_storecnt 0x0                                        // 0000000063FC: BFC10000
	v_mov_b32_e32 v2, s18                                      // 000000006400: 7E040212
	s_wait_idle                                                // 000000006404: BF8A0000
	global_store_b32 v0, v2, s[4:5] offset:40                  // 000000006408: EE068004 01000000 00002800
	s_wait_storecnt 0x0                                        // 000000006414: BFC10000
	v_mov_b32_e32 v2, s19                                      // 000000006418: 7E040213
	s_wait_idle                                                // 00000000641C: BF8A0000
	global_store_b32 v0, v2, s[4:5] offset:44                  // 000000006420: EE068004 01000000 00002C00
	s_wait_storecnt 0x0                                        // 00000000642C: BFC10000
	v_mov_b32_e32 v2, s20                                      // 000000006430: 7E040214
	s_wait_idle                                                // 000000006434: BF8A0000
	global_store_b32 v0, v2, s[4:5] offset:48                  // 000000006438: EE068004 01000000 00003000
	s_wait_storecnt 0x0                                        // 000000006444: BFC10000
	v_mov_b32_e32 v2, s21                                      // 000000006448: 7E040215
	s_wait_idle                                                // 00000000644C: BF8A0000
	global_store_b32 v0, v2, s[4:5] offset:52                  // 000000006450: EE068004 01000000 00003400
	s_wait_storecnt 0x0                                        // 00000000645C: BFC10000
	v_mov_b32_e32 v2, s22                                      // 000000006460: 7E040216
	s_wait_idle                                                // 000000006464: BF8A0000
	global_store_b32 v0, v2, s[4:5] offset:56                  // 000000006468: EE068004 01000000 00003800
	s_wait_storecnt 0x0                                        // 000000006474: BFC10000
	v_mov_b32_e32 v2, s23                                      // 000000006478: 7E040217
	s_wait_idle                                                // 00000000647C: BF8A0000
	global_store_b32 v0, v2, s[4:5] offset:60                  // 000000006480: EE068004 01000000 00003C00
	s_wait_storecnt 0x0                                        // 00000000648C: BFC10000
	v_mov_b32_e32 v2, s24                                      // 000000006490: 7E040218
	s_wait_idle                                                // 000000006494: BF8A0000
	global_store_b32 v0, v2, s[4:5] offset:64                  // 000000006498: EE068004 01000000 00004000
	s_wait_storecnt 0x0                                        // 0000000064A4: BFC10000
	v_mov_b32_e32 v2, s25                                      // 0000000064A8: 7E040219
	s_wait_idle                                                // 0000000064AC: BF8A0000
	global_store_b32 v0, v2, s[4:5] offset:68                  // 0000000064B0: EE068004 01000000 00004400
	s_wait_storecnt 0x0                                        // 0000000064BC: BFC10000
	v_mov_b32_e32 v2, s26                                      // 0000000064C0: 7E04021A
	s_wait_idle                                                // 0000000064C4: BF8A0000
	global_store_b32 v0, v2, s[4:5] offset:72                  // 0000000064C8: EE068004 01000000 00004800
	s_wait_storecnt 0x0                                        // 0000000064D4: BFC10000
	v_mov_b32_e32 v2, s27                                      // 0000000064D8: 7E04021B
	s_wait_idle                                                // 0000000064DC: BF8A0000
	global_store_b32 v0, v2, s[4:5] offset:76                  // 0000000064E0: EE068004 01000000 00004C00
	s_wait_storecnt 0x0                                        // 0000000064EC: BFC10000
	v_mov_b32_e32 v2, s28                                      // 0000000064F0: 7E04021C
	s_wait_idle                                                // 0000000064F4: BF8A0000
	global_store_b32 v0, v2, s[4:5] offset:80                  // 0000000064F8: EE068004 01000000 00005000
	s_wait_storecnt 0x0                                        // 000000006504: BFC10000
	v_mov_b32_e32 v2, s29                                      // 000000006508: 7E04021D
	s_wait_idle                                                // 00000000650C: BF8A0000
	global_store_b32 v0, v2, s[4:5] offset:84                  // 000000006510: EE068004 01000000 00005400
	s_wait_storecnt 0x0                                        // 00000000651C: BFC10000
	v_mov_b32_e32 v2, s30                                      // 000000006520: 7E04021E
	s_wait_idle                                                // 000000006524: BF8A0000
	global_store_b32 v0, v2, s[4:5] offset:88                  // 000000006528: EE068004 01000000 00005800
	s_wait_storecnt 0x0                                        // 000000006534: BFC10000
	v_mov_b32_e32 v2, s31                                      // 000000006538: 7E04021F
	s_wait_idle                                                // 00000000653C: BF8A0000
	global_store_b32 v0, v2, s[4:5] offset:92                  // 000000006540: EE068004 01000000 00005C00
	s_wait_storecnt 0x0                                        // 00000000654C: BFC10000
	v_mov_b32_e32 v2, s32                                      // 000000006550: 7E040220
	s_wait_idle                                                // 000000006554: BF8A0000
	global_store_b32 v0, v2, s[4:5] offset:96                  // 000000006558: EE068004 01000000 00006000
	s_wait_storecnt 0x0                                        // 000000006564: BFC10000
	v_mov_b32_e32 v2, s33                                      // 000000006568: 7E040221
	s_wait_idle                                                // 00000000656C: BF8A0000
	global_store_b32 v0, v2, s[4:5] offset:100                 // 000000006570: EE068004 01000000 00006400
	s_wait_storecnt 0x0                                        // 00000000657C: BFC10000
	v_mov_b32_e32 v2, s34                                      // 000000006580: 7E040222
	s_wait_idle                                                // 000000006584: BF8A0000
	global_store_b32 v0, v2, s[4:5] offset:104                 // 000000006588: EE068004 01000000 00006800
	s_wait_storecnt 0x0                                        // 000000006594: BFC10000
	v_mov_b32_e32 v2, s35                                      // 000000006598: 7E040223
	s_wait_idle                                                // 00000000659C: BF8A0000
	global_store_b32 v0, v2, s[4:5] offset:108                 // 0000000065A0: EE068004 01000000 00006C00
	s_wait_storecnt 0x0                                        // 0000000065AC: BFC10000
	v_mov_b32_e32 v2, s36                                      // 0000000065B0: 7E040224
	s_wait_idle                                                // 0000000065B4: BF8A0000
	global_store_b32 v0, v2, s[4:5] offset:112                 // 0000000065B8: EE068004 01000000 00007000
	s_wait_storecnt 0x0                                        // 0000000065C4: BFC10000
	v_mov_b32_e32 v2, s37                                      // 0000000065C8: 7E040225
	s_wait_idle                                                // 0000000065CC: BF8A0000
	global_store_b32 v0, v2, s[4:5] offset:116                 // 0000000065D0: EE068004 01000000 00007400
	s_wait_storecnt 0x0                                        // 0000000065DC: BFC10000
	v_mov_b32_e32 v2, s38                                      // 0000000065E0: 7E040226
	s_wait_idle                                                // 0000000065E4: BF8A0000
	global_store_b32 v0, v2, s[4:5] offset:120                 // 0000000065E8: EE068004 01000000 00007800
	s_wait_storecnt 0x0                                        // 0000000065F4: BFC10000
	v_mov_b32_e32 v2, s39                                      // 0000000065F8: 7E040227
	s_wait_idle                                                // 0000000065FC: BF8A0000
	global_store_b32 v0, v2, s[4:5] offset:124                 // 000000006600: EE068004 01000000 00007C00
	s_wait_storecnt 0x0                                        // 00000000660C: BFC10000
	v_mov_b32_e32 v2, s40                                      // 000000006610: 7E040228
	s_wait_idle                                                // 000000006614: BF8A0000
	global_store_b32 v0, v2, s[4:5] offset:128                 // 000000006618: EE068004 01000000 00008000
	s_wait_storecnt 0x0                                        // 000000006624: BFC10000
	s_wait_storecnt 0x0                                        // 000000006628: BFC10000
	s_endpgm                                                   // 00000000662C: BFB00000
	s_nop 0                                                    // 000000006630: BF800000
	s_nop 0                                                    // 000000006634: BF800000
	s_nop 0                                                    // 000000006638: BF800000
	s_nop 0                                                    // 00000000663C: BF800000
	s_nop 0                                                    // 000000006640: BF800000
	s_nop 0                                                    // 000000006644: BF800000
	s_nop 0                                                    // 000000006648: BF800000
	s_nop 0                                                    // 00000000664C: BF800000
	s_nop 0                                                    // 000000006650: BF800000
	s_nop 0                                                    // 000000006654: BF800000
	s_nop 0                                                    // 000000006658: BF800000
	s_nop 0                                                    // 00000000665C: BF800000
	s_nop 0                                                    // 000000006660: BF800000
	s_nop 0                                                    // 000000006664: BF800000
	s_nop 0                                                    // 000000006668: BF800000
	s_nop 0                                                    // 00000000666C: BF800000
	s_nop 0                                                    // 000000006670: BF800000
	s_nop 0                                                    // 000000006674: BF800000
	s_nop 0                                                    // 000000006678: BF800000
	s_nop 0                                                    // 00000000667C: BF800000
	s_nop 0                                                    // 000000006680: BF800000
	s_nop 0                                                    // 000000006684: BF800000
	s_nop 0                                                    // 000000006688: BF800000
	s_nop 0                                                    // 00000000668C: BF800000
	s_nop 0                                                    // 000000006690: BF800000
	s_nop 0                                                    // 000000006694: BF800000
	s_nop 0                                                    // 000000006698: BF800000
	s_nop 0                                                    // 00000000669C: BF800000
	s_nop 0                                                    // 0000000066A0: BF800000
	s_nop 0                                                    // 0000000066A4: BF800000
	s_nop 0                                                    // 0000000066A8: BF800000
	s_nop 0                                                    // 0000000066AC: BF800000
	s_nop 0                                                    // 0000000066B0: BF800000
	s_nop 0                                                    // 0000000066B4: BF800000
	s_nop 0                                                    // 0000000066B8: BF800000
	s_nop 0                                                    // 0000000066BC: BF800000
	s_nop 0                                                    // 0000000066C0: BF800000
	s_nop 0                                                    // 0000000066C4: BF800000
	s_nop 0                                                    // 0000000066C8: BF800000
	s_nop 0                                                    // 0000000066CC: BF800000
	s_nop 0                                                    // 0000000066D0: BF800000
	s_nop 0                                                    // 0000000066D4: BF800000
	s_nop 0                                                    // 0000000066D8: BF800000
	s_nop 0                                                    // 0000000066DC: BF800000
	s_nop 0                                                    // 0000000066E0: BF800000
	s_nop 0                                                    // 0000000066E4: BF800000
	s_nop 0                                                    // 0000000066E8: BF800000
	s_nop 0                                                    // 0000000066EC: BF800000
	s_nop 0                                                    // 0000000066F0: BF800000
	s_nop 0                                                    // 0000000066F4: BF800000
	s_nop 0                                                    // 0000000066F8: BF800000
	s_nop 0                                                    // 0000000066FC: BF800000

0000000000006700 <sentinel_05_1>:
	global_prefetch_b8 v0, s[0:1] scope:SCOPE_SE               // 000000006700: EE174000 00040000 00000000
	v_nop                                                      // 00000000670C: 7E000000
	s_setreg_imm32_b32 hwreg(HW_REG_WAVE_MODE, 25, 1), 1       // 000000006710: B9800641 00000001
	s_load_b64 s[4:5], s[0:1], 0x0 nv                          // 000000006718: F4102100 F8000000
	s_wait_kmcnt 0x0                                           // 000000006720: BFC70000
	s_mov_b32 s6, 0                                            // 000000006724: BE860080
	s_setreg_b32 hwreg(HW_REG_WAVE_MODE, 12, 8), s6            // 000000006728: B9063B01
	s_nop 0                                                    // 00000000672C: BF800000
	s_set_vgpr_msb 0                                           // 000000006730: BF860000
	s_nop 0                                                    // 000000006734: BF800000
	v_mov_b32_e32 v1, 0x11000000                               // 000000006738: 7E0202FF 11000000
	s_wait_idle                                                // 000000006740: BF8A0000
	s_mov_b32 s7, 0x11000001                                   // 000000006744: BE8700FF 11000001
	v_writelane_b32 v1, s7, 1                                  // 00000000674C: D7610001 02010207
	s_wait_idle                                                // 000000006754: BF8A0000
	s_mov_b32 s7, 0x11000010                                   // 000000006758: BE8700FF 11000010
	v_writelane_b32 v1, s7, 16                                 // 000000006760: D7610001 02012007
	s_wait_idle                                                // 000000006768: BF8A0000
	s_set_vgpr_msb 0x41                                        // 00000000676C: BF860041
	s_nop 0                                                    // 000000006770: BF800000
	v_mov_b32_e32 v1 /*v257*/, 0x22000000                      // 000000006774: 7E0202FF 22000000
	s_wait_idle                                                // 00000000677C: BF8A0000
	s_mov_b32 s7, 0x22000001                                   // 000000006780: BE8700FF 22000001
	v_writelane_b32 v1 /*v257*/, s7, 1                         // 000000006788: D7610001 02010207
	s_wait_idle                                                // 000000006790: BF8A0000
	s_mov_b32 s7, 0x22000010                                   // 000000006794: BE8700FF 22000010
	v_writelane_b32 v1 /*v257*/, s7, 16                        // 00000000679C: D7610001 02012007
	s_wait_idle                                                // 0000000067A4: BF8A0000
	s_set_vgpr_msb 0x4182                                      // 0000000067A8: BF864182
	s_nop 0                                                    // 0000000067AC: BF800000
	v_mov_b32_e32 v1 /*v513*/, 0x33000000                      // 0000000067B0: 7E0202FF 33000000
	s_wait_idle                                                // 0000000067B8: BF8A0000
	s_mov_b32 s7, 0x33000001                                   // 0000000067BC: BE8700FF 33000001
	v_writelane_b32 v1 /*v513*/, s7, 1                         // 0000000067C4: D7610001 02010207
	s_wait_idle                                                // 0000000067CC: BF8A0000
	s_mov_b32 s7, 0x33000010                                   // 0000000067D0: BE8700FF 33000010
	v_writelane_b32 v1 /*v513*/, s7, 16                        // 0000000067D8: D7610001 02012007
	s_wait_idle                                                // 0000000067E0: BF8A0000
	v_readlane_b32 s22, v1 /*v513*/, 0                         // 0000000067E4: D7600016 02010101
	v_readlane_b32 s23, v1 /*v513*/, 1                         // 0000000067EC: D7600017 02010301
	v_readlane_b32 s24, v1 /*v513*/, 16                        // 0000000067F4: D7600018 02012101
	s_set_vgpr_msb 0x8241                                      // 0000000067FC: BF868241
	s_nop 0                                                    // 000000006800: BF800000
	v_readlane_b32 s19, v1 /*v257*/, 0                         // 000000006804: D7600013 02010101
	v_readlane_b32 s20, v1 /*v257*/, 1                         // 00000000680C: D7600014 02010301
	v_readlane_b32 s21, v1 /*v257*/, 16                        // 000000006814: D7600015 02012101
	s_set_vgpr_msb 0x4100                                      // 00000000681C: BF864100
	s_nop 0                                                    // 000000006820: BF800000
	v_readlane_b32 s16, v1, 0                                  // 000000006824: D7600010 02010101
	v_readlane_b32 s17, v1, 1                                  // 00000000682C: D7600011 02010301
	v_readlane_b32 s18, v1, 16                                 // 000000006834: D7600012 02012101
	s_mov_b32 s8, 0x53545250                                   // 00000000683C: BE8800FF 53545250
	s_mov_b32 s9, 1                                            // 000000006844: BE890081
	s_mov_b32 s10, 5                                           // 000000006848: BE8A0085
	s_mov_b32 s11, 1                                           // 00000000684C: BE8B0081
	s_mov_b32 s40, 0x434f4d50                                  // 000000006850: BEA800FF 434F4D50
	s_set_vgpr_msb 5                                           // 000000006858: BF860005
	s_nop 0                                                    // 00000000685C: BF800000
	s_wait_idle                                                // 000000006860: BF8A0000
	s_getreg_b32 s14, hwreg(HW_REG_WAVE_STATUS)                // 000000006864: B88EF802
	s_mov_b32 s38, exec_lo                                     // 000000006868: BEA6007E
	s_getreg_b32 s12, hwreg(HW_REG_WAVE_MODE)                  // 00000000686C: B88CF801
	s_get_pc_i64 s[34:35]                                      // 000000006870: BEA24700
	s_add_co_u32 s34, s34, lit(0x14)                           // 000000006874: 8022FF22 00000014
	s_add_co_ci_u32 s35, s35, 0                                // 00000000687C: 82238023
	s_nop 0                                                    // 000000006880: BF800000
	s_trap 3                                                   // 000000006884: BF900003
	s_getreg_b32 s13, hwreg(HW_REG_WAVE_MODE)                  // 000000006888: B88DF801
	s_mov_b32 s36, ttmp0                                       // 00000000688C: BEA4006C
	s_mov_b32 s37, ttmp1                                       // 000000006890: BEA5006D
	s_mov_b32 s39, exec_lo                                     // 000000006894: BEA7007E
	s_wait_idle                                                // 000000006898: BF8A0000
	s_getreg_b32 s15, hwreg(HW_REG_WAVE_STATUS)                // 00000000689C: B88FF802
	s_set_vgpr_msb 0x500                                       // 0000000068A0: BF860500
	s_nop 0                                                    // 0000000068A4: BF800000
	v_readlane_b32 s25, v1, 0                                  // 0000000068A8: D7600019 02010101
	v_readlane_b32 s26, v1, 1                                  // 0000000068B0: D760001A 02010301
	v_readlane_b32 s27, v1, 16                                 // 0000000068B8: D760001B 02012101
	s_set_vgpr_msb 0x41                                        // 0000000068C0: BF860041
	s_nop 0                                                    // 0000000068C4: BF800000
	v_readlane_b32 s28, v1 /*v257*/, 0                         // 0000000068C8: D760001C 02010101
	v_readlane_b32 s29, v1 /*v257*/, 1                         // 0000000068D0: D760001D 02010301
	v_readlane_b32 s30, v1 /*v257*/, 16                        // 0000000068D8: D760001E 02012101
	s_set_vgpr_msb 0x4182                                      // 0000000068E0: BF864182
	s_nop 0                                                    // 0000000068E4: BF800000
	v_readlane_b32 s31, v1 /*v513*/, 0                         // 0000000068E8: D760001F 02010101
	v_readlane_b32 s32, v1 /*v513*/, 1                         // 0000000068F0: D7600020 02010301
	v_readlane_b32 s33, v1 /*v513*/, 16                        // 0000000068F8: D7600021 02012101
	s_set_vgpr_msb 0x8200                                      // 000000006900: BF868200
	s_nop 0                                                    // 000000006904: BF800000
	s_mov_b32 exec_lo, 1                                       // 000000006908: BEFE0081
	v_mov_b32_e32 v0, 0                                        // 00000000690C: 7E000280
	v_mov_b32_e32 v2, s8                                       // 000000006910: 7E040208
	s_wait_idle                                                // 000000006914: BF8A0000
	global_store_b32 v0, v2, s[4:5]                            // 000000006918: EE068004 01000000 00000000
	s_wait_storecnt 0x0                                        // 000000006924: BFC10000
	v_mov_b32_e32 v2, s9                                       // 000000006928: 7E040209
	s_wait_idle                                                // 00000000692C: BF8A0000
	global_store_b32 v0, v2, s[4:5] offset:4                   // 000000006930: EE068004 01000000 00000400
	s_wait_storecnt 0x0                                        // 00000000693C: BFC10000
	v_mov_b32_e32 v2, s10                                      // 000000006940: 7E04020A
	s_wait_idle                                                // 000000006944: BF8A0000
	global_store_b32 v0, v2, s[4:5] offset:8                   // 000000006948: EE068004 01000000 00000800
	s_wait_storecnt 0x0                                        // 000000006954: BFC10000
	v_mov_b32_e32 v2, s11                                      // 000000006958: 7E04020B
	s_wait_idle                                                // 00000000695C: BF8A0000
	global_store_b32 v0, v2, s[4:5] offset:12                  // 000000006960: EE068004 01000000 00000C00
	s_wait_storecnt 0x0                                        // 00000000696C: BFC10000
	v_mov_b32_e32 v2, s12                                      // 000000006970: 7E04020C
	s_wait_idle                                                // 000000006974: BF8A0000
	global_store_b32 v0, v2, s[4:5] offset:16                  // 000000006978: EE068004 01000000 00001000
	s_wait_storecnt 0x0                                        // 000000006984: BFC10000
	v_mov_b32_e32 v2, s13                                      // 000000006988: 7E04020D
	s_wait_idle                                                // 00000000698C: BF8A0000
	global_store_b32 v0, v2, s[4:5] offset:20                  // 000000006990: EE068004 01000000 00001400
	s_wait_storecnt 0x0                                        // 00000000699C: BFC10000
	v_mov_b32_e32 v2, s14                                      // 0000000069A0: 7E04020E
	s_wait_idle                                                // 0000000069A4: BF8A0000
	global_store_b32 v0, v2, s[4:5] offset:24                  // 0000000069A8: EE068004 01000000 00001800
	s_wait_storecnt 0x0                                        // 0000000069B4: BFC10000
	v_mov_b32_e32 v2, s15                                      // 0000000069B8: 7E04020F
	s_wait_idle                                                // 0000000069BC: BF8A0000
	global_store_b32 v0, v2, s[4:5] offset:28                  // 0000000069C0: EE068004 01000000 00001C00
	s_wait_storecnt 0x0                                        // 0000000069CC: BFC10000
	v_mov_b32_e32 v2, s16                                      // 0000000069D0: 7E040210
	s_wait_idle                                                // 0000000069D4: BF8A0000
	global_store_b32 v0, v2, s[4:5] offset:32                  // 0000000069D8: EE068004 01000000 00002000
	s_wait_storecnt 0x0                                        // 0000000069E4: BFC10000
	v_mov_b32_e32 v2, s17                                      // 0000000069E8: 7E040211
	s_wait_idle                                                // 0000000069EC: BF8A0000
	global_store_b32 v0, v2, s[4:5] offset:36                  // 0000000069F0: EE068004 01000000 00002400
	s_wait_storecnt 0x0                                        // 0000000069FC: BFC10000
	v_mov_b32_e32 v2, s18                                      // 000000006A00: 7E040212
	s_wait_idle                                                // 000000006A04: BF8A0000
	global_store_b32 v0, v2, s[4:5] offset:40                  // 000000006A08: EE068004 01000000 00002800
	s_wait_storecnt 0x0                                        // 000000006A14: BFC10000
	v_mov_b32_e32 v2, s19                                      // 000000006A18: 7E040213
	s_wait_idle                                                // 000000006A1C: BF8A0000
	global_store_b32 v0, v2, s[4:5] offset:44                  // 000000006A20: EE068004 01000000 00002C00
	s_wait_storecnt 0x0                                        // 000000006A2C: BFC10000
	v_mov_b32_e32 v2, s20                                      // 000000006A30: 7E040214
	s_wait_idle                                                // 000000006A34: BF8A0000
	global_store_b32 v0, v2, s[4:5] offset:48                  // 000000006A38: EE068004 01000000 00003000
	s_wait_storecnt 0x0                                        // 000000006A44: BFC10000
	v_mov_b32_e32 v2, s21                                      // 000000006A48: 7E040215
	s_wait_idle                                                // 000000006A4C: BF8A0000
	global_store_b32 v0, v2, s[4:5] offset:52                  // 000000006A50: EE068004 01000000 00003400
	s_wait_storecnt 0x0                                        // 000000006A5C: BFC10000
	v_mov_b32_e32 v2, s22                                      // 000000006A60: 7E040216
	s_wait_idle                                                // 000000006A64: BF8A0000
	global_store_b32 v0, v2, s[4:5] offset:56                  // 000000006A68: EE068004 01000000 00003800
	s_wait_storecnt 0x0                                        // 000000006A74: BFC10000
	v_mov_b32_e32 v2, s23                                      // 000000006A78: 7E040217
	s_wait_idle                                                // 000000006A7C: BF8A0000
	global_store_b32 v0, v2, s[4:5] offset:60                  // 000000006A80: EE068004 01000000 00003C00
	s_wait_storecnt 0x0                                        // 000000006A8C: BFC10000
	v_mov_b32_e32 v2, s24                                      // 000000006A90: 7E040218
	s_wait_idle                                                // 000000006A94: BF8A0000
	global_store_b32 v0, v2, s[4:5] offset:64                  // 000000006A98: EE068004 01000000 00004000
	s_wait_storecnt 0x0                                        // 000000006AA4: BFC10000
	v_mov_b32_e32 v2, s25                                      // 000000006AA8: 7E040219
	s_wait_idle                                                // 000000006AAC: BF8A0000
	global_store_b32 v0, v2, s[4:5] offset:68                  // 000000006AB0: EE068004 01000000 00004400
	s_wait_storecnt 0x0                                        // 000000006ABC: BFC10000
	v_mov_b32_e32 v2, s26                                      // 000000006AC0: 7E04021A
	s_wait_idle                                                // 000000006AC4: BF8A0000
	global_store_b32 v0, v2, s[4:5] offset:72                  // 000000006AC8: EE068004 01000000 00004800
	s_wait_storecnt 0x0                                        // 000000006AD4: BFC10000
	v_mov_b32_e32 v2, s27                                      // 000000006AD8: 7E04021B
	s_wait_idle                                                // 000000006ADC: BF8A0000
	global_store_b32 v0, v2, s[4:5] offset:76                  // 000000006AE0: EE068004 01000000 00004C00
	s_wait_storecnt 0x0                                        // 000000006AEC: BFC10000
	v_mov_b32_e32 v2, s28                                      // 000000006AF0: 7E04021C
	s_wait_idle                                                // 000000006AF4: BF8A0000
	global_store_b32 v0, v2, s[4:5] offset:80                  // 000000006AF8: EE068004 01000000 00005000
	s_wait_storecnt 0x0                                        // 000000006B04: BFC10000
	v_mov_b32_e32 v2, s29                                      // 000000006B08: 7E04021D
	s_wait_idle                                                // 000000006B0C: BF8A0000
	global_store_b32 v0, v2, s[4:5] offset:84                  // 000000006B10: EE068004 01000000 00005400
	s_wait_storecnt 0x0                                        // 000000006B1C: BFC10000
	v_mov_b32_e32 v2, s30                                      // 000000006B20: 7E04021E
	s_wait_idle                                                // 000000006B24: BF8A0000
	global_store_b32 v0, v2, s[4:5] offset:88                  // 000000006B28: EE068004 01000000 00005800
	s_wait_storecnt 0x0                                        // 000000006B34: BFC10000
	v_mov_b32_e32 v2, s31                                      // 000000006B38: 7E04021F
	s_wait_idle                                                // 000000006B3C: BF8A0000
	global_store_b32 v0, v2, s[4:5] offset:92                  // 000000006B40: EE068004 01000000 00005C00
	s_wait_storecnt 0x0                                        // 000000006B4C: BFC10000
	v_mov_b32_e32 v2, s32                                      // 000000006B50: 7E040220
	s_wait_idle                                                // 000000006B54: BF8A0000
	global_store_b32 v0, v2, s[4:5] offset:96                  // 000000006B58: EE068004 01000000 00006000
	s_wait_storecnt 0x0                                        // 000000006B64: BFC10000
	v_mov_b32_e32 v2, s33                                      // 000000006B68: 7E040221
	s_wait_idle                                                // 000000006B6C: BF8A0000
	global_store_b32 v0, v2, s[4:5] offset:100                 // 000000006B70: EE068004 01000000 00006400
	s_wait_storecnt 0x0                                        // 000000006B7C: BFC10000
	v_mov_b32_e32 v2, s34                                      // 000000006B80: 7E040222
	s_wait_idle                                                // 000000006B84: BF8A0000
	global_store_b32 v0, v2, s[4:5] offset:104                 // 000000006B88: EE068004 01000000 00006800
	s_wait_storecnt 0x0                                        // 000000006B94: BFC10000
	v_mov_b32_e32 v2, s35                                      // 000000006B98: 7E040223
	s_wait_idle                                                // 000000006B9C: BF8A0000
	global_store_b32 v0, v2, s[4:5] offset:108                 // 000000006BA0: EE068004 01000000 00006C00
	s_wait_storecnt 0x0                                        // 000000006BAC: BFC10000
	v_mov_b32_e32 v2, s36                                      // 000000006BB0: 7E040224
	s_wait_idle                                                // 000000006BB4: BF8A0000
	global_store_b32 v0, v2, s[4:5] offset:112                 // 000000006BB8: EE068004 01000000 00007000
	s_wait_storecnt 0x0                                        // 000000006BC4: BFC10000
	v_mov_b32_e32 v2, s37                                      // 000000006BC8: 7E040225
	s_wait_idle                                                // 000000006BCC: BF8A0000
	global_store_b32 v0, v2, s[4:5] offset:116                 // 000000006BD0: EE068004 01000000 00007400
	s_wait_storecnt 0x0                                        // 000000006BDC: BFC10000
	v_mov_b32_e32 v2, s38                                      // 000000006BE0: 7E040226
	s_wait_idle                                                // 000000006BE4: BF8A0000
	global_store_b32 v0, v2, s[4:5] offset:120                 // 000000006BE8: EE068004 01000000 00007800
	s_wait_storecnt 0x0                                        // 000000006BF4: BFC10000
	v_mov_b32_e32 v2, s39                                      // 000000006BF8: 7E040227
	s_wait_idle                                                // 000000006BFC: BF8A0000
	global_store_b32 v0, v2, s[4:5] offset:124                 // 000000006C00: EE068004 01000000 00007C00
	s_wait_storecnt 0x0                                        // 000000006C0C: BFC10000
	v_mov_b32_e32 v2, s40                                      // 000000006C10: 7E040228
	s_wait_idle                                                // 000000006C14: BF8A0000
	global_store_b32 v0, v2, s[4:5] offset:128                 // 000000006C18: EE068004 01000000 00008000
	s_wait_storecnt 0x0                                        // 000000006C24: BFC10000
	s_wait_storecnt 0x0                                        // 000000006C28: BFC10000
	s_endpgm                                                   // 000000006C2C: BFB00000
	s_nop 0                                                    // 000000006C30: BF800000
	s_nop 0                                                    // 000000006C34: BF800000
	s_nop 0                                                    // 000000006C38: BF800000
	s_nop 0                                                    // 000000006C3C: BF800000
	s_nop 0                                                    // 000000006C40: BF800000
	s_nop 0                                                    // 000000006C44: BF800000
	s_nop 0                                                    // 000000006C48: BF800000
	s_nop 0                                                    // 000000006C4C: BF800000
	s_nop 0                                                    // 000000006C50: BF800000
	s_nop 0                                                    // 000000006C54: BF800000
	s_nop 0                                                    // 000000006C58: BF800000
	s_nop 0                                                    // 000000006C5C: BF800000
	s_nop 0                                                    // 000000006C60: BF800000
	s_nop 0                                                    // 000000006C64: BF800000
	s_nop 0                                                    // 000000006C68: BF800000
	s_nop 0                                                    // 000000006C6C: BF800000
	s_nop 0                                                    // 000000006C70: BF800000
	s_nop 0                                                    // 000000006C74: BF800000
	s_nop 0                                                    // 000000006C78: BF800000
	s_nop 0                                                    // 000000006C7C: BF800000
	s_nop 0                                                    // 000000006C80: BF800000
	s_nop 0                                                    // 000000006C84: BF800000
	s_nop 0                                                    // 000000006C88: BF800000
	s_nop 0                                                    // 000000006C8C: BF800000
	s_nop 0                                                    // 000000006C90: BF800000
	s_nop 0                                                    // 000000006C94: BF800000
	s_nop 0                                                    // 000000006C98: BF800000
	s_nop 0                                                    // 000000006C9C: BF800000
	s_nop 0                                                    // 000000006CA0: BF800000
	s_nop 0                                                    // 000000006CA4: BF800000
	s_nop 0                                                    // 000000006CA8: BF800000
	s_nop 0                                                    // 000000006CAC: BF800000
	s_nop 0                                                    // 000000006CB0: BF800000
	s_nop 0                                                    // 000000006CB4: BF800000
	s_nop 0                                                    // 000000006CB8: BF800000
	s_nop 0                                                    // 000000006CBC: BF800000
	s_nop 0                                                    // 000000006CC0: BF800000
	s_nop 0                                                    // 000000006CC4: BF800000
	s_nop 0                                                    // 000000006CC8: BF800000
	s_nop 0                                                    // 000000006CCC: BF800000
	s_nop 0                                                    // 000000006CD0: BF800000
	s_nop 0                                                    // 000000006CD4: BF800000
	s_nop 0                                                    // 000000006CD8: BF800000
	s_nop 0                                                    // 000000006CDC: BF800000
	s_nop 0                                                    // 000000006CE0: BF800000
	s_nop 0                                                    // 000000006CE4: BF800000
	s_nop 0                                                    // 000000006CE8: BF800000
	s_nop 0                                                    // 000000006CEC: BF800000
	s_nop 0                                                    // 000000006CF0: BF800000
	s_nop 0                                                    // 000000006CF4: BF800000
	s_nop 0                                                    // 000000006CF8: BF800000
	s_nop 0                                                    // 000000006CFC: BF800000

0000000000006d00 <sentinel_81_0>:
	global_prefetch_b8 v0, s[0:1] scope:SCOPE_SE               // 000000006D00: EE174000 00040000 00000000
	v_nop                                                      // 000000006D0C: 7E000000
	s_setreg_imm32_b32 hwreg(HW_REG_WAVE_MODE, 25, 1), 1       // 000000006D10: B9800641 00000001
	s_load_b64 s[4:5], s[0:1], 0x0 nv                          // 000000006D18: F4102100 F8000000
	s_wait_kmcnt 0x0                                           // 000000006D20: BFC70000
	s_mov_b32 s6, 0                                            // 000000006D24: BE860080
	s_setreg_b32 hwreg(HW_REG_WAVE_MODE, 12, 8), s6            // 000000006D28: B9063B01
	s_nop 0                                                    // 000000006D2C: BF800000
	s_set_vgpr_msb 0                                           // 000000006D30: BF860000
	s_nop 0                                                    // 000000006D34: BF800000
	v_mov_b32_e32 v1, 0x11000000                               // 000000006D38: 7E0202FF 11000000
	s_wait_idle                                                // 000000006D40: BF8A0000
	s_mov_b32 s7, 0x11000001                                   // 000000006D44: BE8700FF 11000001
	v_writelane_b32 v1, s7, 1                                  // 000000006D4C: D7610001 02010207
	s_wait_idle                                                // 000000006D54: BF8A0000
	s_mov_b32 s7, 0x11000010                                   // 000000006D58: BE8700FF 11000010
	v_writelane_b32 v1, s7, 16                                 // 000000006D60: D7610001 02012007
	s_wait_idle                                                // 000000006D68: BF8A0000
	s_set_vgpr_msb 0x41                                        // 000000006D6C: BF860041
	s_nop 0                                                    // 000000006D70: BF800000
	v_mov_b32_e32 v1 /*v257*/, 0x22000000                      // 000000006D74: 7E0202FF 22000000
	s_wait_idle                                                // 000000006D7C: BF8A0000
	s_mov_b32 s7, 0x22000001                                   // 000000006D80: BE8700FF 22000001
	v_writelane_b32 v1 /*v257*/, s7, 1                         // 000000006D88: D7610001 02010207
	s_wait_idle                                                // 000000006D90: BF8A0000
	s_mov_b32 s7, 0x22000010                                   // 000000006D94: BE8700FF 22000010
	v_writelane_b32 v1 /*v257*/, s7, 16                        // 000000006D9C: D7610001 02012007
	s_wait_idle                                                // 000000006DA4: BF8A0000
	s_set_vgpr_msb 0x4182                                      // 000000006DA8: BF864182
	s_nop 0                                                    // 000000006DAC: BF800000
	v_mov_b32_e32 v1 /*v513*/, 0x33000000                      // 000000006DB0: 7E0202FF 33000000
	s_wait_idle                                                // 000000006DB8: BF8A0000
	s_mov_b32 s7, 0x33000001                                   // 000000006DBC: BE8700FF 33000001
	v_writelane_b32 v1 /*v513*/, s7, 1                         // 000000006DC4: D7610001 02010207
	s_wait_idle                                                // 000000006DCC: BF8A0000
	s_mov_b32 s7, 0x33000010                                   // 000000006DD0: BE8700FF 33000010
	v_writelane_b32 v1 /*v513*/, s7, 16                        // 000000006DD8: D7610001 02012007
	s_wait_idle                                                // 000000006DE0: BF8A0000
	v_readlane_b32 s22, v1 /*v513*/, 0                         // 000000006DE4: D7600016 02010101
	v_readlane_b32 s23, v1 /*v513*/, 1                         // 000000006DEC: D7600017 02010301
	v_readlane_b32 s24, v1 /*v513*/, 16                        // 000000006DF4: D7600018 02012101
	s_set_vgpr_msb 0x8241                                      // 000000006DFC: BF868241
	s_nop 0                                                    // 000000006E00: BF800000
	v_readlane_b32 s19, v1 /*v257*/, 0                         // 000000006E04: D7600013 02010101
	v_readlane_b32 s20, v1 /*v257*/, 1                         // 000000006E0C: D7600014 02010301
	v_readlane_b32 s21, v1 /*v257*/, 16                        // 000000006E14: D7600015 02012101
	s_set_vgpr_msb 0x4100                                      // 000000006E1C: BF864100
	s_nop 0                                                    // 000000006E20: BF800000
	v_readlane_b32 s16, v1, 0                                  // 000000006E24: D7600010 02010101
	v_readlane_b32 s17, v1, 1                                  // 000000006E2C: D7600011 02010301
	v_readlane_b32 s18, v1, 16                                 // 000000006E34: D7600012 02012101
	s_mov_b32 s8, 0x53545250                                   // 000000006E3C: BE8800FF 53545250
	s_mov_b32 s9, 1                                            // 000000006E44: BE890081
	s_mov_b32 s10, 0x81                                        // 000000006E48: BE8A00FF 00000081
	s_mov_b32 s11, 0                                           // 000000006E50: BE8B0080
	s_mov_b32 s40, 0x434f4d50                                  // 000000006E54: BEA800FF 434F4D50
	s_set_vgpr_msb 0x81                                        // 000000006E5C: BF860081
	s_nop 0                                                    // 000000006E60: BF800000
	s_wait_idle                                                // 000000006E64: BF8A0000
	s_getreg_b32 s14, hwreg(HW_REG_WAVE_STATUS)                // 000000006E68: B88EF802
	s_mov_b32 s38, exec_lo                                     // 000000006E6C: BEA6007E
	s_getreg_b32 s12, hwreg(HW_REG_WAVE_MODE)                  // 000000006E70: B88CF801
	s_get_pc_i64 s[34:35]                                      // 000000006E74: BEA24700
	s_add_co_u32 s34, s34, lit(0x14)                           // 000000006E78: 8022FF22 00000014
	s_add_co_ci_u32 s35, s35, 0                                // 000000006E80: 82238023
	s_nop 0                                                    // 000000006E84: BF800000
	s_nop 0                                                    // 000000006E88: BF800000
	s_getreg_b32 s13, hwreg(HW_REG_WAVE_MODE)                  // 000000006E8C: B88DF801
	s_mov_b32 s36, ttmp0                                       // 000000006E90: BEA4006C
	s_mov_b32 s37, ttmp1                                       // 000000006E94: BEA5006D
	s_mov_b32 s39, exec_lo                                     // 000000006E98: BEA7007E
	s_wait_idle                                                // 000000006E9C: BF8A0000
	s_getreg_b32 s15, hwreg(HW_REG_WAVE_STATUS)                // 000000006EA0: B88FF802
	s_set_vgpr_msb 0x8100                                      // 000000006EA4: BF868100
	s_nop 0                                                    // 000000006EA8: BF800000
	v_readlane_b32 s25, v1, 0                                  // 000000006EAC: D7600019 02010101
	v_readlane_b32 s26, v1, 1                                  // 000000006EB4: D760001A 02010301
	v_readlane_b32 s27, v1, 16                                 // 000000006EBC: D760001B 02012101
	s_set_vgpr_msb 0x41                                        // 000000006EC4: BF860041
	s_nop 0                                                    // 000000006EC8: BF800000
	v_readlane_b32 s28, v1 /*v257*/, 0                         // 000000006ECC: D760001C 02010101
	v_readlane_b32 s29, v1 /*v257*/, 1                         // 000000006ED4: D760001D 02010301
	v_readlane_b32 s30, v1 /*v257*/, 16                        // 000000006EDC: D760001E 02012101
	s_set_vgpr_msb 0x4182                                      // 000000006EE4: BF864182
	s_nop 0                                                    // 000000006EE8: BF800000
	v_readlane_b32 s31, v1 /*v513*/, 0                         // 000000006EEC: D760001F 02010101
	v_readlane_b32 s32, v1 /*v513*/, 1                         // 000000006EF4: D7600020 02010301
	v_readlane_b32 s33, v1 /*v513*/, 16                        // 000000006EFC: D7600021 02012101
	s_set_vgpr_msb 0x8200                                      // 000000006F04: BF868200
	s_nop 0                                                    // 000000006F08: BF800000
	s_mov_b32 exec_lo, 1                                       // 000000006F0C: BEFE0081
	v_mov_b32_e32 v0, 0                                        // 000000006F10: 7E000280
	v_mov_b32_e32 v2, s8                                       // 000000006F14: 7E040208
	s_wait_idle                                                // 000000006F18: BF8A0000
	global_store_b32 v0, v2, s[4:5]                            // 000000006F1C: EE068004 01000000 00000000
	s_wait_storecnt 0x0                                        // 000000006F28: BFC10000
	v_mov_b32_e32 v2, s9                                       // 000000006F2C: 7E040209
	s_wait_idle                                                // 000000006F30: BF8A0000
	global_store_b32 v0, v2, s[4:5] offset:4                   // 000000006F34: EE068004 01000000 00000400
	s_wait_storecnt 0x0                                        // 000000006F40: BFC10000
	v_mov_b32_e32 v2, s10                                      // 000000006F44: 7E04020A
	s_wait_idle                                                // 000000006F48: BF8A0000
	global_store_b32 v0, v2, s[4:5] offset:8                   // 000000006F4C: EE068004 01000000 00000800
	s_wait_storecnt 0x0                                        // 000000006F58: BFC10000
	v_mov_b32_e32 v2, s11                                      // 000000006F5C: 7E04020B
	s_wait_idle                                                // 000000006F60: BF8A0000
	global_store_b32 v0, v2, s[4:5] offset:12                  // 000000006F64: EE068004 01000000 00000C00
	s_wait_storecnt 0x0                                        // 000000006F70: BFC10000
	v_mov_b32_e32 v2, s12                                      // 000000006F74: 7E04020C
	s_wait_idle                                                // 000000006F78: BF8A0000
	global_store_b32 v0, v2, s[4:5] offset:16                  // 000000006F7C: EE068004 01000000 00001000
	s_wait_storecnt 0x0                                        // 000000006F88: BFC10000
	v_mov_b32_e32 v2, s13                                      // 000000006F8C: 7E04020D
	s_wait_idle                                                // 000000006F90: BF8A0000
	global_store_b32 v0, v2, s[4:5] offset:20                  // 000000006F94: EE068004 01000000 00001400
	s_wait_storecnt 0x0                                        // 000000006FA0: BFC10000
	v_mov_b32_e32 v2, s14                                      // 000000006FA4: 7E04020E
	s_wait_idle                                                // 000000006FA8: BF8A0000
	global_store_b32 v0, v2, s[4:5] offset:24                  // 000000006FAC: EE068004 01000000 00001800
	s_wait_storecnt 0x0                                        // 000000006FB8: BFC10000
	v_mov_b32_e32 v2, s15                                      // 000000006FBC: 7E04020F
	s_wait_idle                                                // 000000006FC0: BF8A0000
	global_store_b32 v0, v2, s[4:5] offset:28                  // 000000006FC4: EE068004 01000000 00001C00
	s_wait_storecnt 0x0                                        // 000000006FD0: BFC10000
	v_mov_b32_e32 v2, s16                                      // 000000006FD4: 7E040210
	s_wait_idle                                                // 000000006FD8: BF8A0000
	global_store_b32 v0, v2, s[4:5] offset:32                  // 000000006FDC: EE068004 01000000 00002000
	s_wait_storecnt 0x0                                        // 000000006FE8: BFC10000
	v_mov_b32_e32 v2, s17                                      // 000000006FEC: 7E040211
	s_wait_idle                                                // 000000006FF0: BF8A0000
	global_store_b32 v0, v2, s[4:5] offset:36                  // 000000006FF4: EE068004 01000000 00002400
	s_wait_storecnt 0x0                                        // 000000007000: BFC10000
	v_mov_b32_e32 v2, s18                                      // 000000007004: 7E040212
	s_wait_idle                                                // 000000007008: BF8A0000
	global_store_b32 v0, v2, s[4:5] offset:40                  // 00000000700C: EE068004 01000000 00002800
	s_wait_storecnt 0x0                                        // 000000007018: BFC10000
	v_mov_b32_e32 v2, s19                                      // 00000000701C: 7E040213
	s_wait_idle                                                // 000000007020: BF8A0000
	global_store_b32 v0, v2, s[4:5] offset:44                  // 000000007024: EE068004 01000000 00002C00
	s_wait_storecnt 0x0                                        // 000000007030: BFC10000
	v_mov_b32_e32 v2, s20                                      // 000000007034: 7E040214
	s_wait_idle                                                // 000000007038: BF8A0000
	global_store_b32 v0, v2, s[4:5] offset:48                  // 00000000703C: EE068004 01000000 00003000
	s_wait_storecnt 0x0                                        // 000000007048: BFC10000
	v_mov_b32_e32 v2, s21                                      // 00000000704C: 7E040215
	s_wait_idle                                                // 000000007050: BF8A0000
	global_store_b32 v0, v2, s[4:5] offset:52                  // 000000007054: EE068004 01000000 00003400
	s_wait_storecnt 0x0                                        // 000000007060: BFC10000
	v_mov_b32_e32 v2, s22                                      // 000000007064: 7E040216
	s_wait_idle                                                // 000000007068: BF8A0000
	global_store_b32 v0, v2, s[4:5] offset:56                  // 00000000706C: EE068004 01000000 00003800
	s_wait_storecnt 0x0                                        // 000000007078: BFC10000
	v_mov_b32_e32 v2, s23                                      // 00000000707C: 7E040217
	s_wait_idle                                                // 000000007080: BF8A0000
	global_store_b32 v0, v2, s[4:5] offset:60                  // 000000007084: EE068004 01000000 00003C00
	s_wait_storecnt 0x0                                        // 000000007090: BFC10000
	v_mov_b32_e32 v2, s24                                      // 000000007094: 7E040218
	s_wait_idle                                                // 000000007098: BF8A0000
	global_store_b32 v0, v2, s[4:5] offset:64                  // 00000000709C: EE068004 01000000 00004000
	s_wait_storecnt 0x0                                        // 0000000070A8: BFC10000
	v_mov_b32_e32 v2, s25                                      // 0000000070AC: 7E040219
	s_wait_idle                                                // 0000000070B0: BF8A0000
	global_store_b32 v0, v2, s[4:5] offset:68                  // 0000000070B4: EE068004 01000000 00004400
	s_wait_storecnt 0x0                                        // 0000000070C0: BFC10000
	v_mov_b32_e32 v2, s26                                      // 0000000070C4: 7E04021A
	s_wait_idle                                                // 0000000070C8: BF8A0000
	global_store_b32 v0, v2, s[4:5] offset:72                  // 0000000070CC: EE068004 01000000 00004800
	s_wait_storecnt 0x0                                        // 0000000070D8: BFC10000
	v_mov_b32_e32 v2, s27                                      // 0000000070DC: 7E04021B
	s_wait_idle                                                // 0000000070E0: BF8A0000
	global_store_b32 v0, v2, s[4:5] offset:76                  // 0000000070E4: EE068004 01000000 00004C00
	s_wait_storecnt 0x0                                        // 0000000070F0: BFC10000
	v_mov_b32_e32 v2, s28                                      // 0000000070F4: 7E04021C
	s_wait_idle                                                // 0000000070F8: BF8A0000
	global_store_b32 v0, v2, s[4:5] offset:80                  // 0000000070FC: EE068004 01000000 00005000
	s_wait_storecnt 0x0                                        // 000000007108: BFC10000
	v_mov_b32_e32 v2, s29                                      // 00000000710C: 7E04021D
	s_wait_idle                                                // 000000007110: BF8A0000
	global_store_b32 v0, v2, s[4:5] offset:84                  // 000000007114: EE068004 01000000 00005400
	s_wait_storecnt 0x0                                        // 000000007120: BFC10000
	v_mov_b32_e32 v2, s30                                      // 000000007124: 7E04021E
	s_wait_idle                                                // 000000007128: BF8A0000
	global_store_b32 v0, v2, s[4:5] offset:88                  // 00000000712C: EE068004 01000000 00005800
	s_wait_storecnt 0x0                                        // 000000007138: BFC10000
	v_mov_b32_e32 v2, s31                                      // 00000000713C: 7E04021F
	s_wait_idle                                                // 000000007140: BF8A0000
	global_store_b32 v0, v2, s[4:5] offset:92                  // 000000007144: EE068004 01000000 00005C00
	s_wait_storecnt 0x0                                        // 000000007150: BFC10000
	v_mov_b32_e32 v2, s32                                      // 000000007154: 7E040220
	s_wait_idle                                                // 000000007158: BF8A0000
	global_store_b32 v0, v2, s[4:5] offset:96                  // 00000000715C: EE068004 01000000 00006000
	s_wait_storecnt 0x0                                        // 000000007168: BFC10000
	v_mov_b32_e32 v2, s33                                      // 00000000716C: 7E040221
	s_wait_idle                                                // 000000007170: BF8A0000
	global_store_b32 v0, v2, s[4:5] offset:100                 // 000000007174: EE068004 01000000 00006400
	s_wait_storecnt 0x0                                        // 000000007180: BFC10000
	v_mov_b32_e32 v2, s34                                      // 000000007184: 7E040222
	s_wait_idle                                                // 000000007188: BF8A0000
	global_store_b32 v0, v2, s[4:5] offset:104                 // 00000000718C: EE068004 01000000 00006800
	s_wait_storecnt 0x0                                        // 000000007198: BFC10000
	v_mov_b32_e32 v2, s35                                      // 00000000719C: 7E040223
	s_wait_idle                                                // 0000000071A0: BF8A0000
	global_store_b32 v0, v2, s[4:5] offset:108                 // 0000000071A4: EE068004 01000000 00006C00
	s_wait_storecnt 0x0                                        // 0000000071B0: BFC10000
	v_mov_b32_e32 v2, s36                                      // 0000000071B4: 7E040224
	s_wait_idle                                                // 0000000071B8: BF8A0000
	global_store_b32 v0, v2, s[4:5] offset:112                 // 0000000071BC: EE068004 01000000 00007000
	s_wait_storecnt 0x0                                        // 0000000071C8: BFC10000
	v_mov_b32_e32 v2, s37                                      // 0000000071CC: 7E040225
	s_wait_idle                                                // 0000000071D0: BF8A0000
	global_store_b32 v0, v2, s[4:5] offset:116                 // 0000000071D4: EE068004 01000000 00007400
	s_wait_storecnt 0x0                                        // 0000000071E0: BFC10000
	v_mov_b32_e32 v2, s38                                      // 0000000071E4: 7E040226
	s_wait_idle                                                // 0000000071E8: BF8A0000
	global_store_b32 v0, v2, s[4:5] offset:120                 // 0000000071EC: EE068004 01000000 00007800
	s_wait_storecnt 0x0                                        // 0000000071F8: BFC10000
	v_mov_b32_e32 v2, s39                                      // 0000000071FC: 7E040227
	s_wait_idle                                                // 000000007200: BF8A0000
	global_store_b32 v0, v2, s[4:5] offset:124                 // 000000007204: EE068004 01000000 00007C00
	s_wait_storecnt 0x0                                        // 000000007210: BFC10000
	v_mov_b32_e32 v2, s40                                      // 000000007214: 7E040228
	s_wait_idle                                                // 000000007218: BF8A0000
	global_store_b32 v0, v2, s[4:5] offset:128                 // 00000000721C: EE068004 01000000 00008000
	s_wait_storecnt 0x0                                        // 000000007228: BFC10000
	s_wait_storecnt 0x0                                        // 00000000722C: BFC10000
	s_endpgm                                                   // 000000007230: BFB00000
	s_nop 0                                                    // 000000007234: BF800000
	s_nop 0                                                    // 000000007238: BF800000
	s_nop 0                                                    // 00000000723C: BF800000
	s_nop 0                                                    // 000000007240: BF800000
	s_nop 0                                                    // 000000007244: BF800000
	s_nop 0                                                    // 000000007248: BF800000
	s_nop 0                                                    // 00000000724C: BF800000
	s_nop 0                                                    // 000000007250: BF800000
	s_nop 0                                                    // 000000007254: BF800000
	s_nop 0                                                    // 000000007258: BF800000
	s_nop 0                                                    // 00000000725C: BF800000
	s_nop 0                                                    // 000000007260: BF800000
	s_nop 0                                                    // 000000007264: BF800000
	s_nop 0                                                    // 000000007268: BF800000
	s_nop 0                                                    // 00000000726C: BF800000
	s_nop 0                                                    // 000000007270: BF800000
	s_nop 0                                                    // 000000007274: BF800000
	s_nop 0                                                    // 000000007278: BF800000
	s_nop 0                                                    // 00000000727C: BF800000
	s_nop 0                                                    // 000000007280: BF800000
	s_nop 0                                                    // 000000007284: BF800000
	s_nop 0                                                    // 000000007288: BF800000
	s_nop 0                                                    // 00000000728C: BF800000
	s_nop 0                                                    // 000000007290: BF800000
	s_nop 0                                                    // 000000007294: BF800000
	s_nop 0                                                    // 000000007298: BF800000
	s_nop 0                                                    // 00000000729C: BF800000
	s_nop 0                                                    // 0000000072A0: BF800000
	s_nop 0                                                    // 0000000072A4: BF800000
	s_nop 0                                                    // 0000000072A8: BF800000
	s_nop 0                                                    // 0000000072AC: BF800000
	s_nop 0                                                    // 0000000072B0: BF800000
	s_nop 0                                                    // 0000000072B4: BF800000
	s_nop 0                                                    // 0000000072B8: BF800000
	s_nop 0                                                    // 0000000072BC: BF800000
	s_nop 0                                                    // 0000000072C0: BF800000
	s_nop 0                                                    // 0000000072C4: BF800000
	s_nop 0                                                    // 0000000072C8: BF800000
	s_nop 0                                                    // 0000000072CC: BF800000
	s_nop 0                                                    // 0000000072D0: BF800000
	s_nop 0                                                    // 0000000072D4: BF800000
	s_nop 0                                                    // 0000000072D8: BF800000
	s_nop 0                                                    // 0000000072DC: BF800000
	s_nop 0                                                    // 0000000072E0: BF800000
	s_nop 0                                                    // 0000000072E4: BF800000
	s_nop 0                                                    // 0000000072E8: BF800000
	s_nop 0                                                    // 0000000072EC: BF800000
	s_nop 0                                                    // 0000000072F0: BF800000
	s_nop 0                                                    // 0000000072F4: BF800000
	s_nop 0                                                    // 0000000072F8: BF800000
	s_nop 0                                                    // 0000000072FC: BF800000

0000000000007300 <sentinel_81_1>:
	global_prefetch_b8 v0, s[0:1] scope:SCOPE_SE               // 000000007300: EE174000 00040000 00000000
	v_nop                                                      // 00000000730C: 7E000000
	s_setreg_imm32_b32 hwreg(HW_REG_WAVE_MODE, 25, 1), 1       // 000000007310: B9800641 00000001
	s_load_b64 s[4:5], s[0:1], 0x0 nv                          // 000000007318: F4102100 F8000000
	s_wait_kmcnt 0x0                                           // 000000007320: BFC70000
	s_mov_b32 s6, 0                                            // 000000007324: BE860080
	s_setreg_b32 hwreg(HW_REG_WAVE_MODE, 12, 8), s6            // 000000007328: B9063B01
	s_nop 0                                                    // 00000000732C: BF800000
	s_set_vgpr_msb 0                                           // 000000007330: BF860000
	s_nop 0                                                    // 000000007334: BF800000
	v_mov_b32_e32 v1, 0x11000000                               // 000000007338: 7E0202FF 11000000
	s_wait_idle                                                // 000000007340: BF8A0000
	s_mov_b32 s7, 0x11000001                                   // 000000007344: BE8700FF 11000001
	v_writelane_b32 v1, s7, 1                                  // 00000000734C: D7610001 02010207
	s_wait_idle                                                // 000000007354: BF8A0000
	s_mov_b32 s7, 0x11000010                                   // 000000007358: BE8700FF 11000010
	v_writelane_b32 v1, s7, 16                                 // 000000007360: D7610001 02012007
	s_wait_idle                                                // 000000007368: BF8A0000
	s_set_vgpr_msb 0x41                                        // 00000000736C: BF860041
	s_nop 0                                                    // 000000007370: BF800000
	v_mov_b32_e32 v1 /*v257*/, 0x22000000                      // 000000007374: 7E0202FF 22000000
	s_wait_idle                                                // 00000000737C: BF8A0000
	s_mov_b32 s7, 0x22000001                                   // 000000007380: BE8700FF 22000001
	v_writelane_b32 v1 /*v257*/, s7, 1                         // 000000007388: D7610001 02010207
	s_wait_idle                                                // 000000007390: BF8A0000
	s_mov_b32 s7, 0x22000010                                   // 000000007394: BE8700FF 22000010
	v_writelane_b32 v1 /*v257*/, s7, 16                        // 00000000739C: D7610001 02012007
	s_wait_idle                                                // 0000000073A4: BF8A0000
	s_set_vgpr_msb 0x4182                                      // 0000000073A8: BF864182
	s_nop 0                                                    // 0000000073AC: BF800000
	v_mov_b32_e32 v1 /*v513*/, 0x33000000                      // 0000000073B0: 7E0202FF 33000000
	s_wait_idle                                                // 0000000073B8: BF8A0000
	s_mov_b32 s7, 0x33000001                                   // 0000000073BC: BE8700FF 33000001
	v_writelane_b32 v1 /*v513*/, s7, 1                         // 0000000073C4: D7610001 02010207
	s_wait_idle                                                // 0000000073CC: BF8A0000
	s_mov_b32 s7, 0x33000010                                   // 0000000073D0: BE8700FF 33000010
	v_writelane_b32 v1 /*v513*/, s7, 16                        // 0000000073D8: D7610001 02012007
	s_wait_idle                                                // 0000000073E0: BF8A0000
	v_readlane_b32 s22, v1 /*v513*/, 0                         // 0000000073E4: D7600016 02010101
	v_readlane_b32 s23, v1 /*v513*/, 1                         // 0000000073EC: D7600017 02010301
	v_readlane_b32 s24, v1 /*v513*/, 16                        // 0000000073F4: D7600018 02012101
	s_set_vgpr_msb 0x8241                                      // 0000000073FC: BF868241
	s_nop 0                                                    // 000000007400: BF800000
	v_readlane_b32 s19, v1 /*v257*/, 0                         // 000000007404: D7600013 02010101
	v_readlane_b32 s20, v1 /*v257*/, 1                         // 00000000740C: D7600014 02010301
	v_readlane_b32 s21, v1 /*v257*/, 16                        // 000000007414: D7600015 02012101
	s_set_vgpr_msb 0x4100                                      // 00000000741C: BF864100
	s_nop 0                                                    // 000000007420: BF800000
	v_readlane_b32 s16, v1, 0                                  // 000000007424: D7600010 02010101
	v_readlane_b32 s17, v1, 1                                  // 00000000742C: D7600011 02010301
	v_readlane_b32 s18, v1, 16                                 // 000000007434: D7600012 02012101
	s_mov_b32 s8, 0x53545250                                   // 00000000743C: BE8800FF 53545250
	s_mov_b32 s9, 1                                            // 000000007444: BE890081
	s_mov_b32 s10, 0x81                                        // 000000007448: BE8A00FF 00000081
	s_mov_b32 s11, 1                                           // 000000007450: BE8B0081
	s_mov_b32 s40, 0x434f4d50                                  // 000000007454: BEA800FF 434F4D50
	s_set_vgpr_msb 0x81                                        // 00000000745C: BF860081
	s_nop 0                                                    // 000000007460: BF800000
	s_wait_idle                                                // 000000007464: BF8A0000
	s_getreg_b32 s14, hwreg(HW_REG_WAVE_STATUS)                // 000000007468: B88EF802
	s_mov_b32 s38, exec_lo                                     // 00000000746C: BEA6007E
	s_getreg_b32 s12, hwreg(HW_REG_WAVE_MODE)                  // 000000007470: B88CF801
	s_get_pc_i64 s[34:35]                                      // 000000007474: BEA24700
	s_add_co_u32 s34, s34, lit(0x14)                           // 000000007478: 8022FF22 00000014
	s_add_co_ci_u32 s35, s35, 0                                // 000000007480: 82238023
	s_nop 0                                                    // 000000007484: BF800000
	s_trap 3                                                   // 000000007488: BF900003
	s_getreg_b32 s13, hwreg(HW_REG_WAVE_MODE)                  // 00000000748C: B88DF801
	s_mov_b32 s36, ttmp0                                       // 000000007490: BEA4006C
	s_mov_b32 s37, ttmp1                                       // 000000007494: BEA5006D
	s_mov_b32 s39, exec_lo                                     // 000000007498: BEA7007E
	s_wait_idle                                                // 00000000749C: BF8A0000
	s_getreg_b32 s15, hwreg(HW_REG_WAVE_STATUS)                // 0000000074A0: B88FF802
	s_set_vgpr_msb 0x8100                                      // 0000000074A4: BF868100
	s_nop 0                                                    // 0000000074A8: BF800000
	v_readlane_b32 s25, v1, 0                                  // 0000000074AC: D7600019 02010101
	v_readlane_b32 s26, v1, 1                                  // 0000000074B4: D760001A 02010301
	v_readlane_b32 s27, v1, 16                                 // 0000000074BC: D760001B 02012101
	s_set_vgpr_msb 0x41                                        // 0000000074C4: BF860041
	s_nop 0                                                    // 0000000074C8: BF800000
	v_readlane_b32 s28, v1 /*v257*/, 0                         // 0000000074CC: D760001C 02010101
	v_readlane_b32 s29, v1 /*v257*/, 1                         // 0000000074D4: D760001D 02010301
	v_readlane_b32 s30, v1 /*v257*/, 16                        // 0000000074DC: D760001E 02012101
	s_set_vgpr_msb 0x4182                                      // 0000000074E4: BF864182
	s_nop 0                                                    // 0000000074E8: BF800000
	v_readlane_b32 s31, v1 /*v513*/, 0                         // 0000000074EC: D760001F 02010101
	v_readlane_b32 s32, v1 /*v513*/, 1                         // 0000000074F4: D7600020 02010301
	v_readlane_b32 s33, v1 /*v513*/, 16                        // 0000000074FC: D7600021 02012101
	s_set_vgpr_msb 0x8200                                      // 000000007504: BF868200
	s_nop 0                                                    // 000000007508: BF800000
	s_mov_b32 exec_lo, 1                                       // 00000000750C: BEFE0081
	v_mov_b32_e32 v0, 0                                        // 000000007510: 7E000280
	v_mov_b32_e32 v2, s8                                       // 000000007514: 7E040208
	s_wait_idle                                                // 000000007518: BF8A0000
	global_store_b32 v0, v2, s[4:5]                            // 00000000751C: EE068004 01000000 00000000
	s_wait_storecnt 0x0                                        // 000000007528: BFC10000
	v_mov_b32_e32 v2, s9                                       // 00000000752C: 7E040209
	s_wait_idle                                                // 000000007530: BF8A0000
	global_store_b32 v0, v2, s[4:5] offset:4                   // 000000007534: EE068004 01000000 00000400
	s_wait_storecnt 0x0                                        // 000000007540: BFC10000
	v_mov_b32_e32 v2, s10                                      // 000000007544: 7E04020A
	s_wait_idle                                                // 000000007548: BF8A0000
	global_store_b32 v0, v2, s[4:5] offset:8                   // 00000000754C: EE068004 01000000 00000800
	s_wait_storecnt 0x0                                        // 000000007558: BFC10000
	v_mov_b32_e32 v2, s11                                      // 00000000755C: 7E04020B
	s_wait_idle                                                // 000000007560: BF8A0000
	global_store_b32 v0, v2, s[4:5] offset:12                  // 000000007564: EE068004 01000000 00000C00
	s_wait_storecnt 0x0                                        // 000000007570: BFC10000
	v_mov_b32_e32 v2, s12                                      // 000000007574: 7E04020C
	s_wait_idle                                                // 000000007578: BF8A0000
	global_store_b32 v0, v2, s[4:5] offset:16                  // 00000000757C: EE068004 01000000 00001000
	s_wait_storecnt 0x0                                        // 000000007588: BFC10000
	v_mov_b32_e32 v2, s13                                      // 00000000758C: 7E04020D
	s_wait_idle                                                // 000000007590: BF8A0000
	global_store_b32 v0, v2, s[4:5] offset:20                  // 000000007594: EE068004 01000000 00001400
	s_wait_storecnt 0x0                                        // 0000000075A0: BFC10000
	v_mov_b32_e32 v2, s14                                      // 0000000075A4: 7E04020E
	s_wait_idle                                                // 0000000075A8: BF8A0000
	global_store_b32 v0, v2, s[4:5] offset:24                  // 0000000075AC: EE068004 01000000 00001800
	s_wait_storecnt 0x0                                        // 0000000075B8: BFC10000
	v_mov_b32_e32 v2, s15                                      // 0000000075BC: 7E04020F
	s_wait_idle                                                // 0000000075C0: BF8A0000
	global_store_b32 v0, v2, s[4:5] offset:28                  // 0000000075C4: EE068004 01000000 00001C00
	s_wait_storecnt 0x0                                        // 0000000075D0: BFC10000
	v_mov_b32_e32 v2, s16                                      // 0000000075D4: 7E040210
	s_wait_idle                                                // 0000000075D8: BF8A0000
	global_store_b32 v0, v2, s[4:5] offset:32                  // 0000000075DC: EE068004 01000000 00002000
	s_wait_storecnt 0x0                                        // 0000000075E8: BFC10000
	v_mov_b32_e32 v2, s17                                      // 0000000075EC: 7E040211
	s_wait_idle                                                // 0000000075F0: BF8A0000
	global_store_b32 v0, v2, s[4:5] offset:36                  // 0000000075F4: EE068004 01000000 00002400
	s_wait_storecnt 0x0                                        // 000000007600: BFC10000
	v_mov_b32_e32 v2, s18                                      // 000000007604: 7E040212
	s_wait_idle                                                // 000000007608: BF8A0000
	global_store_b32 v0, v2, s[4:5] offset:40                  // 00000000760C: EE068004 01000000 00002800
	s_wait_storecnt 0x0                                        // 000000007618: BFC10000
	v_mov_b32_e32 v2, s19                                      // 00000000761C: 7E040213
	s_wait_idle                                                // 000000007620: BF8A0000
	global_store_b32 v0, v2, s[4:5] offset:44                  // 000000007624: EE068004 01000000 00002C00
	s_wait_storecnt 0x0                                        // 000000007630: BFC10000
	v_mov_b32_e32 v2, s20                                      // 000000007634: 7E040214
	s_wait_idle                                                // 000000007638: BF8A0000
	global_store_b32 v0, v2, s[4:5] offset:48                  // 00000000763C: EE068004 01000000 00003000
	s_wait_storecnt 0x0                                        // 000000007648: BFC10000
	v_mov_b32_e32 v2, s21                                      // 00000000764C: 7E040215
	s_wait_idle                                                // 000000007650: BF8A0000
	global_store_b32 v0, v2, s[4:5] offset:52                  // 000000007654: EE068004 01000000 00003400
	s_wait_storecnt 0x0                                        // 000000007660: BFC10000
	v_mov_b32_e32 v2, s22                                      // 000000007664: 7E040216
	s_wait_idle                                                // 000000007668: BF8A0000
	global_store_b32 v0, v2, s[4:5] offset:56                  // 00000000766C: EE068004 01000000 00003800
	s_wait_storecnt 0x0                                        // 000000007678: BFC10000
	v_mov_b32_e32 v2, s23                                      // 00000000767C: 7E040217
	s_wait_idle                                                // 000000007680: BF8A0000
	global_store_b32 v0, v2, s[4:5] offset:60                  // 000000007684: EE068004 01000000 00003C00
	s_wait_storecnt 0x0                                        // 000000007690: BFC10000
	v_mov_b32_e32 v2, s24                                      // 000000007694: 7E040218
	s_wait_idle                                                // 000000007698: BF8A0000
	global_store_b32 v0, v2, s[4:5] offset:64                  // 00000000769C: EE068004 01000000 00004000
	s_wait_storecnt 0x0                                        // 0000000076A8: BFC10000
	v_mov_b32_e32 v2, s25                                      // 0000000076AC: 7E040219
	s_wait_idle                                                // 0000000076B0: BF8A0000
	global_store_b32 v0, v2, s[4:5] offset:68                  // 0000000076B4: EE068004 01000000 00004400
	s_wait_storecnt 0x0                                        // 0000000076C0: BFC10000
	v_mov_b32_e32 v2, s26                                      // 0000000076C4: 7E04021A
	s_wait_idle                                                // 0000000076C8: BF8A0000
	global_store_b32 v0, v2, s[4:5] offset:72                  // 0000000076CC: EE068004 01000000 00004800
	s_wait_storecnt 0x0                                        // 0000000076D8: BFC10000
	v_mov_b32_e32 v2, s27                                      // 0000000076DC: 7E04021B
	s_wait_idle                                                // 0000000076E0: BF8A0000
	global_store_b32 v0, v2, s[4:5] offset:76                  // 0000000076E4: EE068004 01000000 00004C00
	s_wait_storecnt 0x0                                        // 0000000076F0: BFC10000
	v_mov_b32_e32 v2, s28                                      // 0000000076F4: 7E04021C
	s_wait_idle                                                // 0000000076F8: BF8A0000
	global_store_b32 v0, v2, s[4:5] offset:80                  // 0000000076FC: EE068004 01000000 00005000
	s_wait_storecnt 0x0                                        // 000000007708: BFC10000
	v_mov_b32_e32 v2, s29                                      // 00000000770C: 7E04021D
	s_wait_idle                                                // 000000007710: BF8A0000
	global_store_b32 v0, v2, s[4:5] offset:84                  // 000000007714: EE068004 01000000 00005400
	s_wait_storecnt 0x0                                        // 000000007720: BFC10000
	v_mov_b32_e32 v2, s30                                      // 000000007724: 7E04021E
	s_wait_idle                                                // 000000007728: BF8A0000
	global_store_b32 v0, v2, s[4:5] offset:88                  // 00000000772C: EE068004 01000000 00005800
	s_wait_storecnt 0x0                                        // 000000007738: BFC10000
	v_mov_b32_e32 v2, s31                                      // 00000000773C: 7E04021F
	s_wait_idle                                                // 000000007740: BF8A0000
	global_store_b32 v0, v2, s[4:5] offset:92                  // 000000007744: EE068004 01000000 00005C00
	s_wait_storecnt 0x0                                        // 000000007750: BFC10000
	v_mov_b32_e32 v2, s32                                      // 000000007754: 7E040220
	s_wait_idle                                                // 000000007758: BF8A0000
	global_store_b32 v0, v2, s[4:5] offset:96                  // 00000000775C: EE068004 01000000 00006000
	s_wait_storecnt 0x0                                        // 000000007768: BFC10000
	v_mov_b32_e32 v2, s33                                      // 00000000776C: 7E040221
	s_wait_idle                                                // 000000007770: BF8A0000
	global_store_b32 v0, v2, s[4:5] offset:100                 // 000000007774: EE068004 01000000 00006400
	s_wait_storecnt 0x0                                        // 000000007780: BFC10000
	v_mov_b32_e32 v2, s34                                      // 000000007784: 7E040222
	s_wait_idle                                                // 000000007788: BF8A0000
	global_store_b32 v0, v2, s[4:5] offset:104                 // 00000000778C: EE068004 01000000 00006800
	s_wait_storecnt 0x0                                        // 000000007798: BFC10000
	v_mov_b32_e32 v2, s35                                      // 00000000779C: 7E040223
	s_wait_idle                                                // 0000000077A0: BF8A0000
	global_store_b32 v0, v2, s[4:5] offset:108                 // 0000000077A4: EE068004 01000000 00006C00
	s_wait_storecnt 0x0                                        // 0000000077B0: BFC10000
	v_mov_b32_e32 v2, s36                                      // 0000000077B4: 7E040224
	s_wait_idle                                                // 0000000077B8: BF8A0000
	global_store_b32 v0, v2, s[4:5] offset:112                 // 0000000077BC: EE068004 01000000 00007000
	s_wait_storecnt 0x0                                        // 0000000077C8: BFC10000
	v_mov_b32_e32 v2, s37                                      // 0000000077CC: 7E040225
	s_wait_idle                                                // 0000000077D0: BF8A0000
	global_store_b32 v0, v2, s[4:5] offset:116                 // 0000000077D4: EE068004 01000000 00007400
	s_wait_storecnt 0x0                                        // 0000000077E0: BFC10000
	v_mov_b32_e32 v2, s38                                      // 0000000077E4: 7E040226
	s_wait_idle                                                // 0000000077E8: BF8A0000
	global_store_b32 v0, v2, s[4:5] offset:120                 // 0000000077EC: EE068004 01000000 00007800
	s_wait_storecnt 0x0                                        // 0000000077F8: BFC10000
	v_mov_b32_e32 v2, s39                                      // 0000000077FC: 7E040227
	s_wait_idle                                                // 000000007800: BF8A0000
	global_store_b32 v0, v2, s[4:5] offset:124                 // 000000007804: EE068004 01000000 00007C00
	s_wait_storecnt 0x0                                        // 000000007810: BFC10000
	v_mov_b32_e32 v2, s40                                      // 000000007814: 7E040228
	s_wait_idle                                                // 000000007818: BF8A0000
	global_store_b32 v0, v2, s[4:5] offset:128                 // 00000000781C: EE068004 01000000 00008000
	s_wait_storecnt 0x0                                        // 000000007828: BFC10000
	s_wait_storecnt 0x0                                        // 00000000782C: BFC10000
	s_endpgm                                                   // 000000007830: BFB00000
	s_nop 0                                                    // 000000007834: BF800000
	s_nop 0                                                    // 000000007838: BF800000
	s_nop 0                                                    // 00000000783C: BF800000
	s_nop 0                                                    // 000000007840: BF800000
	s_nop 0                                                    // 000000007844: BF800000
	s_nop 0                                                    // 000000007848: BF800000
	s_nop 0                                                    // 00000000784C: BF800000
	s_nop 0                                                    // 000000007850: BF800000
	s_nop 0                                                    // 000000007854: BF800000
	s_nop 0                                                    // 000000007858: BF800000
	s_nop 0                                                    // 00000000785C: BF800000
	s_nop 0                                                    // 000000007860: BF800000
	s_nop 0                                                    // 000000007864: BF800000
	s_nop 0                                                    // 000000007868: BF800000
	s_nop 0                                                    // 00000000786C: BF800000
	s_nop 0                                                    // 000000007870: BF800000
	s_nop 0                                                    // 000000007874: BF800000
	s_nop 0                                                    // 000000007878: BF800000
	s_nop 0                                                    // 00000000787C: BF800000
	s_nop 0                                                    // 000000007880: BF800000
	s_nop 0                                                    // 000000007884: BF800000
	s_nop 0                                                    // 000000007888: BF800000
	s_nop 0                                                    // 00000000788C: BF800000
	s_nop 0                                                    // 000000007890: BF800000
	s_nop 0                                                    // 000000007894: BF800000
	s_nop 0                                                    // 000000007898: BF800000
	s_nop 0                                                    // 00000000789C: BF800000
	s_nop 0                                                    // 0000000078A0: BF800000
	s_nop 0                                                    // 0000000078A4: BF800000
	s_nop 0                                                    // 0000000078A8: BF800000
	s_nop 0                                                    // 0000000078AC: BF800000
	s_nop 0                                                    // 0000000078B0: BF800000
	s_nop 0                                                    // 0000000078B4: BF800000
	s_nop 0                                                    // 0000000078B8: BF800000
	s_nop 0                                                    // 0000000078BC: BF800000
	s_nop 0                                                    // 0000000078C0: BF800000
	s_nop 0                                                    // 0000000078C4: BF800000
	s_nop 0                                                    // 0000000078C8: BF800000
	s_nop 0                                                    // 0000000078CC: BF800000
	s_nop 0                                                    // 0000000078D0: BF800000
	s_nop 0                                                    // 0000000078D4: BF800000
	s_nop 0                                                    // 0000000078D8: BF800000
	s_nop 0                                                    // 0000000078DC: BF800000
	s_nop 0                                                    // 0000000078E0: BF800000
	s_nop 0                                                    // 0000000078E4: BF800000
	s_nop 0                                                    // 0000000078E8: BF800000
	s_nop 0                                                    // 0000000078EC: BF800000
	s_nop 0                                                    // 0000000078F0: BF800000
	s_nop 0                                                    // 0000000078F4: BF800000
	s_nop 0                                                    // 0000000078F8: BF800000
	s_nop 0                                                    // 0000000078FC: BF800000

0000000000007900 <sentinel_85_0>:
	global_prefetch_b8 v0, s[0:1] scope:SCOPE_SE               // 000000007900: EE174000 00040000 00000000
	v_nop                                                      // 00000000790C: 7E000000
	s_setreg_imm32_b32 hwreg(HW_REG_WAVE_MODE, 25, 1), 1       // 000000007910: B9800641 00000001
	s_load_b64 s[4:5], s[0:1], 0x0 nv                          // 000000007918: F4102100 F8000000
	s_wait_kmcnt 0x0                                           // 000000007920: BFC70000
	s_mov_b32 s6, 0                                            // 000000007924: BE860080
	s_setreg_b32 hwreg(HW_REG_WAVE_MODE, 12, 8), s6            // 000000007928: B9063B01
	s_nop 0                                                    // 00000000792C: BF800000
	s_set_vgpr_msb 0                                           // 000000007930: BF860000
	s_nop 0                                                    // 000000007934: BF800000
	v_mov_b32_e32 v1, 0x11000000                               // 000000007938: 7E0202FF 11000000
	s_wait_idle                                                // 000000007940: BF8A0000
	s_mov_b32 s7, 0x11000001                                   // 000000007944: BE8700FF 11000001
	v_writelane_b32 v1, s7, 1                                  // 00000000794C: D7610001 02010207
	s_wait_idle                                                // 000000007954: BF8A0000
	s_mov_b32 s7, 0x11000010                                   // 000000007958: BE8700FF 11000010
	v_writelane_b32 v1, s7, 16                                 // 000000007960: D7610001 02012007
	s_wait_idle                                                // 000000007968: BF8A0000
	s_set_vgpr_msb 0x41                                        // 00000000796C: BF860041
	s_nop 0                                                    // 000000007970: BF800000
	v_mov_b32_e32 v1 /*v257*/, 0x22000000                      // 000000007974: 7E0202FF 22000000
	s_wait_idle                                                // 00000000797C: BF8A0000
	s_mov_b32 s7, 0x22000001                                   // 000000007980: BE8700FF 22000001
	v_writelane_b32 v1 /*v257*/, s7, 1                         // 000000007988: D7610001 02010207
	s_wait_idle                                                // 000000007990: BF8A0000
	s_mov_b32 s7, 0x22000010                                   // 000000007994: BE8700FF 22000010
	v_writelane_b32 v1 /*v257*/, s7, 16                        // 00000000799C: D7610001 02012007
	s_wait_idle                                                // 0000000079A4: BF8A0000
	s_set_vgpr_msb 0x4182                                      // 0000000079A8: BF864182
	s_nop 0                                                    // 0000000079AC: BF800000
	v_mov_b32_e32 v1 /*v513*/, 0x33000000                      // 0000000079B0: 7E0202FF 33000000
	s_wait_idle                                                // 0000000079B8: BF8A0000
	s_mov_b32 s7, 0x33000001                                   // 0000000079BC: BE8700FF 33000001
	v_writelane_b32 v1 /*v513*/, s7, 1                         // 0000000079C4: D7610001 02010207
	s_wait_idle                                                // 0000000079CC: BF8A0000
	s_mov_b32 s7, 0x33000010                                   // 0000000079D0: BE8700FF 33000010
	v_writelane_b32 v1 /*v513*/, s7, 16                        // 0000000079D8: D7610001 02012007
	s_wait_idle                                                // 0000000079E0: BF8A0000
	v_readlane_b32 s22, v1 /*v513*/, 0                         // 0000000079E4: D7600016 02010101
	v_readlane_b32 s23, v1 /*v513*/, 1                         // 0000000079EC: D7600017 02010301
	v_readlane_b32 s24, v1 /*v513*/, 16                        // 0000000079F4: D7600018 02012101
	s_set_vgpr_msb 0x8241                                      // 0000000079FC: BF868241
	s_nop 0                                                    // 000000007A00: BF800000
	v_readlane_b32 s19, v1 /*v257*/, 0                         // 000000007A04: D7600013 02010101
	v_readlane_b32 s20, v1 /*v257*/, 1                         // 000000007A0C: D7600014 02010301
	v_readlane_b32 s21, v1 /*v257*/, 16                        // 000000007A14: D7600015 02012101
	s_set_vgpr_msb 0x4100                                      // 000000007A1C: BF864100
	s_nop 0                                                    // 000000007A20: BF800000
	v_readlane_b32 s16, v1, 0                                  // 000000007A24: D7600010 02010101
	v_readlane_b32 s17, v1, 1                                  // 000000007A2C: D7600011 02010301
	v_readlane_b32 s18, v1, 16                                 // 000000007A34: D7600012 02012101
	s_mov_b32 s8, 0x53545250                                   // 000000007A3C: BE8800FF 53545250
	s_mov_b32 s9, 1                                            // 000000007A44: BE890081
	s_mov_b32 s10, 0x85                                        // 000000007A48: BE8A00FF 00000085
	s_mov_b32 s11, 0                                           // 000000007A50: BE8B0080
	s_mov_b32 s40, 0x434f4d50                                  // 000000007A54: BEA800FF 434F4D50
	s_set_vgpr_msb 0x85                                        // 000000007A5C: BF860085
	s_nop 0                                                    // 000000007A60: BF800000
	s_wait_idle                                                // 000000007A64: BF8A0000
	s_getreg_b32 s14, hwreg(HW_REG_WAVE_STATUS)                // 000000007A68: B88EF802
	s_mov_b32 s38, exec_lo                                     // 000000007A6C: BEA6007E
	s_getreg_b32 s12, hwreg(HW_REG_WAVE_MODE)                  // 000000007A70: B88CF801
	s_get_pc_i64 s[34:35]                                      // 000000007A74: BEA24700
	s_add_co_u32 s34, s34, lit(0x14)                           // 000000007A78: 8022FF22 00000014
	s_add_co_ci_u32 s35, s35, 0                                // 000000007A80: 82238023
	s_nop 0                                                    // 000000007A84: BF800000
	s_nop 0                                                    // 000000007A88: BF800000
	s_getreg_b32 s13, hwreg(HW_REG_WAVE_MODE)                  // 000000007A8C: B88DF801
	s_mov_b32 s36, ttmp0                                       // 000000007A90: BEA4006C
	s_mov_b32 s37, ttmp1                                       // 000000007A94: BEA5006D
	s_mov_b32 s39, exec_lo                                     // 000000007A98: BEA7007E
	s_wait_idle                                                // 000000007A9C: BF8A0000
	s_getreg_b32 s15, hwreg(HW_REG_WAVE_STATUS)                // 000000007AA0: B88FF802
	s_set_vgpr_msb 0x8500                                      // 000000007AA4: BF868500
	s_nop 0                                                    // 000000007AA8: BF800000
	v_readlane_b32 s25, v1, 0                                  // 000000007AAC: D7600019 02010101
	v_readlane_b32 s26, v1, 1                                  // 000000007AB4: D760001A 02010301
	v_readlane_b32 s27, v1, 16                                 // 000000007ABC: D760001B 02012101
	s_set_vgpr_msb 0x41                                        // 000000007AC4: BF860041
	s_nop 0                                                    // 000000007AC8: BF800000
	v_readlane_b32 s28, v1 /*v257*/, 0                         // 000000007ACC: D760001C 02010101
	v_readlane_b32 s29, v1 /*v257*/, 1                         // 000000007AD4: D760001D 02010301
	v_readlane_b32 s30, v1 /*v257*/, 16                        // 000000007ADC: D760001E 02012101
	s_set_vgpr_msb 0x4182                                      // 000000007AE4: BF864182
	s_nop 0                                                    // 000000007AE8: BF800000
	v_readlane_b32 s31, v1 /*v513*/, 0                         // 000000007AEC: D760001F 02010101
	v_readlane_b32 s32, v1 /*v513*/, 1                         // 000000007AF4: D7600020 02010301
	v_readlane_b32 s33, v1 /*v513*/, 16                        // 000000007AFC: D7600021 02012101
	s_set_vgpr_msb 0x8200                                      // 000000007B04: BF868200
	s_nop 0                                                    // 000000007B08: BF800000
	s_mov_b32 exec_lo, 1                                       // 000000007B0C: BEFE0081
	v_mov_b32_e32 v0, 0                                        // 000000007B10: 7E000280
	v_mov_b32_e32 v2, s8                                       // 000000007B14: 7E040208
	s_wait_idle                                                // 000000007B18: BF8A0000
	global_store_b32 v0, v2, s[4:5]                            // 000000007B1C: EE068004 01000000 00000000
	s_wait_storecnt 0x0                                        // 000000007B28: BFC10000
	v_mov_b32_e32 v2, s9                                       // 000000007B2C: 7E040209
	s_wait_idle                                                // 000000007B30: BF8A0000
	global_store_b32 v0, v2, s[4:5] offset:4                   // 000000007B34: EE068004 01000000 00000400
	s_wait_storecnt 0x0                                        // 000000007B40: BFC10000
	v_mov_b32_e32 v2, s10                                      // 000000007B44: 7E04020A
	s_wait_idle                                                // 000000007B48: BF8A0000
	global_store_b32 v0, v2, s[4:5] offset:8                   // 000000007B4C: EE068004 01000000 00000800
	s_wait_storecnt 0x0                                        // 000000007B58: BFC10000
	v_mov_b32_e32 v2, s11                                      // 000000007B5C: 7E04020B
	s_wait_idle                                                // 000000007B60: BF8A0000
	global_store_b32 v0, v2, s[4:5] offset:12                  // 000000007B64: EE068004 01000000 00000C00
	s_wait_storecnt 0x0                                        // 000000007B70: BFC10000
	v_mov_b32_e32 v2, s12                                      // 000000007B74: 7E04020C
	s_wait_idle                                                // 000000007B78: BF8A0000
	global_store_b32 v0, v2, s[4:5] offset:16                  // 000000007B7C: EE068004 01000000 00001000
	s_wait_storecnt 0x0                                        // 000000007B88: BFC10000
	v_mov_b32_e32 v2, s13                                      // 000000007B8C: 7E04020D
	s_wait_idle                                                // 000000007B90: BF8A0000
	global_store_b32 v0, v2, s[4:5] offset:20                  // 000000007B94: EE068004 01000000 00001400
	s_wait_storecnt 0x0                                        // 000000007BA0: BFC10000
	v_mov_b32_e32 v2, s14                                      // 000000007BA4: 7E04020E
	s_wait_idle                                                // 000000007BA8: BF8A0000
	global_store_b32 v0, v2, s[4:5] offset:24                  // 000000007BAC: EE068004 01000000 00001800
	s_wait_storecnt 0x0                                        // 000000007BB8: BFC10000
	v_mov_b32_e32 v2, s15                                      // 000000007BBC: 7E04020F
	s_wait_idle                                                // 000000007BC0: BF8A0000
	global_store_b32 v0, v2, s[4:5] offset:28                  // 000000007BC4: EE068004 01000000 00001C00
	s_wait_storecnt 0x0                                        // 000000007BD0: BFC10000
	v_mov_b32_e32 v2, s16                                      // 000000007BD4: 7E040210
	s_wait_idle                                                // 000000007BD8: BF8A0000
	global_store_b32 v0, v2, s[4:5] offset:32                  // 000000007BDC: EE068004 01000000 00002000
	s_wait_storecnt 0x0                                        // 000000007BE8: BFC10000
	v_mov_b32_e32 v2, s17                                      // 000000007BEC: 7E040211
	s_wait_idle                                                // 000000007BF0: BF8A0000
	global_store_b32 v0, v2, s[4:5] offset:36                  // 000000007BF4: EE068004 01000000 00002400
	s_wait_storecnt 0x0                                        // 000000007C00: BFC10000
	v_mov_b32_e32 v2, s18                                      // 000000007C04: 7E040212
	s_wait_idle                                                // 000000007C08: BF8A0000
	global_store_b32 v0, v2, s[4:5] offset:40                  // 000000007C0C: EE068004 01000000 00002800
	s_wait_storecnt 0x0                                        // 000000007C18: BFC10000
	v_mov_b32_e32 v2, s19                                      // 000000007C1C: 7E040213
	s_wait_idle                                                // 000000007C20: BF8A0000
	global_store_b32 v0, v2, s[4:5] offset:44                  // 000000007C24: EE068004 01000000 00002C00
	s_wait_storecnt 0x0                                        // 000000007C30: BFC10000
	v_mov_b32_e32 v2, s20                                      // 000000007C34: 7E040214
	s_wait_idle                                                // 000000007C38: BF8A0000
	global_store_b32 v0, v2, s[4:5] offset:48                  // 000000007C3C: EE068004 01000000 00003000
	s_wait_storecnt 0x0                                        // 000000007C48: BFC10000
	v_mov_b32_e32 v2, s21                                      // 000000007C4C: 7E040215
	s_wait_idle                                                // 000000007C50: BF8A0000
	global_store_b32 v0, v2, s[4:5] offset:52                  // 000000007C54: EE068004 01000000 00003400
	s_wait_storecnt 0x0                                        // 000000007C60: BFC10000
	v_mov_b32_e32 v2, s22                                      // 000000007C64: 7E040216
	s_wait_idle                                                // 000000007C68: BF8A0000
	global_store_b32 v0, v2, s[4:5] offset:56                  // 000000007C6C: EE068004 01000000 00003800
	s_wait_storecnt 0x0                                        // 000000007C78: BFC10000
	v_mov_b32_e32 v2, s23                                      // 000000007C7C: 7E040217
	s_wait_idle                                                // 000000007C80: BF8A0000
	global_store_b32 v0, v2, s[4:5] offset:60                  // 000000007C84: EE068004 01000000 00003C00
	s_wait_storecnt 0x0                                        // 000000007C90: BFC10000
	v_mov_b32_e32 v2, s24                                      // 000000007C94: 7E040218
	s_wait_idle                                                // 000000007C98: BF8A0000
	global_store_b32 v0, v2, s[4:5] offset:64                  // 000000007C9C: EE068004 01000000 00004000
	s_wait_storecnt 0x0                                        // 000000007CA8: BFC10000
	v_mov_b32_e32 v2, s25                                      // 000000007CAC: 7E040219
	s_wait_idle                                                // 000000007CB0: BF8A0000
	global_store_b32 v0, v2, s[4:5] offset:68                  // 000000007CB4: EE068004 01000000 00004400
	s_wait_storecnt 0x0                                        // 000000007CC0: BFC10000
	v_mov_b32_e32 v2, s26                                      // 000000007CC4: 7E04021A
	s_wait_idle                                                // 000000007CC8: BF8A0000
	global_store_b32 v0, v2, s[4:5] offset:72                  // 000000007CCC: EE068004 01000000 00004800
	s_wait_storecnt 0x0                                        // 000000007CD8: BFC10000
	v_mov_b32_e32 v2, s27                                      // 000000007CDC: 7E04021B
	s_wait_idle                                                // 000000007CE0: BF8A0000
	global_store_b32 v0, v2, s[4:5] offset:76                  // 000000007CE4: EE068004 01000000 00004C00
	s_wait_storecnt 0x0                                        // 000000007CF0: BFC10000
	v_mov_b32_e32 v2, s28                                      // 000000007CF4: 7E04021C
	s_wait_idle                                                // 000000007CF8: BF8A0000
	global_store_b32 v0, v2, s[4:5] offset:80                  // 000000007CFC: EE068004 01000000 00005000
	s_wait_storecnt 0x0                                        // 000000007D08: BFC10000
	v_mov_b32_e32 v2, s29                                      // 000000007D0C: 7E04021D
	s_wait_idle                                                // 000000007D10: BF8A0000
	global_store_b32 v0, v2, s[4:5] offset:84                  // 000000007D14: EE068004 01000000 00005400
	s_wait_storecnt 0x0                                        // 000000007D20: BFC10000
	v_mov_b32_e32 v2, s30                                      // 000000007D24: 7E04021E
	s_wait_idle                                                // 000000007D28: BF8A0000
	global_store_b32 v0, v2, s[4:5] offset:88                  // 000000007D2C: EE068004 01000000 00005800
	s_wait_storecnt 0x0                                        // 000000007D38: BFC10000
	v_mov_b32_e32 v2, s31                                      // 000000007D3C: 7E04021F
	s_wait_idle                                                // 000000007D40: BF8A0000
	global_store_b32 v0, v2, s[4:5] offset:92                  // 000000007D44: EE068004 01000000 00005C00
	s_wait_storecnt 0x0                                        // 000000007D50: BFC10000
	v_mov_b32_e32 v2, s32                                      // 000000007D54: 7E040220
	s_wait_idle                                                // 000000007D58: BF8A0000
	global_store_b32 v0, v2, s[4:5] offset:96                  // 000000007D5C: EE068004 01000000 00006000
	s_wait_storecnt 0x0                                        // 000000007D68: BFC10000
	v_mov_b32_e32 v2, s33                                      // 000000007D6C: 7E040221
	s_wait_idle                                                // 000000007D70: BF8A0000
	global_store_b32 v0, v2, s[4:5] offset:100                 // 000000007D74: EE068004 01000000 00006400
	s_wait_storecnt 0x0                                        // 000000007D80: BFC10000
	v_mov_b32_e32 v2, s34                                      // 000000007D84: 7E040222
	s_wait_idle                                                // 000000007D88: BF8A0000
	global_store_b32 v0, v2, s[4:5] offset:104                 // 000000007D8C: EE068004 01000000 00006800
	s_wait_storecnt 0x0                                        // 000000007D98: BFC10000
	v_mov_b32_e32 v2, s35                                      // 000000007D9C: 7E040223
	s_wait_idle                                                // 000000007DA0: BF8A0000
	global_store_b32 v0, v2, s[4:5] offset:108                 // 000000007DA4: EE068004 01000000 00006C00
	s_wait_storecnt 0x0                                        // 000000007DB0: BFC10000
	v_mov_b32_e32 v2, s36                                      // 000000007DB4: 7E040224
	s_wait_idle                                                // 000000007DB8: BF8A0000
	global_store_b32 v0, v2, s[4:5] offset:112                 // 000000007DBC: EE068004 01000000 00007000
	s_wait_storecnt 0x0                                        // 000000007DC8: BFC10000
	v_mov_b32_e32 v2, s37                                      // 000000007DCC: 7E040225
	s_wait_idle                                                // 000000007DD0: BF8A0000
	global_store_b32 v0, v2, s[4:5] offset:116                 // 000000007DD4: EE068004 01000000 00007400
	s_wait_storecnt 0x0                                        // 000000007DE0: BFC10000
	v_mov_b32_e32 v2, s38                                      // 000000007DE4: 7E040226
	s_wait_idle                                                // 000000007DE8: BF8A0000
	global_store_b32 v0, v2, s[4:5] offset:120                 // 000000007DEC: EE068004 01000000 00007800
	s_wait_storecnt 0x0                                        // 000000007DF8: BFC10000
	v_mov_b32_e32 v2, s39                                      // 000000007DFC: 7E040227
	s_wait_idle                                                // 000000007E00: BF8A0000
	global_store_b32 v0, v2, s[4:5] offset:124                 // 000000007E04: EE068004 01000000 00007C00
	s_wait_storecnt 0x0                                        // 000000007E10: BFC10000
	v_mov_b32_e32 v2, s40                                      // 000000007E14: 7E040228
	s_wait_idle                                                // 000000007E18: BF8A0000
	global_store_b32 v0, v2, s[4:5] offset:128                 // 000000007E1C: EE068004 01000000 00008000
	s_wait_storecnt 0x0                                        // 000000007E28: BFC10000
	s_wait_storecnt 0x0                                        // 000000007E2C: BFC10000
	s_endpgm                                                   // 000000007E30: BFB00000
	s_nop 0                                                    // 000000007E34: BF800000
	s_nop 0                                                    // 000000007E38: BF800000
	s_nop 0                                                    // 000000007E3C: BF800000
	s_nop 0                                                    // 000000007E40: BF800000
	s_nop 0                                                    // 000000007E44: BF800000
	s_nop 0                                                    // 000000007E48: BF800000
	s_nop 0                                                    // 000000007E4C: BF800000
	s_nop 0                                                    // 000000007E50: BF800000
	s_nop 0                                                    // 000000007E54: BF800000
	s_nop 0                                                    // 000000007E58: BF800000
	s_nop 0                                                    // 000000007E5C: BF800000
	s_nop 0                                                    // 000000007E60: BF800000
	s_nop 0                                                    // 000000007E64: BF800000
	s_nop 0                                                    // 000000007E68: BF800000
	s_nop 0                                                    // 000000007E6C: BF800000
	s_nop 0                                                    // 000000007E70: BF800000
	s_nop 0                                                    // 000000007E74: BF800000
	s_nop 0                                                    // 000000007E78: BF800000
	s_nop 0                                                    // 000000007E7C: BF800000
	s_nop 0                                                    // 000000007E80: BF800000
	s_nop 0                                                    // 000000007E84: BF800000
	s_nop 0                                                    // 000000007E88: BF800000
	s_nop 0                                                    // 000000007E8C: BF800000
	s_nop 0                                                    // 000000007E90: BF800000
	s_nop 0                                                    // 000000007E94: BF800000
	s_nop 0                                                    // 000000007E98: BF800000
	s_nop 0                                                    // 000000007E9C: BF800000
	s_nop 0                                                    // 000000007EA0: BF800000
	s_nop 0                                                    // 000000007EA4: BF800000
	s_nop 0                                                    // 000000007EA8: BF800000
	s_nop 0                                                    // 000000007EAC: BF800000
	s_nop 0                                                    // 000000007EB0: BF800000
	s_nop 0                                                    // 000000007EB4: BF800000
	s_nop 0                                                    // 000000007EB8: BF800000
	s_nop 0                                                    // 000000007EBC: BF800000
	s_nop 0                                                    // 000000007EC0: BF800000
	s_nop 0                                                    // 000000007EC4: BF800000
	s_nop 0                                                    // 000000007EC8: BF800000
	s_nop 0                                                    // 000000007ECC: BF800000
	s_nop 0                                                    // 000000007ED0: BF800000
	s_nop 0                                                    // 000000007ED4: BF800000
	s_nop 0                                                    // 000000007ED8: BF800000
	s_nop 0                                                    // 000000007EDC: BF800000
	s_nop 0                                                    // 000000007EE0: BF800000
	s_nop 0                                                    // 000000007EE4: BF800000
	s_nop 0                                                    // 000000007EE8: BF800000
	s_nop 0                                                    // 000000007EEC: BF800000
	s_nop 0                                                    // 000000007EF0: BF800000
	s_nop 0                                                    // 000000007EF4: BF800000
	s_nop 0                                                    // 000000007EF8: BF800000
	s_nop 0                                                    // 000000007EFC: BF800000

0000000000007f00 <sentinel_85_1>:
	global_prefetch_b8 v0, s[0:1] scope:SCOPE_SE               // 000000007F00: EE174000 00040000 00000000
	v_nop                                                      // 000000007F0C: 7E000000
	s_setreg_imm32_b32 hwreg(HW_REG_WAVE_MODE, 25, 1), 1       // 000000007F10: B9800641 00000001
	s_load_b64 s[4:5], s[0:1], 0x0 nv                          // 000000007F18: F4102100 F8000000
	s_wait_kmcnt 0x0                                           // 000000007F20: BFC70000
	s_mov_b32 s6, 0                                            // 000000007F24: BE860080
	s_setreg_b32 hwreg(HW_REG_WAVE_MODE, 12, 8), s6            // 000000007F28: B9063B01
	s_nop 0                                                    // 000000007F2C: BF800000
	s_set_vgpr_msb 0                                           // 000000007F30: BF860000
	s_nop 0                                                    // 000000007F34: BF800000
	v_mov_b32_e32 v1, 0x11000000                               // 000000007F38: 7E0202FF 11000000
	s_wait_idle                                                // 000000007F40: BF8A0000
	s_mov_b32 s7, 0x11000001                                   // 000000007F44: BE8700FF 11000001
	v_writelane_b32 v1, s7, 1                                  // 000000007F4C: D7610001 02010207
	s_wait_idle                                                // 000000007F54: BF8A0000
	s_mov_b32 s7, 0x11000010                                   // 000000007F58: BE8700FF 11000010
	v_writelane_b32 v1, s7, 16                                 // 000000007F60: D7610001 02012007
	s_wait_idle                                                // 000000007F68: BF8A0000
	s_set_vgpr_msb 0x41                                        // 000000007F6C: BF860041
	s_nop 0                                                    // 000000007F70: BF800000
	v_mov_b32_e32 v1 /*v257*/, 0x22000000                      // 000000007F74: 7E0202FF 22000000
	s_wait_idle                                                // 000000007F7C: BF8A0000
	s_mov_b32 s7, 0x22000001                                   // 000000007F80: BE8700FF 22000001
	v_writelane_b32 v1 /*v257*/, s7, 1                         // 000000007F88: D7610001 02010207
	s_wait_idle                                                // 000000007F90: BF8A0000
	s_mov_b32 s7, 0x22000010                                   // 000000007F94: BE8700FF 22000010
	v_writelane_b32 v1 /*v257*/, s7, 16                        // 000000007F9C: D7610001 02012007
	s_wait_idle                                                // 000000007FA4: BF8A0000
	s_set_vgpr_msb 0x4182                                      // 000000007FA8: BF864182
	s_nop 0                                                    // 000000007FAC: BF800000
	v_mov_b32_e32 v1 /*v513*/, 0x33000000                      // 000000007FB0: 7E0202FF 33000000
	s_wait_idle                                                // 000000007FB8: BF8A0000
	s_mov_b32 s7, 0x33000001                                   // 000000007FBC: BE8700FF 33000001
	v_writelane_b32 v1 /*v513*/, s7, 1                         // 000000007FC4: D7610001 02010207
	s_wait_idle                                                // 000000007FCC: BF8A0000
	s_mov_b32 s7, 0x33000010                                   // 000000007FD0: BE8700FF 33000010
	v_writelane_b32 v1 /*v513*/, s7, 16                        // 000000007FD8: D7610001 02012007
	s_wait_idle                                                // 000000007FE0: BF8A0000
	v_readlane_b32 s22, v1 /*v513*/, 0                         // 000000007FE4: D7600016 02010101
	v_readlane_b32 s23, v1 /*v513*/, 1                         // 000000007FEC: D7600017 02010301
	v_readlane_b32 s24, v1 /*v513*/, 16                        // 000000007FF4: D7600018 02012101
	s_set_vgpr_msb 0x8241                                      // 000000007FFC: BF868241
	s_nop 0                                                    // 000000008000: BF800000
	v_readlane_b32 s19, v1 /*v257*/, 0                         // 000000008004: D7600013 02010101
	v_readlane_b32 s20, v1 /*v257*/, 1                         // 00000000800C: D7600014 02010301
	v_readlane_b32 s21, v1 /*v257*/, 16                        // 000000008014: D7600015 02012101
	s_set_vgpr_msb 0x4100                                      // 00000000801C: BF864100
	s_nop 0                                                    // 000000008020: BF800000
	v_readlane_b32 s16, v1, 0                                  // 000000008024: D7600010 02010101
	v_readlane_b32 s17, v1, 1                                  // 00000000802C: D7600011 02010301
	v_readlane_b32 s18, v1, 16                                 // 000000008034: D7600012 02012101
	s_mov_b32 s8, 0x53545250                                   // 00000000803C: BE8800FF 53545250
	s_mov_b32 s9, 1                                            // 000000008044: BE890081
	s_mov_b32 s10, 0x85                                        // 000000008048: BE8A00FF 00000085
	s_mov_b32 s11, 1                                           // 000000008050: BE8B0081
	s_mov_b32 s40, 0x434f4d50                                  // 000000008054: BEA800FF 434F4D50
	s_set_vgpr_msb 0x85                                        // 00000000805C: BF860085
	s_nop 0                                                    // 000000008060: BF800000
	s_wait_idle                                                // 000000008064: BF8A0000
	s_getreg_b32 s14, hwreg(HW_REG_WAVE_STATUS)                // 000000008068: B88EF802
	s_mov_b32 s38, exec_lo                                     // 00000000806C: BEA6007E
	s_getreg_b32 s12, hwreg(HW_REG_WAVE_MODE)                  // 000000008070: B88CF801
	s_get_pc_i64 s[34:35]                                      // 000000008074: BEA24700
	s_add_co_u32 s34, s34, lit(0x14)                           // 000000008078: 8022FF22 00000014
	s_add_co_ci_u32 s35, s35, 0                                // 000000008080: 82238023
	s_nop 0                                                    // 000000008084: BF800000
	s_trap 3                                                   // 000000008088: BF900003
	s_getreg_b32 s13, hwreg(HW_REG_WAVE_MODE)                  // 00000000808C: B88DF801
	s_mov_b32 s36, ttmp0                                       // 000000008090: BEA4006C
	s_mov_b32 s37, ttmp1                                       // 000000008094: BEA5006D
	s_mov_b32 s39, exec_lo                                     // 000000008098: BEA7007E
	s_wait_idle                                                // 00000000809C: BF8A0000
	s_getreg_b32 s15, hwreg(HW_REG_WAVE_STATUS)                // 0000000080A0: B88FF802
	s_set_vgpr_msb 0x8500                                      // 0000000080A4: BF868500
	s_nop 0                                                    // 0000000080A8: BF800000
	v_readlane_b32 s25, v1, 0                                  // 0000000080AC: D7600019 02010101
	v_readlane_b32 s26, v1, 1                                  // 0000000080B4: D760001A 02010301
	v_readlane_b32 s27, v1, 16                                 // 0000000080BC: D760001B 02012101
	s_set_vgpr_msb 0x41                                        // 0000000080C4: BF860041
	s_nop 0                                                    // 0000000080C8: BF800000
	v_readlane_b32 s28, v1 /*v257*/, 0                         // 0000000080CC: D760001C 02010101
	v_readlane_b32 s29, v1 /*v257*/, 1                         // 0000000080D4: D760001D 02010301
	v_readlane_b32 s30, v1 /*v257*/, 16                        // 0000000080DC: D760001E 02012101
	s_set_vgpr_msb 0x4182                                      // 0000000080E4: BF864182
	s_nop 0                                                    // 0000000080E8: BF800000
	v_readlane_b32 s31, v1 /*v513*/, 0                         // 0000000080EC: D760001F 02010101
	v_readlane_b32 s32, v1 /*v513*/, 1                         // 0000000080F4: D7600020 02010301
	v_readlane_b32 s33, v1 /*v513*/, 16                        // 0000000080FC: D7600021 02012101
	s_set_vgpr_msb 0x8200                                      // 000000008104: BF868200
	s_nop 0                                                    // 000000008108: BF800000
	s_mov_b32 exec_lo, 1                                       // 00000000810C: BEFE0081
	v_mov_b32_e32 v0, 0                                        // 000000008110: 7E000280
	v_mov_b32_e32 v2, s8                                       // 000000008114: 7E040208
	s_wait_idle                                                // 000000008118: BF8A0000
	global_store_b32 v0, v2, s[4:5]                            // 00000000811C: EE068004 01000000 00000000
	s_wait_storecnt 0x0                                        // 000000008128: BFC10000
	v_mov_b32_e32 v2, s9                                       // 00000000812C: 7E040209
	s_wait_idle                                                // 000000008130: BF8A0000
	global_store_b32 v0, v2, s[4:5] offset:4                   // 000000008134: EE068004 01000000 00000400
	s_wait_storecnt 0x0                                        // 000000008140: BFC10000
	v_mov_b32_e32 v2, s10                                      // 000000008144: 7E04020A
	s_wait_idle                                                // 000000008148: BF8A0000
	global_store_b32 v0, v2, s[4:5] offset:8                   // 00000000814C: EE068004 01000000 00000800
	s_wait_storecnt 0x0                                        // 000000008158: BFC10000
	v_mov_b32_e32 v2, s11                                      // 00000000815C: 7E04020B
	s_wait_idle                                                // 000000008160: BF8A0000
	global_store_b32 v0, v2, s[4:5] offset:12                  // 000000008164: EE068004 01000000 00000C00
	s_wait_storecnt 0x0                                        // 000000008170: BFC10000
	v_mov_b32_e32 v2, s12                                      // 000000008174: 7E04020C
	s_wait_idle                                                // 000000008178: BF8A0000
	global_store_b32 v0, v2, s[4:5] offset:16                  // 00000000817C: EE068004 01000000 00001000
	s_wait_storecnt 0x0                                        // 000000008188: BFC10000
	v_mov_b32_e32 v2, s13                                      // 00000000818C: 7E04020D
	s_wait_idle                                                // 000000008190: BF8A0000
	global_store_b32 v0, v2, s[4:5] offset:20                  // 000000008194: EE068004 01000000 00001400
	s_wait_storecnt 0x0                                        // 0000000081A0: BFC10000
	v_mov_b32_e32 v2, s14                                      // 0000000081A4: 7E04020E
	s_wait_idle                                                // 0000000081A8: BF8A0000
	global_store_b32 v0, v2, s[4:5] offset:24                  // 0000000081AC: EE068004 01000000 00001800
	s_wait_storecnt 0x0                                        // 0000000081B8: BFC10000
	v_mov_b32_e32 v2, s15                                      // 0000000081BC: 7E04020F
	s_wait_idle                                                // 0000000081C0: BF8A0000
	global_store_b32 v0, v2, s[4:5] offset:28                  // 0000000081C4: EE068004 01000000 00001C00
	s_wait_storecnt 0x0                                        // 0000000081D0: BFC10000
	v_mov_b32_e32 v2, s16                                      // 0000000081D4: 7E040210
	s_wait_idle                                                // 0000000081D8: BF8A0000
	global_store_b32 v0, v2, s[4:5] offset:32                  // 0000000081DC: EE068004 01000000 00002000
	s_wait_storecnt 0x0                                        // 0000000081E8: BFC10000
	v_mov_b32_e32 v2, s17                                      // 0000000081EC: 7E040211
	s_wait_idle                                                // 0000000081F0: BF8A0000
	global_store_b32 v0, v2, s[4:5] offset:36                  // 0000000081F4: EE068004 01000000 00002400
	s_wait_storecnt 0x0                                        // 000000008200: BFC10000
	v_mov_b32_e32 v2, s18                                      // 000000008204: 7E040212
	s_wait_idle                                                // 000000008208: BF8A0000
	global_store_b32 v0, v2, s[4:5] offset:40                  // 00000000820C: EE068004 01000000 00002800
	s_wait_storecnt 0x0                                        // 000000008218: BFC10000
	v_mov_b32_e32 v2, s19                                      // 00000000821C: 7E040213
	s_wait_idle                                                // 000000008220: BF8A0000
	global_store_b32 v0, v2, s[4:5] offset:44                  // 000000008224: EE068004 01000000 00002C00
	s_wait_storecnt 0x0                                        // 000000008230: BFC10000
	v_mov_b32_e32 v2, s20                                      // 000000008234: 7E040214
	s_wait_idle                                                // 000000008238: BF8A0000
	global_store_b32 v0, v2, s[4:5] offset:48                  // 00000000823C: EE068004 01000000 00003000
	s_wait_storecnt 0x0                                        // 000000008248: BFC10000
	v_mov_b32_e32 v2, s21                                      // 00000000824C: 7E040215
	s_wait_idle                                                // 000000008250: BF8A0000
	global_store_b32 v0, v2, s[4:5] offset:52                  // 000000008254: EE068004 01000000 00003400
	s_wait_storecnt 0x0                                        // 000000008260: BFC10000
	v_mov_b32_e32 v2, s22                                      // 000000008264: 7E040216
	s_wait_idle                                                // 000000008268: BF8A0000
	global_store_b32 v0, v2, s[4:5] offset:56                  // 00000000826C: EE068004 01000000 00003800
	s_wait_storecnt 0x0                                        // 000000008278: BFC10000
	v_mov_b32_e32 v2, s23                                      // 00000000827C: 7E040217
	s_wait_idle                                                // 000000008280: BF8A0000
	global_store_b32 v0, v2, s[4:5] offset:60                  // 000000008284: EE068004 01000000 00003C00
	s_wait_storecnt 0x0                                        // 000000008290: BFC10000
	v_mov_b32_e32 v2, s24                                      // 000000008294: 7E040218
	s_wait_idle                                                // 000000008298: BF8A0000
	global_store_b32 v0, v2, s[4:5] offset:64                  // 00000000829C: EE068004 01000000 00004000
	s_wait_storecnt 0x0                                        // 0000000082A8: BFC10000
	v_mov_b32_e32 v2, s25                                      // 0000000082AC: 7E040219
	s_wait_idle                                                // 0000000082B0: BF8A0000
	global_store_b32 v0, v2, s[4:5] offset:68                  // 0000000082B4: EE068004 01000000 00004400
	s_wait_storecnt 0x0                                        // 0000000082C0: BFC10000
	v_mov_b32_e32 v2, s26                                      // 0000000082C4: 7E04021A
	s_wait_idle                                                // 0000000082C8: BF8A0000
	global_store_b32 v0, v2, s[4:5] offset:72                  // 0000000082CC: EE068004 01000000 00004800
	s_wait_storecnt 0x0                                        // 0000000082D8: BFC10000
	v_mov_b32_e32 v2, s27                                      // 0000000082DC: 7E04021B
	s_wait_idle                                                // 0000000082E0: BF8A0000
	global_store_b32 v0, v2, s[4:5] offset:76                  // 0000000082E4: EE068004 01000000 00004C00
	s_wait_storecnt 0x0                                        // 0000000082F0: BFC10000
	v_mov_b32_e32 v2, s28                                      // 0000000082F4: 7E04021C
	s_wait_idle                                                // 0000000082F8: BF8A0000
	global_store_b32 v0, v2, s[4:5] offset:80                  // 0000000082FC: EE068004 01000000 00005000
	s_wait_storecnt 0x0                                        // 000000008308: BFC10000
	v_mov_b32_e32 v2, s29                                      // 00000000830C: 7E04021D
	s_wait_idle                                                // 000000008310: BF8A0000
	global_store_b32 v0, v2, s[4:5] offset:84                  // 000000008314: EE068004 01000000 00005400
	s_wait_storecnt 0x0                                        // 000000008320: BFC10000
	v_mov_b32_e32 v2, s30                                      // 000000008324: 7E04021E
	s_wait_idle                                                // 000000008328: BF8A0000
	global_store_b32 v0, v2, s[4:5] offset:88                  // 00000000832C: EE068004 01000000 00005800
	s_wait_storecnt 0x0                                        // 000000008338: BFC10000
	v_mov_b32_e32 v2, s31                                      // 00000000833C: 7E04021F
	s_wait_idle                                                // 000000008340: BF8A0000
	global_store_b32 v0, v2, s[4:5] offset:92                  // 000000008344: EE068004 01000000 00005C00
	s_wait_storecnt 0x0                                        // 000000008350: BFC10000
	v_mov_b32_e32 v2, s32                                      // 000000008354: 7E040220
	s_wait_idle                                                // 000000008358: BF8A0000
	global_store_b32 v0, v2, s[4:5] offset:96                  // 00000000835C: EE068004 01000000 00006000
	s_wait_storecnt 0x0                                        // 000000008368: BFC10000
	v_mov_b32_e32 v2, s33                                      // 00000000836C: 7E040221
	s_wait_idle                                                // 000000008370: BF8A0000
	global_store_b32 v0, v2, s[4:5] offset:100                 // 000000008374: EE068004 01000000 00006400
	s_wait_storecnt 0x0                                        // 000000008380: BFC10000
	v_mov_b32_e32 v2, s34                                      // 000000008384: 7E040222
	s_wait_idle                                                // 000000008388: BF8A0000
	global_store_b32 v0, v2, s[4:5] offset:104                 // 00000000838C: EE068004 01000000 00006800
	s_wait_storecnt 0x0                                        // 000000008398: BFC10000
	v_mov_b32_e32 v2, s35                                      // 00000000839C: 7E040223
	s_wait_idle                                                // 0000000083A0: BF8A0000
	global_store_b32 v0, v2, s[4:5] offset:108                 // 0000000083A4: EE068004 01000000 00006C00
	s_wait_storecnt 0x0                                        // 0000000083B0: BFC10000
	v_mov_b32_e32 v2, s36                                      // 0000000083B4: 7E040224
	s_wait_idle                                                // 0000000083B8: BF8A0000
	global_store_b32 v0, v2, s[4:5] offset:112                 // 0000000083BC: EE068004 01000000 00007000
	s_wait_storecnt 0x0                                        // 0000000083C8: BFC10000
	v_mov_b32_e32 v2, s37                                      // 0000000083CC: 7E040225
	s_wait_idle                                                // 0000000083D0: BF8A0000
	global_store_b32 v0, v2, s[4:5] offset:116                 // 0000000083D4: EE068004 01000000 00007400
	s_wait_storecnt 0x0                                        // 0000000083E0: BFC10000
	v_mov_b32_e32 v2, s38                                      // 0000000083E4: 7E040226
	s_wait_idle                                                // 0000000083E8: BF8A0000
	global_store_b32 v0, v2, s[4:5] offset:120                 // 0000000083EC: EE068004 01000000 00007800
	s_wait_storecnt 0x0                                        // 0000000083F8: BFC10000
	v_mov_b32_e32 v2, s39                                      // 0000000083FC: 7E040227
	s_wait_idle                                                // 000000008400: BF8A0000
	global_store_b32 v0, v2, s[4:5] offset:124                 // 000000008404: EE068004 01000000 00007C00
	s_wait_storecnt 0x0                                        // 000000008410: BFC10000
	v_mov_b32_e32 v2, s40                                      // 000000008414: 7E040228
	s_wait_idle                                                // 000000008418: BF8A0000
	global_store_b32 v0, v2, s[4:5] offset:128                 // 00000000841C: EE068004 01000000 00008000
	s_wait_storecnt 0x0                                        // 000000008428: BFC10000
	s_wait_storecnt 0x0                                        // 00000000842C: BFC10000
	s_endpgm                                                   // 000000008430: BFB00000
