1,0.14113,2026-09-27T01:44:05.511+00:00
2,0.13960,2026-09-27T01:44:05.511+00:00
3,0.14329,2026-09-27T01:44:05.511+00:00
4,0.13921,2026-09-27T01:44:10.516+00:00
5,0.13872,2026-09-27T01:44:10.517+00:00
6,0.13922,2026-09-27T01:44:15.522+00:00
7,0.13874,2026-09-27T01:44:15.522+00:00
8,0.13838,2026-09-27T01:44:20.528+00:00
9,0.13939,2026-09-27T01:44:20.528+00:00
10,0.13995,2026-09-27T01:44:20.528+00:00
11,0.13894,2026-09-27T01:44:20.528+00:00
12,0.13855,2026-09-27T01:44:25.533+00:00
13,0.13988,2026-09-27T01:44:25.533+00:00
14,0.13879,2026-09-27T01:44:25.533+00:00
15,0.13526,2026-09-27T01:44:25.533+00:00
16,0.13468,2026-09-27T01:44:30.541+00:00
17,0.13534,2026-09-27T01:44:30.542+00:00
18,0.13883,2026-09-27T01:44:30.542+00:00
19,0.13880,2026-09-27T01:44:30.542+00:00
20,0.13857,2026-09-27T01:44:35.547+00:00
21,0.13851,2026-09-27T01:44:35.547+00:00
22,0.13868,2026-09-27T01:44:35.547+00:00
23,0.13868,2026-09-27T01:44:35.547+00:00
24,0.13920,2026-09-27T01:44:40.552+00:00
25,0.13919,2026-09-27T01:44:40.552+00:00
26,0.13869,2026-09-27T01:44:40.552+00:00
27,0.14003,2026-09-27T01:44:40.552+00:00
28,0.13873,2026-09-27T01:44:45.557+00:00
29,0.13893,2026-09-27T01:44:45.558+00:00
30,0.13823,2026-09-27T01:44:45.558+00:00
31,0.13995,2026-09-27T01:44:45.558+00:00
32,0.13903,2026-09-27T01:44:50.563+00:00
33,0.13855,2026-09-27T01:44:50.563+00:00
34,0.13863,2026-09-27T01:44:50.563+00:00
35,0.13886,2026-09-27T01:44:50.563+00:00
36,0.13867,2026-09-27T01:44:50.563+00:00
37,0.13867,2026-09-27T01:44:55.570+00:00
38,0.13853,2026-09-27T01:44:55.570+00:00
39,0.13994,2026-09-27T01:44:55.570+00:00
40,0.13871,2026-09-27T01:44:55.570+00:00
41,0.13872,2026-09-27T01:45:00.578+00:00
42,0.13853,2026-09-27T01:45:00.578+00:00
43,0.13895,2026-09-27T01:45:00.578+00:00
44,0.13860,2026-09-27T01:45:00.579+00:00
45,0.13884,2026-09-27T01:45:05.582+00:00
46,0.13926,2026-09-27T01:45:05.583+00:00
47,0.13872,2026-09-27T01:45:05.583+00:00
48,0.13852,2026-09-27T01:45:05.583+00:00
49,0.13853,2026-09-27T01:45:10.588+00:00
50,0.13852,2026-09-27T01:45:10.588+00:00
51,0.13868,2026-09-27T01:45:10.588+00:00
52,0.13875,2026-09-27T01:45:10.588+00:00
53,0.13841,2026-09-27T01:45:15.594+00:00
54,0.13881,2026-09-27T01:45:15.594+00:00
55,0.13853,2026-09-27T01:45:15.594+00:00
56,0.13878,2026-09-27T01:45:15.594+00:00
57,0.13899,2026-09-27T01:45:20.600+00:00
58,0.13878,2026-09-27T01:45:20.600+00:00
59,0.13901,2026-09-27T01:45:20.600+00:00
60,0.14096,2026-09-27T01:45:20.600+00:00
61,0.13922,2026-09-27T01:45:25.606+00:00
62,0.13907,2026-09-27T01:45:25.607+00:00
63,0.13858,2026-09-27T01:45:25.607+00:00
64,0.13855,2026-09-27T01:45:25.607+00:00
65,0.13836,2026-09-27T01:45:30.615+00:00
66,0.13884,2026-09-27T01:45:30.616+00:00
67,0.13885,2026-09-27T01:45:30.616+00:00
68,0.13867,2026-09-27T01:45:30.616+00:00
69,0.13852,2026-09-27T01:45:35.621+00:00
70,0.13838,2026-09-27T01:45:35.621+00:00
71,0.13876,2026-09-27T01:45:35.621+00:00
72,0.13865,2026-09-27T01:45:35.621+00:00
73,0.13873,2026-09-27T01:45:40.627+00:00
74,0.13844,2026-09-27T01:45:40.627+00:00
75,0.13900,2026-09-27T01:45:40.627+00:00
76,0.13939,2026-09-27T01:45:40.628+00:00
77,0.13859,2026-09-27T01:45:45.633+00:00
78,0.13853,2026-09-27T01:45:45.633+00:00
79,0.13844,2026-09-27T01:45:45.633+00:00
80,0.13852,2026-09-27T01:45:50.640+00:00
81,0.13888,2026-09-27T01:45:50.641+00:00
82,0.13868,2026-09-27T01:45:50.641+00:00
83,0.13847,2026-09-27T01:45:50.641+00:00
84,0.13867,2026-09-27T01:45:55.648+00:00
85,0.13852,2026-09-27T01:45:55.648+00:00
86,0.13893,2026-09-27T01:45:55.648+00:00
87,0.13859,2026-09-27T01:45:55.648+00:00
88,0.13928,2026-09-27T01:46:00.656+00:00
89,0.13840,2026-09-27T01:46:00.657+00:00
90,0.13867,2026-09-27T01:46:00.657+00:00
91,0.13861,2026-09-27T01:46:00.657+00:00
92,0.13871,2026-09-27T01:46:05.661+00:00
93,0.13889,2026-09-27T01:46:05.661+00:00
94,0.13841,2026-09-27T01:46:05.661+00:00
95,0.13846,2026-09-27T01:46:05.661+00:00
96,0.13877,2026-09-27T01:46:10.667+00:00
97,0.13854,2026-09-27T01:46:10.667+00:00
98,0.13849,2026-09-27T01:46:10.667+00:00
99,0.13856,2026-09-27T01:46:10.667+00:00
100,0.13874,2026-09-27T01:46:15.672+00:00
101,0.13853,2026-09-27T01:46:15.672+00:00
102,0.13893,2026-09-27T01:46:15.673+00:00
103,0.13878,2026-09-27T01:46:20.678+00:00
104,0.13866,2026-09-27T01:46:20.678+00:00
105,0.13876,2026-09-27T01:46:20.678+00:00
106,0.13903,2026-09-27T01:46:20.678+00:00
107,0.13884,2026-09-27T01:46:25.683+00:00
108,0.13851,2026-09-27T01:46:25.683+00:00
109,0.13893,2026-09-27T01:46:25.684+00:00
110,0.13855,2026-09-27T01:46:25.684+00:00
111,0.13858,2026-09-27T01:46:30.691+00:00
112,0.13819,2026-09-27T01:46:30.691+00:00
113,0.13875,2026-09-27T01:46:30.691+00:00
114,0.13892,2026-09-27T01:46:30.691+00:00
115,0.13869,2026-09-27T01:46:35.696+00:00
116,0.13863,2026-09-27T01:46:35.696+00:00
117,0.13856,2026-09-27T01:46:35.696+00:00
118,0.13841,2026-09-27T01:46:40.701+00:00
119,0.13865,2026-09-27T01:46:40.702+00:00
120,0.13865,2026-09-27T01:46:40.702+00:00
121,0.13875,2026-09-27T01:46:40.702+00:00
122,0.13893,2026-09-27T01:46:45.707+00:00
123,0.13932,2026-09-27T01:46:45.707+00:00
124,0.13868,2026-09-27T01:46:45.707+00:00
125,0.13848,2026-09-27T01:46:45.707+00:00
126,0.13937,2026-09-27T01:46:50.712+00:00
127,0.13874,2026-09-27T01:46:50.712+00:00
128,0.13874,2026-09-27T01:46:50.712+00:00
129,0.13893,2026-09-27T01:46:50.713+00:00
130,0.13869,2026-09-27T01:46:55.718+00:00
131,0.13866,2026-09-27T01:46:55.718+00:00
132,0.13823,2026-09-27T01:46:55.718+00:00
133,0.13833,2026-09-27T01:47:00.727+00:00
134,0.13882,2026-09-27T01:47:00.727+00:00
135,0.13880,2026-09-27T01:47:00.727+00:00
136,0.13906,2026-09-27T01:47:00.727+00:00
137,0.13867,2026-09-27T01:47:05.732+00:00
138,0.13864,2026-09-27T01:47:05.732+00:00
139,0.13863,2026-09-27T01:47:05.732+00:00
140,0.13853,2026-09-27T01:47:05.732+00:00
141,0.13874,2026-09-27T01:47:10.737+00:00
142,0.13882,2026-09-27T01:47:10.737+00:00
143,0.13860,2026-09-27T01:47:10.737+00:00
144,0.13851,2026-09-27T01:47:15.743+00:00
145,0.13882,2026-09-27T01:47:15.743+00:00
146,0.13854,2026-09-27T01:47:15.743+00:00
147,0.13871,2026-09-27T01:47:15.743+00:00
148,0.13860,2026-09-27T01:47:20.748+00:00
149,0.13905,2026-09-27T01:47:20.748+00:00
150,0.13882,2026-09-27T01:47:20.748+00:00
151,0.13869,2026-09-27T01:47:20.749+00:00
152,0.13906,2026-09-27T01:47:25.754+00:00
153,0.13874,2026-09-27T01:47:25.754+00:00
154,0.13893,2026-09-27T01:47:25.754+00:00
155,0.13876,2026-09-27T01:47:25.754+00:00
156,0.13837,2026-09-27T01:47:30.762+00:00
157,0.13870,2026-09-27T01:47:30.762+00:00
158,0.13859,2026-09-27T01:47:30.762+00:00
159,0.14148,2026-09-27T01:47:35.766+00:00
160,0.13866,2026-09-27T01:47:35.766+00:00
161,0.13851,2026-09-27T01:47:35.767+00:00
162,0.13878,2026-09-27T01:47:35.767+00:00
163,0.13893,2026-09-27T01:47:40.772+00:00
164,0.13886,2026-09-27T01:47:40.772+00:00
165,0.13880,2026-09-27T01:47:40.772+00:00
166,0.13876,2026-09-27T01:47:45.777+00:00
167,0.13874,2026-09-27T01:47:45.778+00:00
168,0.13872,2026-09-27T01:47:45.778+00:00
169,0.13875,2026-09-27T01:47:45.778+00:00
170,0.13847,2026-09-27T01:47:50.783+00:00
171,0.13876,2026-09-27T01:47:50.783+00:00
172,0.13877,2026-09-27T01:47:50.783+00:00
173,0.13846,2026-09-27T01:47:55.790+00:00
174,0.13838,2026-09-27T01:47:55.790+00:00
175,0.13845,2026-09-27T01:47:55.790+00:00
176,0.13871,2026-09-27T01:47:55.790+00:00
177,0.13869,2026-09-27T01:48:00.797+00:00
178,0.13859,2026-09-27T01:48:00.797+00:00
179,0.13879,2026-09-27T01:48:00.797+00:00
180,0.13895,2026-09-27T01:48:00.797+00:00
181,0.13878,2026-09-27T01:48:05.803+00:00
182,0.13855,2026-09-27T01:48:05.803+00:00
183,0.13858,2026-09-27T01:48:05.803+00:00
184,0.13875,2026-09-27T01:48:05.803+00:00
185,0.13862,2026-09-27T01:48:10.808+00:00
186,0.13862,2026-09-27T01:48:10.808+00:00
187,0.13851,2026-09-27T01:48:10.808+00:00
188,0.13848,2026-09-27T01:48:15.813+00:00
189,0.13875,2026-09-27T01:48:15.813+00:00
190,0.13851,2026-09-27T01:48:15.814+00:00
191,0.13902,2026-09-27T01:48:15.814+00:00
192,0.13856,2026-09-27T01:48:20.818+00:00
193,0.13853,2026-09-27T01:48:20.819+00:00
194,0.13845,2026-09-27T01:48:20.819+00:00
195,0.13862,2026-09-27T01:48:25.823+00:00
196,0.13878,2026-09-27T01:48:25.823+00:00
197,0.13886,2026-09-27T01:48:25.824+00:00
198,0.13875,2026-09-27T01:48:25.824+00:00
199,0.13861,2026-09-27T01:48:30.831+00:00
200,0.13881,2026-09-27T01:48:30.831+00:00
201,0.13886,2026-09-27T01:48:30.831+00:00
202,0.13876,2026-09-27T01:48:30.831+00:00
203,0.13859,2026-09-27T01:48:35.836+00:00
204,0.13848,2026-09-27T01:48:35.836+00:00
205,0.13824,2026-09-27T01:48:35.837+00:00
206,0.13840,2026-09-27T01:48:40.842+00:00
207,0.13889,2026-09-27T01:48:40.842+00:00
208,0.13802,2026-09-27T01:48:40.842+00:00
209,0.13860,2026-09-27T01:48:40.842+00:00
210,0.13859,2026-09-27T01:48:45.847+00:00
211,0.13850,2026-09-27T01:48:45.848+00:00
212,0.13892,2026-09-27T01:48:45.848+00:00
213,0.13818,2026-09-27T01:48:50.853+00:00
214,0.13866,2026-09-27T01:48:50.853+00:00
215,0.13883,2026-09-27T01:48:50.853+00:00
216,0.13867,2026-09-27T01:48:50.853+00:00
217,0.13873,2026-09-27T01:48:55.858+00:00
218,0.13857,2026-09-27T01:48:55.858+00:00
219,0.13862,2026-09-27T01:48:55.858+00:00
220,0.13849,2026-09-27T01:49:00.866+00:00
221,0.13852,2026-09-27T01:49:00.866+00:00
222,0.13885,2026-09-27T01:49:00.866+00:00
223,0.13846,2026-09-27T01:49:00.866+00:00
224,0.13876,2026-09-27T01:49:05.871+00:00
225,0.13850,2026-09-27T01:49:05.871+00:00
226,0.13882,2026-09-27T01:49:05.871+00:00
227,0.13870,2026-09-27T01:49:05.871+00:00
228,0.13875,2026-09-27T01:49:10.876+00:00
229,0.13894,2026-09-27T01:49:10.876+00:00
230,0.13838,2026-09-27T01:49:10.876+00:00
231,0.13865,2026-09-27T01:49:15.881+00:00
232,0.13840,2026-09-27T01:49:15.881+00:00
233,0.13862,2026-09-27T01:49:15.881+00:00
234,0.13871,2026-09-27T01:49:15.881+00:00
235,0.13862,2026-09-27T01:49:20.886+00:00
236,0.13876,2026-09-27T01:49:20.886+00:00
237,0.13874,2026-09-27T01:49:20.886+00:00
238,0.13855,2026-09-27T01:49:25.890+00:00
239,0.13863,2026-09-27T01:49:25.891+00:00
240,0.13904,2026-09-27T01:49:25.891+00:00
241,0.13906,2026-09-27T01:49:25.891+00:00
242,0.13848,2026-09-27T01:49:30.898+00:00
243,0.13874,2026-09-27T01:49:30.898+00:00
244,0.13851,2026-09-27T01:49:30.898+00:00
245,0.13871,2026-09-27T01:49:30.899+00:00
246,0.13863,2026-09-27T01:49:35.903+00:00
247,0.13874,2026-09-27T01:49:35.903+00:00
248,0.13864,2026-09-27T01:49:35.903+00:00
249,0.13844,2026-09-27T01:49:40.908+00:00
250,0.13874,2026-09-27T01:49:40.908+00:00
251,0.13883,2026-09-27T01:49:40.908+00:00
252,0.13859,2026-09-27T01:49:40.908+00:00
253,0.13891,2026-09-27T01:49:45.913+00:00
254,0.13887,2026-09-27T01:49:45.913+00:00
255,0.14007,2026-09-27T01:49:45.913+00:00
256,0.13903,2026-09-27T01:49:50.918+00:00
257,0.13845,2026-09-27T01:49:50.918+00:00
258,0.13871,2026-09-27T01:49:50.918+00:00
259,0.13846,2026-09-27T01:49:50.918+00:00
260,0.13875,2026-09-27T01:49:55.923+00:00
261,0.13852,2026-09-27T01:49:55.924+00:00
262,0.13853,2026-09-27T01:49:55.924+00:00
263,0.13846,2026-09-27T01:49:55.924+00:00
264,0.13848,2026-09-27T01:50:00.931+00:00
265,0.13845,2026-09-27T01:50:00.931+00:00
266,0.13860,2026-09-27T01:50:00.931+00:00
267,0.13884,2026-09-27T01:50:05.936+00:00
268,0.13865,2026-09-27T01:50:05.936+00:00
269,0.13878,2026-09-27T01:50:05.936+00:00
270,0.13871,2026-09-27T01:50:05.936+00:00
271,0.13891,2026-09-27T01:50:10.940+00:00
272,0.13851,2026-09-27T01:50:10.941+00:00
273,0.13865,2026-09-27T01:50:10.941+00:00
274,0.13832,2026-09-27T01:50:15.946+00:00
275,0.13827,2026-09-27T01:50:15.946+00:00
276,0.13857,2026-09-27T01:50:15.946+00:00
277,0.13898,2026-09-27T01:50:15.946+00:00
278,0.13841,2026-09-27T01:50:20.951+00:00
279,0.13881,2026-09-27T01:50:20.951+00:00
280,0.13858,2026-09-27T01:50:20.951+00:00
281,0.13880,2026-09-27T01:50:25.956+00:00
282,0.13863,2026-09-27T01:50:25.956+00:00
283,0.13864,2026-09-27T01:50:25.956+00:00
284,0.13888,2026-09-27T01:50:25.956+00:00
285,0.13891,2026-09-27T01:50:30.963+00:00
286,0.13838,2026-09-27T01:50:30.963+00:00
287,0.13861,2026-09-27T01:50:30.963+00:00
288,0.13887,2026-09-27T01:50:30.963+00:00
289,0.13857,2026-09-27T01:50:35.968+00:00
290,0.13862,2026-09-27T01:50:35.968+00:00
291,0.13855,2026-09-27T01:50:35.968+00:00
292,0.13859,2026-09-27T01:50:40.973+00:00
293,0.13884,2026-09-27T01:50:40.973+00:00
294,0.13875,2026-09-27T01:50:40.973+00:00
295,0.13852,2026-09-27T01:50:40.973+00:00
296,0.13870,2026-09-27T01:50:45.978+00:00
297,0.13908,2026-09-27T01:50:45.978+00:00
298,0.13855,2026-09-27T01:50:45.978+00:00
299,0.13861,2026-09-27T01:50:50.983+00:00
300,0.13845,2026-09-27T01:50:50.983+00:00
301,0.13870,2026-09-27T01:50:50.983+00:00
302,0.13852,2026-09-27T01:50:50.983+00:00
303,0.13784,2026-09-27T01:50:55.989+00:00
304,0.13836,2026-09-27T01:50:55.989+00:00
305,0.13891,2026-09-27T01:50:55.989+00:00
306,0.13849,2026-09-27T01:51:00.998+00:00
307,0.13885,2026-09-27T01:51:00.998+00:00
308,0.13859,2026-09-27T01:51:00.998+00:00
309,0.13858,2026-09-27T01:51:00.998+00:00
310,0.13856,2026-09-27T01:51:06.004+00:00
311,0.13850,2026-09-27T01:51:06.004+00:00
312,0.13834,2026-09-27T01:51:06.004+00:00
313,0.13826,2026-09-27T01:51:06.004+00:00
314,0.13866,2026-09-27T01:51:11.009+00:00
315,0.13851,2026-09-27T01:51:11.009+00:00
316,0.13923,2026-09-27T01:51:11.009+00:00
317,0.13850,2026-09-27T01:51:16.014+00:00
318,0.13860,2026-09-27T01:51:16.014+00:00
319,0.13919,2026-09-27T01:51:16.015+00:00
320,0.13876,2026-09-27T01:51:16.015+00:00
321,0.13850,2026-09-27T01:51:21.020+00:00
322,0.13829,2026-09-27T01:51:21.020+00:00
323,0.13856,2026-09-27T01:51:21.020+00:00
324,0.13850,2026-09-27T01:51:26.025+00:00
325,0.13853,2026-09-27T01:51:26.025+00:00
326,0.13855,2026-09-27T01:51:26.025+00:00
327,0.13858,2026-09-27T01:51:26.025+00:00
328,0.13876,2026-09-27T01:51:31.032+00:00
329,0.13847,2026-09-27T01:51:31.032+00:00
330,0.13840,2026-09-27T01:51:31.032+00:00
331,0.13830,2026-09-27T01:51:36.037+00:00
332,0.13897,2026-09-27T01:51:36.037+00:00
333,0.13863,2026-09-27T01:51:36.037+00:00
334,0.13889,2026-09-27T01:51:36.037+00:00
335,0.13849,2026-09-27T01:51:41.042+00:00
336,0.13866,2026-09-27T01:51:41.042+00:00
337,0.13836,2026-09-27T01:51:41.042+00:00
338,0.13872,2026-09-27T01:51:41.042+00:00
339,0.13897,2026-09-27T01:51:46.047+00:00
340,0.13867,2026-09-27T01:51:46.047+00:00
341,0.13882,2026-09-27T01:51:46.047+00:00
342,0.13887,2026-09-27T01:51:51.053+00:00
343,0.13860,2026-09-27T01:51:51.053+00:00
344,0.13867,2026-09-27T01:51:51.053+00:00
345,0.13868,2026-09-27T01:51:51.053+00:00
346,0.13843,2026-09-27T01:51:56.059+00:00
347,0.13883,2026-09-27T01:51:56.059+00:00
348,0.13878,2026-09-27T01:51:56.059+00:00
349,0.13859,2026-09-27T01:52:01.068+00:00
350,0.13852,2026-09-27T01:52:01.068+00:00
351,0.13855,2026-09-27T01:52:01.068+00:00
352,0.13883,2026-09-27T01:52:01.068+00:00
353,0.13865,2026-09-27T01:52:06.073+00:00
354,0.13845,2026-09-27T01:52:06.073+00:00
355,0.13856,2026-09-27T01:52:06.073+00:00
356,0.13847,2026-09-27T01:52:11.078+00:00
357,0.13922,2026-09-27T01:52:11.078+00:00
358,0.13885,2026-09-27T01:52:11.078+00:00
359,0.13877,2026-09-27T01:52:11.078+00:00
360,0.13844,2026-09-27T01:52:16.083+00:00
361,0.13848,2026-09-27T01:52:16.083+00:00
362,0.13850,2026-09-27T01:52:16.083+00:00
363,0.13850,2026-09-27T01:52:21.088+00:00
364,0.13841,2026-09-27T01:52:21.088+00:00
365,0.13862,2026-09-27T01:52:21.088+00:00
366,0.13881,2026-09-27T01:52:21.089+00:00
367,0.13842,2026-09-27T01:52:26.094+00:00
368,0.13836,2026-09-27T01:52:26.094+00:00
369,0.13876,2026-09-27T01:52:26.094+00:00
370,0.13864,2026-09-27T01:52:26.094+00:00
371,0.13864,2026-09-27T01:52:31.101+00:00
372,0.13886,2026-09-27T01:52:31.101+00:00
373,0.13872,2026-09-27T01:52:31.101+00:00
374,0.13850,2026-09-27T01:52:36.106+00:00
375,0.13855,2026-09-27T01:52:36.106+00:00
376,0.13855,2026-09-27T01:52:36.106+00:00
377,0.13845,2026-09-27T01:52:36.106+00:00
378,0.13826,2026-09-27T01:52:41.111+00:00
379,0.13827,2026-09-27T01:52:41.111+00:00
380,0.13840,2026-09-27T01:52:41.112+00:00
381,0.13809,2026-09-27T01:52:46.117+00:00
382,0.13820,2026-09-27T01:52:46.117+00:00
383,0.13855,2026-09-27T01:52:46.117+00:00
384,0.13874,2026-09-27T01:52:46.117+00:00
385,0.13874,2026-09-27T01:52:51.122+00:00
386,0.13874,2026-09-27T01:52:51.122+00:00
387,0.13855,2026-09-27T01:52:51.122+00:00
388,0.13862,2026-09-27T01:52:56.128+00:00
389,0.14118,2026-09-27T01:52:56.128+00:00
390,0.13932,2026-09-27T01:52:56.128+00:00
391,0.13833,2026-09-27T01:52:56.128+00:00
392,0.13866,2026-09-27T01:53:01.137+00:00
393,0.13830,2026-09-27T01:53:01.137+00:00
394,0.13862,2026-09-27T01:53:01.137+00:00
395,0.13863,2026-09-27T01:53:01.137+00:00
396,0.13849,2026-09-27T01:53:06.142+00:00
397,0.13834,2026-09-27T01:53:06.142+00:00
398,0.13856,2026-09-27T01:53:06.142+00:00
399,0.13836,2026-09-27T01:53:11.146+00:00
400,0.13827,2026-09-27T01:53:11.147+00:00
401,0.13842,2026-09-27T01:53:11.147+00:00
402,0.13824,2026-09-27T01:53:11.147+00:00
403,0.13853,2026-09-27T01:53:16.151+00:00
404,0.13859,2026-09-27T01:53:16.151+00:00
405,0.13875,2026-09-27T01:53:16.151+00:00
406,0.13870,2026-09-27T01:53:21.156+00:00
407,0.13851,2026-09-27T01:53:21.156+00:00
408,0.13881,2026-09-27T01:53:21.157+00:00
409,0.13826,2026-09-27T01:53:21.157+00:00
410,0.13808,2026-09-27T01:53:26.162+00:00
411,0.13854,2026-09-27T01:53:26.162+00:00
412,0.13857,2026-09-27T01:53:26.162+00:00
413,0.13870,2026-09-27T01:53:31.171+00:00
414,0.13866,2026-09-27T01:53:31.171+00:00
415,0.13858,2026-09-27T01:53:31.171+00:00
416,0.13836,2026-09-27T01:53:31.171+00:00
417,0.13855,2026-09-27T01:53:36.176+00:00
418,0.13854,2026-09-27T01:53:36.177+00:00
419,0.13847,2026-09-27T01:53:36.177+00:00
420,0.13864,2026-09-27T01:53:41.182+00:00
421,0.13824,2026-09-27T01:53:41.182+00:00
422,0.13876,2026-09-27T01:53:41.182+00:00
423,0.13860,2026-09-27T01:53:46.188+00:00
424,0.13844,2026-09-27T01:53:46.188+00:00
425,0.13864,2026-09-27T01:53:46.188+00:00
426,0.13793,2026-09-27T01:53:46.188+00:00
427,0.13842,2026-09-27T01:53:51.193+00:00
428,0.13836,2026-09-27T01:53:51.193+00:00
429,0.13844,2026-09-27T01:53:51.194+00:00
430,0.13847,2026-09-27T01:53:51.194+00:00
431,0.13882,2026-09-27T01:53:56.199+00:00
432,0.13894,2026-09-27T01:53:56.199+00:00
433,0.13874,2026-09-27T01:53:56.199+00:00
434,0.13858,2026-09-27T01:54:01.208+00:00
435,0.13873,2026-09-27T01:54:01.208+00:00
436,0.13882,2026-09-27T01:54:01.208+00:00
437,0.13860,2026-09-27T01:54:01.208+00:00
438,0.13876,2026-09-27T01:54:06.213+00:00
439,0.13822,2026-09-27T01:54:06.213+00:00
440,0.13811,2026-09-27T01:54:06.213+00:00
441,0.13839,2026-09-27T01:54:11.218+00:00
442,0.13883,2026-09-27T01:54:11.219+00:00
443,0.13824,2026-09-27T01:54:11.219+00:00
444,0.13892,2026-09-27T01:54:16.224+00:00
445,0.14044,2026-09-27T01:54:16.224+00:00
446,0.13851,2026-09-27T01:54:16.224+00:00
447,0.13866,2026-09-27T01:54:16.224+00:00
448,0.13831,2026-09-27T01:54:21.229+00:00
449,0.13832,2026-09-27T01:54:21.229+00:00
450,0.13879,2026-09-27T01:54:21.230+00:00
451,0.13872,2026-09-27T01:54:21.230+00:00
452,0.13875,2026-09-27T01:54:26.235+00:00
453,0.13905,2026-09-27T01:54:26.235+00:00
454,0.13833,2026-09-27T01:54:26.235+00:00
455,0.13866,2026-09-27T01:54:31.243+00:00
456,0.13918,2026-09-27T01:54:31.244+00:00
457,0.14042,2026-09-27T01:54:31.244+00:00
458,0.13842,2026-09-27T01:54:31.244+00:00
459,0.13870,2026-09-27T01:54:36.248+00:00
460,0.13808,2026-09-27T01:54:36.249+00:00
461,0.13867,2026-09-27T01:54:36.249+00:00
462,0.13856,2026-09-27T01:54:41.254+00:00
463,0.13824,2026-09-27T01:54:41.254+00:00
464,0.13860,2026-09-27T01:54:41.254+00:00
465,0.13833,2026-09-27T01:54:41.254+00:00
466,0.13884,2026-09-27T01:54:46.259+00:00
467,0.13854,2026-09-27T01:54:46.259+00:00
468,0.13832,2026-09-27T01:54:46.259+00:00
469,0.13865,2026-09-27T01:54:51.264+00:00
470,0.13892,2026-09-27T01:54:51.264+00:00
471,0.13811,2026-09-27T01:54:51.264+00:00
472,0.13902,2026-09-27T01:54:51.264+00:00
473,0.13838,2026-09-27T01:54:56.270+00:00
474,0.13854,2026-09-27T01:54:56.270+00:00
475,0.13896,2026-09-27T01:54:56.270+00:00
476,0.13818,2026-09-27T01:55:01.278+00:00
477,0.13807,2026-09-27T01:55:01.279+00:00
478,0.13877,2026-09-27T01:55:01.279+00:00
479,0.13857,2026-09-27T01:55:01.279+00:00
480,0.13840,2026-09-27T01:55:06.285+00:00
481,0.13850,2026-09-27T01:55:06.285+00:00
482,0.13852,2026-09-27T01:55:06.285+00:00
483,0.13869,2026-09-27T01:55:11.290+00:00
484,0.13841,2026-09-27T01:55:11.290+00:00
485,0.13882,2026-09-27T01:55:11.291+00:00
486,0.13818,2026-09-27T01:55:11.291+00:00
487,0.13835,2026-09-27T01:55:16.296+00:00
488,0.13828,2026-09-27T01:55:16.296+00:00
489,0.13840,2026-09-27T01:55:16.296+00:00
490,0.13848,2026-09-27T01:55:21.302+00:00
491,0.13860,2026-09-27T01:55:21.302+00:00
492,0.13852,2026-09-27T01:55:21.302+00:00
493,0.13851,2026-09-27T01:55:21.302+00:00
494,0.13885,2026-09-27T01:55:26.307+00:00
495,0.13872,2026-09-27T01:55:26.307+00:00
496,0.13849,2026-09-27T01:55:26.308+00:00
497,0.13826,2026-09-27T01:55:31.317+00:00
498,0.13857,2026-09-27T01:55:31.317+00:00
499,0.13828,2026-09-27T01:55:31.317+00:00
500,0.13800,2026-09-27T01:55:36.323+00:00
501,0.13856,2026-09-27T01:55:36.323+00:00
502,0.13825,2026-09-27T01:55:36.323+00:00
503,0.13857,2026-09-27T01:55:36.323+00:00
504,0.13854,2026-09-27T01:55:41.329+00:00
505,0.13822,2026-09-27T01:55:41.329+00:00
506,0.13839,2026-09-27T01:55:41.329+00:00
507,0.13834,2026-09-27T01:55:41.329+00:00
508,0.13829,2026-09-27T01:55:46.335+00:00
509,0.13865,2026-09-27T01:55:46.335+00:00
510,0.13889,2026-09-27T01:55:46.335+00:00
511,0.13901,2026-09-27T01:55:51.341+00:00
512,0.13836,2026-09-27T01:55:51.341+00:00
513,0.13853,2026-09-27T01:55:51.341+00:00
514,0.13869,2026-09-27T01:55:56.348+00:00
515,0.13817,2026-09-27T01:55:56.348+00:00
516,0.13837,2026-09-27T01:55:56.348+00:00
517,0.13834,2026-09-27T01:55:56.348+00:00
518,0.13685,2026-09-27T01:56:01.356+00:00
519,0.13801,2026-09-27T01:56:01.356+00:00
520,0.13855,2026-09-27T01:56:01.356+00:00
521,0.13831,2026-09-27T01:56:06.362+00:00
522,0.13852,2026-09-27T01:56:06.362+00:00
523,0.13823,2026-09-27T01:56:06.362+00:00
524,0.13806,2026-09-27T01:56:06.362+00:00
525,0.13824,2026-09-27T01:56:11.367+00:00
526,0.13842,2026-09-27T01:56:11.367+00:00
527,0.13854,2026-09-27T01:56:11.367+00:00
528,0.13873,2026-09-27T01:56:16.373+00:00
529,0.13874,2026-09-27T01:56:16.373+00:00
530,0.13862,2026-09-27T01:56:16.373+00:00
531,0.13811,2026-09-27T01:56:16.373+00:00
532,0.13902,2026-09-27T01:56:21.379+00:00
533,0.13870,2026-09-27T01:56:21.379+00:00
534,0.13869,2026-09-27T01:56:21.379+00:00
535,0.13815,2026-09-27T01:56:26.385+00:00
536,0.13844,2026-09-27T01:56:26.385+00:00
537,0.13797,2026-09-27T01:56:26.385+00:00
538,0.13818,2026-09-27T01:56:26.385+00:00
539,0.13859,2026-09-27T01:56:31.393+00:00
540,0.13809,2026-09-27T01:56:31.394+00:00
541,0.13807,2026-09-27T01:56:31.394+00:00
542,0.13854,2026-09-27T01:56:36.398+00:00
543,0.13823,2026-09-27T01:56:36.398+00:00
544,0.13838,2026-09-27T01:56:36.398+00:00
545,0.13848,2026-09-27T01:56:36.398+00:00
546,0.13875,2026-09-27T01:56:41.404+00:00
547,0.13832,2026-09-27T01:56:41.404+00:00
548,0.13899,2026-09-27T01:56:41.404+00:00
549,0.13918,2026-09-27T01:56:46.410+00:00
550,0.13826,2026-09-27T01:56:46.410+00:00
551,0.13831,2026-09-27T01:56:46.410+00:00
552,0.13871,2026-09-27T01:56:46.410+00:00
553,0.13836,2026-09-27T01:56:51.416+00:00
554,0.13872,2026-09-27T01:56:51.416+00:00
555,0.13876,2026-09-27T01:56:51.416+00:00
556,0.13841,2026-09-27T01:56:56.423+00:00
557,0.13832,2026-09-27T01:56:56.423+00:00
558,0.13864,2026-09-27T01:56:56.423+00:00
559,0.13841,2026-09-27T01:56:56.423+00:00
560,0.13876,2026-09-27T01:57:01.431+00:00
561,0.13856,2026-09-27T01:57:01.431+00:00
562,0.13867,2026-09-27T01:57:01.431+00:00
563,0.13856,2026-09-27T01:57:06.437+00:00
564,0.13796,2026-09-27T01:57:06.437+00:00
565,0.13832,2026-09-27T01:57:06.438+00:00
566,0.13836,2026-09-27T01:57:06.438+00:00
567,0.13861,2026-09-27T01:57:11.443+00:00
568,0.13860,2026-09-27T01:57:11.443+00:00
569,0.13830,2026-09-27T01:57:11.443+00:00
570,0.13868,2026-09-27T01:57:16.449+00:00
571,0.13872,2026-09-27T01:57:16.449+00:00
572,0.13836,2026-09-27T01:57:16.449+00:00
573,0.13826,2026-09-27T01:57:16.449+00:00
574,0.13971,2026-09-27T01:57:21.455+00:00
575,0.13875,2026-09-27T01:57:21.455+00:00
576,0.13828,2026-09-27T01:57:21.455+00:00
577,0.13841,2026-09-27T01:57:26.461+00:00
578,0.13867,2026-09-27T01:57:26.461+00:00
579,0.13798,2026-09-27T01:57:26.461+00:00
580,0.13832,2026-09-27T01:57:26.461+00:00
581,0.13825,2026-09-27T01:57:31.471+00:00
582,0.13816,2026-09-27T01:57:31.471+00:00
583,0.13808,2026-09-27T01:57:31.471+00:00
584,0.13786,2026-09-27T01:57:36.477+00:00
585,0.13814,2026-09-27T01:57:36.477+00:00
586,0.13848,2026-09-27T01:57:36.477+00:00
587,0.13831,2026-09-27T01:57:36.477+00:00
588,0.13778,2026-09-27T01:57:41.483+00:00
589,0.13816,2026-09-27T01:57:41.483+00:00
590,0.13864,2026-09-27T01:57:41.483+00:00
591,0.13835,2026-09-27T01:57:41.483+00:00
592,0.13833,2026-09-27T01:57:46.489+00:00
593,0.13827,2026-09-27T01:57:46.489+00:00
594,0.13676,2026-09-27T01:57:46.489+00:00
595,0.13875,2026-09-27T01:57:51.495+00:00
596,0.13911,2026-09-27T01:57:51.495+00:00
597,0.13851,2026-09-27T01:57:51.495+00:00
598,0.13807,2026-09-27T01:57:51.495+00:00
599,0.13865,2026-09-27T01:57:56.502+00:00
600,0.13844,2026-09-27T01:57:56.502+00:00
601,0.13787,2026-09-27T01:57:56.502+00:00
602,0.13817,2026-09-27T01:58:01.511+00:00
603,0.13886,2026-09-27T01:58:01.511+00:00
604,0.13847,2026-09-27T01:58:01.511+00:00
605,0.13753,2026-09-27T01:58:01.511+00:00
606,0.13801,2026-09-27T01:58:06.517+00:00
607,0.13802,2026-09-27T01:58:06.517+00:00
608,0.13876,2026-09-27T01:58:06.517+00:00
609,0.13884,2026-09-27T01:58:11.523+00:00
610,0.13805,2026-09-27T01:58:11.523+00:00
611,0.13835,2026-09-27T01:58:11.523+00:00
612,0.13797,2026-09-27T01:58:11.523+00:00
613,0.13828,2026-09-27T01:58:16.529+00:00
614,0.13865,2026-09-27T01:58:16.529+00:00
615,0.13815,2026-09-27T01:58:16.529+00:00
616,0.13931,2026-09-27T01:58:21.535+00:00
617,0.13842,2026-09-27T01:58:21.535+00:00
618,0.13844,2026-09-27T01:58:21.535+00:00
619,0.13834,2026-09-27T01:58:21.535+00:00
620,0.13781,2026-09-27T01:58:26.541+00:00
621,0.14047,2026-09-27T01:58:26.541+00:00
622,0.13866,2026-09-27T01:58:26.541+00:00
623,0.13855,2026-09-27T01:58:31.550+00:00
624,0.13819,2026-09-27T01:58:31.550+00:00
625,0.13824,2026-09-27T01:58:31.550+00:00
626,0.13837,2026-09-27T01:58:36.556+00:00
627,0.13785,2026-09-27T01:58:36.556+00:00
628,0.13836,2026-09-27T01:58:36.556+00:00
629,0.13850,2026-09-27T01:58:36.557+00:00
630,0.13809,2026-09-27T01:58:41.562+00:00
631,0.13848,2026-09-27T01:58:41.563+00:00
632,0.13841,2026-09-27T01:58:41.563+00:00
633,0.13813,2026-09-27T01:58:41.563+00:00
634,0.13833,2026-09-27T01:58:46.568+00:00
635,0.13825,2026-09-27T01:58:46.568+00:00
636,0.13840,2026-09-27T01:58:46.568+00:00
637,0.13844,2026-09-27T01:58:51.574+00:00
638,0.13831,2026-09-27T01:58:51.574+00:00
639,0.13860,2026-09-27T01:58:51.574+00:00
640,0.13870,2026-09-27T01:58:56.581+00:00
641,0.13830,2026-09-27T01:58:56.581+00:00
642,0.13844,2026-09-27T01:58:56.581+00:00
643,0.13781,2026-09-27T01:58:56.581+00:00
644,0.13842,2026-09-27T01:59:01.589+00:00
645,0.13780,2026-09-27T01:59:01.589+00:00
646,0.13971,2026-09-27T01:59:01.589+00:00
647,0.13865,2026-09-27T01:59:01.589+00:00
648,0.13824,2026-09-27T01:59:06.595+00:00
649,0.13812,2026-09-27T01:59:06.595+00:00
650,0.13871,2026-09-27T01:59:06.595+00:00
651,0.13781,2026-09-27T01:59:11.600+00:00
652,0.13838,2026-09-27T01:59:11.600+00:00
653,0.13870,2026-09-27T01:59:11.600+00:00
654,0.13868,2026-09-27T01:59:11.600+00:00
655,0.13829,2026-09-27T01:59:16.605+00:00
656,0.13838,2026-09-27T01:59:16.606+00:00
657,0.13843,2026-09-27T01:59:16.606+00:00
658,0.13810,2026-09-27T01:59:21.611+00:00
659,0.13815,2026-09-27T01:59:21.611+00:00
660,0.13820,2026-09-27T01:59:21.611+00:00
661,0.13879,2026-09-27T01:59:21.611+00:00
662,0.13832,2026-09-27T01:59:26.617+00:00
663,0.13809,2026-09-27T01:59:26.617+00:00
664,0.13828,2026-09-27T01:59:26.617+00:00
665,0.13810,2026-09-27T01:59:31.626+00:00
666,0.13827,2026-09-27T01:59:31.626+00:00
667,0.13785,2026-09-27T01:59:31.626+00:00
668,0.13804,2026-09-27T01:59:31.626+00:00
669,0.13862,2026-09-27T01:59:36.632+00:00
670,0.13831,2026-09-27T01:59:36.632+00:00
671,0.13854,2026-09-27T01:59:36.632+00:00
672,0.13811,2026-09-27T01:59:41.638+00:00
673,0.13824,2026-09-27T01:59:41.638+00:00
674,0.13853,2026-09-27T01:59:41.638+00:00
675,0.13771,2026-09-27T01:59:46.643+00:00
676,0.13827,2026-09-27T01:59:46.644+00:00
677,0.13834,2026-09-27T01:59:46.644+00:00
678,0.13795,2026-09-27T01:59:46.644+00:00
679,0.13856,2026-09-27T01:59:51.650+00:00
680,0.13816,2026-09-27T01:59:51.650+00:00
681,0.13804,2026-09-27T01:59:51.650+00:00
682,0.13836,2026-09-27T01:59:56.656+00:00
683,0.13834,2026-09-27T01:59:56.657+00:00
684,0.13829,2026-09-27T01:59:56.657+00:00
685,0.13798,2026-09-27T01:59:56.657+00:00
686,0.13771,2026-09-27T02:00:01.665+00:00
687,0.13789,2026-09-27T02:00:01.665+00:00
688,0.13823,2026-09-27T02:00:01.665+00:00
689,0.13838,2026-09-27T02:00:01.665+00:00
690,0.13796,2026-09-27T02:00:06.671+00:00
691,0.13857,2026-09-27T02:00:06.671+00:00
692,0.13771,2026-09-27T02:00:06.671+00:00
693,0.13911,2026-09-27T02:00:11.676+00:00
694,0.13890,2026-09-27T02:00:11.676+00:00
695,0.13847,2026-09-27T02:00:11.677+00:00
696,0.13858,2026-09-27T02:00:16.682+00:00
697,0.13869,2026-09-27T02:00:16.682+00:00
698,0.13890,2026-09-27T02:00:16.683+00:00
699,0.13832,2026-09-27T02:00:16.683+00:00
700,0.13811,2026-09-27T02:00:21.688+00:00
701,0.13808,2026-09-27T02:00:21.689+00:00
702,0.13840,2026-09-27T02:00:21.689+00:00
703,0.13789,2026-09-27T02:00:26.694+00:00
704,0.13803,2026-09-27T02:00:26.694+00:00
705,0.13776,2026-09-27T02:00:26.694+00:00
706,0.13789,2026-09-27T02:00:26.695+00:00
707,0.13771,2026-09-27T02:00:31.702+00:00
708,0.13884,2026-09-27T02:00:31.702+00:00
709,0.13826,2026-09-27T02:00:31.702+00:00
710,0.13826,2026-09-27T02:00:36.708+00:00
711,0.13790,2026-09-27T02:00:36.708+00:00
712,0.13825,2026-09-27T02:00:36.708+00:00
713,0.13775,2026-09-27T02:00:36.708+00:00
714,0.13771,2026-09-27T02:00:41.714+00:00
715,0.13831,2026-09-27T02:00:41.714+00:00
716,0.13859,2026-09-27T02:00:41.714+00:00
717,0.13822,2026-09-27T02:00:46.720+00:00
718,0.13820,2026-09-27T02:00:46.720+00:00
719,0.13829,2026-09-27T02:00:46.720+00:00
720,0.13816,2026-09-27T02:00:46.720+00:00
721,0.13803,2026-09-27T02:00:51.725+00:00
722,0.13807,2026-09-27T02:00:51.726+00:00
723,0.13798,2026-09-27T02:00:51.726+00:00
724,0.13868,2026-09-27T02:00:56.732+00:00
725,0.13881,2026-09-27T02:00:56.732+00:00
726,0.13839,2026-09-27T02:00:56.732+00:00
727,0.13806,2026-09-27T02:00:56.732+00:00
728,0.13819,2026-09-27T02:01:01.740+00:00
729,0.13773,2026-09-27T02:01:01.740+00:00
730,0.13775,2026-09-27T02:01:01.740+00:00
731,0.13780,2026-09-27T02:01:01.740+00:00
732,0.13832,2026-09-27T02:01:06.745+00:00
733,0.13833,2026-09-27T02:01:06.746+00:00
734,0.13760,2026-09-27T02:01:06.746+00:00
735,0.13849,2026-09-27T02:01:11.751+00:00
736,0.13766,2026-09-27T02:01:11.751+00:00
737,0.13829,2026-09-27T02:01:11.751+00:00
738,0.13748,2026-09-27T02:01:11.751+00:00
739,0.13901,2026-09-27T02:01:16.757+00:00
740,0.13758,2026-09-27T02:01:16.757+00:00
741,0.13828,2026-09-27T02:01:16.757+00:00
742,0.13823,2026-09-27T02:01:21.763+00:00
743,0.13773,2026-09-27T02:01:21.763+00:00
744,0.13880,2026-09-27T02:01:21.763+00:00
745,0.13829,2026-09-27T02:01:26.768+00:00
746,0.13855,2026-09-27T02:01:26.768+00:00
747,0.13746,2026-09-27T02:01:26.768+00:00
748,0.13821,2026-09-27T02:01:26.769+00:00
749,0.13804,2026-09-27T02:01:31.776+00:00
750,0.13797,2026-09-27T02:01:31.777+00:00
751,0.13877,2026-09-27T02:01:31.777+00:00
752,0.13823,2026-09-27T02:01:36.782+00:00
753,0.13933,2026-09-27T02:01:36.782+00:00
754,0.13873,2026-09-27T02:01:36.782+00:00
755,0.13838,2026-09-27T02:01:36.782+00:00
756,0.13769,2026-09-27T02:01:41.788+00:00
757,0.13818,2026-09-27T02:01:41.788+00:00
758,0.13872,2026-09-27T02:01:41.788+00:00
759,0.13853,2026-09-27T02:01:41.788+00:00
760,0.13835,2026-09-27T02:01:46.794+00:00
761,0.13799,2026-09-27T02:01:46.794+00:00
762,0.13824,2026-09-27T02:01:46.794+00:00
763,0.13838,2026-09-27T02:01:51.800+00:00
764,0.13822,2026-09-27T02:01:51.800+00:00
765,0.13812,2026-09-27T02:01:51.800+00:00
766,0.13839,2026-09-27T02:01:56.806+00:00
767,0.13739,2026-09-27T02:01:56.806+00:00
768,0.13780,2026-09-27T02:01:56.806+00:00
769,0.13791,2026-09-27T02:01:56.807+00:00
770,0.13730,2026-09-27T02:02:01.814+00:00
771,0.13831,2026-09-27T02:02:01.814+00:00
772,0.13798,2026-09-27T02:02:01.814+00:00
773,0.13837,2026-09-27T02:02:06.820+00:00
774,0.13769,2026-09-27T02:02:06.820+00:00
775,0.13770,2026-09-27T02:02:06.820+00:00
776,0.13765,2026-09-27T02:02:06.820+00:00
777,0.13817,2026-09-27T02:02:11.826+00:00
778,0.13831,2026-09-27T02:02:11.826+00:00
779,0.13885,2026-09-27T02:02:11.826+00:00
780,0.13761,2026-09-27T02:02:16.831+00:00
781,0.13849,2026-09-27T02:02:16.831+00:00
782,0.13787,2026-09-27T02:02:16.832+00:00
783,0.13836,2026-09-27T02:02:16.832+00:00
784,0.13820,2026-09-27T02:02:21.837+00:00
785,0.13834,2026-09-27T02:02:21.837+00:00
786,0.13806,2026-09-27T02:02:21.838+00:00
787,0.13822,2026-09-27T02:02:26.843+00:00
788,0.13822,2026-09-27T02:02:26.843+00:00
789,0.13900,2026-09-27T02:02:26.843+00:00
790,0.13789,2026-09-27T02:02:26.843+00:00
791,0.13790,2026-09-27T02:02:31.852+00:00
792,0.13809,2026-09-27T02:02:31.852+00:00
793,0.13849,2026-09-27T02:02:31.852+00:00
794,0.13800,2026-09-27T02:02:36.858+00:00
795,0.13729,2026-09-27T02:02:36.858+00:00
796,0.13800,2026-09-27T02:02:36.858+00:00
797,0.13810,2026-09-27T02:02:36.858+00:00
798,0.13832,2026-09-27T02:02:41.864+00:00
799,0.13791,2026-09-27T02:02:41.864+00:00
800,0.13761,2026-09-27T02:02:41.864+00:00
801,0.13898,2026-09-27T02:02:46.870+00:00
802,0.13803,2026-09-27T02:02:46.870+00:00
803,0.13835,2026-09-27T02:02:46.870+00:00
804,0.13781,2026-09-27T02:02:46.870+00:00
805,0.13804,2026-09-27T02:02:51.876+00:00
806,0.13834,2026-09-27T02:02:51.876+00:00
807,0.13869,2026-09-27T02:02:51.876+00:00
808,0.13829,2026-09-27T02:02:56.883+00:00
809,0.13732,2026-09-27T02:02:56.883+00:00
810,0.13784,2026-09-27T02:02:56.883+00:00
811,0.13842,2026-09-27T02:03:01.891+00:00
812,0.13796,2026-09-27T02:03:01.891+00:00
813,0.13765,2026-09-27T02:03:01.891+00:00
814,0.13794,2026-09-27T02:03:01.891+00:00
815,0.13772,2026-09-27T02:03:06.897+00:00
816,0.13822,2026-09-27T02:03:06.897+00:00
817,0.13762,2026-09-27T02:03:06.897+00:00
818,0.13724,2026-09-27T02:03:11.903+00:00
819,0.13815,2026-09-27T02:03:11.903+00:00
820,0.13787,2026-09-27T02:03:11.903+00:00
821,0.13842,2026-09-27T02:03:11.903+00:00
822,0.13889,2026-09-27T02:03:16.909+00:00
823,0.13815,2026-09-27T02:03:16.909+00:00
824,0.13751,2026-09-27T02:03:16.909+00:00
825,0.13812,2026-09-27T02:03:21.915+00:00
826,0.13847,2026-09-27T02:03:21.915+00:00
827,0.13826,2026-09-27T02:03:21.916+00:00
828,0.13817,2026-09-27T02:03:21.916+00:00
829,0.13797,2026-09-27T02:03:26.922+00:00
830,0.13867,2026-09-27T02:03:26.922+00:00
831,0.13816,2026-09-27T02:03:26.922+00:00
832,0.13851,2026-09-27T02:03:31.930+00:00
833,0.13908,2026-09-27T02:03:31.930+00:00
834,0.13855,2026-09-27T02:03:31.930+00:00
835,0.13811,2026-09-27T02:03:31.930+00:00
836,0.13844,2026-09-27T02:03:36.935+00:00
837,0.13830,2026-09-27T02:03:36.935+00:00
838,0.13768,2026-09-27T02:03:36.935+00:00
839,0.13836,2026-09-27T02:03:41.941+00:00
840,0.13912,2026-09-27T02:03:41.941+00:00
841,0.13856,2026-09-27T02:03:41.941+00:00
842,0.13798,2026-09-27T02:03:41.942+00:00
843,0.13732,2026-09-27T02:03:46.948+00:00
844,0.13837,2026-09-27T02:03:46.948+00:00
845,0.13733,2026-09-27T02:03:46.948+00:00
846,0.13723,2026-09-27T02:03:46.948+00:00
847,0.13710,2026-09-27T02:03:51.953+00:00
848,0.13900,2026-09-27T02:03:51.953+00:00
849,0.13902,2026-09-27T02:03:51.953+00:00
850,0.13791,2026-09-27T02:03:56.960+00:00
851,0.13778,2026-09-27T02:03:56.960+00:00
852,0.13800,2026-09-27T02:03:56.960+00:00
853,0.13734,2026-09-27T02:03:56.960+00:00
854,0.13837,2026-09-27T02:04:01.969+00:00
855,0.13796,2026-09-27T02:04:01.969+00:00
856,0.13803,2026-09-27T02:04:01.969+00:00
857,0.13774,2026-09-27T02:04:06.975+00:00
858,0.13879,2026-09-27T02:04:06.975+00:00
859,0.13782,2026-09-27T02:04:06.975+00:00
860,0.13863,2026-09-27T02:04:11.979+00:00
861,0.13820,2026-09-27T02:04:11.979+00:00
862,0.13814,2026-09-27T02:04:11.979+00:00
863,0.13845,2026-09-27T02:04:11.979+00:00
864,0.13891,2026-09-27T02:04:16.985+00:00
865,0.13751,2026-09-27T02:04:16.985+00:00
866,0.13681,2026-09-27T02:04:16.985+00:00
867,0.13842,2026-09-27T02:04:16.985+00:00
868,0.13799,2026-09-27T02:04:21.990+00:00
869,0.13827,2026-09-27T02:04:21.990+00:00
870,0.13813,2026-09-27T02:04:21.990+00:00
871,0.13845,2026-09-27T02:04:26.995+00:00
872,0.13834,2026-09-27T02:04:26.995+00:00
873,0.13786,2026-09-27T02:04:26.995+00:00
874,0.13733,2026-09-27T02:04:32.004+00:00
875,0.13820,2026-09-27T02:04:32.004+00:00
876,0.13802,2026-09-27T02:04:32.004+00:00
877,0.13822,2026-09-27T02:04:32.005+00:00
878,0.13774,2026-09-27T02:04:37.010+00:00
879,0.13841,2026-09-27T02:04:37.010+00:00
880,0.13776,2026-09-27T02:04:37.010+00:00
881,0.13918,2026-09-27T02:04:42.016+00:00
882,0.13832,2026-09-27T02:04:42.016+00:00
883,0.13817,2026-09-27T02:04:42.016+00:00
884,0.13802,2026-09-27T02:04:42.016+00:00
885,0.13839,2026-09-27T02:04:47.022+00:00
886,0.13809,2026-09-27T02:04:47.022+00:00
887,0.13758,2026-09-27T02:04:47.022+00:00
888,0.13776,2026-09-27T02:04:52.027+00:00
889,0.13818,2026-09-27T02:04:52.027+00:00
890,0.13795,2026-09-27T02:04:52.027+00:00
891,0.13838,2026-09-27T02:04:52.027+00:00
892,0.13688,2026-09-27T02:04:57.033+00:00
893,0.13798,2026-09-27T02:04:57.034+00:00
894,0.13770,2026-09-27T02:04:57.034+00:00
895,0.13769,2026-09-27T02:05:02.042+00:00
896,0.13809,2026-09-27T02:05:02.042+00:00
897,0.13726,2026-09-27T02:05:02.042+00:00
898,0.13807,2026-09-27T02:05:02.042+00:00
899,0.13861,2026-09-27T02:05:07.047+00:00
900,0.13804,2026-09-27T02:05:07.047+00:00
901,0.13837,2026-09-27T02:05:07.047+00:00
902,0.13838,2026-09-27T02:05:12.053+00:00
903,0.13730,2026-09-27T02:05:12.054+00:00
904,0.13833,2026-09-27T02:05:12.054+00:00
905,0.13891,2026-09-27T02:05:17.059+00:00
906,0.13812,2026-09-27T02:05:17.060+00:00
907,0.13819,2026-09-27T02:05:17.060+00:00
908,0.13812,2026-09-27T02:05:17.060+00:00
909,0.13861,2026-09-27T02:05:22.066+00:00
910,0.13748,2026-09-27T02:05:22.066+00:00
911,0.13797,2026-09-27T02:05:22.066+00:00
912,0.13739,2026-09-27T02:05:22.066+00:00
913,0.13861,2026-09-27T02:05:27.071+00:00
914,0.13684,2026-09-27T02:05:27.071+00:00
915,0.13702,2026-09-27T02:05:27.072+00:00
916,0.13818,2026-09-27T02:05:32.080+00:00
917,0.13833,2026-09-27T02:05:32.080+00:00
918,0.13792,2026-09-27T02:05:32.080+00:00
919,0.13779,2026-09-27T02:05:32.080+00:00
920,0.13818,2026-09-27T02:05:37.086+00:00
921,0.13825,2026-09-27T02:05:37.086+00:00
922,0.13819,2026-09-27T02:05:37.086+00:00
923,0.13748,2026-09-27T02:05:42.092+00:00
924,0.13812,2026-09-27T02:05:42.092+00:00
925,0.13859,2026-09-27T02:05:42.092+00:00
926,0.13842,2026-09-27T02:05:47.098+00:00
927,0.13798,2026-09-27T02:05:47.098+00:00
928,0.13797,2026-09-27T02:05:47.098+00:00
929,0.13842,2026-09-27T02:05:52.104+00:00
930,0.13737,2026-09-27T02:05:52.104+00:00
931,0.13804,2026-09-27T02:05:52.104+00:00
932,0.13821,2026-09-27T02:05:52.104+00:00
933,0.13816,2026-09-27T02:05:57.110+00:00
934,0.13791,2026-09-27T02:05:57.110+00:00
935,0.13689,2026-09-27T02:05:57.110+00:00
936,0.13761,2026-09-27T02:06:02.118+00:00
937,0.13772,2026-09-27T02:06:02.118+00:00
938,0.13878,2026-09-27T02:06:02.118+00:00
939,0.13785,2026-09-27T02:06:02.119+00:00
940,0.13837,2026-09-27T02:06:07.124+00:00
941,0.13735,2026-09-27T02:06:07.124+00:00
942,0.13790,2026-09-27T02:06:07.124+00:00
943,0.13810,2026-09-27T02:06:12.130+00:00
944,0.13836,2026-09-27T02:06:12.130+00:00
945,0.13737,2026-09-27T02:06:12.130+00:00
946,0.13859,2026-09-27T02:06:12.130+00:00
947,0.13875,2026-09-27T02:06:17.135+00:00
948,0.13772,2026-09-27T02:06:17.136+00:00
949,0.13872,2026-09-27T02:06:17.136+00:00
950,0.14095,2026-09-27T02:06:22.141+00:00
951,0.13676,2026-09-27T02:06:22.141+00:00
952,0.13857,2026-09-27T02:06:22.141+00:00
953,0.13765,2026-09-27T02:06:27.147+00:00
954,0.13791,2026-09-27T02:06:27.147+00:00
955,0.13870,2026-09-27T02:06:27.147+00:00
956,0.13874,2026-09-27T02:06:27.147+00:00
957,0.13755,2026-09-27T02:06:32.156+00:00
958,0.13770,2026-09-27T02:06:32.156+00:00
959,0.13780,2026-09-27T02:06:32.156+00:00
960,0.13773,2026-09-27T02:06:37.161+00:00
961,0.13768,2026-09-27T02:06:37.161+00:00
962,0.13728,2026-09-27T02:06:37.161+00:00
963,0.13802,2026-09-27T02:06:37.161+00:00
964,0.13815,2026-09-27T02:06:42.167+00:00
965,0.13816,2026-09-27T02:06:42.167+00:00
966,0.13777,2026-09-27T02:06:42.167+00:00
967,0.13732,2026-09-27T02:06:47.173+00:00
968,0.13926,2026-09-27T02:06:47.173+00:00
969,0.13840,2026-09-27T02:06:47.173+00:00
970,0.13807,2026-09-27T02:06:52.179+00:00
971,0.13762,2026-09-27T02:06:52.179+00:00
972,0.13776,2026-09-27T02:06:52.179+00:00
973,0.13851,2026-09-27T02:06:52.179+00:00
974,0.13834,2026-09-27T02:06:57.185+00:00
975,0.13734,2026-09-27T02:06:57.185+00:00
976,0.13825,2026-09-27T02:06:57.185+00:00
977,0.13758,2026-09-27T02:07:02.194+00:00
978,0.13642,2026-09-27T02:07:02.194+00:00
979,0.13721,2026-09-27T02:07:02.194+00:00
980,0.13739,2026-09-27T02:07:02.194+00:00
981,0.13784,2026-09-27T02:07:07.199+00:00
982,0.13826,2026-09-27T02:07:07.199+00:00
983,0.13789,2026-09-27T02:07:07.199+00:00
984,0.13962,2026-09-27T02:07:12.205+00:00
985,0.13852,2026-09-27T02:07:12.205+00:00
986,0.13805,2026-09-27T02:07:12.205+00:00
987,0.13773,2026-09-27T02:07:12.205+00:00
988,0.13799,2026-09-27T02:07:17.211+00:00
989,0.13874,2026-09-27T02:07:17.211+00:00
990,0.13911,2026-09-27T02:07:17.211+00:00
991,0.13811,2026-09-27T02:07:22.217+00:00
992,0.13702,2026-09-27T02:07:22.217+00:00
993,0.13744,2026-09-27T02:07:22.217+00:00
994,0.13752,2026-09-27T02:07:22.217+00:00
995,0.13900,2026-09-27T02:07:27.222+00:00
996,0.13903,2026-09-27T02:07:27.222+00:00
997,0.13898,2026-09-27T02:07:27.222+00:00
998,0.13711,2026-09-27T02:07:32.230+00:00
999,0.13805,2026-09-27T02:07:32.230+00:00
1000,0.13722,2026-09-27T02:07:32.230+00:00
1001,0.13716,2026-09-27T02:07:37.235+00:00
1002,0.13782,2026-09-27T02:07:37.235+00:00
1003,0.13749,2026-09-27T02:07:37.235+00:00
1004,0.13835,2026-09-27T02:07:37.235+00:00
1005,0.13770,2026-09-27T02:07:42.241+00:00
1006,0.13751,2026-09-27T02:07:42.241+00:00
1007,0.13791,2026-09-27T02:07:42.241+00:00
1008,0.13837,2026-09-27T02:07:47.247+00:00
1009,0.13813,2026-09-27T02:07:47.247+00:00
1010,0.13741,2026-09-27T02:07:47.247+00:00
1011,0.13813,2026-09-27T02:07:52.253+00:00
1012,0.13713,2026-09-27T02:07:52.253+00:00
1013,0.13820,2026-09-27T02:07:52.253+00:00
1014,0.13777,2026-09-27T02:07:52.253+00:00
1015,0.13822,2026-09-27T02:07:57.259+00:00
1016,0.13747,2026-09-27T02:07:57.259+00:00
1017,0.13813,2026-09-27T02:07:57.259+00:00
1018,0.13828,2026-09-27T02:08:02.267+00:00
1019,0.13674,2026-09-27T02:08:02.267+00:00
1020,0.13823,2026-09-27T02:08:02.267+00:00
1021,0.13733,2026-09-27T02:08:02.267+00:00
1022,0.13815,2026-09-27T02:08:07.273+00:00
1023,0.13815,2026-09-27T02:08:07.273+00:00
1024,0.13732,2026-09-27T02:08:07.273+00:00
1025,0.13743,2026-09-27T02:08:12.279+00:00
1026,0.13802,2026-09-27T02:08:12.279+00:00
1027,0.13796,2026-09-27T02:08:12.279+00:00
1028,0.13684,2026-09-27T02:08:12.279+00:00
1029,0.13788,2026-09-27T02:08:17.285+00:00
1030,0.13794,2026-09-27T02:08:17.285+00:00
1031,0.13792,2026-09-27T02:08:17.285+00:00
1032,0.13802,2026-09-27T02:08:22.290+00:00
1033,0.13728,2026-09-27T02:08:22.290+00:00
1034,0.13821,2026-09-27T02:08:22.290+00:00
1035,0.13864,2026-09-27T02:08:27.296+00:00
1036,0.13803,2026-09-27T02:08:27.296+00:00
1037,0.13804,2026-09-27T02:08:27.296+00:00
1038,0.13841,2026-09-27T02:08:27.297+00:00
1039,0.13719,2026-09-27T02:08:32.305+00:00
1040,0.13851,2026-09-27T02:08:32.305+00:00
1041,0.13822,2026-09-27T02:08:32.305+00:00
1042,0.13836,2026-09-27T02:08:37.310+00:00
1043,0.13725,2026-09-27T02:08:37.311+00:00
1044,0.13794,2026-09-27T02:08:37.311+00:00
1045,0.13762,2026-09-27T02:08:42.316+00:00
1046,0.13718,2026-09-27T02:08:42.316+00:00
1047,0.13783,2026-09-27T02:08:42.316+00:00
1048,0.13768,2026-09-27T02:08:42.316+00:00
1049,0.14481,2026-09-27T02:08:47.322+00:00
1050,0.13788,2026-09-27T02:08:47.322+00:00
1051,0.13868,2026-09-27T02:08:47.322+00:00
1052,0.13787,2026-09-27T02:08:52.328+00:00
1053,0.13791,2026-09-27T02:08:52.328+00:00
1054,0.13718,2026-09-27T02:08:52.328+00:00
1055,0.13901,2026-09-27T02:08:52.328+00:00
1056,0.13682,2026-09-27T02:08:57.334+00:00
1057,0.13821,2026-09-27T02:08:57.334+00:00
1058,0.13853,2026-09-27T02:08:57.334+00:00
1059,0.13810,2026-09-27T02:09:02.343+00:00
1060,0.13680,2026-09-27T02:09:02.343+00:00
1061,0.13794,2026-09-27T02:09:02.343+00:00
1062,0.13796,2026-09-27T02:09:07.348+00:00
1063,0.13857,2026-09-27T02:09:07.348+00:00
1064,0.13844,2026-09-27T02:09:07.348+00:00
1065,0.13739,2026-09-27T02:09:07.348+00:00
1066,0.13803,2026-09-27T02:09:12.354+00:00
1067,0.13792,2026-09-27T02:09:12.354+00:00
1068,0.13852,2026-09-27T02:09:12.354+00:00
1069,0.13784,2026-09-27T02:09:17.360+00:00
1070,0.13861,2026-09-27T02:09:17.361+00:00
1071,0.13707,2026-09-27T02:09:17.361+00:00
1072,0.13844,2026-09-27T02:09:22.366+00:00
1073,0.13822,2026-09-27T02:09:22.366+00:00
1074,0.13732,2026-09-27T02:09:22.366+00:00
1075,0.13875,2026-09-27T02:09:22.366+00:00
1076,0.13794,2026-09-27T02:09:27.372+00:00
1077,0.13813,2026-09-27T02:09:27.372+00:00
1078,0.13879,2026-09-27T02:09:27.372+00:00
1079,0.13696,2026-09-27T02:09:32.381+00:00
1080,0.13731,2026-09-27T02:09:32.381+00:00
1081,0.13868,2026-09-27T02:09:32.381+00:00
1082,0.13634,2026-09-27T02:09:32.382+00:00
1083,0.13684,2026-09-27T02:09:37.387+00:00
1084,0.13721,2026-09-27T02:09:37.387+00:00
1085,0.13909,2026-09-27T02:09:37.387+00:00
1086,0.13865,2026-09-27T02:09:42.393+00:00
1087,0.13803,2026-09-27T02:09:42.393+00:00
1088,0.13840,2026-09-27T02:09:42.393+00:00
1089,0.13766,2026-09-27T02:09:42.393+00:00
1090,0.13966,2026-09-27T02:09:47.398+00:00
1091,0.13746,2026-09-27T02:09:47.398+00:00
1092,0.13717,2026-09-27T02:09:47.398+00:00
1093,0.13733,2026-09-27T02:09:52.404+00:00
1094,0.13796,2026-09-27T02:09:52.404+00:00
1095,0.13702,2026-09-27T02:09:52.404+00:00
1096,0.13819,2026-09-27T02:09:57.410+00:00
1097,0.13760,2026-09-27T02:09:57.410+00:00
1098,0.13766,2026-09-27T02:09:57.410+00:00
1099,0.13794,2026-09-27T02:09:57.410+00:00
1100,0.13776,2026-09-27T02:10:02.418+00:00
1101,0.13741,2026-09-27T02:10:02.418+00:00
1102,0.13595,2026-09-27T02:10:02.418+00:00
1103,0.13798,2026-09-27T02:10:07.424+00:00
1104,0.13836,2026-09-27T02:10:07.424+00:00
1105,0.13871,2026-09-27T02:10:07.424+00:00
1106,0.13767,2026-09-27T02:10:07.424+00:00
1107,0.13770,2026-09-27T02:10:12.430+00:00
1108,0.13799,2026-09-27T02:10:12.430+00:00
1109,0.13766,2026-09-27T02:10:12.430+00:00
1110,0.13723,2026-09-27T02:10:17.435+00:00
1111,0.13711,2026-09-27T02:10:17.435+00:00
1112,0.13727,2026-09-27T02:10:17.435+00:00
1113,0.13805,2026-09-27T02:10:17.436+00:00
1114,0.13900,2026-09-27T02:10:22.441+00:00
1115,0.13754,2026-09-27T02:10:22.441+00:00
1116,0.13826,2026-09-27T02:10:22.441+00:00
1117,0.13722,2026-09-27T02:10:27.447+00:00
1118,0.13759,2026-09-27T02:10:27.447+00:00
1119,0.13726,2026-09-27T02:10:27.447+00:00
1120,0.13723,2026-09-27T02:10:32.455+00:00
1121,0.13833,2026-09-27T02:10:32.455+00:00
1122,0.13729,2026-09-27T02:10:32.455+00:00
1123,0.13850,2026-09-27T02:10:32.455+00:00
1124,0.13617,2026-09-27T02:10:37.461+00:00
1125,0.13751,2026-09-27T02:10:37.461+00:00
1126,0.13761,2026-09-27T02:10:37.461+00:00
1127,0.13815,2026-09-27T02:10:42.467+00:00
1128,0.13911,2026-09-27T02:10:42.467+00:00
1129,0.13903,2026-09-27T02:10:42.467+00:00
1130,0.13724,2026-09-27T02:10:47.472+00:00
1131,0.13737,2026-09-27T02:10:47.472+00:00
1132,0.13706,2026-09-27T02:10:47.473+00:00
1133,0.13841,2026-09-27T02:10:47.473+00:00
1134,0.13843,2026-09-27T02:10:52.478+00:00
1135,0.13900,2026-09-27T02:10:52.478+00:00
1136,0.13850,2026-09-27T02:10:52.478+00:00
1137,0.14609,2026-09-27T02:10:57.485+00:00
1138,0.13888,2026-09-27T02:10:57.485+00:00
1139,0.13809,2026-09-27T02:10:57.485+00:00
1140,0.13719,2026-09-27T02:10:57.485+00:00
1141,0.13725,2026-09-27T02:11:02.493+00:00
1142,0.13822,2026-09-27T02:11:02.493+00:00
1143,0.13818,2026-09-27T02:11:02.493+00:00
1144,0.13796,2026-09-27T02:11:07.499+00:00
1145,0.13749,2026-09-27T02:11:07.499+00:00
1146,0.13711,2026-09-27T02:11:07.499+00:00
1147,0.13879,2026-09-27T02:11:12.505+00:00
1148,0.13715,2026-09-27T02:11:12.505+00:00
1149,0.13726,2026-09-27T02:11:12.506+00:00
1150,0.13780,2026-09-27T02:11:12.506+00:00
1151,0.13857,2026-09-27T02:11:17.511+00:00
1152,0.13911,2026-09-27T02:11:17.512+00:00
1153,0.13776,2026-09-27T02:11:17.512+00:00
1154,0.13756,2026-09-27T02:11:22.516+00:00
1155,0.13703,2026-09-27T02:11:22.516+00:00
1156,0.13814,2026-09-27T02:11:22.516+00:00
1157,0.13756,2026-09-27T02:11:27.522+00:00
1158,0.13603,2026-09-27T02:11:27.523+00:00
1159,0.13701,2026-09-27T02:11:27.523+00:00
1160,0.13910,2026-09-27T02:11:27.523+00:00
1161,0.13612,2026-09-27T02:11:32.532+00:00
1162,0.13671,2026-09-27T02:11:32.532+00:00
1163,0.13641,2026-09-27T02:11:32.532+00:00
1164,0.13895,2026-09-27T02:11:37.539+00:00
1165,0.14126,2026-09-27T02:11:37.539+00:00
1166,0.13836,2026-09-27T02:11:37.539+00:00
1167,0.13686,2026-09-27T02:11:37.539+00:00
1168,0.13804,2026-09-27T02:11:42.544+00:00
1169,0.13688,2026-09-27T02:11:42.545+00:00
1170,0.13665,2026-09-27T02:11:42.545+00:00
1171,0.13836,2026-09-27T02:11:47.552+00:00
1172,0.13727,2026-09-27T02:11:47.552+00:00
1173,0.13801,2026-09-27T02:11:47.552+00:00
1174,0.13839,2026-09-27T02:11:47.552+00:00
1175,0.13685,2026-09-27T02:11:52.558+00:00
1176,0.13801,2026-09-27T02:11:52.558+00:00
1177,0.13731,2026-09-27T02:11:52.558+00:00
1178,0.13618,2026-09-27T02:11:57.565+00:00
1179,0.13811,2026-09-27T02:11:57.565+00:00
1180,0.14277,2026-09-27T02:11:57.565+00:00
1181,0.13876,2026-09-27T02:12:02.573+00:00
1182,0.13801,2026-09-27T02:12:02.573+00:00
1183,0.13758,2026-09-27T02:12:02.573+00:00
1184,0.13782,2026-09-27T02:12:02.573+00:00
1185,0.13802,2026-09-27T02:12:07.579+00:00
1186,0.13615,2026-09-27T02:12:07.579+00:00
1187,0.13804,2026-09-27T02:12:07.579+00:00
1188,0.13645,2026-09-27T02:12:12.585+00:00
1189,0.13835,2026-09-27T02:12:12.585+00:00
1190,0.13717,2026-09-27T02:12:12.585+00:00
1191,0.13806,2026-09-27T02:12:17.591+00:00
1192,0.13617,2026-09-27T02:12:17.591+00:00
1193,0.13836,2026-09-27T02:12:17.592+00:00
1194,0.13806,2026-09-27T02:12:17.592+00:00
1195,0.13653,2026-09-27T02:12:22.597+00:00
1196,0.13685,2026-09-27T02:12:22.597+00:00
1197,0.13980,2026-09-27T02:12:22.597+00:00
1198,0.13717,2026-09-27T02:12:27.604+00:00
1199,0.13667,2026-09-27T02:12:27.604+00:00
1200,0.13788,2026-09-27T02:12:27.604+00:00
1201,0.13754,2026-09-27T02:12:27.604+00:00
1202,0.13921,2026-09-27T02:12:32.613+00:00
1203,0.13780,2026-09-27T02:12:32.614+00:00
1204,0.13853,2026-09-27T02:12:32.614+00:00
1205,0.13741,2026-09-27T02:12:37.620+00:00
1206,0.13845,2026-09-27T02:12:37.620+00:00
1207,0.13750,2026-09-27T02:12:37.620+00:00
1208,0.13957,2026-09-27T02:12:42.625+00:00
1209,0.13723,2026-09-27T02:12:42.626+00:00
1210,0.13734,2026-09-27T02:12:42.626+00:00
1211,0.13787,2026-09-27T02:12:47.631+00:00
1212,0.13701,2026-09-27T02:12:47.632+00:00
1213,0.13736,2026-09-27T02:12:47.632+00:00
1214,0.13614,2026-09-27T02:12:47.632+00:00
1215,0.13716,2026-09-27T02:12:52.637+00:00
1216,0.13703,2026-09-27T02:12:52.638+00:00
1217,0.13805,2026-09-27T02:12:52.638+00:00
1218,0.13814,2026-09-27T02:12:57.644+00:00
1219,0.13795,2026-09-27T02:12:57.645+00:00
1220,0.13735,2026-09-27T02:12:57.645+00:00
1221,0.13742,2026-09-27T02:12:57.645+00:00
1222,0.13784,2026-09-27T02:13:02.654+00:00
1223,0.13912,2026-09-27T02:13:02.654+00:00
1224,0.13777,2026-09-27T02:13:02.654+00:00
1225,0.13600,2026-09-27T02:13:07.660+00:00
1226,0.13833,2026-09-27T02:13:07.660+00:00
1227,0.13878,2026-09-27T02:13:07.660+00:00
1228,0.13795,2026-09-27T02:13:07.660+00:00
1229,0.13786,2026-09-27T02:13:12.666+00:00
1230,0.13917,2026-09-27T02:13:12.666+00:00
1231,0.13649,2026-09-27T02:13:12.666+00:00
1232,0.13783,2026-09-27T02:13:17.671+00:00
1233,0.13906,2026-09-27T02:13:17.672+00:00
1234,0.13535,2026-09-27T02:13:17.672+00:00
1235,0.13676,2026-09-27T02:13:22.677+00:00
1236,0.13582,2026-09-27T02:13:22.677+00:00
1237,0.13772,2026-09-27T02:13:22.677+00:00
1238,0.13820,2026-09-27T02:13:22.677+00:00
1239,0.13820,2026-09-27T02:13:27.683+00:00
1240,0.13800,2026-09-27T02:13:27.683+00:00
1241,0.13786,2026-09-27T02:13:27.683+00:00
1242,0.13889,2026-09-27T02:13:32.691+00:00
1243,0.13686,2026-09-27T02:13:32.692+00:00
1244,0.13839,2026-09-27T02:13:32.692+00:00
1245,0.13707,2026-09-27T02:13:37.697+00:00
1246,0.13574,2026-09-27T02:13:37.697+00:00
1247,0.13692,2026-09-27T02:13:37.697+00:00
1248,0.13939,2026-09-27T02:13:37.697+00:00
1249,0.13719,2026-09-27T02:13:42.702+00:00
1250,0.13681,2026-09-27T02:13:42.702+00:00
1251,0.13743,2026-09-27T02:13:42.702+00:00
1252,0.13670,2026-09-27T02:13:47.708+00:00
1253,0.13622,2026-09-27T02:13:47.708+00:00
1254,0.13712,2026-09-27T02:13:47.708+00:00
1255,0.13781,2026-09-27T02:13:47.708+00:00
1256,0.13737,2026-09-27T02:13:52.714+00:00
1257,0.13703,2026-09-27T02:13:52.714+00:00
1258,0.13695,2026-09-27T02:13:52.714+00:00
1259,0.13637,2026-09-27T02:13:57.720+00:00
1260,0.13579,2026-09-27T02:13:57.720+00:00
1261,0.13737,2026-09-27T02:13:57.720+00:00
1262,0.13614,2026-09-27T02:13:57.720+00:00
1263,0.13914,2026-09-27T02:14:02.730+00:00
1264,0.13865,2026-09-27T02:14:02.730+00:00
1265,0.13678,2026-09-27T02:14:02.730+00:00
1266,0.13617,2026-09-27T02:14:07.736+00:00
1267,0.13744,2026-09-27T02:14:07.736+00:00
1268,0.13700,2026-09-27T02:14:07.736+00:00
1269,0.13631,2026-09-27T02:14:12.742+00:00
1270,0.13680,2026-09-27T02:14:12.742+00:00
1271,0.13671,2026-09-27T02:14:12.742+00:00
1272,0.13780,2026-09-27T02:14:12.742+00:00
1273,0.13716,2026-09-27T02:14:17.748+00:00
1274,0.13742,2026-09-27T02:14:17.748+00:00
1275,0.13860,2026-09-27T02:14:17.748+00:00
1276,0.13594,2026-09-27T02:14:22.754+00:00
1277,0.13822,2026-09-27T02:14:22.754+00:00
1278,0.13694,2026-09-27T02:14:22.754+00:00
1279,0.13831,2026-09-27T02:14:22.754+00:00
1280,0.13739,2026-09-27T02:14:27.760+00:00
1281,0.13780,2026-09-27T02:14:27.760+00:00
1282,0.13709,2026-09-27T02:14:27.761+00:00
1283,0.13693,2026-09-27T02:14:32.769+00:00
1284,0.13884,2026-09-27T02:14:32.769+00:00
1285,0.13806,2026-09-27T02:14:32.769+00:00
1286,0.13772,2026-09-27T02:14:37.775+00:00
1287,0.13818,2026-09-27T02:14:37.775+00:00
1288,0.13839,2026-09-27T02:14:37.775+00:00
1289,0.13656,2026-09-27T02:14:37.775+00:00
1290,0.13878,2026-09-27T02:14:42.781+00:00
1291,0.13619,2026-09-27T02:14:42.781+00:00
1292,0.13806,2026-09-27T02:14:42.781+00:00
1293,0.13619,2026-09-27T02:14:47.787+00:00
1294,0.13782,2026-09-27T02:14:47.787+00:00
1295,0.13847,2026-09-27T02:14:47.787+00:00
1296,0.13669,2026-09-27T02:14:47.787+00:00
1297,0.13852,2026-09-27T02:14:52.792+00:00
1298,0.13784,2026-09-27T02:14:52.792+00:00
1299,0.13544,2026-09-27T02:14:52.793+00:00
1300,0.13550,2026-09-27T02:14:57.799+00:00
1301,0.13769,2026-09-27T02:14:57.799+00:00
1302,0.13579,2026-09-27T02:14:57.800+00:00
1303,0.13738,2026-09-27T02:14:57.800+00:00
1304,0.13719,2026-09-27T02:15:02.808+00:00
1305,0.13748,2026-09-27T02:15:02.808+00:00
1306,0.13661,2026-09-27T02:15:02.808+00:00
1307,0.13583,2026-09-27T02:15:07.813+00:00
1308,0.13683,2026-09-27T02:15:07.814+00:00
1309,0.13886,2026-09-27T02:15:07.814+00:00
1310,0.13719,2026-09-27T02:15:07.814+00:00
1311,0.13826,2026-09-27T02:15:12.818+00:00
1312,0.13773,2026-09-27T02:15:12.818+00:00
1313,0.13795,2026-09-27T02:15:12.818+00:00
1314,0.13746,2026-09-27T02:15:17.824+00:00
1315,0.13760,2026-09-27T02:15:17.824+00:00
1316,0.13661,2026-09-27T02:15:17.824+00:00
1317,0.13676,2026-09-27T02:15:22.830+00:00
1318,0.13616,2026-09-27T02:15:22.830+00:00
1319,0.13844,2026-09-27T02:15:22.830+00:00
1320,0.13579,2026-09-27T02:15:22.830+00:00
1321,0.13452,2026-09-27T02:15:27.836+00:00
1322,0.13659,2026-09-27T02:15:27.836+00:00
1323,0.14056,2026-09-27T02:15:27.836+00:00
1324,0.13956,2026-09-27T02:15:32.844+00:00
1325,0.13686,2026-09-27T02:15:32.844+00:00
1326,0.13608,2026-09-27T02:15:32.844+00:00
1327,0.13650,2026-09-27T02:15:32.844+00:00
1328,0.13802,2026-09-27T02:15:37.850+00:00
1329,0.13560,2026-09-27T02:15:37.850+00:00
1330,0.13533,2026-09-27T02:15:37.850+00:00
1331,0.13588,2026-09-27T02:15:42.856+00:00
1332,0.13902,2026-09-27T02:15:42.856+00:00
1333,0.13702,2026-09-27T02:15:42.856+00:00
1334,0.13986,2026-09-27T02:15:42.857+00:00
1335,0.13839,2026-09-27T02:15:47.863+00:00
1336,0.13664,2026-09-27T02:15:47.863+00:00
1337,0.13762,2026-09-27T02:15:47.863+00:00
1338,0.13706,2026-09-27T02:15:52.869+00:00
1339,0.13779,2026-09-27T02:15:52.869+00:00
1340,0.13709,2026-09-27T02:15:52.869+00:00
1341,0.13662,2026-09-27T02:15:57.876+00:00
1342,0.13515,2026-09-27T02:15:57.876+00:00
1343,0.13724,2026-09-27T02:15:57.876+00:00
1344,0.13665,2026-09-27T02:15:57.876+00:00
1345,0.13603,2026-09-27T02:16:02.884+00:00
1346,0.13792,2026-09-27T02:16:02.884+00:00
1347,0.13723,2026-09-27T02:16:02.884+00:00
1348,0.13655,2026-09-27T02:16:02.885+00:00
1349,0.13867,2026-09-27T02:16:07.890+00:00
1350,0.13601,2026-09-27T02:16:07.890+00:00
1351,0.13715,2026-09-27T02:16:07.890+00:00
1352,0.13796,2026-09-27T02:16:12.896+00:00
1353,0.13607,2026-09-27T02:16:12.897+00:00
1354,0.13774,2026-09-27T02:16:12.897+00:00
1355,0.13538,2026-09-27T02:16:17.903+00:00
1356,0.13611,2026-09-27T02:16:17.903+00:00
1357,0.13585,2026-09-27T02:16:17.903+00:00
1358,0.13876,2026-09-27T02:16:17.903+00:00
1359,0.13587,2026-09-27T02:16:22.909+00:00
1360,0.13719,2026-09-27T02:16:22.909+00:00
1361,0.13676,2026-09-27T02:16:22.910+00:00
1362,0.13686,2026-09-27T02:16:27.916+00:00
1363,0.13663,2026-09-27T02:16:27.916+00:00
1364,0.13732,2026-09-27T02:16:27.916+00:00
1365,0.13623,2026-09-27T02:16:27.916+00:00
1366,0.13565,2026-09-27T02:16:32.924+00:00
1367,0.13559,2026-09-27T02:16:32.924+00:00
1368,0.13534,2026-09-27T02:16:32.924+00:00
1369,0.13901,2026-09-27T02:16:37.930+00:00
1370,0.13761,2026-09-27T02:16:37.931+00:00
1371,0.13698,2026-09-27T02:16:37.931+00:00
1372,0.13844,2026-09-27T02:16:37.931+00:00
1373,0.13772,2026-09-27T02:16:42.937+00:00
1374,0.13748,2026-09-27T02:16:42.937+00:00
1375,0.13777,2026-09-27T02:16:42.937+00:00
1376,0.13788,2026-09-27T02:16:47.943+00:00
1377,0.13687,2026-09-27T02:16:47.944+00:00
1378,0.13781,2026-09-27T02:16:47.944+00:00
1379,0.13818,2026-09-27T02:16:52.950+00:00
1380,0.13700,2026-09-27T02:16:52.950+00:00
1381,0.13712,2026-09-27T02:16:52.950+00:00
1382,0.13655,2026-09-27T02:16:52.950+00:00
1383,0.13771,2026-09-27T02:16:57.956+00:00
1384,0.13717,2026-09-27T02:16:57.957+00:00
1385,0.13603,2026-09-27T02:16:57.957+00:00
1386,0.13625,2026-09-27T02:17:02.965+00:00
1387,0.13807,2026-09-27T02:17:02.965+00:00
1388,0.13705,2026-09-27T02:17:02.965+00:00
1389,0.13471,2026-09-27T02:17:02.966+00:00
1390,0.13659,2026-09-27T02:17:07.972+00:00
1391,0.13714,2026-09-27T02:17:07.972+00:00
1392,0.13568,2026-09-27T02:17:07.972+00:00
1393,0.13448,2026-09-27T02:17:12.978+00:00
1394,0.13544,2026-09-27T02:17:12.978+00:00
1395,0.13748,2026-09-27T02:17:12.978+00:00
1396,0.13462,2026-09-27T02:17:12.978+00:00
1397,0.13684,2026-09-27T02:17:17.984+00:00
1398,0.13571,2026-09-27T02:17:17.984+00:00
1399,0.13798,2026-09-27T02:17:17.984+00:00
1400,0.13590,2026-09-27T02:17:22.989+00:00
1401,0.13741,2026-09-27T02:17:22.989+00:00
1402,0.13940,2026-09-27T02:17:22.989+00:00
1403,0.13730,2026-09-27T02:17:27.995+00:00
1404,0.13669,2026-09-27T02:17:27.995+00:00
1405,0.13582,2026-09-27T02:17:27.995+00:00
1406,0.13914,2026-09-27T02:17:27.995+00:00
1407,0.13588,2026-09-27T02:17:33.004+00:00
1408,0.13668,2026-09-27T02:17:33.004+00:00
1409,0.13928,2026-09-27T02:17:33.004+00:00
1410,0.13873,2026-09-27T02:17:38.010+00:00
1411,0.13665,2026-09-27T02:17:38.010+00:00
1412,0.13579,2026-09-27T02:17:38.010+00:00
1413,0.13732,2026-09-27T02:17:38.010+00:00
1414,0.13548,2026-09-27T02:17:43.017+00:00
1415,0.13568,2026-09-27T02:17:43.017+00:00
1416,0.13457,2026-09-27T02:17:43.017+00:00
1417,0.13746,2026-09-27T02:17:48.023+00:00
1418,0.13644,2026-09-27T02:17:48.023+00:00
1419,0.13732,2026-09-27T02:17:48.023+00:00
1420,0.13585,2026-09-27T02:17:53.029+00:00
1421,0.13693,2026-09-27T02:17:53.029+00:00
1422,0.13594,2026-09-27T02:17:53.029+00:00
1423,0.13595,2026-09-27T02:17:53.029+00:00
1424,0.13567,2026-09-27T02:17:58.036+00:00
1425,0.13653,2026-09-27T02:17:58.036+00:00
1426,0.13517,2026-09-27T02:17:58.036+00:00
1427,0.13598,2026-09-27T02:18:03.044+00:00
1428,0.13556,2026-09-27T02:18:03.044+00:00
1429,0.13658,2026-09-27T02:18:03.045+00:00
1430,0.13595,2026-09-27T02:18:03.045+00:00
1431,0.13649,2026-09-27T02:18:08.051+00:00
1432,0.13765,2026-09-27T02:18:08.051+00:00
1433,0.13649,2026-09-27T02:18:08.051+00:00
1434,0.13711,2026-09-27T02:18:13.058+00:00
1435,0.13666,2026-09-27T02:18:13.058+00:00
1436,0.13498,2026-09-27T02:18:13.058+00:00
1437,0.13662,2026-09-27T02:18:13.058+00:00
1438,0.13604,2026-09-27T02:18:18.064+00:00
1439,0.13914,2026-09-27T02:18:18.064+00:00
1440,0.13663,2026-09-27T02:18:18.064+00:00
1441,0.13805,2026-09-27T02:18:23.070+00:00
1442,0.13620,2026-09-27T02:18:23.070+00:00
1443,0.13546,2026-09-27T02:18:23.070+00:00
1444,0.13726,2026-09-27T02:18:23.070+00:00
1445,0.13691,2026-09-27T02:18:28.077+00:00
1446,0.13563,2026-09-27T02:18:28.077+00:00
1447,0.13750,2026-09-27T02:18:28.077+00:00
1448,0.13506,2026-09-27T02:18:33.086+00:00
1449,0.13811,2026-09-27T02:18:33.086+00:00
1450,0.13784,2026-09-27T02:18:33.086+00:00
1451,0.13606,2026-09-27T02:18:38.093+00:00
1452,0.13854,2026-09-27T02:18:38.093+00:00
1453,0.13858,2026-09-27T02:18:38.093+00:00
1454,0.13542,2026-09-27T02:18:38.093+00:00
1455,0.13892,2026-09-27T02:18:43.100+00:00
1456,0.13582,2026-09-27T02:18:43.100+00:00
1457,0.13883,2026-09-27T02:18:43.100+00:00
1458,0.13805,2026-09-27T02:18:48.106+00:00
1459,0.13693,2026-09-27T02:18:48.106+00:00
1460,0.13641,2026-09-27T02:18:48.106+00:00
1461,0.13521,2026-09-27T02:18:48.106+00:00
1462,0.13634,2026-09-27T02:18:53.111+00:00
1463,0.13562,2026-09-27T02:18:53.112+00:00
1464,0.13730,2026-09-27T02:18:53.112+00:00
1465,0.13877,2026-09-27T02:18:58.118+00:00
1466,0.13571,2026-09-27T02:18:58.118+00:00
1467,0.13494,2026-09-27T02:18:58.118+00:00
1468,0.13736,2026-09-27T02:18:58.118+00:00
1469,0.13653,2026-09-27T02:19:03.126+00:00
1470,0.13716,2026-09-27T02:19:03.126+00:00
1471,0.13527,2026-09-27T02:19:03.126+00:00
1472,0.13730,2026-09-27T02:19:08.132+00:00
1473,0.13616,2026-09-27T02:19:08.132+00:00
1474,0.13864,2026-09-27T02:19:08.132+00:00
1475,0.13426,2026-09-27T02:19:13.137+00:00
1476,0.14096,2026-09-27T02:19:13.138+00:00
1477,0.14461,2026-09-27T02:19:13.138+00:00
1478,0.13629,2026-09-27T02:19:13.138+00:00
1479,0.13696,2026-09-27T02:19:18.143+00:00
1480,0.13613,2026-09-27T02:19:18.144+00:00
1481,0.13831,2026-09-27T02:19:18.144+00:00
1482,0.13647,2026-09-27T02:19:18.144+00:00
1483,0.13832,2026-09-27T02:19:23.149+00:00
1484,0.13554,2026-09-27T02:19:23.149+00:00
1485,0.13923,2026-09-27T02:19:23.149+00:00
1486,0.13679,2026-09-27T02:19:28.155+00:00
1487,0.13733,2026-09-27T02:19:28.155+00:00
1488,0.13678,2026-09-27T02:19:28.155+00:00
1489,0.13531,2026-09-27T02:19:33.163+00:00
1490,0.13527,2026-09-27T02:19:33.163+00:00
1491,0.13595,2026-09-27T02:19:33.164+00:00
1492,0.13767,2026-09-27T02:19:38.169+00:00
1493,0.13807,2026-09-27T02:19:38.169+00:00
1494,0.13845,2026-09-27T02:19:38.169+00:00
1495,0.13804,2026-09-27T02:19:38.169+00:00
1496,0.13483,2026-09-27T02:19:43.175+00:00
1497,0.13699,2026-09-27T02:19:43.175+00:00
1498,0.14107,2026-09-27T02:19:43.175+00:00
1499,0.13533,2026-09-27T02:19:48.180+00:00
1500,0.13539,2026-09-27T02:19:48.180+00:00
1501,0.13593,2026-09-27T02:19:48.181+00:00
1502,0.13726,2026-09-27T02:19:48.181+00:00
1503,0.13673,2026-09-27T02:19:53.186+00:00
1504,0.13555,2026-09-27T02:19:53.186+00:00
1505,0.13636,2026-09-27T02:19:53.186+00:00
1506,0.13474,2026-09-27T02:19:58.193+00:00
1507,0.13621,2026-09-27T02:19:58.193+00:00
1508,0.13582,2026-09-27T02:19:58.193+00:00
1509,0.13589,2026-09-27T02:19:58.193+00:00
1510,0.13781,2026-09-27T02:20:03.201+00:00
1511,0.13800,2026-09-27T02:20:03.202+00:00
1512,0.13779,2026-09-27T02:20:03.202+00:00
1513,0.13652,2026-09-27T02:20:08.207+00:00
1514,0.13773,2026-09-27T02:20:08.207+00:00
1515,0.13350,2026-09-27T02:20:08.207+00:00
1516,0.13675,2026-09-27T02:20:13.212+00:00
1517,0.13773,2026-09-27T02:20:13.213+00:00
1518,0.13482,2026-09-27T02:20:13.213+00:00
1519,0.13594,2026-09-27T02:20:13.213+00:00
1520,0.13526,2026-09-27T02:20:18.218+00:00
1521,0.13521,2026-09-27T02:20:18.218+00:00
1522,0.13694,2026-09-27T02:20:18.219+00:00
1523,0.13531,2026-09-27T02:20:18.219+00:00
1524,0.13628,2026-09-27T02:20:23.224+00:00
1525,0.13805,2026-09-27T02:20:23.224+00:00
1526,0.13926,2026-09-27T02:20:23.224+00:00
1527,0.13673,2026-09-27T02:20:28.230+00:00
1528,0.13609,2026-09-27T02:20:28.230+00:00
1529,0.13576,2026-09-27T02:20:28.230+00:00
1530,0.13703,2026-09-27T02:20:33.238+00:00
1531,0.13822,2026-09-27T02:20:33.238+00:00
1532,0.13444,2026-09-27T02:20:33.238+00:00
1533,0.13492,2026-09-27T02:20:33.238+00:00
1534,0.13744,2026-09-27T02:20:38.244+00:00
1535,0.13581,2026-09-27T02:20:38.244+00:00
1536,0.13639,2026-09-27T02:20:38.244+00:00
1537,0.13608,2026-09-27T02:20:43.250+00:00
1538,0.13695,2026-09-27T02:20:43.250+00:00
1539,0.13579,2026-09-27T02:20:43.250+00:00
1540,0.13747,2026-09-27T02:20:48.256+00:00
1541,0.13740,2026-09-27T02:20:48.256+00:00
1542,0.13720,2026-09-27T02:20:48.256+00:00
1543,0.13479,2026-09-27T02:20:48.256+00:00
1544,0.13633,2026-09-27T02:20:53.262+00:00
1545,0.13649,2026-09-27T02:20:53.262+00:00
1546,0.13901,2026-09-27T02:20:53.262+00:00
1547,0.13717,2026-09-27T02:20:58.269+00:00
1548,0.13562,2026-09-27T02:20:58.269+00:00
1549,0.13396,2026-09-27T02:20:58.269+00:00
1550,0.13687,2026-09-27T02:20:58.269+00:00
1551,0.13549,2026-09-27T02:21:03.279+00:00
1552,0.13599,2026-09-27T02:21:03.279+00:00
1553,0.13760,2026-09-27T02:21:03.279+00:00
1554,0.13697,2026-09-27T02:21:08.285+00:00
1555,0.13654,2026-09-27T02:21:08.285+00:00
1556,0.13539,2026-09-27T02:21:08.285+00:00
1557,0.13757,2026-09-27T02:21:08.286+00:00
1558,0.13628,2026-09-27T02:21:13.292+00:00
1559,0.13505,2026-09-27T02:21:13.292+00:00
1560,0.13697,2026-09-27T02:21:13.292+00:00
1561,0.13777,2026-09-27T02:21:18.299+00:00
1562,0.13817,2026-09-27T02:21:18.299+00:00
1563,0.13552,2026-09-27T02:21:18.299+00:00
1564,0.13593,2026-09-27T02:21:23.305+00:00
1565,0.13901,2026-09-27T02:21:23.305+00:00
1566,0.13749,2026-09-27T02:21:23.305+00:00
1567,0.13577,2026-09-27T02:21:23.306+00:00
1568,0.13792,2026-09-27T02:21:28.312+00:00
1569,0.13679,2026-09-27T02:21:28.312+00:00
1570,0.13650,2026-09-27T02:21:28.312+00:00
1571,0.13800,2026-09-27T02:21:33.321+00:00
1572,0.13764,2026-09-27T02:21:33.322+00:00
1573,0.13562,2026-09-27T02:21:33.322+00:00
1574,0.13865,2026-09-27T02:21:38.328+00:00
1575,0.13570,2026-09-27T02:21:38.329+00:00
1576,0.13705,2026-09-27T02:21:38.329+00:00
1577,0.13657,2026-09-27T02:21:38.329+00:00
1578,0.13306,2026-09-27T02:21:43.336+00:00
1579,0.13436,2026-09-27T02:21:43.336+00:00
1580,0.13659,2026-09-27T02:21:43.336+00:00
1581,0.13622,2026-09-27T02:21:48.343+00:00
1582,0.13800,2026-09-27T02:21:48.343+00:00
1583,0.13795,2026-09-27T02:21:48.343+00:00
1584,0.13987,2026-09-27T02:21:48.343+00:00
1585,0.13631,2026-09-27T02:21:53.350+00:00
1586,0.13683,2026-09-27T02:21:53.350+00:00
1587,0.13694,2026-09-27T02:21:53.350+00:00
1588,0.13738,2026-09-27T02:21:58.358+00:00
1589,0.13781,2026-09-27T02:21:58.358+00:00
1590,0.13559,2026-09-27T02:21:58.358+00:00
1591,0.13465,2026-09-27T02:22:03.367+00:00
1592,0.13510,2026-09-27T02:22:03.367+00:00
1593,0.13751,2026-09-27T02:22:03.367+00:00
1594,0.13628,2026-09-27T02:22:03.367+00:00
1595,0.13419,2026-09-27T02:22:08.373+00:00
1596,0.13772,2026-09-27T02:22:08.373+00:00
1597,0.14012,2026-09-27T02:22:08.373+00:00
1598,0.13922,2026-09-27T02:22:13.380+00:00
1599,0.13555,2026-09-27T02:22:13.380+00:00
1600,0.13633,2026-09-27T02:22:13.380+00:00
1601,0.13769,2026-09-27T02:22:13.380+00:00
1602,0.13777,2026-09-27T02:22:18.386+00:00
1603,0.13615,2026-09-27T02:22:18.386+00:00
1604,0.13743,2026-09-27T02:22:18.386+00:00
1605,0.13602,2026-09-27T02:22:23.393+00:00
1606,0.13732,2026-09-27T02:22:23.393+00:00
1607,0.13829,2026-09-27T02:22:23.393+00:00
1608,0.13552,2026-09-27T02:22:23.393+00:00
1609,0.13695,2026-09-27T02:22:28.400+00:00
1610,0.13433,2026-09-27T02:22:28.400+00:00
1611,0.13787,2026-09-27T02:22:28.400+00:00
1612,0.13887,2026-09-27T02:22:33.409+00:00
1613,0.13374,2026-09-27T02:22:33.409+00:00
1614,0.13548,2026-09-27T02:22:33.409+00:00
1615,0.13529,2026-09-27T02:22:38.415+00:00
1616,0.13605,2026-09-27T02:22:38.415+00:00
1617,0.13510,2026-09-27T02:22:38.415+00:00
1618,0.13419,2026-09-27T02:22:38.415+00:00
1619,0.14050,2026-09-27T02:22:43.422+00:00
1620,0.13600,2026-09-27T02:22:43.422+00:00
1621,0.13767,2026-09-27T02:22:43.422+00:00
1622,0.13571,2026-09-27T02:22:48.429+00:00
1623,0.13655,2026-09-27T02:22:48.429+00:00
1624,0.13672,2026-09-27T02:22:48.429+00:00
1625,0.13479,2026-09-27T02:22:48.429+00:00
1626,0.13716,2026-09-27T02:22:53.436+00:00
1627,0.14121,2026-09-27T02:22:53.436+00:00
1628,0.13746,2026-09-27T02:22:53.436+00:00
1629,0.13578,2026-09-27T02:22:58.444+00:00
1630,0.13490,2026-09-27T02:22:58.444+00:00
1631,0.13423,2026-09-27T02:22:58.444+00:00
1632,0.13683,2026-09-27T02:23:03.453+00:00
1633,0.13656,2026-09-27T02:23:03.453+00:00
1634,0.13597,2026-09-27T02:23:03.454+00:00
1635,0.13539,2026-09-27T02:23:08.460+00:00
1636,0.13669,2026-09-27T02:23:08.460+00:00
1637,0.13897,2026-09-27T02:23:08.460+00:00
1638,0.13605,2026-09-27T02:23:08.460+00:00
1639,0.13688,2026-09-27T02:23:13.467+00:00
1640,0.13598,2026-09-27T02:23:13.467+00:00
1641,0.13507,2026-09-27T02:23:13.467+00:00
1642,0.13811,2026-09-27T02:23:18.474+00:00
1643,0.13652,2026-09-27T02:23:18.474+00:00
1644,0.13559,2026-09-27T02:23:18.474+00:00
1645,0.13518,2026-09-27T02:23:18.474+00:00
1646,0.13623,2026-09-27T02:23:23.481+00:00
1647,0.13588,2026-09-27T02:23:23.481+00:00
1648,0.13359,2026-09-27T02:23:23.481+00:00
1649,0.13752,2026-09-27T02:23:28.488+00:00
1650,0.14323,2026-09-27T02:23:28.488+00:00
1651,0.13554,2026-09-27T02:23:28.488+00:00
1652,0.13559,2026-09-27T02:23:33.498+00:00
1653,0.13564,2026-09-27T02:23:33.498+00:00
1654,0.13551,2026-09-27T02:23:33.498+00:00
1655,0.13753,2026-09-27T02:23:33.498+00:00
1656,0.13758,2026-09-27T02:23:38.505+00:00
1657,0.13676,2026-09-27T02:23:38.505+00:00
1658,0.13504,2026-09-27T02:23:38.505+00:00
1659,0.13735,2026-09-27T02:23:43.511+00:00
1660,0.13488,2026-09-27T02:23:43.511+00:00
1661,0.13600,2026-09-27T02:23:43.511+00:00
1662,0.13825,2026-09-27T02:23:43.511+00:00
1663,0.13698,2026-09-27T02:23:48.518+00:00
1664,0.13445,2026-09-27T02:23:48.518+00:00
1665,0.13630,2026-09-27T02:23:48.518+00:00
1666,0.13489,2026-09-27T02:23:53.525+00:00
1667,0.13440,2026-09-27T02:23:53.525+00:00
1668,0.13585,2026-09-27T02:23:53.525+00:00
1669,0.13498,2026-09-27T02:23:53.525+00:00
1670,0.13876,2026-09-27T02:23:58.533+00:00
1671,0.13523,2026-09-27T02:23:58.533+00:00
1672,0.13508,2026-09-27T02:23:58.533+00:00
1673,0.13762,2026-09-27T02:24:03.541+00:00
1674,0.13483,2026-09-27T02:24:03.541+00:00
1675,0.13712,2026-09-27T02:24:03.542+00:00
1676,0.13619,2026-09-27T02:24:08.548+00:00
1677,0.13636,2026-09-27T02:24:08.549+00:00
1678,0.13611,2026-09-27T02:24:08.549+00:00
1679,0.13517,2026-09-27T02:24:08.549+00:00
1680,0.13763,2026-09-27T02:24:13.555+00:00
1681,0.13653,2026-09-27T02:24:13.555+00:00
1682,0.13660,2026-09-27T02:24:13.555+00:00
1683,0.13756,2026-09-27T02:24:18.562+00:00
1684,0.13987,2026-09-27T02:24:18.562+00:00
1685,0.13687,2026-09-27T02:24:18.562+00:00
1686,0.13536,2026-09-27T02:24:23.568+00:00
1687,0.13545,2026-09-27T02:24:23.568+00:00
1688,0.13492,2026-09-27T02:24:23.569+00:00
1689,0.13490,2026-09-27T02:24:23.569+00:00
1690,0.13651,2026-09-27T02:24:28.575+00:00
1691,0.13325,2026-09-27T02:24:28.576+00:00
1692,0.13784,2026-09-27T02:24:28.576+00:00
1693,0.13394,2026-09-27T02:24:33.585+00:00
1694,0.13338,2026-09-27T02:24:33.585+00:00
1695,0.13251,2026-09-27T02:24:33.585+00:00
1696,0.13723,2026-09-27T02:24:33.585+00:00
1697,0.13546,2026-09-27T02:24:38.591+00:00
1698,0.13526,2026-09-27T02:24:38.591+00:00
1699,0.13337,2026-09-27T02:24:38.592+00:00
1700,0.13581,2026-09-27T02:24:43.598+00:00
1701,0.13613,2026-09-27T02:24:43.598+00:00
1702,0.13763,2026-09-27T02:24:43.598+00:00
1703,0.13746,2026-09-27T02:24:48.605+00:00
1704,0.13755,2026-09-27T02:24:48.605+00:00
1705,0.13650,2026-09-27T02:24:48.605+00:00
1706,0.13230,2026-09-27T02:24:48.605+00:00
1707,0.13435,2026-09-27T02:24:53.612+00:00
1708,0.13603,2026-09-27T02:24:53.612+00:00
1709,0.13436,2026-09-27T02:24:53.612+00:00
1710,0.13515,2026-09-27T02:24:58.619+00:00
1711,0.13948,2026-09-27T02:24:58.619+00:00
1712,0.13582,2026-09-27T02:24:58.619+00:00
1713,0.13673,2026-09-27T02:24:58.619+00:00
1714,0.13681,2026-09-27T02:25:03.629+00:00
1715,0.13805,2026-09-27T02:25:03.629+00:00
1716,0.13291,2026-09-27T02:25:03.629+00:00
1717,0.13164,2026-09-27T02:25:08.636+00:00
1718,0.13426,2026-09-27T02:25:08.636+00:00
1719,0.13933,2026-09-27T02:25:08.636+00:00
1720,0.13530,2026-09-27T02:25:13.642+00:00
1721,0.13533,2026-09-27T02:25:13.642+00:00
1722,0.13576,2026-09-27T02:25:13.642+00:00
1723,0.13288,2026-09-27T02:25:13.642+00:00
1724,0.13614,2026-09-27T02:25:18.649+00:00
1725,0.13579,2026-09-27T02:25:18.649+00:00
1726,0.13842,2026-09-27T02:25:18.649+00:00
1727,0.13421,2026-09-27T02:25:23.656+00:00
1728,0.13668,2026-09-27T02:25:23.656+00:00
1729,0.13717,2026-09-27T02:25:23.656+00:00
1730,0.13692,2026-09-27T02:25:23.656+00:00
1731,0.13430,2026-09-27T02:25:28.662+00:00
1732,0.13635,2026-09-27T02:25:28.663+00:00
1733,0.13534,2026-09-27T02:25:28.663+00:00
1734,0.13681,2026-09-27T02:25:33.672+00:00
1735,0.13457,2026-09-27T02:25:33.672+00:00
1736,0.14116,2026-09-27T02:25:33.673+00:00
1737,0.13703,2026-09-27T02:25:33.673+00:00
1738,0.13672,2026-09-27T02:25:38.680+00:00
1739,0.13339,2026-09-27T02:25:38.680+00:00
1740,0.13711,2026-09-27T02:25:38.680+00:00
1741,0.13481,2026-09-27T02:25:43.687+00:00
1742,0.13587,2026-09-27T02:25:43.687+00:00
1743,0.13490,2026-09-27T02:25:43.687+00:00
1744,0.13514,2026-09-27T02:25:43.687+00:00
1745,0.13586,2026-09-27T02:25:48.693+00:00
1746,0.13554,2026-09-27T02:25:48.694+00:00
1747,0.13829,2026-09-27T02:25:48.694+00:00
1748,0.13839,2026-09-27T02:25:53.699+00:00
1749,0.13280,2026-09-27T02:25:53.699+00:00
1750,0.13389,2026-09-27T02:25:53.700+00:00
1751,0.13491,2026-09-27T02:25:58.706+00:00
1752,0.13466,2026-09-27T02:25:58.706+00:00
1753,0.15068,2026-09-27T02:25:58.707+00:00
1754,0.13455,2026-09-27T02:25:58.707+00:00
1755,0.13252,2026-09-27T02:26:03.716+00:00
1756,0.13679,2026-09-27T02:26:03.716+00:00
1757,0.13508,2026-09-27T02:26:03.716+00:00
1758,0.13504,2026-09-27T02:26:08.722+00:00
1759,0.13533,2026-09-27T02:26:08.723+00:00
1760,0.13792,2026-09-27T02:26:08.723+00:00
1761,0.13650,2026-09-27T02:26:08.723+00:00
1762,0.13676,2026-09-27T02:26:13.729+00:00
1763,0.13598,2026-09-27T02:26:13.729+00:00
1764,0.13855,2026-09-27T02:26:13.729+00:00
1765,0.13653,2026-09-27T02:26:18.736+00:00
1766,0.13382,2026-09-27T02:26:18.736+00:00
1767,0.13560,2026-09-27T02:26:18.736+00:00
1768,0.13713,2026-09-27T02:26:23.742+00:00
1769,0.13770,2026-09-27T02:26:23.742+00:00
1770,0.13631,2026-09-27T02:26:23.742+00:00
1771,0.13489,2026-09-27T02:26:23.742+00:00
1772,0.13708,2026-09-27T02:26:28.749+00:00
1773,0.13521,2026-09-27T02:26:28.749+00:00
1774,0.13728,2026-09-27T02:26:28.749+00:00
1775,0.13688,2026-09-27T02:26:33.758+00:00
1776,0.14028,2026-09-27T02:26:33.758+00:00
1777,0.13427,2026-09-27T02:26:33.758+00:00
1778,0.13529,2026-09-27T02:26:33.758+00:00
1779,0.13533,2026-09-27T02:26:38.765+00:00
1780,0.13635,2026-09-27T02:26:38.765+00:00
1781,0.13632,2026-09-27T02:26:38.765+00:00
1782,0.13672,2026-09-27T02:26:43.771+00:00
1783,0.13887,2026-09-27T02:26:43.771+00:00
1784,0.13477,2026-09-27T02:26:43.771+00:00
1785,0.13749,2026-09-27T02:26:48.778+00:00
1786,0.13382,2026-09-27T02:26:48.778+00:00
1787,0.13378,2026-09-27T02:26:48.778+00:00
1788,0.13692,2026-09-27T02:26:48.778+00:00
1789,0.13557,2026-09-27T02:26:53.783+00:00
1790,0.13654,2026-09-27T02:26:53.783+00:00
1791,0.13416,2026-09-27T02:26:53.783+00:00
1792,0.13435,2026-09-27T02:26:58.790+00:00
1793,0.13863,2026-09-27T02:26:58.791+00:00
1794,0.14034,2026-09-27T02:26:58.791+00:00
1795,0.13567,2026-09-27T02:26:58.791+00:00
1796,0.13576,2026-09-27T02:27:03.799+00:00
1797,0.13551,2026-09-27T02:27:03.799+00:00
1798,0.13499,2026-09-27T02:27:03.799+00:00
1799,0.13463,2026-09-27T02:27:08.806+00:00
1800,0.13925,2026-09-27T02:27:08.806+00:00
1801,0.13609,2026-09-27T02:27:08.806+00:00
1802,0.13451,2026-09-27T02:27:13.812+00:00
1803,0.13673,2026-09-27T02:27:13.813+00:00
1804,0.13439,2026-09-27T02:27:13.813+00:00
1805,0.13344,2026-09-27T02:27:13.813+00:00
1806,0.13341,2026-09-27T02:27:18.819+00:00
1807,0.13292,2026-09-27T02:27:18.819+00:00
1808,0.13984,2026-09-27T02:27:18.819+00:00
1809,0.13861,2026-09-27T02:27:23.826+00:00
1810,0.14038,2026-09-27T02:27:23.826+00:00
1811,0.13465,2026-09-27T02:27:23.826+00:00
1812,0.13622,2026-09-27T02:27:23.826+00:00
1813,0.13596,2026-09-27T02:27:28.833+00:00
1814,0.13705,2026-09-27T02:27:28.833+00:00
1815,0.13463,2026-09-27T02:27:28.833+00:00
1816,0.13509,2026-09-27T02:27:33.842+00:00
1817,0.13809,2026-09-27T02:27:33.842+00:00
1818,0.13529,2026-09-27T02:27:33.842+00:00
1819,0.13758,2026-09-27T02:27:38.848+00:00
1820,0.13537,2026-09-27T02:27:38.849+00:00
1821,0.13380,2026-09-27T02:27:38.849+00:00
1822,0.13665,2026-09-27T02:27:38.849+00:00
1823,0.13196,2026-09-27T02:27:43.855+00:00
1824,0.13638,2026-09-27T02:27:43.855+00:00
1825,0.13619,2026-09-27T02:27:43.855+00:00
1826,0.13672,2026-09-27T02:27:48.862+00:00
1827,0.13338,2026-09-27T02:27:48.862+00:00
1828,0.13462,2026-09-27T02:27:48.862+00:00
1829,0.13538,2026-09-27T02:27:53.868+00:00
1830,0.13561,2026-09-27T02:27:53.869+00:00
1831,0.13515,2026-09-27T02:27:53.869+00:00
1832,0.13354,2026-09-27T02:27:53.869+00:00
1833,0.13436,2026-09-27T02:27:58.876+00:00
1834,0.14913,2026-09-27T02:27:58.877+00:00
1835,0.14762,2026-09-27T02:27:58.877+00:00
1836,0.13631,2026-09-27T02:27:58.877+00:00
1837,0.13388,2026-09-27T02:28:03.886+00:00
1838,0.13459,2026-09-27T02:28:03.886+00:00
1839,0.13552,2026-09-27T02:28:03.886+00:00
1840,0.13512,2026-09-27T02:28:08.893+00:00
1841,0.13618,2026-09-27T02:28:08.893+00:00
1842,0.13752,2026-09-27T02:28:08.893+00:00
1843,0.13702,2026-09-27T02:28:13.900+00:00
1844,0.13434,2026-09-27T02:28:13.900+00:00
1845,0.13381,2026-09-27T02:28:13.900+00:00
1846,0.13537,2026-09-27T02:28:13.900+00:00
1847,0.13717,2026-09-27T02:28:18.906+00:00
1848,0.13947,2026-09-27T02:28:18.906+00:00
1849,0.13470,2026-09-27T02:28:18.906+00:00
1850,0.13556,2026-09-27T02:28:23.912+00:00
1851,0.13632,2026-09-27T02:28:23.912+00:00
1852,0.13756,2026-09-27T02:28:23.912+00:00
1853,0.13396,2026-09-27T02:28:28.918+00:00
1854,0.13745,2026-09-27T02:28:28.918+00:00
1855,0.13693,2026-09-27T02:28:28.918+00:00
1856,0.13660,2026-09-27T02:28:33.927+00:00
1857,0.13538,2026-09-27T02:28:33.927+00:00
1858,0.13761,2026-09-27T02:28:33.927+00:00
1859,0.13724,2026-09-27T02:28:33.927+00:00
1860,0.14045,2026-09-27T02:28:38.933+00:00
1861,0.13489,2026-09-27T02:28:38.933+00:00
1862,0.13761,2026-09-27T02:28:38.933+00:00
1863,0.13625,2026-09-27T02:28:43.940+00:00
1864,0.13812,2026-09-27T02:28:43.940+00:00
1865,0.13758,2026-09-27T02:28:43.940+00:00
1866,0.13327,2026-09-27T02:28:48.946+00:00
1867,0.13321,2026-09-27T02:28:48.946+00:00
1868,0.13741,2026-09-27T02:28:48.946+00:00
1869,0.13594,2026-09-27T02:28:48.946+00:00
1870,0.13942,2026-09-27T02:28:53.952+00:00
1871,0.13705,2026-09-27T02:28:53.952+00:00
1872,0.13668,2026-09-27T02:28:53.953+00:00
1873,0.13816,2026-09-27T02:28:58.959+00:00
1874,0.13463,2026-09-27T02:28:58.959+00:00
1875,0.13452,2026-09-27T02:28:58.960+00:00
1876,0.13932,2026-09-27T02:29:03.967+00:00
1877,0.13579,2026-09-27T02:29:03.968+00:00
1878,0.13660,2026-09-27T02:29:03.968+00:00
1879,0.13647,2026-09-27T02:29:03.968+00:00
1880,0.13661,2026-09-27T02:29:08.974+00:00
1881,0.13721,2026-09-27T02:29:08.974+00:00
1882,0.13431,2026-09-27T02:29:08.974+00:00
1883,0.13473,2026-09-27T02:29:13.980+00:00
1884,0.13792,2026-09-27T02:29:13.980+00:00
1885,0.13599,2026-09-27T02:29:13.980+00:00
1886,0.14022,2026-09-27T02:29:18.987+00:00
1887,0.13441,2026-09-27T02:29:18.987+00:00
1888,0.13458,2026-09-27T02:29:18.987+00:00
1889,0.13705,2026-09-27T02:29:18.987+00:00
1890,0.14016,2026-09-27T02:29:23.993+00:00
1891,0.13498,2026-09-27T02:29:23.993+00:00
1892,0.14093,2026-09-27T02:29:23.993+00:00
1893,0.13332,2026-09-27T02:29:28.999+00:00
1894,0.13609,2026-09-27T02:29:28.999+00:00
1895,0.13747,2026-09-27T02:29:28.999+00:00
1896,0.13529,2026-09-27T02:29:34.008+00:00
1897,0.14040,2026-09-27T02:29:34.008+00:00
1898,0.13978,2026-09-27T02:29:34.008+00:00
1899,0.14155,2026-09-27T02:29:34.008+00:00
1900,0.13659,2026-09-27T02:29:39.014+00:00
1901,0.13701,2026-09-27T02:29:39.014+00:00
1902,0.13605,2026-09-27T02:29:39.014+00:00
1903,0.13644,2026-09-27T02:29:44.020+00:00
1904,0.13430,2026-09-27T02:29:44.020+00:00
1905,0.13682,2026-09-27T02:29:44.020+00:00
1906,0.13766,2026-09-27T02:29:49.026+00:00
1907,0.13398,2026-09-27T02:29:49.026+00:00
1908,0.13222,2026-09-27T02:29:49.026+00:00
1909,0.13785,2026-09-27T02:29:54.033+00:00
1910,0.13330,2026-09-27T02:29:54.033+00:00
1911,0.13370,2026-09-27T02:29:54.033+00:00
1912,0.13556,2026-09-27T02:29:54.033+00:00
1913,0.13935,2026-09-27T02:29:59.040+00:00
1914,0.13763,2026-09-27T02:29:59.040+00:00
1915,0.13668,2026-09-27T02:29:59.040+00:00
1916,0.13825,2026-09-27T02:30:04.049+00:00
1917,0.13687,2026-09-27T02:30:04.049+00:00
1918,0.13445,2026-09-27T02:30:04.049+00:00
1919,0.13699,2026-09-27T02:30:09.055+00:00
1920,0.13761,2026-09-27T02:30:09.055+00:00
1921,0.13354,2026-09-27T02:30:09.055+00:00
1922,0.13418,2026-09-27T02:30:09.055+00:00
1923,0.13665,2026-09-27T02:30:14.060+00:00
1924,0.13617,2026-09-27T02:30:14.060+00:00
1925,0.13990,2026-09-27T02:30:14.060+00:00
1926,0.13674,2026-09-27T02:30:19.066+00:00
1927,0.13519,2026-09-27T02:30:19.066+00:00
1928,0.13567,2026-09-27T02:30:19.066+00:00
1929,0.13167,2026-09-27T02:30:24.072+00:00
1930,0.13659,2026-09-27T02:30:24.072+00:00
1931,0.13697,2026-09-27T02:30:24.072+00:00
1932,0.13594,2026-09-27T02:30:24.073+00:00
1933,0.13680,2026-09-27T02:30:29.079+00:00
1934,0.13291,2026-09-27T02:30:29.079+00:00
1935,0.14967,2026-09-27T02:30:29.079+00:00
1936,0.14804,2026-09-27T02:30:34.088+00:00
1937,0.13600,2026-09-27T02:30:34.088+00:00
1938,0.13270,2026-09-27T02:30:34.088+00:00
1939,0.13931,2026-09-27T02:30:39.095+00:00
1940,0.13186,2026-09-27T02:30:39.095+00:00
1941,0.13977,2026-09-27T02:30:39.095+00:00
1942,0.13479,2026-09-27T02:30:39.095+00:00
1943,0.13969,2026-09-27T02:30:44.101+00:00
1944,0.13278,2026-09-27T02:30:44.101+00:00
1945,0.13599,2026-09-27T02:30:44.101+00:00
1946,0.13924,2026-09-27T02:30:49.107+00:00
1947,0.13781,2026-09-27T02:30:49.107+00:00
1948,0.13382,2026-09-27T02:30:49.107+00:00
1949,0.13544,2026-09-27T02:30:54.114+00:00
1950,0.13595,2026-09-27T02:30:54.114+00:00
1951,0.13369,2026-09-27T02:30:54.114+00:00
1952,0.13377,2026-09-27T02:30:54.114+00:00
1953,0.13571,2026-09-27T02:30:59.120+00:00
1954,0.13766,2026-09-27T02:30:59.120+00:00
1955,0.13642,2026-09-27T02:30:59.120+00:00
1956,0.13667,2026-09-27T02:31:04.128+00:00
1957,0.13360,2026-09-27T02:31:04.129+00:00
1958,0.13793,2026-09-27T02:31:04.129+00:00
1959,0.13243,2026-09-27T02:31:09.135+00:00
1960,0.13610,2026-09-27T02:31:09.135+00:00
1961,0.13878,2026-09-27T02:31:09.135+00:00
1962,0.13275,2026-09-27T02:31:09.135+00:00
1963,0.13657,2026-09-27T02:31:14.141+00:00
1964,0.14360,2026-09-27T02:31:14.142+00:00
1965,0.15525,2026-09-27T02:31:14.142+00:00
1966,0.13865,2026-09-27T02:31:19.148+00:00
1967,0.13358,2026-09-27T02:31:19.148+00:00
1968,0.13352,2026-09-27T02:31:19.148+00:00
1969,0.13463,2026-09-27T02:31:19.148+00:00
1970,0.13440,2026-09-27T02:31:24.154+00:00
1971,0.13938,2026-09-27T02:31:24.154+00:00
1972,0.13863,2026-09-27T02:31:24.154+00:00
1973,0.13696,2026-09-27T02:31:29.160+00:00
1974,0.13504,2026-09-27T02:31:29.160+00:00
1975,0.13955,2026-09-27T02:31:29.160+00:00
1976,0.13764,2026-09-27T02:31:34.169+00:00
1977,0.13744,2026-09-27T02:31:34.169+00:00
1978,0.13586,2026-09-27T02:31:34.169+00:00
1979,0.13536,2026-09-27T02:31:34.169+00:00
1980,0.13790,2026-09-27T02:31:39.176+00:00
1981,0.13675,2026-09-27T02:31:39.177+00:00
1982,0.13355,2026-09-27T02:31:39.177+00:00
1983,0.13479,2026-09-27T02:31:44.183+00:00
1984,0.13879,2026-09-27T02:31:44.183+00:00
1985,0.13885,2026-09-27T02:31:44.183+00:00
1986,0.13633,2026-09-27T02:31:49.189+00:00
1987,0.13779,2026-09-27T02:31:49.189+00:00
1988,0.14011,2026-09-27T02:31:49.189+00:00
1989,0.13368,2026-09-27T02:31:49.189+00:00
1990,0.13472,2026-09-27T02:31:54.195+00:00
1991,0.13437,2026-09-27T02:31:54.195+00:00
1992,0.13618,2026-09-27T02:31:54.195+00:00
1993,0.13692,2026-09-27T02:31:59.202+00:00
1994,0.13772,2026-09-27T02:31:59.202+00:00
1995,0.14048,2026-09-27T02:31:59.202+00:00
1996,0.13323,2026-09-27T02:32:04.211+00:00
1997,0.13986,2026-09-27T02:32:04.211+00:00
1998,0.13353,2026-09-27T02:32:04.211+00:00
1999,0.13729,2026-09-27T02:32:04.212+00:00
2000,0.13789,2026-09-27T02:32:09.218+00:00
2001,0.13490,2026-09-27T02:32:09.218+00:00
2002,0.13435,2026-09-27T02:32:09.218+00:00
2003,0.13631,2026-09-27T02:32:14.224+00:00
2004,0.13858,2026-09-27T02:32:14.225+00:00
2005,0.13692,2026-09-27T02:32:14.225+00:00
2006,0.13860,2026-09-27T02:32:14.225+00:00
2007,0.13782,2026-09-27T02:32:19.231+00:00
2008,0.13235,2026-09-27T02:32:19.231+00:00
2009,0.13568,2026-09-27T02:32:19.231+00:00
2010,0.13814,2026-09-27T02:32:24.238+00:00
2011,0.13825,2026-09-27T02:32:24.238+00:00
2012,0.14037,2026-09-27T02:32:24.238+00:00
2013,0.13341,2026-09-27T02:32:29.243+00:00
2014,0.13631,2026-09-27T02:32:29.244+00:00
2015,0.13576,2026-09-27T02:32:29.244+00:00
2016,0.13499,2026-09-27T02:32:34.253+00:00
2017,0.13438,2026-09-27T02:32:34.253+00:00
2018,0.13737,2026-09-27T02:32:34.253+00:00
2019,0.13911,2026-09-27T02:32:34.253+00:00
2020,0.13787,2026-09-27T02:32:39.258+00:00
2021,0.13713,2026-09-27T02:32:39.258+00:00
2022,0.13598,2026-09-27T02:32:39.258+00:00
2023,0.13596,2026-09-27T02:32:44.264+00:00
2024,0.13747,2026-09-27T02:32:44.264+00:00
2025,0.13755,2026-09-27T02:32:44.265+00:00
2026,0.13464,2026-09-27T02:32:44.265+00:00
2027,0.13888,2026-09-27T02:32:49.270+00:00
2028,0.13474,2026-09-27T02:32:49.270+00:00
2029,0.13420,2026-09-27T02:32:49.270+00:00
2030,0.14102,2026-09-27T02:32:54.276+00:00
2031,0.13672,2026-09-27T02:32:54.276+00:00
2032,0.13535,2026-09-27T02:32:54.276+00:00
2033,0.13823,2026-09-27T02:32:59.283+00:00
2034,0.13616,2026-09-27T02:32:59.283+00:00
2035,0.13685,2026-09-27T02:32:59.283+00:00
2036,0.13826,2026-09-27T02:33:04.291+00:00
2037,0.13548,2026-09-27T02:33:04.292+00:00
2038,0.13593,2026-09-27T02:33:04.292+00:00
2039,0.13407,2026-09-27T02:33:04.292+00:00
2040,0.13381,2026-09-27T02:33:09.297+00:00
2041,0.13509,2026-09-27T02:33:09.297+00:00
2042,0.13564,2026-09-27T02:33:09.298+00:00
2043,0.13567,2026-09-27T02:33:14.303+00:00
2044,0.13693,2026-09-27T02:33:14.303+00:00
2045,0.13576,2026-09-27T02:33:14.303+00:00
2046,0.13797,2026-09-27T02:33:14.303+00:00
2047,0.13593,2026-09-27T02:33:19.309+00:00
2048,0.13523,2026-09-27T02:33:19.310+00:00
2049,0.14136,2026-09-27T02:33:19.310+00:00
2050,0.13719,2026-09-27T02:33:24.316+00:00
2051,0.13326,2026-09-27T02:33:24.316+00:00
2052,0.13828,2026-09-27T02:33:24.316+00:00
2053,0.13553,2026-09-27T02:33:29.322+00:00
2054,0.13663,2026-09-27T02:33:29.322+00:00
2055,0.13543,2026-09-27T02:33:29.323+00:00
2056,0.14111,2026-09-27T02:33:34.331+00:00
2057,0.13585,2026-09-27T02:33:34.331+00:00
2058,0.13645,2026-09-27T02:33:34.331+00:00
2059,0.13557,2026-09-27T02:33:34.331+00:00
2060,0.13989,2026-09-27T02:33:39.338+00:00
2061,0.13897,2026-09-27T02:33:39.338+00:00
2062,0.13210,2026-09-27T02:33:39.338+00:00
2063,0.13387,2026-09-27T02:33:44.344+00:00
2064,0.13605,2026-09-27T02:33:44.345+00:00
2065,0.13539,2026-09-27T02:33:44.345+00:00
2066,0.13644,2026-09-27T02:33:49.351+00:00
2067,0.13694,2026-09-27T02:33:49.351+00:00
2068,0.13442,2026-09-27T02:33:49.351+00:00
2069,0.13850,2026-09-27T02:33:49.351+00:00
2070,0.13827,2026-09-27T02:33:54.357+00:00
2071,0.13564,2026-09-27T02:33:54.357+00:00
2072,0.13471,2026-09-27T02:33:54.357+00:00
2073,0.13855,2026-09-27T02:33:59.364+00:00
2074,0.13800,2026-09-27T02:33:59.364+00:00
2075,0.13507,2026-09-27T02:33:59.364+00:00
2076,0.14133,2026-09-27T02:34:04.374+00:00
2077,0.13640,2026-09-27T02:34:04.374+00:00
2078,0.13847,2026-09-27T02:34:04.374+00:00
2079,0.13814,2026-09-27T02:34:09.380+00:00
2080,0.14506,2026-09-27T02:34:09.380+00:00
2081,0.13540,2026-09-27T02:34:09.380+00:00
2082,0.13393,2026-09-27T02:34:09.380+00:00
2083,0.13307,2026-09-27T02:34:14.386+00:00
2084,0.13253,2026-09-27T02:34:14.386+00:00
2085,0.13433,2026-09-27T02:34:14.387+00:00
2086,0.14411,2026-09-27T02:34:19.393+00:00
2087,0.13507,2026-09-27T02:34:19.393+00:00
2088,0.13514,2026-09-27T02:34:19.393+00:00
2089,0.13734,2026-09-27T02:34:19.393+00:00
2090,0.13738,2026-09-27T02:34:24.399+00:00
2091,0.13294,2026-09-27T02:34:24.399+00:00
2092,0.13669,2026-09-27T02:34:24.399+00:00
2093,0.13051,2026-09-27T02:34:29.405+00:00
2094,0.13544,2026-09-27T02:34:29.405+00:00
2095,0.13938,2026-09-27T02:34:29.405+00:00
2096,0.14220,2026-09-27T02:34:34.415+00:00
2097,0.13645,2026-09-27T02:34:34.415+00:00
2098,0.13499,2026-09-27T02:34:34.415+00:00
2099,0.13722,2026-09-27T02:34:39.421+00:00
2100,0.14240,2026-09-27T02:34:39.421+00:00
2101,0.13792,2026-09-27T02:34:39.422+00:00
2102,0.13945,2026-09-27T02:34:39.422+00:00
2103,0.13385,2026-09-27T02:34:44.428+00:00
2104,0.13420,2026-09-27T02:34:44.428+00:00
2105,0.13888,2026-09-27T02:34:44.428+00:00
2106,0.13578,2026-09-27T02:34:49.434+00:00
2107,0.14151,2026-09-27T02:34:49.434+00:00
2108,0.13855,2026-09-27T02:34:49.434+00:00
2109,0.13765,2026-09-27T02:34:54.441+00:00
2110,0.14162,2026-09-27T02:34:54.441+00:00
2111,0.14075,2026-09-27T02:34:54.441+00:00
2112,0.13505,2026-09-27T02:34:54.441+00:00
2113,0.13508,2026-09-27T02:34:59.448+00:00
2114,0.13485,2026-09-27T02:34:59.448+00:00
2115,0.13297,2026-09-27T02:34:59.448+00:00
2116,0.14076,2026-09-27T02:35:04.456+00:00
2117,0.13581,2026-09-27T02:35:04.456+00:00
2118,0.13623,2026-09-27T02:35:04.456+00:00
2119,0.13117,2026-09-27T02:35:09.463+00:00
2120,0.13724,2026-09-27T02:35:09.463+00:00
2121,0.12971,2026-09-27T02:35:09.463+00:00
2122,0.13379,2026-09-27T02:35:09.463+00:00
2123,0.14132,2026-09-27T02:35:14.470+00:00
2124,0.13442,2026-09-27T02:35:14.470+00:00
2125,0.13768,2026-09-27T02:35:14.470+00:00
2126,0.14024,2026-09-27T02:35:19.476+00:00
2127,0.13618,2026-09-27T02:35:19.476+00:00
2128,0.13826,2026-09-27T02:35:19.476+00:00
2129,0.13195,2026-09-27T02:35:24.482+00:00
2130,0.13646,2026-09-27T02:35:24.482+00:00
2131,0.13675,2026-09-27T02:35:24.482+00:00
2132,0.13184,2026-09-27T02:35:24.482+00:00
2133,0.13239,2026-09-27T02:35:29.489+00:00
2134,0.13798,2026-09-27T02:35:29.489+00:00
2135,0.13474,2026-09-27T02:35:29.489+00:00
2136,0.13868,2026-09-27T02:35:34.498+00:00
2137,0.13735,2026-09-27T02:35:34.499+00:00
2138,0.13654,2026-09-27T02:35:34.499+00:00
2139,0.13431,2026-09-27T02:35:39.505+00:00
2140,0.13508,2026-09-27T02:35:39.505+00:00
2141,0.13464,2026-09-27T02:35:39.505+00:00
2142,0.13499,2026-09-27T02:35:39.506+00:00
2143,0.13569,2026-09-27T02:35:44.512+00:00
2144,0.13633,2026-09-27T02:35:44.512+00:00
2145,0.13722,2026-09-27T02:35:44.512+00:00
2146,0.15153,2026-09-27T02:35:49.518+00:00
2147,0.13491,2026-09-27T02:35:49.518+00:00
2148,0.13510,2026-09-27T02:35:49.518+00:00
2149,0.13699,2026-09-27T02:35:54.525+00:00
2150,0.13366,2026-09-27T02:35:54.525+00:00
2151,0.14126,2026-09-27T02:35:54.525+00:00
2152,0.13482,2026-09-27T02:35:54.525+00:00
2153,0.13831,2026-09-27T02:35:59.532+00:00
2154,0.13100,2026-09-27T02:35:59.532+00:00
2155,0.13772,2026-09-27T02:35:59.532+00:00
2156,0.13687,2026-09-27T02:36:04.541+00:00
2157,0.13600,2026-09-27T02:36:04.542+00:00
2158,0.13310,2026-09-27T02:36:04.542+00:00
2159,0.13714,2026-09-27T02:36:09.548+00:00
2160,0.13379,2026-09-27T02:36:09.548+00:00
2161,0.13787,2026-09-27T02:36:09.548+00:00
2162,0.13757,2026-09-27T02:36:09.548+00:00
2163,0.13610,2026-09-27T02:36:14.554+00:00
2164,0.13550,2026-09-27T02:36:14.554+00:00
2165,0.13534,2026-09-27T02:36:14.555+00:00
2166,0.13581,2026-09-27T02:36:19.561+00:00
2167,0.13368,2026-09-27T02:36:19.561+00:00
2168,0.13213,2026-09-27T02:36:19.561+00:00
2169,0.13168,2026-09-27T02:36:24.567+00:00
2170,0.13543,2026-09-27T02:36:24.567+00:00
2171,0.13876,2026-09-27T02:36:24.567+00:00
2172,0.13475,2026-09-27T02:36:24.567+00:00
2173,0.13410,2026-09-27T02:36:29.574+00:00
2174,0.14468,2026-09-27T02:36:29.574+00:00
2175,0.14578,2026-09-27T02:36:29.574+00:00
2176,0.13447,2026-09-27T02:36:34.583+00:00
2177,0.13545,2026-09-27T02:36:34.583+00:00
2178,0.13584,2026-09-27T02:36:34.584+00:00
2179,0.13443,2026-09-27T02:36:34.584+00:00
2180,0.13731,2026-09-27T02:36:39.590+00:00
2181,0.13976,2026-09-27T02:36:39.590+00:00
2182,0.13584,2026-09-27T02:36:39.590+00:00
2183,0.13669,2026-09-27T02:36:44.597+00:00
2184,0.13418,2026-09-27T02:36:44.597+00:00
2185,0.13844,2026-09-27T02:36:44.597+00:00
2186,0.13812,2026-09-27T02:36:49.604+00:00
2187,0.13583,2026-09-27T02:36:49.604+00:00
2188,0.13914,2026-09-27T02:36:49.604+00:00
2189,0.13762,2026-09-27T02:36:49.604+00:00
2190,0.13758,2026-09-27T02:36:54.610+00:00
2191,0.13669,2026-09-27T02:36:54.610+00:00
2192,0.13672,2026-09-27T02:36:54.610+00:00
2193,0.13660,2026-09-27T02:36:59.617+00:00
2194,0.13524,2026-09-27T02:36:59.617+00:00
2195,0.13663,2026-09-27T02:36:59.617+00:00
2196,0.13533,2026-09-27T02:37:04.626+00:00
2197,0.13653,2026-09-27T02:37:04.626+00:00
2198,0.14158,2026-09-27T02:37:04.626+00:00
2199,0.13300,2026-09-27T02:37:04.627+00:00
2200,0.13743,2026-09-27T02:37:09.633+00:00
2201,0.13703,2026-09-27T02:37:09.633+00:00
2202,0.13682,2026-09-27T02:37:09.633+00:00
2203,0.13762,2026-09-27T02:37:14.639+00:00
2204,0.14040,2026-09-27T02:37:14.640+00:00
2205,0.13464,2026-09-27T02:37:14.640+00:00
2206,0.13857,2026-09-27T02:37:19.646+00:00
2207,0.13661,2026-09-27T02:37:19.646+00:00
2208,0.13016,2026-09-27T02:37:19.646+00:00
2209,0.13577,2026-09-27T02:37:19.646+00:00
2210,0.13763,2026-09-27T02:37:24.653+00:00
2211,0.13240,2026-09-27T02:37:24.653+00:00
2212,0.13281,2026-09-27T02:37:24.653+00:00
2213,0.13457,2026-09-27T02:37:29.659+00:00
2214,0.13843,2026-09-27T02:37:29.659+00:00
2215,0.13834,2026-09-27T02:37:29.659+00:00
2216,0.13584,2026-09-27T02:37:34.668+00:00
2217,0.13721,2026-09-27T02:37:34.668+00:00
2218,0.13684,2026-09-27T02:37:34.669+00:00
2219,0.13425,2026-09-27T02:37:34.669+00:00
2220,0.14169,2026-09-27T02:37:39.675+00:00
2221,0.13377,2026-09-27T02:37:39.675+00:00
2222,0.13276,2026-09-27T02:37:39.675+00:00
2223,0.13615,2026-09-27T02:37:44.681+00:00
2224,0.13390,2026-09-27T02:37:44.681+00:00
2225,0.13646,2026-09-27T02:37:44.681+00:00
2226,0.13711,2026-09-27T02:37:49.688+00:00
2227,0.13555,2026-09-27T02:37:49.688+00:00
2228,0.14025,2026-09-27T02:37:49.688+00:00
2229,0.13550,2026-09-27T02:37:49.688+00:00
2230,0.13650,2026-09-27T02:37:54.694+00:00
2231,0.13638,2026-09-27T02:37:54.694+00:00
2232,0.13691,2026-09-27T02:37:54.694+00:00
2233,0.13394,2026-09-27T02:37:59.701+00:00
2234,0.13654,2026-09-27T02:37:59.701+00:00
2235,0.13524,2026-09-27T02:37:59.701+00:00
2236,0.14312,2026-09-27T02:38:04.709+00:00
2237,0.13661,2026-09-27T02:38:04.709+00:00
2238,0.13563,2026-09-27T02:38:04.709+00:00
2239,0.13698,2026-09-27T02:38:04.709+00:00
2240,0.13611,2026-09-27T02:38:09.714+00:00
2241,0.13650,2026-09-27T02:38:09.714+00:00
2242,0.13411,2026-09-27T02:38:09.714+00:00
2243,0.13428,2026-09-27T02:38:14.721+00:00
2244,0.13932,2026-09-27T02:38:14.721+00:00
2245,0.13629,2026-09-27T02:38:14.721+00:00
2246,0.13691,2026-09-27T02:38:19.727+00:00
2247,0.13340,2026-09-27T02:38:19.727+00:00
2248,0.13410,2026-09-27T02:38:19.727+00:00
2249,0.13567,2026-09-27T02:38:19.727+00:00
2250,0.13297,2026-09-27T02:38:24.734+00:00
2251,0.13781,2026-09-27T02:38:24.735+00:00
2252,0.13483,2026-09-27T02:38:24.735+00:00
2253,0.13348,2026-09-27T02:38:29.741+00:00
2254,0.13184,2026-09-27T02:38:29.741+00:00
2255,0.13506,2026-09-27T02:38:29.741+00:00
2256,0.13361,2026-09-27T02:38:34.750+00:00
2257,0.13436,2026-09-27T02:38:34.750+00:00
2258,0.13590,2026-09-27T02:38:34.750+00:00
2259,0.13219,2026-09-27T02:38:34.750+00:00
2260,0.13737,2026-09-27T02:38:39.757+00:00
2261,0.13556,2026-09-27T02:38:39.757+00:00
2262,0.13263,2026-09-27T02:38:39.757+00:00
2263,0.13887,2026-09-27T02:38:44.763+00:00
2264,0.13689,2026-09-27T02:38:44.763+00:00
2265,0.13499,2026-09-27T02:38:44.763+00:00
2266,0.13457,2026-09-27T02:38:44.763+00:00
2267,0.13606,2026-09-27T02:38:49.769+00:00
2268,0.13576,2026-09-27T02:38:49.769+00:00
2269,0.13447,2026-09-27T02:38:49.769+00:00
2270,0.13926,2026-09-27T02:38:54.775+00:00
2271,0.13401,2026-09-27T02:38:54.775+00:00
2272,0.13263,2026-09-27T02:38:54.775+00:00
2273,0.13297,2026-09-27T02:38:59.782+00:00
2274,0.13490,2026-09-27T02:38:59.782+00:00
2275,0.13480,2026-09-27T02:38:59.782+00:00
2276,0.13448,2026-09-27T02:38:59.783+00:00
2277,0.13796,2026-09-27T02:39:04.792+00:00
2278,0.13229,2026-09-27T02:39:04.792+00:00
2279,0.12934,2026-09-27T02:39:04.792+00:00
2280,0.13278,2026-09-27T02:39:09.798+00:00
2281,0.13190,2026-09-27T02:39:09.798+00:00
2282,0.13451,2026-09-27T02:39:09.798+00:00
2283,0.13563,2026-09-27T02:39:14.805+00:00
2284,0.13491,2026-09-27T02:39:14.805+00:00
2285,0.13769,2026-09-27T02:39:14.805+00:00
2286,0.13522,2026-09-27T02:39:14.805+00:00
2287,0.13639,2026-09-27T02:39:19.811+00:00
2288,0.13837,2026-09-27T02:39:19.811+00:00
2289,0.13431,2026-09-27T02:39:19.811+00:00
2290,0.13448,2026-09-27T02:39:24.817+00:00
2291,0.13277,2026-09-27T02:39:24.818+00:00
2292,0.13648,2026-09-27T02:39:24.818+00:00
2293,0.13704,2026-09-27T02:39:29.824+00:00
2294,0.13230,2026-09-27T02:39:29.824+00:00
2295,0.13297,2026-09-27T02:39:29.824+00:00
2296,0.13069,2026-09-27T02:39:29.824+00:00
2297,0.13270,2026-09-27T02:39:34.833+00:00
2298,0.13058,2026-09-27T02:39:34.833+00:00
2299,0.13495,2026-09-27T02:39:34.833+00:00
2300,0.13323,2026-09-27T02:39:39.840+00:00
2301,0.14065,2026-09-27T02:39:39.840+00:00
2302,0.13426,2026-09-27T02:39:39.840+00:00
2303,0.13473,2026-09-27T02:39:39.840+00:00
2304,0.13523,2026-09-27T02:39:44.846+00:00
2305,0.13364,2026-09-27T02:39:44.847+00:00
2306,0.13270,2026-09-27T02:39:44.847+00:00
2307,0.13365,2026-09-27T02:39:49.852+00:00
2308,0.13666,2026-09-27T02:39:49.853+00:00
2309,0.13658,2026-09-27T02:39:49.853+00:00
2310,0.12875,2026-09-27T02:39:49.853+00:00
2311,0.13699,2026-09-27T02:39:54.859+00:00
2312,0.13652,2026-09-27T02:39:54.859+00:00
2313,0.13485,2026-09-27T02:39:54.859+00:00
2314,0.13341,2026-09-27T02:39:59.866+00:00
2315,0.13217,2026-09-27T02:39:59.867+00:00
2316,0.13756,2026-09-27T02:39:59.867+00:00
2317,0.13733,2026-09-27T02:40:04.875+00:00
2318,0.13733,2026-09-27T02:40:04.875+00:00
2319,0.13506,2026-09-27T02:40:04.875+00:00
2320,0.13214,2026-09-27T02:40:04.875+00:00
2321,0.13394,2026-09-27T02:40:09.881+00:00
2322,0.13272,2026-09-27T02:40:09.881+00:00
2323,0.13476,2026-09-27T02:40:09.882+00:00
2324,0.13549,2026-09-27T02:40:14.888+00:00
2325,0.13376,2026-09-27T02:40:14.888+00:00
2326,0.13540,2026-09-27T02:40:14.888+00:00
2327,0.14943,2026-09-27T02:40:19.895+00:00
2328,0.13680,2026-09-27T02:40:19.895+00:00
2329,0.13977,2026-09-27T02:40:19.895+00:00
2330,0.14067,2026-09-27T02:40:19.895+00:00
2331,0.13350,2026-09-27T02:40:24.902+00:00
2332,0.12959,2026-09-27T02:40:24.902+00:00
2333,0.13493,2026-09-27T02:40:24.902+00:00
2334,0.13517,2026-09-27T02:40:29.909+00:00
2335,0.13976,2026-09-27T02:40:29.909+00:00
2336,0.13060,2026-09-27T02:40:29.909+00:00
2337,0.13109,2026-09-27T02:40:29.909+00:00
2338,0.13494,2026-09-27T02:40:34.919+00:00
2339,0.13517,2026-09-27T02:40:34.919+00:00
2340,0.13228,2026-09-27T02:40:34.919+00:00
2341,0.13137,2026-09-27T02:40:39.926+00:00
2342,0.13151,2026-09-27T02:40:39.926+00:00
2343,0.13536,2026-09-27T02:40:39.926+00:00
2344,0.13512,2026-09-27T02:40:44.934+00:00
2345,0.13060,2026-09-27T02:40:44.934+00:00
2346,0.13242,2026-09-27T02:40:44.934+00:00
2347,0.13265,2026-09-27T02:40:44.934+00:00
2348,0.13661,2026-09-27T02:40:49.941+00:00
2349,0.13458,2026-09-27T02:40:49.941+00:00
2350,0.13883,2026-09-27T02:40:49.941+00:00
2351,0.13352,2026-09-27T02:40:54.948+00:00
2352,0.13449,2026-09-27T02:40:54.948+00:00
2353,0.13889,2026-09-27T02:40:54.948+00:00
2354,0.12758,2026-09-27T02:40:54.948+00:00
2355,0.13204,2026-09-27T02:40:59.956+00:00
2356,0.13807,2026-09-27T02:40:59.956+00:00
2357,0.13477,2026-09-27T02:40:59.956+00:00
2358,0.13124,2026-09-27T02:41:04.967+00:00
2359,0.13283,2026-09-27T02:41:04.967+00:00
2360,0.13675,2026-09-27T02:41:04.967+00:00
2361,0.14088,2026-09-27T02:41:09.974+00:00
2362,0.13183,2026-09-27T02:41:09.974+00:00
2363,0.13308,2026-09-27T02:41:09.974+00:00
2364,0.13828,2026-09-27T02:41:09.974+00:00
2365,0.14168,2026-09-27T02:41:14.981+00:00
2366,0.13055,2026-09-27T02:41:14.981+00:00
2367,0.12990,2026-09-27T02:41:14.981+00:00
2368,0.13328,2026-09-27T02:41:19.988+00:00
2369,0.13590,2026-09-27T02:41:19.989+00:00
2370,0.13064,2026-09-27T02:41:19.989+00:00
2371,0.13394,2026-09-27T02:41:19.989+00:00
2372,0.13161,2026-09-27T02:41:24.995+00:00
2373,0.13966,2026-09-27T02:41:24.995+00:00
2374,0.13134,2026-09-27T02:41:24.995+00:00
2375,0.13110,2026-09-27T02:41:30.002+00:00
2376,0.13272,2026-09-27T02:41:30.002+00:00
2377,0.13087,2026-09-27T02:41:30.002+00:00
2378,0.12957,2026-09-27T02:41:30.002+00:00
2379,0.13266,2026-09-27T02:41:35.011+00:00
2380,0.13457,2026-09-27T02:41:35.012+00:00
2381,0.14106,2026-09-27T02:41:35.012+00:00
2382,0.13457,2026-09-27T02:41:40.019+00:00
2383,0.14066,2026-09-27T02:41:40.019+00:00
2384,0.13739,2026-09-27T02:41:40.019+00:00
2385,0.13331,2026-09-27T02:41:45.024+00:00
2386,0.13493,2026-09-27T02:41:45.024+00:00
2387,0.13161,2026-09-27T02:41:45.024+00:00
2388,0.13335,2026-09-27T02:41:45.024+00:00
2389,0.14224,2026-09-27T02:41:50.031+00:00
2390,0.13611,2026-09-27T02:41:50.032+00:00
2391,0.13248,2026-09-27T02:41:50.032+00:00
2392,0.13481,2026-09-27T02:41:55.039+00:00
2393,0.13958,2026-09-27T02:41:55.039+00:00
2394,0.13132,2026-09-27T02:41:55.039+00:00
2395,0.12962,2026-09-27T02:41:55.039+00:00
2396,0.13370,2026-09-27T02:42:00.047+00:00
2397,0.13528,2026-09-27T02:42:00.047+00:00
2398,0.13308,2026-09-27T02:42:00.047+00:00
2399,0.13727,2026-09-27T02:42:05.057+00:00
2400,0.13616,2026-09-27T02:42:05.057+00:00
2401,0.13731,2026-09-27T02:42:05.057+00:00
2402,0.13334,2026-09-27T02:42:10.064+00:00
2403,0.13668,2026-09-27T02:42:10.064+00:00
2404,0.13570,2026-09-27T02:42:10.064+00:00
2405,0.13696,2026-09-27T02:42:10.064+00:00
2406,0.13412,2026-09-27T02:42:15.071+00:00
2407,0.13107,2026-09-27T02:42:15.071+00:00
2408,0.13602,2026-09-27T02:42:15.071+00:00
2409,0.13560,2026-09-27T02:42:20.078+00:00
2410,0.13754,2026-09-27T02:42:20.078+00:00
2411,0.13279,2026-09-27T02:42:20.078+00:00
2412,0.14166,2026-09-27T02:42:20.078+00:00
2413,0.13126,2026-09-27T02:42:25.085+00:00
2414,0.13436,2026-09-27T02:42:25.085+00:00
2415,0.13045,2026-09-27T02:42:25.085+00:00
2416,0.13423,2026-09-27T02:42:30.092+00:00
2417,0.12900,2026-09-27T02:42:30.092+00:00
2418,0.13531,2026-09-27T02:42:30.092+00:00
2419,0.13663,2026-09-27T02:42:35.101+00:00
2420,0.13796,2026-09-27T02:42:35.101+00:00
2421,0.13378,2026-09-27T02:42:35.102+00:00
2422,0.13262,2026-09-27T02:42:35.102+00:00
2423,0.13124,2026-09-27T02:42:40.108+00:00
2424,0.13519,2026-09-27T02:42:40.108+00:00
2425,0.14085,2026-09-27T02:42:40.108+00:00
2426,0.13693,2026-09-27T02:42:45.115+00:00
2427,0.13243,2026-09-27T02:42:45.116+00:00
2428,0.13516,2026-09-27T02:42:45.116+00:00
2429,0.13476,2026-09-27T02:42:50.122+00:00
2430,0.13623,2026-09-27T02:42:50.122+00:00
2431,0.13895,2026-09-27T02:42:50.122+00:00
2432,0.13450,2026-09-27T02:42:50.123+00:00
2433,0.13393,2026-09-27T02:42:55.129+00:00
2434,0.13490,2026-09-27T02:42:55.129+00:00
2435,0.13392,2026-09-27T02:42:55.129+00:00
2436,0.13374,2026-09-27T02:43:00.137+00:00
2437,0.13527,2026-09-27T02:43:00.137+00:00
2438,0.13693,2026-09-27T02:43:00.137+00:00
2439,0.13058,2026-09-27T02:43:05.146+00:00
2440,0.13878,2026-09-27T02:43:05.146+00:00
2441,0.13905,2026-09-27T02:43:05.146+00:00
2442,0.12949,2026-09-27T02:43:05.146+00:00
2443,0.13329,2026-09-27T02:43:10.153+00:00
2444,0.13411,2026-09-27T02:43:10.153+00:00
2445,0.13463,2026-09-27T02:43:10.154+00:00
2446,0.13628,2026-09-27T02:43:15.160+00:00
2447,0.13311,2026-09-27T02:43:15.161+00:00
2448,0.13872,2026-09-27T02:43:15.161+00:00
2449,0.13630,2026-09-27T02:43:20.167+00:00
2450,0.13559,2026-09-27T02:43:20.167+00:00
2451,0.13270,2026-09-27T02:43:20.167+00:00
2452,0.13449,2026-09-27T02:43:20.168+00:00
2453,0.13193,2026-09-27T02:43:25.174+00:00
2454,0.12918,2026-09-27T02:43:25.174+00:00
2455,0.13424,2026-09-27T02:43:25.174+00:00
2456,0.13652,2026-09-27T02:43:30.181+00:00
2457,0.13966,2026-09-27T02:43:30.181+00:00
2458,0.13350,2026-09-27T02:43:30.181+00:00
2459,0.13520,2026-09-27T02:43:30.181+00:00
2460,0.13027,2026-09-27T02:43:35.190+00:00
2461,0.13831,2026-09-27T02:43:35.190+00:00
2462,0.13135,2026-09-27T02:43:35.190+00:00
2463,0.13996,2026-09-27T02:43:40.197+00:00
2464,0.13509,2026-09-27T02:43:40.197+00:00
2465,0.13136,2026-09-27T02:43:40.198+00:00
2466,0.13073,2026-09-27T02:43:45.205+00:00
2467,0.13216,2026-09-27T02:43:45.205+00:00
2468,0.13277,2026-09-27T02:43:45.205+00:00
2469,0.13849,2026-09-27T02:43:45.205+00:00
2470,0.13568,2026-09-27T02:43:50.212+00:00
2471,0.13602,2026-09-27T02:43:50.212+00:00
2472,0.13508,2026-09-27T02:43:50.212+00:00
2473,0.12724,2026-09-27T02:43:55.219+00:00
2474,0.13053,2026-09-27T02:43:55.219+00:00
2475,0.13105,2026-09-27T02:43:55.219+00:00
2476,0.13586,2026-09-27T02:44:00.227+00:00
2477,0.13491,2026-09-27T02:44:00.227+00:00
2478,0.13874,2026-09-27T02:44:00.227+00:00
2479,0.13371,2026-09-27T02:44:00.227+00:00
2480,0.14177,2026-09-27T02:44:05.237+00:00
2481,0.13967,2026-09-27T02:44:05.237+00:00
2482,0.13232,2026-09-27T02:44:05.237+00:00
2483,0.13578,2026-09-27T02:44:10.244+00:00
2484,0.13476,2026-09-27T02:44:10.244+00:00
2485,0.13318,2026-09-27T02:44:10.244+00:00
2486,0.13645,2026-09-27T02:44:15.251+00:00
2487,0.13906,2026-09-27T02:44:15.251+00:00
2488,0.13337,2026-09-27T02:44:15.251+00:00
2489,0.14232,2026-09-27T02:44:15.251+00:00
2490,0.13016,2026-09-27T02:44:20.258+00:00
2491,0.13564,2026-09-27T02:44:20.258+00:00
2492,0.13246,2026-09-27T02:44:20.258+00:00
2493,0.13158,2026-09-27T02:44:25.265+00:00
2494,0.13270,2026-09-27T02:44:25.265+00:00
2495,0.13446,2026-09-27T02:44:25.265+00:00
2496,0.12983,2026-09-27T02:44:25.265+00:00
2497,0.13615,2026-09-27T02:44:30.272+00:00
2498,0.13100,2026-09-27T02:44:30.272+00:00
2499,0.13802,2026-09-27T02:44:30.272+00:00
2500,0.13511,2026-09-27T02:44:35.281+00:00
2501,0.13155,2026-09-27T02:44:35.281+00:00
2502,0.12837,2026-09-27T02:44:35.281+00:00
2503,0.13150,2026-09-27T02:44:40.288+00:00
2504,0.14087,2026-09-27T02:44:40.288+00:00
2505,0.13332,2026-09-27T02:44:40.288+00:00
2506,0.13254,2026-09-27T02:44:40.288+00:00
2507,0.13806,2026-09-27T02:44:45.295+00:00
2508,0.13349,2026-09-27T02:44:45.295+00:00
2509,0.13904,2026-09-27T02:44:45.295+00:00
2510,0.13573,2026-09-27T02:44:50.302+00:00
2511,0.13791,2026-09-27T02:44:50.302+00:00
2512,0.13287,2026-09-27T02:44:50.302+00:00
2513,0.13626,2026-09-27T02:44:50.302+00:00
2514,0.13384,2026-09-27T02:44:55.309+00:00
2515,0.13303,2026-09-27T02:44:55.309+00:00
2516,0.13072,2026-09-27T02:44:55.309+00:00
2517,0.13122,2026-09-27T02:45:00.316+00:00
2518,0.13155,2026-09-27T02:45:00.316+00:00
2519,0.12995,2026-09-27T02:45:00.316+00:00
2520,0.13402,2026-09-27T02:45:05.325+00:00
2521,0.13629,2026-09-27T02:45:05.325+00:00
2522,0.13408,2026-09-27T02:45:05.325+00:00
2523,0.13336,2026-09-27T02:45:05.325+00:00
2524,0.13765,2026-09-27T02:45:10.332+00:00
2525,0.13691,2026-09-27T02:45:10.332+00:00
2526,0.13072,2026-09-27T02:45:10.332+00:00
2527,0.14139,2026-09-27T02:45:15.338+00:00
2528,0.13849,2026-09-27T02:45:15.338+00:00
2529,0.13289,2026-09-27T02:45:15.338+00:00
2530,0.14115,2026-09-27T02:45:20.345+00:00
2531,0.13255,2026-09-27T02:45:20.345+00:00
2532,0.13447,2026-09-27T02:45:20.345+00:00
2533,0.13295,2026-09-27T02:45:20.345+00:00
2534,0.14149,2026-09-27T02:45:25.352+00:00
2535,0.13832,2026-09-27T02:45:25.352+00:00
2536,0.13667,2026-09-27T02:45:25.353+00:00
2537,0.13458,2026-09-27T02:45:30.359+00:00
2538,0.13338,2026-09-27T02:45:30.359+00:00
2539,0.12974,2026-09-27T02:45:30.359+00:00
2540,0.12920,2026-09-27T02:45:30.359+00:00
2541,0.13987,2026-09-27T02:45:35.368+00:00
2542,0.13140,2026-09-27T02:45:35.368+00:00
2543,0.13330,2026-09-27T02:45:35.369+00:00
2544,0.13433,2026-09-27T02:45:40.376+00:00
2545,0.13599,2026-09-27T02:45:40.376+00:00
2546,0.13137,2026-09-27T02:45:40.376+00:00
2547,0.13516,2026-09-27T02:45:40.376+00:00
2548,0.13020,2026-09-27T02:45:45.383+00:00
2549,0.13497,2026-09-27T02:45:45.383+00:00
2550,0.13500,2026-09-27T02:45:45.383+00:00
2551,0.13480,2026-09-27T02:45:50.390+00:00
2552,0.13288,2026-09-27T02:45:50.390+00:00
2553,0.13641,2026-09-27T02:45:50.390+00:00
2554,0.12897,2026-09-27T02:45:55.397+00:00
2555,0.13803,2026-09-27T02:45:55.397+00:00
2556,0.13463,2026-09-27T02:45:55.397+00:00
2557,0.13306,2026-09-27T02:45:55.397+00:00
2558,0.13720,2026-09-27T02:46:00.404+00:00
2559,0.13740,2026-09-27T02:46:00.404+00:00
2560,0.13667,2026-09-27T02:46:00.404+00:00
2561,0.13408,2026-09-27T02:46:05.413+00:00
2562,0.13054,2026-09-27T02:46:05.413+00:00
2563,0.12983,2026-09-27T02:46:05.413+00:00
2564,0.13677,2026-09-27T02:46:05.413+00:00
2565,0.13015,2026-09-27T02:46:10.420+00:00
2566,0.13301,2026-09-27T02:46:10.420+00:00
2567,0.13587,2026-09-27T02:46:10.420+00:00
2568,0.13532,2026-09-27T02:46:15.427+00:00
2569,0.13703,2026-09-27T02:46:15.427+00:00
2570,0.13559,2026-09-27T02:46:15.427+00:00
2571,0.13696,2026-09-27T02:46:20.435+00:00
2572,0.13055,2026-09-27T02:46:20.435+00:00
2573,0.12892,2026-09-27T02:46:20.435+00:00
2574,0.13027,2026-09-27T02:46:20.435+00:00
2575,0.13235,2026-09-27T02:46:25.442+00:00
2576,0.13325,2026-09-27T02:46:25.442+00:00
2577,0.13235,2026-09-27T02:46:25.442+00:00
2578,0.13205,2026-09-27T02:46:30.448+00:00
2579,0.13212,2026-09-27T02:46:30.448+00:00
2580,0.12964,2026-09-27T02:46:30.449+00:00
2581,0.13281,2026-09-27T02:46:30.449+00:00
2582,0.13193,2026-09-27T02:46:35.457+00:00
2583,0.13396,2026-09-27T02:46:35.457+00:00
2584,0.13302,2026-09-27T02:46:35.457+00:00
2585,0.13214,2026-09-27T02:46:40.465+00:00
2586,0.13118,2026-09-27T02:46:40.465+00:00
2587,0.13571,2026-09-27T02:46:40.465+00:00
2588,0.13715,2026-09-27T02:46:40.465+00:00
2589,0.13967,2026-09-27T02:46:45.472+00:00
2590,0.13953,2026-09-27T02:46:45.472+00:00
2591,0.13705,2026-09-27T02:46:45.473+00:00
2592,0.13284,2026-09-27T02:46:50.480+00:00
2593,0.13101,2026-09-27T02:46:50.480+00:00
2594,0.13304,2026-09-27T02:46:50.480+00:00
2595,0.13417,2026-09-27T02:46:55.487+00:00
2596,0.13736,2026-09-27T02:46:55.487+00:00
2597,0.13307,2026-09-27T02:46:55.487+00:00
2598,0.13583,2026-09-27T02:46:55.488+00:00
2599,0.14476,2026-09-27T02:47:00.495+00:00
2600,0.14150,2026-09-27T02:47:00.495+00:00
2601,0.13700,2026-09-27T02:47:00.495+00:00
2602,0.13955,2026-09-27T02:47:05.504+00:00
2603,0.13621,2026-09-27T02:47:05.504+00:00
2604,0.13035,2026-09-27T02:47:05.504+00:00
2605,0.14047,2026-09-27T02:47:10.512+00:00
2606,0.13576,2026-09-27T02:47:10.512+00:00
2607,0.13181,2026-09-27T02:47:10.512+00:00
2608,0.13363,2026-09-27T02:47:15.519+00:00
2609,0.12995,2026-09-27T02:47:15.519+00:00
2610,0.12822,2026-09-27T02:47:15.519+00:00
2611,0.13910,2026-09-27T02:47:15.519+00:00
2612,0.13209,2026-09-27T02:47:20.527+00:00
2613,0.13185,2026-09-27T02:47:20.527+00:00
2614,0.13282,2026-09-27T02:47:20.527+00:00
2615,0.13048,2026-09-27T02:47:25.534+00:00
2616,0.12817,2026-09-27T02:47:25.534+00:00
2617,0.13608,2026-09-27T02:47:25.534+00:00
2618,0.13395,2026-09-27T02:47:25.534+00:00
2619,0.13400,2026-09-27T02:47:30.541+00:00
2620,0.13493,2026-09-27T02:47:30.541+00:00
2621,0.13707,2026-09-27T02:47:30.541+00:00
2622,0.13436,2026-09-27T02:47:35.551+00:00
2623,0.13815,2026-09-27T02:47:35.551+00:00
2624,0.13731,2026-09-27T02:47:35.551+00:00
2625,0.13438,2026-09-27T02:47:40.558+00:00
2626,0.13759,2026-09-27T02:47:40.558+00:00
2627,0.13630,2026-09-27T02:47:40.558+00:00
2628,0.13088,2026-09-27T02:47:40.558+00:00
2629,0.12994,2026-09-27T02:47:45.566+00:00
2630,0.12827,2026-09-27T02:47:45.566+00:00
2631,0.12952,2026-09-27T02:47:45.566+00:00
2632,0.13514,2026-09-27T02:47:50.573+00:00
2633,0.13681,2026-09-27T02:47:50.573+00:00
2634,0.12993,2026-09-27T02:47:50.573+00:00
2635,0.13187,2026-09-27T02:47:50.573+00:00
2636,0.13860,2026-09-27T02:47:55.580+00:00
2637,0.13716,2026-09-27T02:47:55.580+00:00
2638,0.13616,2026-09-27T02:47:55.580+00:00
2639,0.13273,2026-09-27T02:48:00.588+00:00
2640,0.13369,2026-09-27T02:48:00.588+00:00
2641,0.14623,2026-09-27T02:48:00.588+00:00
2642,0.13659,2026-09-27T02:48:05.597+00:00
2643,0.13857,2026-09-27T02:48:05.597+00:00
2644,0.12687,2026-09-27T02:48:05.597+00:00
2645,0.13061,2026-09-27T02:48:05.597+00:00
2646,0.13507,2026-09-27T02:48:10.603+00:00
2647,0.13469,2026-09-27T02:48:10.603+00:00
2648,0.12596,2026-09-27T02:48:10.604+00:00
2649,0.13470,2026-09-27T02:48:15.610+00:00
2650,0.13099,2026-09-27T02:48:15.610+00:00
2651,0.13798,2026-09-27T02:48:15.610+00:00
2652,0.13319,2026-09-27T02:48:20.617+00:00
2653,0.13261,2026-09-27T02:48:20.617+00:00
2654,0.13240,2026-09-27T02:48:20.617+00:00
2655,0.13271,2026-09-27T02:48:20.617+00:00
2656,0.12845,2026-09-27T02:48:25.624+00:00
2657,0.13172,2026-09-27T02:48:25.624+00:00
2658,0.13251,2026-09-27T02:48:25.624+00:00
2659,0.13073,2026-09-27T02:48:25.624+00:00
2660,0.13934,2026-09-27T02:48:30.631+00:00
2661,0.14731,2026-09-27T02:48:30.631+00:00
2662,0.13752,2026-09-27T02:48:30.631+00:00
2663,0.13657,2026-09-27T02:48:35.640+00:00
2664,0.13002,2026-09-27T02:48:35.640+00:00
2665,0.12965,2026-09-27T02:48:35.640+00:00
2666,0.13308,2026-09-27T02:48:40.647+00:00
2667,0.13119,2026-09-27T02:48:40.648+00:00
2668,0.13642,2026-09-27T02:48:40.648+00:00
2669,0.13659,2026-09-27T02:48:40.648+00:00
2670,0.13148,2026-09-27T02:48:45.654+00:00
2671,0.13272,2026-09-27T02:48:45.654+00:00
2672,0.13694,2026-09-27T02:48:45.654+00:00
2673,0.13411,2026-09-27T02:48:50.661+00:00
2674,0.12830,2026-09-27T02:48:50.661+00:00
2675,0.13158,2026-09-27T02:48:50.661+00:00
2676,0.13216,2026-09-27T02:48:50.662+00:00
2677,0.13379,2026-09-27T02:48:55.668+00:00
2678,0.13557,2026-09-27T02:48:55.668+00:00
2679,0.13335,2026-09-27T02:48:55.668+00:00
2680,0.13864,2026-09-27T02:49:00.676+00:00
2681,0.13306,2026-09-27T02:49:00.676+00:00
2682,0.13314,2026-09-27T02:49:00.676+00:00
2683,0.13161,2026-09-27T02:49:05.684+00:00
2684,0.13147,2026-09-27T02:49:05.684+00:00
2685,0.13234,2026-09-27T02:49:05.684+00:00
2686,0.13879,2026-09-27T02:49:05.684+00:00
2687,0.13449,2026-09-27T02:49:10.691+00:00
2688,0.13410,2026-09-27T02:49:10.691+00:00
2689,0.13189,2026-09-27T02:49:10.691+00:00
2690,0.13293,2026-09-27T02:49:15.698+00:00
2691,0.12831,2026-09-27T02:49:15.698+00:00
2692,0.12987,2026-09-27T02:49:15.698+00:00
2693,0.13226,2026-09-27T02:49:15.698+00:00
2694,0.13067,2026-09-27T02:49:20.706+00:00
2695,0.12847,2026-09-27T02:49:20.706+00:00
2696,0.13131,2026-09-27T02:49:20.706+00:00
2697,0.13407,2026-09-27T02:49:25.713+00:00
2698,0.13364,2026-09-27T02:49:25.713+00:00
2699,0.13384,2026-09-27T02:49:25.713+00:00
2700,0.13690,2026-09-27T02:49:30.720+00:00
2701,0.13522,2026-09-27T02:49:30.720+00:00
2702,0.13981,2026-09-27T02:49:30.720+00:00
2703,0.16529,2026-09-27T02:49:30.720+00:00
2704,0.14250,2026-09-27T02:49:35.729+00:00
2705,0.13077,2026-09-27T02:49:35.729+00:00
2706,0.13426,2026-09-27T02:49:35.729+00:00
2707,0.13429,2026-09-27T02:49:40.736+00:00
2708,0.13000,2026-09-27T02:49:40.736+00:00
2709,0.13558,2026-09-27T02:49:40.737+00:00
2710,0.13237,2026-09-27T02:49:45.743+00:00
2711,0.13228,2026-09-27T02:49:45.743+00:00
2712,0.13459,2026-09-27T02:49:45.744+00:00
2713,0.13512,2026-09-27T02:49:45.744+00:00
2714,0.14072,2026-09-27T02:49:50.750+00:00
2715,0.13578,2026-09-27T02:49:50.751+00:00
2716,0.13642,2026-09-27T02:49:50.751+00:00
2717,0.13384,2026-09-27T02:49:55.758+00:00
2718,0.13360,2026-09-27T02:49:55.758+00:00
2719,0.13073,2026-09-27T02:49:55.758+00:00
2720,0.13058,2026-09-27T02:49:55.758+00:00
2721,0.13189,2026-09-27T02:50:00.766+00:00
2722,0.13519,2026-09-27T02:50:00.766+00:00
2723,0.13556,2026-09-27T02:50:00.766+00:00
2724,0.13336,2026-09-27T02:50:05.776+00:00
2725,0.14207,2026-09-27T02:50:05.776+00:00
2726,0.13240,2026-09-27T02:50:05.776+00:00
2727,0.13192,2026-09-27T02:50:10.783+00:00
2728,0.13190,2026-09-27T02:50:10.783+00:00
2729,0.13202,2026-09-27T02:50:10.784+00:00
2730,0.13065,2026-09-27T02:50:10.784+00:00
2731,0.14494,2026-09-27T02:50:15.791+00:00
2732,0.13136,2026-09-27T02:50:15.791+00:00
2733,0.14204,2026-09-27T02:50:15.791+00:00
2734,0.13869,2026-09-27T02:50:20.798+00:00
2735,0.12981,2026-09-27T02:50:20.798+00:00
2736,0.12954,2026-09-27T02:50:20.798+00:00
2737,0.13741,2026-09-27T02:50:25.805+00:00
2738,0.13673,2026-09-27T02:50:25.806+00:00
2739,0.13272,2026-09-27T02:50:25.806+00:00
2740,0.12511,2026-09-27T02:50:25.806+00:00
2741,0.13844,2026-09-27T02:50:30.812+00:00
2742,0.13574,2026-09-27T02:50:30.812+00:00
2743,0.13319,2026-09-27T02:50:30.813+00:00
2744,0.13499,2026-09-27T02:50:35.822+00:00
2745,0.13031,2026-09-27T02:50:35.822+00:00
2746,0.13591,2026-09-27T02:50:35.822+00:00
2747,0.13094,2026-09-27T02:50:40.829+00:00
2748,0.13288,2026-09-27T02:50:40.829+00:00
2749,0.13229,2026-09-27T02:50:40.829+00:00
2750,0.14553,2026-09-27T02:50:40.829+00:00
2751,0.13543,2026-09-27T02:50:45.836+00:00
2752,0.13442,2026-09-27T02:50:45.836+00:00
2753,0.13717,2026-09-27T02:50:45.837+00:00
2754,0.13490,2026-09-27T02:50:50.843+00:00
2755,0.12950,2026-09-27T02:50:50.844+00:00
2756,0.13153,2026-09-27T02:50:50.844+00:00
2757,0.13397,2026-09-27T02:50:55.851+00:00
2758,0.13589,2026-09-27T02:50:55.851+00:00
2759,0.14352,2026-09-27T02:50:55.851+00:00
2760,0.13718,2026-09-27T02:50:55.851+00:00
2761,0.13034,2026-09-27T02:51:00.859+00:00
2762,0.12428,2026-09-27T02:51:00.859+00:00
2763,0.13671,2026-09-27T02:51:00.859+00:00
2764,0.13038,2026-09-27T02:51:05.870+00:00
2765,0.13557,2026-09-27T02:51:05.870+00:00
2766,0.13468,2026-09-27T02:51:05.870+00:00
2767,0.12990,2026-09-27T02:51:05.870+00:00
2768,0.13903,2026-09-27T02:51:10.878+00:00
2769,0.13658,2026-09-27T02:51:10.878+00:00
2770,0.13537,2026-09-27T02:51:10.878+00:00
2771,0.14262,2026-09-27T02:51:15.885+00:00
2772,0.13496,2026-09-27T02:51:15.885+00:00
2773,0.13365,2026-09-27T02:51:15.885+00:00
2774,0.12559,2026-09-27T02:51:20.892+00:00
2775,0.13422,2026-09-27T02:51:20.892+00:00
2776,0.13730,2026-09-27T02:51:20.892+00:00
2777,0.13878,2026-09-27T02:51:20.892+00:00
2778,0.13601,2026-09-27T02:51:25.899+00:00
2779,0.13350,2026-09-27T02:51:25.899+00:00
2780,0.13217,2026-09-27T02:51:25.899+00:00
2781,0.13259,2026-09-27T02:51:30.906+00:00
2782,0.12773,2026-09-27T02:51:30.906+00:00
2783,0.12587,2026-09-27T02:51:30.906+00:00
2784,0.13702,2026-09-27T02:51:30.907+00:00
2785,0.13642,2026-09-27T02:51:35.916+00:00
2786,0.13486,2026-09-27T02:51:35.916+00:00
2787,0.13307,2026-09-27T02:51:35.917+00:00
2788,0.13328,2026-09-27T02:51:40.924+00:00
2789,0.13334,2026-09-27T02:51:40.924+00:00
2790,0.13205,2026-09-27T02:51:40.924+00:00
2791,0.13661,2026-09-27T02:51:45.931+00:00
2792,0.12884,2026-09-27T02:51:45.931+00:00
2793,0.15292,2026-09-27T02:51:45.931+00:00
2794,0.14912,2026-09-27T02:51:45.931+00:00
2795,0.13267,2026-09-27T02:51:50.938+00:00
2796,0.13352,2026-09-27T02:51:50.938+00:00
2797,0.13562,2026-09-27T02:51:50.938+00:00
2798,0.14333,2026-09-27T02:51:55.946+00:00
2799,0.12496,2026-09-27T02:51:55.946+00:00
2800,0.14221,2026-09-27T02:51:55.946+00:00
2801,0.13414,2026-09-27T02:51:55.946+00:00
2802,0.12541,2026-09-27T02:52:00.954+00:00
2803,0.13274,2026-09-27T02:52:00.954+00:00
2804,0.13900,2026-09-27T02:52:00.954+00:00
2805,0.13446,2026-09-27T02:52:05.964+00:00
2806,0.13424,2026-09-27T02:52:05.964+00:00
2807,0.13693,2026-09-27T02:52:05.964+00:00
2808,0.13852,2026-09-27T02:52:05.964+00:00
2809,0.12934,2026-09-27T02:52:10.971+00:00
2810,0.13030,2026-09-27T02:52:10.971+00:00
2811,0.12879,2026-09-27T02:52:10.972+00:00
2812,0.13096,2026-09-27T02:52:15.978+00:00
2813,0.12971,2026-09-27T02:52:15.978+00:00
2814,0.13569,2026-09-27T02:52:15.978+00:00
2815,0.13233,2026-09-27T02:52:15.978+00:00
2816,0.13452,2026-09-27T02:52:20.985+00:00
2817,0.13526,2026-09-27T02:52:20.985+00:00
2818,0.14023,2026-09-27T02:52:20.986+00:00
2819,0.12673,2026-09-27T02:52:25.993+00:00
2820,0.12740,2026-09-27T02:52:25.993+00:00
2821,0.13697,2026-09-27T02:52:25.993+00:00
2822,0.13269,2026-09-27T02:52:30.999+00:00
2823,0.13683,2026-09-27T02:52:30.999+00:00
2824,0.13897,2026-09-27T02:52:30.999+00:00
2825,0.13563,2026-09-27T02:52:31.000+00:00
2826,0.13826,2026-09-27T02:52:36.009+00:00
2827,0.12707,2026-09-27T02:52:36.010+00:00
2828,0.13560,2026-09-27T02:52:36.010+00:00
2829,0.13352,2026-09-27T02:52:41.017+00:00
2830,0.13702,2026-09-27T02:52:41.017+00:00
2831,0.13864,2026-09-27T02:52:41.017+00:00
2832,0.13876,2026-09-27T02:52:41.017+00:00
2833,0.13900,2026-09-27T02:52:46.024+00:00
2834,0.13784,2026-09-27T02:52:46.024+00:00
2835,0.12987,2026-09-27T02:52:46.024+00:00
2836,0.13150,2026-09-27T02:52:51.031+00:00
2837,0.13137,2026-09-27T02:52:51.031+00:00
2838,0.13134,2026-09-27T02:52:51.031+00:00
2839,0.14253,2026-09-27T02:52:56.038+00:00
2840,0.13677,2026-09-27T02:52:56.038+00:00
2841,0.13334,2026-09-27T02:52:56.038+00:00
2842,0.12788,2026-09-27T02:52:56.039+00:00
2843,0.12925,2026-09-27T02:53:01.047+00:00
2844,0.13368,2026-09-27T02:53:01.047+00:00
2845,0.13372,2026-09-27T02:53:01.047+00:00
2846,0.12767,2026-09-27T02:53:06.057+00:00
2847,0.14573,2026-09-27T02:53:06.057+00:00
2848,0.13471,2026-09-27T02:53:06.057+00:00
2849,0.14806,2026-09-27T02:53:11.065+00:00
2850,0.13256,2026-09-27T02:53:11.065+00:00
2851,0.13128,2026-09-27T02:53:11.065+00:00
2852,0.13163,2026-09-27T02:53:11.065+00:00
2853,0.13138,2026-09-27T02:53:16.072+00:00
2854,0.13114,2026-09-27T02:53:16.072+00:00
2855,0.13533,2026-09-27T02:53:16.072+00:00
2856,0.13859,2026-09-27T02:53:21.080+00:00
2857,0.12841,2026-09-27T02:53:21.080+00:00
2858,0.12952,2026-09-27T02:53:21.080+00:00
2859,0.13610,2026-09-27T02:53:21.080+00:00
2860,0.13698,2026-09-27T02:53:26.086+00:00
2861,0.13409,2026-09-27T02:53:26.086+00:00
2862,0.13123,2026-09-27T02:53:26.086+00:00
2863,0.12959,2026-09-27T02:53:31.093+00:00
2864,0.13765,2026-09-27T02:53:31.093+00:00
2865,0.12932,2026-09-27T02:53:31.093+00:00
2866,0.13037,2026-09-27T02:53:36.102+00:00
2867,0.13135,2026-09-27T02:53:36.102+00:00
2868,0.13406,2026-09-27T02:53:36.103+00:00
2869,0.13562,2026-09-27T02:53:36.103+00:00
2870,0.14566,2026-09-27T02:53:41.109+00:00
2871,0.13725,2026-09-27T02:53:41.110+00:00
2872,0.13758,2026-09-27T02:53:41.110+00:00
2873,0.13482,2026-09-27T02:53:46.117+00:00
2874,0.13406,2026-09-27T02:53:46.117+00:00
2875,0.12545,2026-09-27T02:53:46.117+00:00
2876,0.13364,2026-09-27T02:53:46.117+00:00
2877,0.12754,2026-09-27T02:53:51.124+00:00
2878,0.13118,2026-09-27T02:53:51.124+00:00
2879,0.12995,2026-09-27T02:53:51.124+00:00
2880,0.13778,2026-09-27T02:53:56.132+00:00
2881,0.13293,2026-09-27T02:53:56.132+00:00
2882,0.12903,2026-09-27T02:53:56.132+00:00
2883,0.12779,2026-09-27T02:54:01.140+00:00
2884,0.12891,2026-09-27T02:54:01.140+00:00
2885,0.13365,2026-09-27T02:54:01.140+00:00
2886,0.13703,2026-09-27T02:54:01.140+00:00
2887,0.14382,2026-09-27T02:54:06.150+00:00
2888,0.13258,2026-09-27T02:54:06.150+00:00
2889,0.12355,2026-09-27T02:54:06.150+00:00
2890,0.13411,2026-09-27T02:54:11.157+00:00
2891,0.13019,2026-09-27T02:54:11.157+00:00
2892,0.13453,2026-09-27T02:54:11.157+00:00
2893,0.14029,2026-09-27T02:54:11.157+00:00
2894,0.12834,2026-09-27T02:54:16.164+00:00
2895,0.13717,2026-09-27T02:54:16.164+00:00
2896,0.13029,2026-09-27T02:54:16.165+00:00
2897,0.13315,2026-09-27T02:54:21.172+00:00
2898,0.13110,2026-09-27T02:54:21.172+00:00
2899,0.13032,2026-09-27T02:54:21.172+00:00
2900,0.13631,2026-09-27T02:54:26.179+00:00
2901,0.14340,2026-09-27T02:54:26.179+00:00
2902,0.13174,2026-09-27T02:54:26.179+00:00
2903,0.14692,2026-09-27T02:54:26.179+00:00
2904,0.13538,2026-09-27T02:54:31.187+00:00
2905,0.13436,2026-09-27T02:54:31.187+00:00
2906,0.13530,2026-09-27T02:54:31.187+00:00
2907,0.13014,2026-09-27T02:54:36.197+00:00
2908,0.13355,2026-09-27T02:54:36.197+00:00
2909,0.13354,2026-09-27T02:54:36.197+00:00
2910,0.13307,2026-09-27T02:54:41.204+00:00
2911,0.12937,2026-09-27T02:54:41.204+00:00
2912,0.12935,2026-09-27T02:54:41.205+00:00
2913,0.12932,2026-09-27T02:54:41.205+00:00
2914,0.12810,2026-09-27T02:54:46.212+00:00
2915,0.14057,2026-09-27T02:54:46.212+00:00
2916,0.13363,2026-09-27T02:54:46.212+00:00
2917,0.12826,2026-09-27T02:54:51.219+00:00
2918,0.12961,2026-09-27T02:54:51.220+00:00
2919,0.12636,2026-09-27T02:54:51.220+00:00
2920,0.12683,2026-09-27T02:54:51.220+00:00
2921,0.13068,2026-09-27T02:54:56.227+00:00
2922,0.13496,2026-09-27T02:54:56.227+00:00
2923,0.12907,2026-09-27T02:54:56.227+00:00
2924,0.14172,2026-09-27T02:55:01.236+00:00
2925,0.15167,2026-09-27T02:55:01.236+00:00
2926,0.13234,2026-09-27T02:55:01.236+00:00
2927,0.12874,2026-09-27T02:55:01.236+00:00
2928,0.13426,2026-09-27T02:55:06.245+00:00
2929,0.13685,2026-09-27T02:55:06.245+00:00
2930,0.13773,2026-09-27T02:55:06.246+00:00
2931,0.13177,2026-09-27T02:55:11.253+00:00
2932,0.13523,2026-09-27T02:55:11.253+00:00
2933,0.13648,2026-09-27T02:55:11.253+00:00
2934,0.13296,2026-09-27T02:55:16.260+00:00
2935,0.13522,2026-09-27T02:55:16.260+00:00
2936,0.12831,2026-09-27T02:55:16.260+00:00
2937,0.12720,2026-09-27T02:55:16.260+00:00
2938,0.12973,2026-09-27T02:55:21.267+00:00
2939,0.13079,2026-09-27T02:55:21.268+00:00
2940,0.13584,2026-09-27T02:55:21.268+00:00
2941,0.12839,2026-09-27T02:55:26.275+00:00
2942,0.12756,2026-09-27T02:55:26.275+00:00
2943,0.13527,2026-09-27T02:55:26.275+00:00
2944,0.13461,2026-09-27T02:55:31.282+00:00
2945,0.12813,2026-09-27T02:55:31.282+00:00
2946,0.13219,2026-09-27T02:55:31.282+00:00
2947,0.13818,2026-09-27T02:55:31.282+00:00
2948,0.14048,2026-09-27T02:55:36.292+00:00
2949,0.13743,2026-09-27T02:55:36.292+00:00
2950,0.12707,2026-09-27T02:55:36.292+00:00
2951,0.12047,2026-09-27T02:55:41.299+00:00
2952,0.13231,2026-09-27T02:55:41.299+00:00
2953,0.13311,2026-09-27T02:55:41.299+00:00
2954,0.13174,2026-09-27T02:55:41.299+00:00
2955,0.12894,2026-09-27T02:55:46.306+00:00
2956,0.13428,2026-09-27T02:55:46.307+00:00
2957,0.13581,2026-09-27T02:55:46.307+00:00
2958,0.13362,2026-09-27T02:55:51.314+00:00
2959,0.13916,2026-09-27T02:55:51.314+00:00
2960,0.12919,2026-09-27T02:55:51.314+00:00
2961,0.14017,2026-09-27T02:55:56.321+00:00
2962,0.12085,2026-09-27T02:55:56.321+00:00
2963,0.13069,2026-09-27T02:55:56.321+00:00
2964,0.13580,2026-09-27T02:55:56.321+00:00
2965,0.13624,2026-09-27T02:56:01.329+00:00
2966,0.13094,2026-09-27T02:56:01.329+00:00
2967,0.12819,2026-09-27T02:56:01.329+00:00
2968,0.14067,2026-09-27T02:56:06.338+00:00
2969,0.13502,2026-09-27T02:56:06.338+00:00
2970,0.13167,2026-09-27T02:56:06.338+00:00
2971,0.13680,2026-09-27T02:56:06.338+00:00
2972,0.13479,2026-09-27T02:56:11.345+00:00
2973,0.13018,2026-09-27T02:56:11.345+00:00
2974,0.13658,2026-09-27T02:56:11.345+00:00
2975,0.12920,2026-09-27T02:56:16.352+00:00
2976,0.13045,2026-09-27T02:56:16.352+00:00
2977,0.13818,2026-09-27T02:56:16.352+00:00
2978,0.13252,2026-09-27T02:56:16.352+00:00
2979,0.12841,2026-09-27T02:56:21.359+00:00
2980,0.13082,2026-09-27T02:56:21.359+00:00
2981,0.13817,2026-09-27T02:56:21.359+00:00
2982,0.13186,2026-09-27T02:56:26.366+00:00
2983,0.13176,2026-09-27T02:56:26.366+00:00
2984,0.12894,2026-09-27T02:56:26.366+00:00
2985,0.12927,2026-09-27T02:56:31.373+00:00
2986,0.14667,2026-09-27T02:56:31.373+00:00
2987,0.13905,2026-09-27T02:56:31.373+00:00
2988,0.12616,2026-09-27T02:56:31.373+00:00
2989,0.13079,2026-09-27T02:56:36.382+00:00
2990,0.14484,2026-09-27T02:56:36.382+00:00
2991,0.13243,2026-09-27T02:56:36.382+00:00
2992,0.13238,2026-09-27T02:56:41.388+00:00
2993,0.13037,2026-09-27T02:56:41.388+00:00
2994,0.14499,2026-09-27T02:56:41.388+00:00
2995,0.12655,2026-09-27T02:56:46.395+00:00
2996,0.13644,2026-09-27T02:56:46.396+00:00
2997,0.13262,2026-09-27T02:56:46.396+00:00
2998,0.13237,2026-09-27T02:56:46.396+00:00
2999,0.13318,2026-09-27T02:56:51.403+00:00
3000,0.13198,2026-09-27T02:56:51.403+00:00
3001,0.14099,2026-09-27T02:56:51.403+00:00
3002,0.12821,2026-09-27T02:56:56.410+00:00
3003,0.13176,2026-09-27T02:56:56.410+00:00
3004,0.13348,2026-09-27T02:56:56.410+00:00
3005,0.12899,2026-09-27T02:57:01.419+00:00
3006,0.13398,2026-09-27T02:57:01.419+00:00
3007,0.12569,2026-09-27T02:57:01.419+00:00
3008,0.13376,2026-09-27T02:57:01.419+00:00
3009,0.13809,2026-09-27T02:57:06.428+00:00
3010,0.12518,2026-09-27T02:57:06.428+00:00
3011,0.13471,2026-09-27T02:57:06.428+00:00
3012,0.13016,2026-09-27T02:57:11.435+00:00
3013,0.13632,2026-09-27T02:57:11.436+00:00
3014,0.13019,2026-09-27T02:57:11.436+00:00
3015,0.13167,2026-09-27T02:57:11.436+00:00
3016,0.13574,2026-09-27T02:57:16.443+00:00
3017,0.12990,2026-09-27T02:57:16.443+00:00
3018,0.13205,2026-09-27T02:57:16.443+00:00
3019,0.12650,2026-09-27T02:57:21.450+00:00
3020,0.13658,2026-09-27T02:57:21.450+00:00
3021,0.13279,2026-09-27T02:57:21.450+00:00
3022,0.13388,2026-09-27T02:57:26.457+00:00
3023,0.13260,2026-09-27T02:57:26.457+00:00
3024,0.13406,2026-09-27T02:57:26.457+00:00
3025,0.13869,2026-09-27T02:57:26.457+00:00
3026,0.13509,2026-09-27T02:57:31.464+00:00
3027,0.13754,2026-09-27T02:57:31.465+00:00
3028,0.13642,2026-09-27T02:57:31.465+00:00
3029,0.13232,2026-09-27T02:57:36.475+00:00
3030,0.13369,2026-09-27T02:57:36.475+00:00
3031,0.13101,2026-09-27T02:57:36.475+00:00
3032,0.13112,2026-09-27T02:57:36.476+00:00
3033,0.12707,2026-09-27T02:57:41.483+00:00
3034,0.13007,2026-09-27T02:57:41.483+00:00
3035,0.13577,2026-09-27T02:57:41.483+00:00
3036,0.12845,2026-09-27T02:57:46.490+00:00
3037,0.13464,2026-09-27T02:57:46.490+00:00
3038,0.12922,2026-09-27T02:57:46.491+00:00
3039,0.14283,2026-09-27T02:57:51.498+00:00
3040,0.12678,2026-09-27T02:57:51.498+00:00
3041,0.13330,2026-09-27T02:57:51.498+00:00
3042,0.13677,2026-09-27T02:57:51.498+00:00
3043,0.12836,2026-09-27T02:57:56.506+00:00
3044,0.12623,2026-09-27T02:57:56.506+00:00
3045,0.13422,2026-09-27T02:57:56.506+00:00
3046,0.13513,2026-09-27T02:58:01.514+00:00
3047,0.13789,2026-09-27T02:58:01.514+00:00
3048,0.12800,2026-09-27T02:58:01.514+00:00
3049,0.12942,2026-09-27T02:58:06.523+00:00
3050,0.13853,2026-09-27T02:58:06.523+00:00
3051,0.13973,2026-09-27T02:58:06.523+00:00
3052,0.12909,2026-09-27T02:58:06.524+00:00
3053,0.12746,2026-09-27T02:58:11.530+00:00
3054,0.12855,2026-09-27T02:58:11.531+00:00
3055,0.13759,2026-09-27T02:58:11.531+00:00
3056,0.13401,2026-09-27T02:58:16.538+00:00
3057,0.13875,2026-09-27T02:58:16.538+00:00
3058,0.13601,2026-09-27T02:58:16.538+00:00
3059,0.12328,2026-09-27T02:58:16.538+00:00
3060,0.13435,2026-09-27T02:58:21.546+00:00
3061,0.12887,2026-09-27T02:58:21.546+00:00
3062,0.13459,2026-09-27T02:58:21.546+00:00
3063,0.13718,2026-09-27T02:58:26.553+00:00
3064,0.14378,2026-09-27T02:58:26.553+00:00
3065,0.13219,2026-09-27T02:58:26.553+00:00
3066,0.14068,2026-09-27T02:58:31.561+00:00
3067,0.13632,2026-09-27T02:58:31.561+00:00
3068,0.13099,2026-09-27T02:58:31.561+00:00
3069,0.13280,2026-09-27T02:58:36.570+00:00
3070,0.13257,2026-09-27T02:58:36.570+00:00
3071,0.13544,2026-09-27T02:58:36.570+00:00
3072,0.13581,2026-09-27T02:58:36.570+00:00
3073,0.13236,2026-09-27T02:58:41.577+00:00
3074,0.14098,2026-09-27T02:58:41.578+00:00
3075,0.12875,2026-09-27T02:58:41.578+00:00
3076,0.13000,2026-09-27T02:58:46.585+00:00
3077,0.13476,2026-09-27T02:58:46.585+00:00
3078,0.12246,2026-09-27T02:58:46.585+00:00
3079,0.13155,2026-09-27T02:58:46.585+00:00
3080,0.13273,2026-09-27T02:58:51.592+00:00
3081,0.13786,2026-09-27T02:58:51.592+00:00
3082,0.13517,2026-09-27T02:58:51.592+00:00
3083,0.13994,2026-09-27T02:58:56.599+00:00
3084,0.13856,2026-09-27T02:58:56.600+00:00
3085,0.14178,2026-09-27T02:58:56.600+00:00
3086,0.14783,2026-09-27T02:59:01.608+00:00
3087,0.12995,2026-09-27T02:59:01.608+00:00
3088,0.12754,2026-09-27T02:59:01.608+00:00
3089,0.13927,2026-09-27T02:59:06.618+00:00
3090,0.13493,2026-09-27T02:59:06.618+00:00
3091,0.13144,2026-09-27T02:59:06.618+00:00
3092,0.14027,2026-09-27T02:59:06.618+00:00
3093,0.13462,2026-09-27T02:59:11.625+00:00
3094,0.14070,2026-09-27T02:59:11.625+00:00
3095,0.12837,2026-09-27T02:59:11.626+00:00
3096,0.13321,2026-09-27T02:59:16.633+00:00
3097,0.13083,2026-09-27T02:59:16.633+00:00
3098,0.11979,2026-09-27T02:59:16.633+00:00
3099,0.13752,2026-09-27T02:59:21.640+00:00
3100,0.13394,2026-09-27T02:59:21.640+00:00
3101,0.12451,2026-09-27T02:59:21.640+00:00
3102,0.13105,2026-09-27T02:59:21.640+00:00
3103,0.12755,2026-09-27T02:59:26.647+00:00
3104,0.13461,2026-09-27T02:59:26.647+00:00
3105,0.13522,2026-09-27T02:59:26.648+00:00
3106,0.13333,2026-09-27T02:59:31.654+00:00
3107,0.13813,2026-09-27T02:59:31.654+00:00
3108,0.12703,2026-09-27T02:59:31.654+00:00
3109,0.13047,2026-09-27T02:59:31.654+00:00
3110,0.12861,2026-09-27T02:59:36.665+00:00
3111,0.13839,2026-09-27T02:59:36.665+00:00
3112,0.12513,2026-09-27T02:59:36.665+00:00
3113,0.13324,2026-09-27T02:59:41.672+00:00
3114,0.13123,2026-09-27T02:59:41.672+00:00
3115,0.12501,2026-09-27T02:59:41.672+00:00
3116,0.13297,2026-09-27T02:59:46.680+00:00
3117,0.12660,2026-09-27T02:59:46.680+00:00
3118,0.13449,2026-09-27T02:59:46.680+00:00
3119,0.13443,2026-09-27T02:59:46.680+00:00
3120,0.13233,2026-09-27T02:59:51.687+00:00
3121,0.13537,2026-09-27T02:59:51.687+00:00
3122,0.15147,2026-09-27T02:59:51.687+00:00
3123,0.13480,2026-09-27T02:59:56.695+00:00
3124,0.13922,2026-09-27T02:59:56.695+00:00
3125,0.13239,2026-09-27T02:59:56.695+00:00
3126,0.13950,2026-09-27T02:59:56.695+00:00
3127,0.13234,2026-09-27T03:00:01.703+00:00
3128,0.13051,2026-09-27T03:00:01.703+00:00
3129,0.13294,2026-09-27T03:00:01.703+00:00
3130,0.12867,2026-09-27T03:00:06.714+00:00
3131,0.12900,2026-09-27T03:00:06.714+00:00
3132,0.13316,2026-09-27T03:00:06.714+00:00
3133,0.13306,2026-09-27T03:00:11.722+00:00
3134,0.12859,2026-09-27T03:00:11.722+00:00
3135,0.13067,2026-09-27T03:00:11.722+00:00
3136,0.13096,2026-09-27T03:00:11.722+00:00
3137,0.12405,2026-09-27T03:00:16.729+00:00
3138,0.12348,2026-09-27T03:00:16.729+00:00
3139,0.13616,2026-09-27T03:00:16.730+00:00
3140,0.12657,2026-09-27T03:00:21.736+00:00
3141,0.13731,2026-09-27T03:00:21.737+00:00
3142,0.14232,2026-09-27T03:00:21.737+00:00
3143,0.14446,2026-09-27T03:00:21.737+00:00
3144,0.13037,2026-09-27T03:00:26.744+00:00
3145,0.13006,2026-09-27T03:00:26.744+00:00
3146,0.13067,2026-09-27T03:00:26.744+00:00
3147,0.13739,2026-09-27T03:00:31.750+00:00
3148,0.12903,2026-09-27T03:00:31.750+00:00
3149,0.14051,2026-09-27T03:00:31.750+00:00
3150,0.13745,2026-09-27T03:00:36.759+00:00
3151,0.14252,2026-09-27T03:00:36.759+00:00
3152,0.14239,2026-09-27T03:00:36.759+00:00
3153,0.13887,2026-09-27T03:00:36.759+00:00
3154,0.13181,2026-09-27T03:00:41.767+00:00
3155,0.13155,2026-09-27T03:00:41.767+00:00
3156,0.13318,2026-09-27T03:00:41.767+00:00
3157,0.13275,2026-09-27T03:00:46.774+00:00
3158,0.13073,2026-09-27T03:00:46.774+00:00
3159,0.12822,2026-09-27T03:00:46.774+00:00
3160,0.13399,2026-09-27T03:00:51.782+00:00
3161,0.13400,2026-09-27T03:00:51.782+00:00
3162,0.13444,2026-09-27T03:00:51.782+00:00
3163,0.12900,2026-09-27T03:00:51.782+00:00
3164,0.13983,2026-09-27T03:00:56.789+00:00
3165,0.12879,2026-09-27T03:00:56.789+00:00
3166,0.12512,2026-09-27T03:00:56.789+00:00
3167,0.13313,2026-09-27T03:01:01.797+00:00
3168,0.13854,2026-09-27T03:01:01.798+00:00
3169,0.12703,2026-09-27T03:01:01.798+00:00
3170,0.13176,2026-09-27T03:01:06.808+00:00
3171,0.12810,2026-09-27T03:01:06.808+00:00
3172,0.13446,2026-09-27T03:01:06.808+00:00
3173,0.13003,2026-09-27T03:01:06.808+00:00
3174,0.14083,2026-09-27T03:01:11.815+00:00
3175,0.13145,2026-09-27T03:01:11.815+00:00
3176,0.13589,2026-09-27T03:01:11.815+00:00
3177,0.12885,2026-09-27T03:01:16.822+00:00
3178,0.15180,2026-09-27T03:01:16.822+00:00
3179,0.15652,2026-09-27T03:01:16.822+00:00
3180,0.12102,2026-09-27T03:01:16.822+00:00
3181,0.13255,2026-09-27T03:01:21.829+00:00
3182,0.13868,2026-09-27T03:01:21.829+00:00
3183,0.13202,2026-09-27T03:01:21.829+00:00
3184,0.12927,2026-09-27T03:01:26.837+00:00
3185,0.13265,2026-09-27T03:01:26.837+00:00
3186,0.13613,2026-09-27T03:01:26.837+00:00
3187,0.12961,2026-09-27T03:01:31.844+00:00
3188,0.12436,2026-09-27T03:01:31.844+00:00
3189,0.12678,2026-09-27T03:01:31.844+00:00
3190,0.13257,2026-09-27T03:01:31.844+00:00
3191,0.13478,2026-09-27T03:01:36.854+00:00
3192,0.12949,2026-09-27T03:01:36.854+00:00
3193,0.13731,2026-09-27T03:01:36.855+00:00
3194,0.13127,2026-09-27T03:01:41.861+00:00
3195,0.14245,2026-09-27T03:01:41.861+00:00
3196,0.13019,2026-09-27T03:01:41.861+00:00
3197,0.12932,2026-09-27T03:01:41.861+00:00
3198,0.12449,2026-09-27T03:01:46.869+00:00
3199,0.13704,2026-09-27T03:01:46.869+00:00
3200,0.12895,2026-09-27T03:01:46.869+00:00
3201,0.12551,2026-09-27T03:01:51.877+00:00
3202,0.12863,2026-09-27T03:01:51.877+00:00
3203,0.13173,2026-09-27T03:01:51.877+00:00
3204,0.13407,2026-09-27T03:01:51.877+00:00
3205,0.13477,2026-09-27T03:01:56.885+00:00
3206,0.12889,2026-09-27T03:01:56.885+00:00
3207,0.13535,2026-09-27T03:01:56.885+00:00
3208,0.12441,2026-09-27T03:02:01.893+00:00
3209,0.13480,2026-09-27T03:02:01.893+00:00
3210,0.13181,2026-09-27T03:02:01.894+00:00
3211,0.13726,2026-09-27T03:02:06.904+00:00
3212,0.12704,2026-09-27T03:02:06.904+00:00
3213,0.12765,2026-09-27T03:02:06.904+00:00
3214,0.14324,2026-09-27T03:02:06.904+00:00
3215,0.13676,2026-09-27T03:02:11.910+00:00
3216,0.13500,2026-09-27T03:02:11.910+00:00
3217,0.13423,2026-09-27T03:02:11.910+00:00
3218,0.13128,2026-09-27T03:02:16.917+00:00
3219,0.13472,2026-09-27T03:02:16.917+00:00
3220,0.13101,2026-09-27T03:02:16.918+00:00
3221,0.13385,2026-09-27T03:02:21.925+00:00
3222,0.13513,2026-09-27T03:02:21.925+00:00
3223,0.12874,2026-09-27T03:02:21.925+00:00
3224,0.13219,2026-09-27T03:02:21.925+00:00
3225,0.12450,2026-09-27T03:02:26.932+00:00
3226,0.13856,2026-09-27T03:02:26.932+00:00
3227,0.13694,2026-09-27T03:02:26.932+00:00
3228,0.14473,2026-09-27T03:02:31.939+00:00
3229,0.14048,2026-09-27T03:02:31.939+00:00
3230,0.13450,2026-09-27T03:02:31.939+00:00
3231,0.13317,2026-09-27T03:02:36.948+00:00
3232,0.14083,2026-09-27T03:02:36.948+00:00
3233,0.12921,2026-09-27T03:02:36.948+00:00
3234,0.13064,2026-09-27T03:02:36.948+00:00
3235,0.14016,2026-09-27T03:02:41.956+00:00
3236,0.13161,2026-09-27T03:02:41.956+00:00
3237,0.12785,2026-09-27T03:02:41.956+00:00
3238,0.13083,2026-09-27T03:02:46.963+00:00
3239,0.11854,2026-09-27T03:02:46.963+00:00
3240,0.12800,2026-09-27T03:02:46.963+00:00
3241,0.13470,2026-09-27T03:02:46.963+00:00
3242,0.13124,2026-09-27T03:02:51.970+00:00
3243,0.13198,2026-09-27T03:02:51.970+00:00
3244,0.12329,2026-09-27T03:02:51.970+00:00
3245,0.13624,2026-09-27T03:02:56.978+00:00
3246,0.12744,2026-09-27T03:02:56.978+00:00
3247,0.13527,2026-09-27T03:02:56.978+00:00
3248,0.13164,2026-09-27T03:02:56.978+00:00
3249,0.13472,2026-09-27T03:03:01.987+00:00
3250,0.13073,2026-09-27T03:03:01.987+00:00
3251,0.12838,2026-09-27T03:03:01.987+00:00
3252,0.12477,2026-09-27T03:03:06.997+00:00
3253,0.12651,2026-09-27T03:03:06.997+00:00
3254,0.13107,2026-09-27T03:03:06.997+00:00
3255,0.13608,2026-09-27T03:03:12.004+00:00
3256,0.13380,2026-09-27T03:03:12.004+00:00
3257,0.13617,2026-09-27T03:03:12.004+00:00
3258,0.13581,2026-09-27T03:03:12.004+00:00
3259,0.14189,2026-09-27T03:03:17.012+00:00
3260,0.13771,2026-09-27T03:03:17.012+00:00
3261,0.13582,2026-09-27T03:03:17.012+00:00
3262,0.13577,2026-09-27T03:03:22.019+00:00
3263,0.13279,2026-09-27T03:03:22.019+00:00
3264,0.12470,2026-09-27T03:03:22.019+00:00
3265,0.13075,2026-09-27T03:03:27.026+00:00
3266,0.12786,2026-09-27T03:03:27.027+00:00
3267,0.13093,2026-09-27T03:03:27.027+00:00
3268,0.13483,2026-09-27T03:03:27.027+00:00
3269,0.12180,2026-09-27T03:03:32.034+00:00
3270,0.12946,2026-09-27T03:03:32.034+00:00
3271,0.13320,2026-09-27T03:03:32.034+00:00
3272,0.13409,2026-09-27T03:03:37.044+00:00
3273,0.13771,2026-09-27T03:03:37.044+00:00
3274,0.12595,2026-09-27T03:03:37.045+00:00
3275,0.13269,2026-09-27T03:03:37.045+00:00
3276,0.14211,2026-09-27T03:03:42.052+00:00
3277,0.13929,2026-09-27T03:03:42.052+00:00
3278,0.13974,2026-09-27T03:03:42.052+00:00
3279,0.13033,2026-09-27T03:03:47.060+00:00
3280,0.13069,2026-09-27T03:03:47.060+00:00
3281,0.13120,2026-09-27T03:03:47.060+00:00
3282,0.13027,2026-09-27T03:03:47.060+00:00
3283,0.13472,2026-09-27T03:03:52.067+00:00
3284,0.12693,2026-09-27T03:03:52.067+00:00
3285,0.12850,2026-09-27T03:03:52.067+00:00
3286,0.13600,2026-09-27T03:03:57.074+00:00
3287,0.13723,2026-09-27T03:03:57.074+00:00
3288,0.13707,2026-09-27T03:03:57.075+00:00
3289,0.13435,2026-09-27T03:04:02.083+00:00
3290,0.13227,2026-09-27T03:04:02.083+00:00
3291,0.13181,2026-09-27T03:04:02.083+00:00
3292,0.13482,2026-09-27T03:04:02.083+00:00
3293,0.12698,2026-09-27T03:04:07.093+00:00
3294,0.12440,2026-09-27T03:04:07.094+00:00
3295,0.12560,2026-09-27T03:04:07.094+00:00
3296,0.14094,2026-09-27T03:04:12.100+00:00
3297,0.12860,2026-09-27T03:04:12.101+00:00
3298,0.13172,2026-09-27T03:04:12.101+00:00
3299,0.13077,2026-09-27T03:04:12.101+00:00
3300,0.13955,2026-09-27T03:04:17.107+00:00
3301,0.14419,2026-09-27T03:04:17.108+00:00
3302,0.13005,2026-09-27T03:04:17.108+00:00
3303,0.13416,2026-09-27T03:04:22.115+00:00
3304,0.13201,2026-09-27T03:04:22.115+00:00
3305,0.13582,2026-09-27T03:04:22.115+00:00
3306,0.12967,2026-09-27T03:04:22.115+00:00
3307,0.13630,2026-09-27T03:04:27.122+00:00
3308,0.12928,2026-09-27T03:04:27.122+00:00
3309,0.13398,2026-09-27T03:04:27.122+00:00
3310,0.14004,2026-09-27T03:04:32.130+00:00
3311,0.12815,2026-09-27T03:04:32.130+00:00
3312,0.13084,2026-09-27T03:04:32.130+00:00
3313,0.13087,2026-09-27T03:04:37.140+00:00
3314,0.13370,2026-09-27T03:04:37.140+00:00
3315,0.13311,2026-09-27T03:04:37.140+00:00
3316,0.12831,2026-09-27T03:04:37.141+00:00
3317,0.11974,2026-09-27T03:04:42.148+00:00
3318,0.12904,2026-09-27T03:04:42.148+00:00
3319,0.13127,2026-09-27T03:04:42.148+00:00
3320,0.13148,2026-09-27T03:04:47.156+00:00
3321,0.13126,2026-09-27T03:04:47.156+00:00
3322,0.13294,2026-09-27T03:04:47.156+00:00
3323,0.13280,2026-09-27T03:04:52.161+00:00
3324,0.12914,2026-09-27T03:04:52.162+00:00
3325,0.13352,2026-09-27T03:04:52.162+00:00
3326,0.12078,2026-09-27T03:04:52.162+00:00
3327,0.13672,2026-09-27T03:04:57.169+00:00
3328,0.13150,2026-09-27T03:04:57.169+00:00
3329,0.13605,2026-09-27T03:04:57.169+00:00
3330,0.13105,2026-09-27T03:05:02.177+00:00
3331,0.12934,2026-09-27T03:05:02.177+00:00
3332,0.13051,2026-09-27T03:05:02.177+00:00
3333,0.12290,2026-09-27T03:05:07.186+00:00
3334,0.13862,2026-09-27T03:05:07.186+00:00
3335,0.13305,2026-09-27T03:05:07.187+00:00
3336,0.12879,2026-09-27T03:05:07.187+00:00
3337,0.13636,2026-09-27T03:05:12.194+00:00
3338,0.12836,2026-09-27T03:05:12.194+00:00
3339,0.13487,2026-09-27T03:05:12.194+00:00
3340,0.12966,2026-09-27T03:05:17.201+00:00
3341,0.12273,2026-09-27T03:05:17.201+00:00
3342,0.13421,2026-09-27T03:05:17.202+00:00
3343,0.13959,2026-09-27T03:05:17.202+00:00
3344,0.12624,2026-09-27T03:05:22.209+00:00
3345,0.13107,2026-09-27T03:05:22.209+00:00
3346,0.13198,2026-09-27T03:05:22.209+00:00
3347,0.13187,2026-09-27T03:05:27.217+00:00
3348,0.12918,2026-09-27T03:05:27.217+00:00
3349,0.13070,2026-09-27T03:05:27.217+00:00
3350,0.12885,2026-09-27T03:05:27.217+00:00
3351,0.14181,2026-09-27T03:05:32.225+00:00
3352,0.12670,2026-09-27T03:05:32.225+00:00
3353,0.12997,2026-09-27T03:05:32.225+00:00
3354,0.12893,2026-09-27T03:05:37.234+00:00
3355,0.13568,2026-09-27T03:05:37.234+00:00
3356,0.13533,2026-09-27T03:05:37.234+00:00
3357,0.12650,2026-09-27T03:05:42.242+00:00
3358,0.12676,2026-09-27T03:05:42.242+00:00
3359,0.14201,2026-09-27T03:05:42.242+00:00
3360,0.13760,2026-09-27T03:05:42.242+00:00
3361,0.12881,2026-09-27T03:05:47.249+00:00
3362,0.13584,2026-09-27T03:05:47.249+00:00
3363,0.14272,2026-09-27T03:05:47.250+00:00
3364,0.13377,2026-09-27T03:05:52.257+00:00
3365,0.13908,2026-09-27T03:05:52.257+00:00
3366,0.13318,2026-09-27T03:05:52.257+00:00
3367,0.12996,2026-09-27T03:05:57.264+00:00
3368,0.12944,2026-09-27T03:05:57.264+00:00
3369,0.13825,2026-09-27T03:05:57.264+00:00
3370,0.13392,2026-09-27T03:05:57.265+00:00
3371,0.13355,2026-09-27T03:06:02.273+00:00
3372,0.12998,2026-09-27T03:06:02.273+00:00
3373,0.13470,2026-09-27T03:06:02.273+00:00
3374,0.12579,2026-09-27T03:06:07.282+00:00
3375,0.13987,2026-09-27T03:06:07.283+00:00
3376,0.13456,2026-09-27T03:06:07.283+00:00
3377,0.15182,2026-09-27T03:06:12.290+00:00
3378,0.15651,2026-09-27T03:06:12.290+00:00
3379,0.12963,2026-09-27T03:06:12.290+00:00
3380,0.12731,2026-09-27T03:06:17.297+00:00
3381,0.12040,2026-09-27T03:06:17.297+00:00
3382,0.13636,2026-09-27T03:06:17.297+00:00
3383,0.13189,2026-09-27T03:06:17.297+00:00
3384,0.13697,2026-09-27T03:06:22.304+00:00
3385,0.14361,2026-09-27T03:06:22.304+00:00
3386,0.13416,2026-09-27T03:06:22.304+00:00
3387,0.13625,2026-09-27T03:06:27.312+00:00
3388,0.14046,2026-09-27T03:06:27.312+00:00
3389,0.12555,2026-09-27T03:06:27.312+00:00
3390,0.13690,2026-09-27T03:06:32.319+00:00
3391,0.12986,2026-09-27T03:06:32.319+00:00
3392,0.12228,2026-09-27T03:06:32.319+00:00
3393,0.12668,2026-09-27T03:06:32.319+00:00
3394,0.12850,2026-09-27T03:06:37.330+00:00
3395,0.13710,2026-09-27T03:06:37.330+00:00
3396,0.14006,2026-09-27T03:06:37.330+00:00
3397,0.13411,2026-09-27T03:06:42.338+00:00
3398,0.13451,2026-09-27T03:06:42.338+00:00
3399,0.13050,2026-09-27T03:06:42.338+00:00
3400,0.12783,2026-09-27T03:06:42.338+00:00
3401,0.13135,2026-09-27T03:06:47.345+00:00
3402,0.13290,2026-09-27T03:06:47.346+00:00
3403,0.13582,2026-09-27T03:06:47.346+00:00
3404,0.12813,2026-09-27T03:06:52.353+00:00
3405,0.14047,2026-09-27T03:06:52.353+00:00
3406,0.13570,2026-09-27T03:06:52.353+00:00
3407,0.13992,2026-09-27T03:06:52.354+00:00
3408,0.12725,2026-09-27T03:06:57.361+00:00
3409,0.13096,2026-09-27T03:06:57.361+00:00
3410,0.13402,2026-09-27T03:06:57.361+00:00
3411,0.13447,2026-09-27T03:07:02.369+00:00
3412,0.13557,2026-09-27T03:07:02.369+00:00
3413,0.14108,2026-09-27T03:07:02.370+00:00
3414,0.13412,2026-09-27T03:07:07.379+00:00
3415,0.13800,2026-09-27T03:07:07.379+00:00
3416,0.13756,2026-09-27T03:07:07.379+00:00
3417,0.13156,2026-09-27T03:07:12.386+00:00
3418,0.12392,2026-09-27T03:07:12.386+00:00
3419,0.12606,2026-09-27T03:07:12.386+00:00
3420,0.13143,2026-09-27T03:07:12.386+00:00
3421,0.12671,2026-09-27T03:07:17.393+00:00
3422,0.12967,2026-09-27T03:07:17.394+00:00
3423,0.13593,2026-09-27T03:07:17.394+00:00
3424,0.13278,2026-09-27T03:07:22.402+00:00
3425,0.13152,2026-09-27T03:07:22.402+00:00
3426,0.13665,2026-09-27T03:07:22.402+00:00
3427,0.13750,2026-09-27T03:07:22.402+00:00
3428,0.13553,2026-09-27T03:07:27.410+00:00
3429,0.14518,2026-09-27T03:07:27.410+00:00
3430,0.13494,2026-09-27T03:07:27.410+00:00
3431,0.12412,2026-09-27T03:07:32.417+00:00
3432,0.12554,2026-09-27T03:07:32.417+00:00
3433,0.12997,2026-09-27T03:07:32.417+00:00
3434,0.12979,2026-09-27T03:07:37.427+00:00
3435,0.13185,2026-09-27T03:07:37.427+00:00
3436,0.13125,2026-09-27T03:07:37.428+00:00
3437,0.13922,2026-09-27T03:07:37.428+00:00
3438,0.13957,2026-09-27T03:07:42.435+00:00
3439,0.12841,2026-09-27T03:07:42.435+00:00
3440,0.13391,2026-09-27T03:07:42.435+00:00
3441,0.13129,2026-09-27T03:07:47.442+00:00
3442,0.13637,2026-09-27T03:07:47.442+00:00
3443,0.12653,2026-09-27T03:07:47.442+00:00
3444,0.13388,2026-09-27T03:07:52.450+00:00
3445,0.13819,2026-09-27T03:07:52.450+00:00
3446,0.13104,2026-09-27T03:07:52.450+00:00
3447,0.13054,2026-09-27T03:07:52.450+00:00
3448,0.13402,2026-09-27T03:07:57.456+00:00
3449,0.13379,2026-09-27T03:07:57.456+00:00
3450,0.13043,2026-09-27T03:07:57.456+00:00
3451,0.13977,2026-09-27T03:08:02.463+00:00
3452,0.13473,2026-09-27T03:08:02.463+00:00
3453,0.13461,2026-09-27T03:08:02.463+00:00
3454,0.14169,2026-09-27T03:08:07.471+00:00
3455,0.13191,2026-09-27T03:08:07.471+00:00
3456,0.13228,2026-09-27T03:08:07.471+00:00
3457,0.12914,2026-09-27T03:08:07.471+00:00
3458,0.12264,2026-09-27T03:08:12.477+00:00
3459,0.13464,2026-09-27T03:08:12.477+00:00
3460,0.14046,2026-09-27T03:08:12.478+00:00
3461,0.12698,2026-09-27T03:08:17.484+00:00
3462,0.13658,2026-09-27T03:08:17.484+00:00
3463,0.12553,2026-09-27T03:08:17.484+00:00
3464,0.12954,2026-09-27T03:08:17.484+00:00
3465,0.13363,2026-09-27T03:08:22.490+00:00
3466,0.12659,2026-09-27T03:08:22.490+00:00
3467,0.15155,2026-09-27T03:08:22.490+00:00
3468,0.15572,2026-09-27T03:08:27.496+00:00
3469,0.13768,2026-09-27T03:08:27.496+00:00
3470,0.12616,2026-09-27T03:08:27.496+00:00
3471,0.13081,2026-09-27T03:08:27.496+00:00
3472,0.13207,2026-09-27T03:08:32.503+00:00
3473,0.13512,2026-09-27T03:08:32.503+00:00
3474,0.12621,2026-09-27T03:08:32.503+00:00
3475,0.12608,2026-09-27T03:08:37.512+00:00
3476,0.12790,2026-09-27T03:08:37.512+00:00
3477,0.13000,2026-09-27T03:08:37.512+00:00
3478,0.12538,2026-09-27T03:08:42.519+00:00
3479,0.13240,2026-09-27T03:08:42.519+00:00
3480,0.13423,2026-09-27T03:08:42.519+00:00
3481,0.13239,2026-09-27T03:08:42.519+00:00
3482,0.12579,2026-09-27T03:08:47.526+00:00
3483,0.12744,2026-09-27T03:08:47.526+00:00
3484,0.12974,2026-09-27T03:08:47.526+00:00
3485,0.12752,2026-09-27T03:08:52.532+00:00
3486,0.12846,2026-09-27T03:08:52.532+00:00
3487,0.13502,2026-09-27T03:08:52.533+00:00
3488,0.12716,2026-09-27T03:08:57.539+00:00
3489,0.13319,2026-09-27T03:08:57.539+00:00
3490,0.14811,2026-09-27T03:08:57.539+00:00
3491,0.13001,2026-09-27T03:08:57.539+00:00
3492,0.13004,2026-09-27T03:09:02.546+00:00
3493,0.13421,2026-09-27T03:09:02.546+00:00
3494,0.12280,2026-09-27T03:09:02.546+00:00
3495,0.13586,2026-09-27T03:09:07.555+00:00
3496,0.12951,2026-09-27T03:09:07.555+00:00
3497,0.13892,2026-09-27T03:09:07.555+00:00
3498,0.13851,2026-09-27T03:09:12.562+00:00
3499,0.13852,2026-09-27T03:09:12.562+00:00
3500,0.13813,2026-09-27T03:09:12.562+00:00
3501,0.13728,2026-09-27T03:09:12.562+00:00
3502,0.13231,2026-09-27T03:09:17.569+00:00
3503,0.13616,2026-09-27T03:09:17.569+00:00
3504,0.12948,2026-09-27T03:09:17.569+00:00
3505,0.13496,2026-09-27T03:09:22.575+00:00
3506,0.13597,2026-09-27T03:09:22.575+00:00
3507,0.13505,2026-09-27T03:09:22.575+00:00
3508,0.14358,2026-09-27T03:09:22.575+00:00
3509,0.13210,2026-09-27T03:09:27.581+00:00
3510,0.13193,2026-09-27T03:09:27.581+00:00
3511,0.13665,2026-09-27T03:09:27.581+00:00
3512,0.12940,2026-09-27T03:09:32.587+00:00
3513,0.12930,2026-09-27T03:09:32.587+00:00
3514,0.13550,2026-09-27T03:09:32.587+00:00
3515,0.12943,2026-09-27T03:09:37.597+00:00
3516,0.12662,2026-09-27T03:09:37.597+00:00
3517,0.12898,2026-09-27T03:09:37.597+00:00
3518,0.14012,2026-09-27T03:09:42.603+00:00
3519,0.12959,2026-09-27T03:09:42.603+00:00
3520,0.13701,2026-09-27T03:09:42.603+00:00
3521,0.13176,2026-09-27T03:09:42.604+00:00
3522,0.14056,2026-09-27T03:09:47.610+00:00
3523,0.13054,2026-09-27T03:09:47.610+00:00
3524,0.13522,2026-09-27T03:09:47.610+00:00
3525,0.12809,2026-09-27T03:09:52.618+00:00
3526,0.12346,2026-09-27T03:09:52.618+00:00
3527,0.13557,2026-09-27T03:09:52.618+00:00
3528,0.12721,2026-09-27T03:09:52.618+00:00
3529,0.12954,2026-09-27T03:09:57.625+00:00
3530,0.12575,2026-09-27T03:09:57.625+00:00
3531,0.13119,2026-09-27T03:09:57.625+00:00
3532,0.13921,2026-09-27T03:10:02.633+00:00
3533,0.13905,2026-09-27T03:10:02.633+00:00
3534,0.13402,2026-09-27T03:10:02.633+00:00
3535,0.13109,2026-09-27T03:10:07.642+00:00
3536,0.11944,2026-09-27T03:10:07.642+00:00
3537,0.12916,2026-09-27T03:10:07.642+00:00
3538,0.13314,2026-09-27T03:10:07.642+00:00
3539,0.12289,2026-09-27T03:10:12.649+00:00
3540,0.13002,2026-09-27T03:10:12.649+00:00
3541,0.12345,2026-09-27T03:10:12.649+00:00
3542,0.13088,2026-09-27T03:10:17.655+00:00
3543,0.14019,2026-09-27T03:10:17.655+00:00
3544,0.13066,2026-09-27T03:10:17.656+00:00
3545,0.13469,2026-09-27T03:10:17.656+00:00
3546,0.13433,2026-09-27T03:10:22.662+00:00
3547,0.13523,2026-09-27T03:10:22.662+00:00
3548,0.14131,2026-09-27T03:10:22.662+00:00
3549,0.13423,2026-09-27T03:10:27.668+00:00
3550,0.12463,2026-09-27T03:10:27.668+00:00
3551,0.12749,2026-09-27T03:10:27.669+00:00
3552,0.13799,2026-09-27T03:10:32.675+00:00
3553,0.13145,2026-09-27T03:10:32.675+00:00
3554,0.13692,2026-09-27T03:10:32.675+00:00
3555,0.12409,2026-09-27T03:10:32.675+00:00
3556,0.13220,2026-09-27T03:10:37.684+00:00
3557,0.12987,2026-09-27T03:10:37.684+00:00
3558,0.12908,2026-09-27T03:10:37.684+00:00
3559,0.13461,2026-09-27T03:10:42.691+00:00
3560,0.12828,2026-09-27T03:10:42.691+00:00
3561,0.13319,2026-09-27T03:10:42.691+00:00
3562,0.13245,2026-09-27T03:10:47.697+00:00
3563,0.13289,2026-09-27T03:10:47.697+00:00
3564,0.14736,2026-09-27T03:10:47.697+00:00
3565,0.13980,2026-09-27T03:10:47.697+00:00
3566,0.13568,2026-09-27T03:10:52.704+00:00
3567,0.13661,2026-09-27T03:10:52.704+00:00
3568,0.12529,2026-09-27T03:10:52.704+00:00
3569,0.12667,2026-09-27T03:10:57.710+00:00
3570,0.12706,2026-09-27T03:10:57.711+00:00
3571,0.13945,2026-09-27T03:10:57.711+00:00
3572,0.13851,2026-09-27T03:11:02.718+00:00
3573,0.12895,2026-09-27T03:11:02.718+00:00
3574,0.14810,2026-09-27T03:11:02.718+00:00
3575,0.13273,2026-09-27T03:11:02.719+00:00
3576,0.13312,2026-09-27T03:11:07.728+00:00
3577,0.13497,2026-09-27T03:11:07.728+00:00
3578,0.13061,2026-09-27T03:11:07.729+00:00
3579,0.13530,2026-09-27T03:11:12.735+00:00
3580,0.13441,2026-09-27T03:11:12.735+00:00
3581,0.12370,2026-09-27T03:11:12.735+00:00
3582,0.13487,2026-09-27T03:11:12.735+00:00
3583,0.14562,2026-09-27T03:11:17.741+00:00
3584,0.14897,2026-09-27T03:11:17.741+00:00
3585,0.13956,2026-09-27T03:11:17.741+00:00
3586,0.13704,2026-09-27T03:11:22.748+00:00
3587,0.13234,2026-09-27T03:11:22.748+00:00
3588,0.13889,2026-09-27T03:11:22.748+00:00
3589,0.13718,2026-09-27T03:11:27.754+00:00
3590,0.13393,2026-09-27T03:11:27.754+00:00
3591,0.13147,2026-09-27T03:11:27.754+00:00
3592,0.13492,2026-09-27T03:11:32.760+00:00
3593,0.13337,2026-09-27T03:11:32.760+00:00
3594,0.13044,2026-09-27T03:11:32.761+00:00
3595,0.12867,2026-09-27T03:11:32.761+00:00
3596,0.12969,2026-09-27T03:11:37.770+00:00
3597,0.12875,2026-09-27T03:11:37.770+00:00
3598,0.13135,2026-09-27T03:11:37.770+00:00
3599,0.12817,2026-09-27T03:11:42.776+00:00
3600,0.13448,2026-09-27T03:11:42.776+00:00
3601,0.13286,2026-09-27T03:11:42.776+00:00
3602,0.13133,2026-09-27T03:11:42.776+00:00
3603,0.12499,2026-09-27T03:11:47.783+00:00
3604,0.12906,2026-09-27T03:11:47.783+00:00
3605,0.12012,2026-09-27T03:11:47.783+00:00
3606,0.12917,2026-09-27T03:11:52.789+00:00
3607,0.13344,2026-09-27T03:11:52.789+00:00
3608,0.13413,2026-09-27T03:11:52.789+00:00
3609,0.14027,2026-09-27T03:11:52.789+00:00
3610,0.12685,2026-09-27T03:11:57.796+00:00
3611,0.12822,2026-09-27T03:11:57.796+00:00
3612,0.13357,2026-09-27T03:11:57.796+00:00
3613,0.12795,2026-09-27T03:12:02.804+00:00
3614,0.13640,2026-09-27T03:12:02.804+00:00
3615,0.13788,2026-09-27T03:12:02.804+00:00
3616,0.13362,2026-09-27T03:12:07.812+00:00
3617,0.13590,2026-09-27T03:12:07.812+00:00
3618,0.13651,2026-09-27T03:12:07.812+00:00
3619,0.13437,2026-09-27T03:12:07.812+00:00
3620,0.13395,2026-09-27T03:12:12.817+00:00
3621,0.13623,2026-09-27T03:12:12.817+00:00
3622,0.12980,2026-09-27T03:12:12.817+00:00
3623,0.13514,2026-09-27T03:12:17.823+00:00
3624,0.12942,2026-09-27T03:12:17.824+00:00
3625,0.12030,2026-09-27T03:12:17.824+00:00
3626,0.12702,2026-09-27T03:12:22.830+00:00
3627,0.13217,2026-09-27T03:12:22.830+00:00
3628,0.13619,2026-09-27T03:12:22.830+00:00
3629,0.12750,2026-09-27T03:12:22.830+00:00
3630,0.13071,2026-09-27T03:12:27.837+00:00
3631,0.12829,2026-09-27T03:12:27.837+00:00
3632,0.13098,2026-09-27T03:12:27.837+00:00
3633,0.13113,2026-09-27T03:12:32.843+00:00
3634,0.13614,2026-09-27T03:12:32.843+00:00
3635,0.13114,2026-09-27T03:12:32.843+00:00
3636,0.14284,2026-09-27T03:12:32.843+00:00
3637,0.13212,2026-09-27T03:12:37.851+00:00
3638,0.13844,2026-09-27T03:12:37.852+00:00
3639,0.12873,2026-09-27T03:12:37.852+00:00
3640,0.14599,2026-09-27T03:12:42.857+00:00
3641,0.12440,2026-09-27T03:12:42.858+00:00
3642,0.13730,2026-09-27T03:12:42.858+00:00
3643,0.12618,2026-09-27T03:12:47.864+00:00
3644,0.13403,2026-09-27T03:12:47.864+00:00
3645,0.13506,2026-09-27T03:12:47.864+00:00
3646,0.13725,2026-09-27T03:12:47.864+00:00
3647,0.13457,2026-09-27T03:12:52.870+00:00
3648,0.13700,2026-09-27T03:12:52.870+00:00
3649,0.13299,2026-09-27T03:12:52.871+00:00
3650,0.13108,2026-09-27T03:12:57.877+00:00
3651,0.13498,2026-09-27T03:12:57.877+00:00
3652,0.13390,2026-09-27T03:12:57.877+00:00
3653,0.13186,2026-09-27T03:13:02.885+00:00
3654,0.13849,2026-09-27T03:13:02.885+00:00
3655,0.13085,2026-09-27T03:13:02.885+00:00
3656,0.14203,2026-09-27T03:13:02.885+00:00
3657,0.12164,2026-09-27T03:13:07.894+00:00
3658,0.13918,2026-09-27T03:13:07.894+00:00
3659,0.13287,2026-09-27T03:13:07.895+00:00
3660,0.13822,2026-09-27T03:13:12.901+00:00
3661,0.12453,2026-09-27T03:13:12.901+00:00
3662,0.13495,2026-09-27T03:13:12.902+00:00
3663,0.13595,2026-09-27T03:13:12.902+00:00
3664,0.12925,2026-09-27T03:13:17.908+00:00
3665,0.13213,2026-09-27T03:13:17.908+00:00
3666,0.13879,2026-09-27T03:13:17.908+00:00
3667,0.13391,2026-09-27T03:13:22.915+00:00
3668,0.12705,2026-09-27T03:13:22.915+00:00
3669,0.13242,2026-09-27T03:13:22.915+00:00
3670,0.13497,2026-09-27T03:13:22.915+00:00
3671,0.12431,2026-09-27T03:13:27.921+00:00
3672,0.13352,2026-09-27T03:13:27.921+00:00
3673,0.13828,2026-09-27T03:13:27.921+00:00
3674,0.13458,2026-09-27T03:13:32.928+00:00
3675,0.12556,2026-09-27T03:13:32.928+00:00
3676,0.13024,2026-09-27T03:13:32.928+00:00
3677,0.13361,2026-09-27T03:13:37.937+00:00
3678,0.14590,2026-09-27T03:13:37.937+00:00
3679,0.12579,2026-09-27T03:13:37.938+00:00
3680,0.12468,2026-09-27T03:13:37.938+00:00
3681,0.12476,2026-09-27T03:13:42.944+00:00
3682,0.14093,2026-09-27T03:13:42.944+00:00
3683,0.13826,2026-09-27T03:13:42.944+00:00
3684,0.13183,2026-09-27T03:13:47.951+00:00
3685,0.13267,2026-09-27T03:13:47.951+00:00
3686,0.13638,2026-09-27T03:13:47.951+00:00
3687,0.13161,2026-09-27T03:13:47.951+00:00
3688,0.13475,2026-09-27T03:13:52.957+00:00
3689,0.12931,2026-09-27T03:13:52.957+00:00
3690,0.13042,2026-09-27T03:13:52.957+00:00
3691,0.12712,2026-09-27T03:13:57.964+00:00
3692,0.13981,2026-09-27T03:13:57.964+00:00
3693,0.13322,2026-09-27T03:13:57.964+00:00
3694,0.13715,2026-09-27T03:14:02.971+00:00
3695,0.13153,2026-09-27T03:14:02.971+00:00
3696,0.13223,2026-09-27T03:14:02.971+00:00
3697,0.13328,2026-09-27T03:14:07.980+00:00
3698,0.12241,2026-09-27T03:14:07.980+00:00
3699,0.14369,2026-09-27T03:14:07.980+00:00
3700,0.13148,2026-09-27T03:14:07.980+00:00
3701,0.12774,2026-09-27T03:14:12.986+00:00
3702,0.13204,2026-09-27T03:14:12.986+00:00
3703,0.13228,2026-09-27T03:14:12.986+00:00
3704,0.13380,2026-09-27T03:14:17.993+00:00
3705,0.12972,2026-09-27T03:14:17.993+00:00
3706,0.12366,2026-09-27T03:14:17.993+00:00
3707,0.12356,2026-09-27T03:14:17.993+00:00
3708,0.13265,2026-09-27T03:14:23.000+00:00
3709,0.14215,2026-09-27T03:14:23.000+00:00
3710,0.12498,2026-09-27T03:14:23.000+00:00
3711,0.13351,2026-09-27T03:14:28.006+00:00
3712,0.13605,2026-09-27T03:14:28.006+00:00
3713,0.13242,2026-09-27T03:14:28.006+00:00
3714,0.13835,2026-09-27T03:14:33.013+00:00
3715,0.13375,2026-09-27T03:14:33.013+00:00
3716,0.12836,2026-09-27T03:14:33.013+00:00
3717,0.13574,2026-09-27T03:14:33.013+00:00
3718,0.12410,2026-09-27T03:14:38.022+00:00
3719,0.12920,2026-09-27T03:14:38.023+00:00
3720,0.14085,2026-09-27T03:14:38.023+00:00
3721,0.13600,2026-09-27T03:14:43.029+00:00
3722,0.13189,2026-09-27T03:14:43.029+00:00
3723,0.14136,2026-09-27T03:14:43.029+00:00
3724,0.12965,2026-09-27T03:14:48.036+00:00
3725,0.13335,2026-09-27T03:14:48.036+00:00
3726,0.12914,2026-09-27T03:14:48.036+00:00
3727,0.13210,2026-09-27T03:14:48.036+00:00
3728,0.12508,2026-09-27T03:14:53.042+00:00
3729,0.13744,2026-09-27T03:14:53.042+00:00
3730,0.13728,2026-09-27T03:14:53.042+00:00
3731,0.13761,2026-09-27T03:14:58.049+00:00
3732,0.13304,2026-09-27T03:14:58.049+00:00
3733,0.13338,2026-09-27T03:14:58.049+00:00
3734,0.13522,2026-09-27T03:15:03.056+00:00
3735,0.13181,2026-09-27T03:15:03.056+00:00
3736,0.13229,2026-09-27T03:15:03.056+00:00
3737,0.13118,2026-09-27T03:15:03.056+00:00
3738,0.13102,2026-09-27T03:15:08.065+00:00
3739,0.12769,2026-09-27T03:15:08.065+00:00
3740,0.13822,2026-09-27T03:15:08.065+00:00
3741,0.13836,2026-09-27T03:15:13.072+00:00
3742,0.12263,2026-09-27T03:15:13.072+00:00
3743,0.13749,2026-09-27T03:15:13.072+00:00
3744,0.12848,2026-09-27T03:15:18.079+00:00
3745,0.13141,2026-09-27T03:15:18.079+00:00
3746,0.13364,2026-09-27T03:15:18.079+00:00
3747,0.12924,2026-09-27T03:15:18.079+00:00
3748,0.13048,2026-09-27T03:15:23.086+00:00
3749,0.12550,2026-09-27T03:15:23.086+00:00
3750,0.13429,2026-09-27T03:15:23.086+00:00
3751,0.13094,2026-09-27T03:15:28.093+00:00
3752,0.13828,2026-09-27T03:15:28.094+00:00
3753,0.14068,2026-09-27T03:15:28.094+00:00
3754,0.13826,2026-09-27T03:15:28.094+00:00
3755,0.18686,2026-09-27T03:15:33.100+00:00
3756,0.18723,2026-09-27T03:15:33.100+00:00
3757,0.14839,2026-09-27T03:15:38.108+00:00
3758,0.13354,2026-09-27T03:15:38.109+00:00
3759,0.13256,2026-09-27T03:15:38.109+00:00
3760,0.13180,2026-09-27T03:15:38.109+00:00
3761,0.13539,2026-09-27T03:15:43.115+00:00
3762,0.13401,2026-09-27T03:15:43.115+00:00
3763,0.13010,2026-09-27T03:15:43.115+00:00
3764,0.12051,2026-09-27T03:15:48.122+00:00
3765,0.12841,2026-09-27T03:15:48.122+00:00
3766,0.13363,2026-09-27T03:15:48.122+00:00
3767,0.13617,2026-09-27T03:15:48.122+00:00
3768,0.13640,2026-09-27T03:15:53.129+00:00
3769,0.14105,2026-09-27T03:15:53.129+00:00
3770,0.13342,2026-09-27T03:15:53.129+00:00
3771,0.12287,2026-09-27T03:15:58.135+00:00
3772,0.14121,2026-09-27T03:15:58.135+00:00
3773,0.12745,2026-09-27T03:15:58.135+00:00
3774,0.14367,2026-09-27T03:16:03.143+00:00
3775,0.13273,2026-09-27T03:16:03.143+00:00
3776,0.14024,2026-09-27T03:16:03.144+00:00
3777,0.13530,2026-09-27T03:16:08.151+00:00
3778,0.12850,2026-09-27T03:16:08.151+00:00
3779,0.13096,2026-09-27T03:16:08.151+00:00
3780,0.13196,2026-09-27T03:16:08.151+00:00
3781,0.12417,2026-09-27T03:16:13.158+00:00
3782,0.12605,2026-09-27T03:16:13.158+00:00
3783,0.13787,2026-09-27T03:16:13.158+00:00
3784,0.13495,2026-09-27T03:16:18.165+00:00
3785,0.13237,2026-09-27T03:16:18.165+00:00
3786,0.13046,2026-09-27T03:16:18.165+00:00
3787,0.13899,2026-09-27T03:16:23.172+00:00
3788,0.14555,2026-09-27T03:16:23.172+00:00
3789,0.12890,2026-09-27T03:16:23.172+00:00
3790,0.12336,2026-09-27T03:16:23.172+00:00
3791,0.12242,2026-09-27T03:16:28.179+00:00
3792,0.13601,2026-09-27T03:16:28.179+00:00
3793,0.13108,2026-09-27T03:16:28.179+00:00
3794,0.13515,2026-09-27T03:16:33.186+00:00
3795,0.12823,2026-09-27T03:16:33.186+00:00
3796,0.13727,2026-09-27T03:16:33.186+00:00
3797,0.13108,2026-09-27T03:16:38.195+00:00
3798,0.12690,2026-09-27T03:16:38.195+00:00
3799,0.14444,2026-09-27T03:16:38.195+00:00
3800,0.15868,2026-09-27T03:16:43.201+00:00
3801,0.13176,2026-09-27T03:16:43.201+00:00
3802,0.12730,2026-09-27T03:16:43.202+00:00
3803,0.14342,2026-09-27T03:16:43.202+00:00
3804,0.13757,2026-09-27T03:16:48.208+00:00
3805,0.13768,2026-09-27T03:16:48.208+00:00
3806,0.13370,2026-09-27T03:16:48.208+00:00
3807,0.12639,2026-09-27T03:16:53.215+00:00
3808,0.14089,2026-09-27T03:16:53.215+00:00
3809,0.13244,2026-09-27T03:16:53.215+00:00
3810,0.14291,2026-09-27T03:16:58.221+00:00
3811,0.13555,2026-09-27T03:16:58.221+00:00
3812,0.13818,2026-09-27T03:16:58.222+00:00
3813,0.14372,2026-09-27T03:16:58.222+00:00
3814,0.13012,2026-09-27T03:17:03.229+00:00
3815,0.13947,2026-09-27T03:17:03.229+00:00
3816,0.13683,2026-09-27T03:17:03.229+00:00
3817,0.12606,2026-09-27T03:17:08.238+00:00
3818,0.12567,2026-09-27T03:17:08.238+00:00
3819,0.12932,2026-09-27T03:17:08.239+00:00
3820,0.14138,2026-09-27T03:17:13.245+00:00
3821,0.13502,2026-09-27T03:17:13.245+00:00
3822,0.13009,2026-09-27T03:17:13.245+00:00
3823,0.13741,2026-09-27T03:17:13.245+00:00
3824,0.13802,2026-09-27T03:17:18.252+00:00
3825,0.13364,2026-09-27T03:17:18.252+00:00
3826,0.13170,2026-09-27T03:17:18.252+00:00
3827,0.12970,2026-09-27T03:17:23.258+00:00
3828,0.13732,2026-09-27T03:17:23.258+00:00
3829,0.13450,2026-09-27T03:17:23.258+00:00
3830,0.13708,2026-09-27T03:17:28.264+00:00
3831,0.13204,2026-09-27T03:17:28.264+00:00
3832,0.13087,2026-09-27T03:17:28.265+00:00
3833,0.12618,2026-09-27T03:17:28.265+00:00
3834,0.12859,2026-09-27T03:17:33.271+00:00
3835,0.11881,2026-09-27T03:17:33.271+00:00
3836,0.13578,2026-09-27T03:17:33.271+00:00
3837,0.12643,2026-09-27T03:17:38.281+00:00
3838,0.12263,2026-09-27T03:17:38.281+00:00
3839,0.14555,2026-09-27T03:17:38.281+00:00
3840,0.12255,2026-09-27T03:17:38.281+00:00
3841,0.12802,2026-09-27T03:17:43.288+00:00
3842,0.13499,2026-09-27T03:17:43.288+00:00
3843,0.12800,2026-09-27T03:17:43.288+00:00
3844,0.13661,2026-09-27T03:17:48.295+00:00
3845,0.13845,2026-09-27T03:17:48.295+00:00
3846,0.14244,2026-09-27T03:17:48.295+00:00
3847,0.14295,2026-09-27T03:17:48.295+00:00
3848,0.13625,2026-09-27T03:17:53.302+00:00
3849,0.13859,2026-09-27T03:17:53.302+00:00
3850,0.14191,2026-09-27T03:17:53.302+00:00
3851,0.13668,2026-09-27T03:17:58.309+00:00
3852,0.13018,2026-09-27T03:17:58.309+00:00
3853,0.13375,2026-09-27T03:17:58.309+00:00
3854,0.12412,2026-09-27T03:18:03.317+00:00
3855,0.13059,2026-09-27T03:18:03.317+00:00
3856,0.13195,2026-09-27T03:18:03.317+00:00
3857,0.13678,2026-09-27T03:18:08.326+00:00
3858,0.14516,2026-09-27T03:18:08.327+00:00
3859,0.13439,2026-09-27T03:18:08.327+00:00
3860,0.13624,2026-09-27T03:18:08.327+00:00
3861,0.12582,2026-09-27T03:18:13.333+00:00
3862,0.13478,2026-09-27T03:18:13.334+00:00
3863,0.13426,2026-09-27T03:18:13.334+00:00
3864,0.13099,2026-09-27T03:18:18.340+00:00
3865,0.14224,2026-09-27T03:18:18.341+00:00
3866,0.13504,2026-09-27T03:18:18.341+00:00
3867,0.13237,2026-09-27T03:18:23.347+00:00
3868,0.17666,2026-09-27T03:18:23.347+00:00
3869,0.16026,2026-09-27T03:18:23.347+00:00
3870,0.13421,2026-09-27T03:18:28.354+00:00
3871,0.13812,2026-09-27T03:18:28.354+00:00
3872,0.13132,2026-09-27T03:18:28.354+00:00
3873,0.13297,2026-09-27T03:18:28.354+00:00
3874,0.13895,2026-09-27T03:18:33.361+00:00
3875,0.13522,2026-09-27T03:18:33.361+00:00
3876,0.14001,2026-09-27T03:18:33.361+00:00
3877,0.12572,2026-09-27T03:18:38.370+00:00
3878,0.13922,2026-09-27T03:18:38.370+00:00
3879,0.13642,2026-09-27T03:18:38.370+00:00
3880,0.14917,2026-09-27T03:18:43.377+00:00
3881,0.13140,2026-09-27T03:18:43.377+00:00
3882,0.12793,2026-09-27T03:18:43.377+00:00
3883,0.13943,2026-09-27T03:18:43.377+00:00
3884,0.13183,2026-09-27T03:18:48.384+00:00
3885,0.13572,2026-09-27T03:18:48.384+00:00
3886,0.14219,2026-09-27T03:18:48.385+00:00
3887,0.13572,2026-09-27T03:18:53.391+00:00
3888,0.12912,2026-09-27T03:18:53.392+00:00
3889,0.12728,2026-09-27T03:18:53.392+00:00
3890,0.14156,2026-09-27T03:18:58.398+00:00
3891,0.12520,2026-09-27T03:18:58.398+00:00
3892,0.13160,2026-09-27T03:18:58.398+00:00
3893,0.13752,2026-09-27T03:19:03.405+00:00
3894,0.12839,2026-09-27T03:19:03.406+00:00
3895,0.13216,2026-09-27T03:19:03.406+00:00
3896,0.13036,2026-09-27T03:19:08.416+00:00
3897,0.13071,2026-09-27T03:19:08.416+00:00
3898,0.13709,2026-09-27T03:19:08.416+00:00
3899,0.12731,2026-09-27T03:19:08.416+00:00
3900,0.15041,2026-09-27T03:19:13.422+00:00
3901,0.14240,2026-09-27T03:19:13.423+00:00
3902,0.12639,2026-09-27T03:19:13.423+00:00
3903,0.13512,2026-09-27T03:19:18.429+00:00
3904,0.12938,2026-09-27T03:19:18.429+00:00
3905,0.14109,2026-09-27T03:19:18.429+00:00
3906,0.13944,2026-09-27T03:19:23.436+00:00
3907,0.13100,2026-09-27T03:19:23.436+00:00
3908,0.13194,2026-09-27T03:19:23.436+00:00
3909,0.12715,2026-09-27T03:19:23.436+00:00
3910,0.13828,2026-09-27T03:19:28.441+00:00
3911,0.14029,2026-09-27T03:19:28.442+00:00
3912,0.13724,2026-09-27T03:19:28.442+00:00
3913,0.13758,2026-09-27T03:19:33.448+00:00
3914,0.12588,2026-09-27T03:19:33.449+00:00
3915,0.14427,2026-09-27T03:19:33.449+00:00
3916,0.14424,2026-09-27T03:19:38.458+00:00
3917,0.14364,2026-09-27T03:19:38.459+00:00
3918,0.12888,2026-09-27T03:19:38.459+00:00
3919,0.13515,2026-09-27T03:19:38.459+00:00
3920,0.14200,2026-09-27T03:19:43.466+00:00
3921,0.12586,2026-09-27T03:19:43.466+00:00
3922,0.13315,2026-09-27T03:19:43.466+00:00
3923,0.13182,2026-09-27T03:19:48.473+00:00
3924,0.14349,2026-09-27T03:19:48.473+00:00
3925,0.13544,2026-09-27T03:19:48.473+00:00
3926,0.12720,2026-09-27T03:19:53.480+00:00
3927,0.14033,2026-09-27T03:19:53.480+00:00
3928,0.12878,2026-09-27T03:19:53.480+00:00
3929,0.13508,2026-09-27T03:19:53.481+00:00
3930,0.13083,2026-09-27T03:19:58.487+00:00
3931,0.14120,2026-09-27T03:19:58.488+00:00
3932,0.13372,2026-09-27T03:19:58.488+00:00
3933,0.13165,2026-09-27T03:20:03.496+00:00
3934,0.14156,2026-09-27T03:20:03.496+00:00
3935,0.13146,2026-09-27T03:20:03.496+00:00
3936,0.12948,2026-09-27T03:20:08.505+00:00
3937,0.12690,2026-09-27T03:20:08.506+00:00
3938,0.14081,2026-09-27T03:20:08.506+00:00
3939,0.12917,2026-09-27T03:20:13.513+00:00
3940,0.13706,2026-09-27T03:20:13.513+00:00
3941,0.13406,2026-09-27T03:20:13.513+00:00
3942,0.13224,2026-09-27T03:20:13.513+00:00
3943,0.14054,2026-09-27T03:20:18.520+00:00
3944,0.12991,2026-09-27T03:20:18.520+00:00
3945,0.13509,2026-09-27T03:20:18.520+00:00
3946,0.12884,2026-09-27T03:20:23.527+00:00
3947,0.13634,2026-09-27T03:20:23.527+00:00
3948,0.12700,2026-09-27T03:20:23.527+00:00
3949,0.14060,2026-09-27T03:20:28.534+00:00
3950,0.13241,2026-09-27T03:20:28.534+00:00
3951,0.12665,2026-09-27T03:20:28.534+00:00
3952,0.14632,2026-09-27T03:20:33.541+00:00
3953,0.14891,2026-09-27T03:20:33.541+00:00
3954,0.13865,2026-09-27T03:20:33.541+00:00
3955,0.13128,2026-09-27T03:20:33.541+00:00
3956,0.13887,2026-09-27T03:20:38.551+00:00
3957,0.13162,2026-09-27T03:20:38.551+00:00
3958,0.13773,2026-09-27T03:20:38.551+00:00
3959,0.13719,2026-09-27T03:20:43.558+00:00
3960,0.13283,2026-09-27T03:20:43.558+00:00
3961,0.12596,2026-09-27T03:20:43.558+00:00
3962,0.12685,2026-09-27T03:20:48.564+00:00
3963,0.13535,2026-09-27T03:20:48.564+00:00
3964,0.13177,2026-09-27T03:20:48.564+00:00
3965,0.12860,2026-09-27T03:20:48.564+00:00
3966,0.14123,2026-09-27T03:20:53.571+00:00
3967,0.14412,2026-09-27T03:20:53.571+00:00
3968,0.12737,2026-09-27T03:20:53.571+00:00
3969,0.13347,2026-09-27T03:20:58.578+00:00
3970,0.12751,2026-09-27T03:20:58.578+00:00
3971,0.13057,2026-09-27T03:20:58.578+00:00
3972,0.13118,2026-09-27T03:21:03.586+00:00
3973,0.13078,2026-09-27T03:21:03.586+00:00
3974,0.13611,2026-09-27T03:21:03.586+00:00
3975,0.12599,2026-09-27T03:21:08.596+00:00
3976,0.12587,2026-09-27T03:21:08.596+00:00
3977,0.13333,2026-09-27T03:21:08.597+00:00
3978,0.13525,2026-09-27T03:21:08.597+00:00
3979,0.13560,2026-09-27T03:21:13.604+00:00
3980,0.14169,2026-09-27T03:21:13.604+00:00
3981,0.13847,2026-09-27T03:21:13.604+00:00
3982,0.14392,2026-09-27T03:21:18.611+00:00
3983,0.13696,2026-09-27T03:21:18.611+00:00
3984,0.12653,2026-09-27T03:21:18.611+00:00
3985,0.14051,2026-09-27T03:21:23.618+00:00
3986,0.13276,2026-09-27T03:21:23.618+00:00
3987,0.13073,2026-09-27T03:21:23.618+00:00
3988,0.12691,2026-09-27T03:21:23.618+00:00
3989,0.13145,2026-09-27T03:21:28.625+00:00
3990,0.13539,2026-09-27T03:21:28.625+00:00
3991,0.13128,2026-09-27T03:21:28.625+00:00
3992,0.12770,2026-09-27T03:21:33.632+00:00
3993,0.12978,2026-09-27T03:21:33.632+00:00
3994,0.13353,2026-09-27T03:21:33.632+00:00
3995,0.12631,2026-09-27T03:21:38.642+00:00
3996,0.13303,2026-09-27T03:21:38.642+00:00
3997,0.13896,2026-09-27T03:21:38.642+00:00
3998,0.13231,2026-09-27T03:21:38.642+00:00
3999,0.12304,2026-09-27T03:21:43.649+00:00
4000,0.13149,2026-09-27T03:21:43.649+00:00
4001,0.14510,2026-09-27T03:21:43.649+00:00
4002,0.14743,2026-09-27T03:21:48.656+00:00
4003,0.12807,2026-09-27T03:21:48.656+00:00
4004,0.12320,2026-09-27T03:21:48.656+00:00
4005,0.12418,2026-09-27T03:21:53.663+00:00
4006,0.13052,2026-09-27T03:21:53.663+00:00
4007,0.13781,2026-09-27T03:21:53.663+00:00
4008,0.13294,2026-09-27T03:21:58.671+00:00
4009,0.13152,2026-09-27T03:21:58.671+00:00
4010,0.14073,2026-09-27T03:21:58.671+00:00
4011,0.13539,2026-09-27T03:21:58.671+00:00
4012,0.14370,2026-09-27T03:22:03.679+00:00
4013,0.12931,2026-09-27T03:22:03.679+00:00
4014,0.12957,2026-09-27T03:22:03.679+00:00
4015,0.13695,2026-09-27T03:22:08.689+00:00
4016,0.13689,2026-09-27T03:22:08.689+00:00
4017,0.13535,2026-09-27T03:22:08.689+00:00
4018,0.12937,2026-09-27T03:22:13.696+00:00
4019,0.12466,2026-09-27T03:22:13.696+00:00
4020,0.13711,2026-09-27T03:22:13.696+00:00
4021,0.13041,2026-09-27T03:22:13.696+00:00
4022,0.12954,2026-09-27T03:22:18.703+00:00
4023,0.13553,2026-09-27T03:22:18.703+00:00
4024,0.13055,2026-09-27T03:22:18.703+00:00
4025,0.14160,2026-09-27T03:22:23.710+00:00
4026,0.13703,2026-09-27T03:22:23.710+00:00
4027,0.12945,2026-09-27T03:22:23.710+00:00
4028,0.13851,2026-09-27T03:22:28.717+00:00
4029,0.13009,2026-09-27T03:22:28.717+00:00
4030,0.12727,2026-09-27T03:22:28.717+00:00
4031,0.14386,2026-09-27T03:22:33.724+00:00
4032,0.12864,2026-09-27T03:22:33.724+00:00
4033,0.13343,2026-09-27T03:22:33.724+00:00
4034,0.13041,2026-09-27T03:22:33.724+00:00
4035,0.14207,2026-09-27T03:22:38.733+00:00
4036,0.14496,2026-09-27T03:22:38.733+00:00
4037,0.12439,2026-09-27T03:22:38.734+00:00
4038,0.12416,2026-09-27T03:22:43.740+00:00
4039,0.13335,2026-09-27T03:22:43.740+00:00
4040,0.13196,2026-09-27T03:22:43.741+00:00
4041,0.13165,2026-09-27T03:22:48.747+00:00
4042,0.13012,2026-09-27T03:22:48.747+00:00
4043,0.13404,2026-09-27T03:22:48.747+00:00
4044,0.13850,2026-09-27T03:22:48.747+00:00
4045,0.13376,2026-09-27T03:22:53.754+00:00
4046,0.13106,2026-09-27T03:22:53.754+00:00
4047,0.12215,2026-09-27T03:22:53.754+00:00
4048,0.13121,2026-09-27T03:22:58.761+00:00
4049,0.12735,2026-09-27T03:22:58.761+00:00
4050,0.13119,2026-09-27T03:22:58.761+00:00
4051,0.13830,2026-09-27T03:23:03.769+00:00
4052,0.13886,2026-09-27T03:23:03.769+00:00
4053,0.13211,2026-09-27T03:23:03.769+00:00
4054,0.13492,2026-09-27T03:23:08.779+00:00
4055,0.13811,2026-09-27T03:23:08.779+00:00
4056,0.13219,2026-09-27T03:23:08.779+00:00
4057,0.12941,2026-09-27T03:23:08.779+00:00
4058,0.13627,2026-09-27T03:23:13.786+00:00
4059,0.12541,2026-09-27T03:23:13.786+00:00
4060,0.13844,2026-09-27T03:23:13.786+00:00
4061,0.13573,2026-09-27T03:23:18.793+00:00
4062,0.13007,2026-09-27T03:23:18.793+00:00
4063,0.13066,2026-09-27T03:23:18.793+00:00
4064,0.13681,2026-09-27T03:23:23.799+00:00
4065,0.13598,2026-09-27T03:23:23.800+00:00
4066,0.13252,2026-09-27T03:23:23.800+00:00
4067,0.13811,2026-09-27T03:23:23.800+00:00
4068,0.12567,2026-09-27T03:23:28.806+00:00
4069,0.14131,2026-09-27T03:23:28.806+00:00
4070,0.13105,2026-09-27T03:23:28.807+00:00
4071,0.14194,2026-09-27T03:23:33.813+00:00
4072,0.13269,2026-09-27T03:23:33.813+00:00
4073,0.12811,2026-09-27T03:23:33.813+00:00
4074,0.15125,2026-09-27T03:23:38.822+00:00
4075,0.13154,2026-09-27T03:23:38.822+00:00
4076,0.13256,2026-09-27T03:23:38.822+00:00
4077,0.13737,2026-09-27T03:23:43.829+00:00
4078,0.14315,2026-09-27T03:23:43.829+00:00
4079,0.12827,2026-09-27T03:23:43.829+00:00
4080,0.13462,2026-09-27T03:23:43.829+00:00
4081,0.12650,2026-09-27T03:23:48.836+00:00
4082,0.13878,2026-09-27T03:23:48.836+00:00
4083,0.12612,2026-09-27T03:23:48.836+00:00
4084,0.14240,2026-09-27T03:23:53.842+00:00
4085,0.14064,2026-09-27T03:23:53.842+00:00
4086,0.13906,2026-09-27T03:23:53.842+00:00
4087,0.14338,2026-09-27T03:23:58.849+00:00
4088,0.14211,2026-09-27T03:23:58.849+00:00
4089,0.12938,2026-09-27T03:23:58.849+00:00
4090,0.13725,2026-09-27T03:24:03.856+00:00
4091,0.12754,2026-09-27T03:24:03.856+00:00
4092,0.13564,2026-09-27T03:24:03.856+00:00
4093,0.13515,2026-09-27T03:24:08.865+00:00
4094,0.12910,2026-09-27T03:24:08.865+00:00
4095,0.12722,2026-09-27T03:24:08.865+00:00
4096,0.13833,2026-09-27T03:24:08.866+00:00
4097,0.14782,2026-09-27T03:24:13.872+00:00
4098,0.12608,2026-09-27T03:24:13.872+00:00
4099,0.14353,2026-09-27T03:24:13.872+00:00
4100,0.14082,2026-09-27T03:24:18.879+00:00
4101,0.13038,2026-09-27T03:24:18.879+00:00
4102,0.12622,2026-09-27T03:24:18.879+00:00
4103,0.13275,2026-09-27T03:24:18.879+00:00
4104,0.13761,2026-09-27T03:24:23.886+00:00
4105,0.13768,2026-09-27T03:24:23.886+00:00
4106,0.13778,2026-09-27T03:24:23.886+00:00
4107,0.13340,2026-09-27T03:24:28.893+00:00
4108,0.13332,2026-09-27T03:24:28.893+00:00
4109,0.13516,2026-09-27T03:24:28.893+00:00
4110,0.13396,2026-09-27T03:24:33.901+00:00
4111,0.13606,2026-09-27T03:24:33.901+00:00
4112,0.13724,2026-09-27T03:24:33.901+00:00
4113,0.12328,2026-09-27T03:24:33.901+00:00
4114,0.13340,2026-09-27T03:24:38.910+00:00
4115,0.14168,2026-09-27T03:24:38.910+00:00
4116,0.15303,2026-09-27T03:24:38.910+00:00
4117,0.14039,2026-09-27T03:24:43.917+00:00
4118,0.13986,2026-09-27T03:24:43.917+00:00
4119,0.13092,2026-09-27T03:24:43.917+00:00
4120,0.12466,2026-09-27T03:24:48.923+00:00
4121,0.14980,2026-09-27T03:24:48.923+00:00
4122,0.13598,2026-09-27T03:24:48.924+00:00
4123,0.14381,2026-09-27T03:24:53.930+00:00
4124,0.14121,2026-09-27T03:24:53.930+00:00
4125,0.14555,2026-09-27T03:24:53.930+00:00
4126,0.13240,2026-09-27T03:24:53.930+00:00
4127,0.13858,2026-09-27T03:24:58.937+00:00
4128,0.12998,2026-09-27T03:24:58.937+00:00
4129,0.13019,2026-09-27T03:24:58.937+00:00
4130,0.12737,2026-09-27T03:25:03.944+00:00
4131,0.12989,2026-09-27T03:25:03.945+00:00
4132,0.13100,2026-09-27T03:25:03.945+00:00
4133,0.13474,2026-09-27T03:25:08.953+00:00
4134,0.13108,2026-09-27T03:25:08.953+00:00
4135,0.14466,2026-09-27T03:25:08.953+00:00
4136,0.14994,2026-09-27T03:25:13.960+00:00
4137,0.13590,2026-09-27T03:25:13.960+00:00
4138,0.12733,2026-09-27T03:25:13.960+00:00
4139,0.13106,2026-09-27T03:25:13.960+00:00
4140,0.12536,2026-09-27T03:25:18.967+00:00
4141,0.13451,2026-09-27T03:25:18.967+00:00
4142,0.13516,2026-09-27T03:25:18.967+00:00
4143,0.12931,2026-09-27T03:25:23.974+00:00
4144,0.13153,2026-09-27T03:25:23.974+00:00
4145,0.14930,2026-09-27T03:25:23.974+00:00
4146,0.14141,2026-09-27T03:25:28.981+00:00
4147,0.13976,2026-09-27T03:25:28.981+00:00
4148,0.13201,2026-09-27T03:25:28.981+00:00
4149,0.13850,2026-09-27T03:25:28.981+00:00
4150,0.13864,2026-09-27T03:25:33.988+00:00
4151,0.13522,2026-09-27T03:25:33.988+00:00
4152,0.13258,2026-09-27T03:25:33.988+00:00
4153,0.13728,2026-09-27T03:25:38.997+00:00
4154,0.12893,2026-09-27T03:25:38.997+00:00
4155,0.13826,2026-09-27T03:25:38.997+00:00
4156,0.14248,2026-09-27T03:25:44.003+00:00
4157,0.13586,2026-09-27T03:25:44.003+00:00
4158,0.14370,2026-09-27T03:25:44.004+00:00
4159,0.12598,2026-09-27T03:25:49.010+00:00
4160,0.14001,2026-09-27T03:25:49.010+00:00
4161,0.14617,2026-09-27T03:25:49.010+00:00
4162,0.12849,2026-09-27T03:25:49.010+00:00
4163,0.12327,2026-09-27T03:25:54.017+00:00
4164,0.13231,2026-09-27T03:25:54.017+00:00
4165,0.13969,2026-09-27T03:25:54.017+00:00
4166,0.13032,2026-09-27T03:25:59.023+00:00
4167,0.13708,2026-09-27T03:25:59.024+00:00
4168,0.13578,2026-09-27T03:25:59.024+00:00
4169,0.14268,2026-09-27T03:25:59.024+00:00
4170,0.13019,2026-09-27T03:26:04.032+00:00
4171,0.13188,2026-09-27T03:26:04.032+00:00
4172,0.13770,2026-09-27T03:26:04.032+00:00
4173,0.13019,2026-09-27T03:26:09.041+00:00
4174,0.13956,2026-09-27T03:26:09.041+00:00
4175,0.12984,2026-09-27T03:26:09.041+00:00
4176,0.12664,2026-09-27T03:26:14.048+00:00
4177,0.12594,2026-09-27T03:26:14.048+00:00
4178,0.14124,2026-09-27T03:26:14.048+00:00
4179,0.14040,2026-09-27T03:26:19.056+00:00
4180,0.13866,2026-09-27T03:26:19.056+00:00
4181,0.13731,2026-09-27T03:26:19.056+00:00
4182,0.13716,2026-09-27T03:26:19.056+00:00
4183,0.13885,2026-09-27T03:26:24.063+00:00
4184,0.13284,2026-09-27T03:26:24.063+00:00
4185,0.13644,2026-09-27T03:26:24.063+00:00
4186,0.13264,2026-09-27T03:26:29.069+00:00
4187,0.13268,2026-09-27T03:26:29.069+00:00
4188,0.13257,2026-09-27T03:26:29.069+00:00
4189,0.14067,2026-09-27T03:26:34.076+00:00
4190,0.13122,2026-09-27T03:26:34.076+00:00
4191,0.13549,2026-09-27T03:26:34.076+00:00
4192,0.14321,2026-09-27T03:26:39.086+00:00
4193,0.13330,2026-09-27T03:26:39.086+00:00
4194,0.12502,2026-09-27T03:26:39.086+00:00
4195,0.12871,2026-09-27T03:26:39.086+00:00
4196,0.13830,2026-09-27T03:26:44.093+00:00
4197,0.13035,2026-09-27T03:26:44.093+00:00
4198,0.13041,2026-09-27T03:26:44.093+00:00
4199,0.12763,2026-09-27T03:26:49.100+00:00
4200,0.13774,2026-09-27T03:26:49.100+00:00
4201,0.13022,2026-09-27T03:26:49.100+00:00
4202,0.12468,2026-09-27T03:26:54.106+00:00
4203,0.13913,2026-09-27T03:26:54.107+00:00
4204,0.13081,2026-09-27T03:26:54.107+00:00
4205,0.13918,2026-09-27T03:26:59.112+00:00
4206,0.13660,2026-09-27T03:26:59.112+00:00
4207,0.13804,2026-09-27T03:26:59.112+00:00
4208,0.17674,2026-09-27T03:27:04.120+00:00
4209,0.13812,2026-09-27T03:27:04.120+00:00
4210,0.12717,2026-09-27T03:27:04.120+00:00
4211,0.13787,2026-09-27T03:27:04.120+00:00
4212,0.12371,2026-09-27T03:27:09.129+00:00
4213,0.13257,2026-09-27T03:27:09.129+00:00
4214,0.13430,2026-09-27T03:27:09.130+00:00
4215,0.13726,2026-09-27T03:27:14.136+00:00
4216,0.14137,2026-09-27T03:27:14.137+00:00
4217,0.13644,2026-09-27T03:27:14.137+00:00
4218,0.14392,2026-09-27T03:27:19.143+00:00
4219,0.13726,2026-09-27T03:27:19.144+00:00
4220,0.14112,2026-09-27T03:27:19.144+00:00
4221,0.13380,2026-09-27T03:27:24.151+00:00
4222,0.13519,2026-09-27T03:27:24.151+00:00
4223,0.14817,2026-09-27T03:27:24.151+00:00
4224,0.13265,2026-09-27T03:27:24.151+00:00
4225,0.13966,2026-09-27T03:27:29.158+00:00
4226,0.14221,2026-09-27T03:27:29.158+00:00
4227,0.13658,2026-09-27T03:27:29.158+00:00
4228,0.13410,2026-09-27T03:27:34.163+00:00
4229,0.12995,2026-09-27T03:27:34.163+00:00
4230,0.13147,2026-09-27T03:27:34.163+00:00
4231,0.12786,2026-09-27T03:27:39.173+00:00
4232,0.13751,2026-09-27T03:27:39.173+00:00
4233,0.13355,2026-09-27T03:27:39.173+00:00
4234,0.13160,2026-09-27T03:27:44.180+00:00
4235,0.13523,2026-09-27T03:27:44.180+00:00
4236,0.13968,2026-09-27T03:27:44.180+00:00
4237,0.13755,2026-09-27T03:27:44.180+00:00
4238,0.13356,2026-09-27T03:27:49.186+00:00
4239,0.12948,2026-09-27T03:27:49.186+00:00
4240,0.14405,2026-09-27T03:27:49.186+00:00
4241,0.12923,2026-09-27T03:27:54.193+00:00
4242,0.14335,2026-09-27T03:27:54.193+00:00
4243,0.13510,2026-09-27T03:27:54.193+00:00
4244,0.13557,2026-09-27T03:27:59.200+00:00
4245,0.13625,2026-09-27T03:27:59.201+00:00
4246,0.13921,2026-09-27T03:27:59.201+00:00
4247,0.13014,2026-09-27T03:28:04.209+00:00
4248,0.12414,2026-09-27T03:28:04.209+00:00
4249,0.13108,2026-09-27T03:28:04.209+00:00
4250,0.13559,2026-09-27T03:28:04.209+00:00
4251,0.12804,2026-09-27T03:28:09.218+00:00
4252,0.13008,2026-09-27T03:28:09.218+00:00
4253,0.13658,2026-09-27T03:28:09.218+00:00
4254,0.13603,2026-09-27T03:28:14.225+00:00
4255,0.14487,2026-09-27T03:28:14.225+00:00
4256,0.13120,2026-09-27T03:28:14.225+00:00
4257,0.13142,2026-09-27T03:28:14.225+00:00
4258,0.13755,2026-09-27T03:28:19.232+00:00
4259,0.14114,2026-09-27T03:28:19.232+00:00
4260,0.13351,2026-09-27T03:28:19.232+00:00
4261,0.14281,2026-09-27T03:28:24.239+00:00
4262,0.13899,2026-09-27T03:28:24.239+00:00
4263,0.13185,2026-09-27T03:28:24.239+00:00
4264,0.13429,2026-09-27T03:28:29.246+00:00
4265,0.14544,2026-09-27T03:28:29.246+00:00
4266,0.13938,2026-09-27T03:28:29.247+00:00
4267,0.13951,2026-09-27T03:28:34.254+00:00
4268,0.12661,2026-09-27T03:28:34.254+00:00
4269,0.12595,2026-09-27T03:28:34.254+00:00
4270,0.12772,2026-09-27T03:28:34.254+00:00
4271,0.13637,2026-09-27T03:28:39.264+00:00
4272,0.14940,2026-09-27T03:28:39.264+00:00
4273,0.13067,2026-09-27T03:28:39.264+00:00
4274,0.12374,2026-09-27T03:28:44.271+00:00
4275,0.13325,2026-09-27T03:28:44.271+00:00
4276,0.13845,2026-09-27T03:28:44.271+00:00
4277,0.12977,2026-09-27T03:28:49.278+00:00
4278,0.12853,2026-09-27T03:28:49.278+00:00
4279,0.14853,2026-09-27T03:28:49.278+00:00
4280,0.14370,2026-09-27T03:28:49.278+00:00
4281,0.13162,2026-09-27T03:28:54.286+00:00
4282,0.15448,2026-09-27T03:28:54.286+00:00
4283,0.13291,2026-09-27T03:28:54.286+00:00
4284,0.13596,2026-09-27T03:28:59.293+00:00
4285,0.12748,2026-09-27T03:28:59.293+00:00
4286,0.13143,2026-09-27T03:28:59.293+00:00
4287,0.13292,2026-09-27T03:29:04.300+00:00
4288,0.13105,2026-09-27T03:29:04.301+00:00
4289,0.12644,2026-09-27T03:29:04.301+00:00
4290,0.13707,2026-09-27T03:29:04.301+00:00
4291,0.14376,2026-09-27T03:29:09.310+00:00
4292,0.13416,2026-09-27T03:29:09.310+00:00
4293,0.13291,2026-09-27T03:29:09.310+00:00
4294,0.13802,2026-09-27T03:29:14.317+00:00
4295,0.12634,2026-09-27T03:29:14.317+00:00
4296,0.13527,2026-09-27T03:29:14.317+00:00
4297,0.13719,2026-09-27T03:29:19.324+00:00
4298,0.13370,2026-09-27T03:29:19.324+00:00
4299,0.12851,2026-09-27T03:29:19.324+00:00
4300,0.12604,2026-09-27T03:29:24.331+00:00
4301,0.13023,2026-09-27T03:29:24.331+00:00
4302,0.13387,2026-09-27T03:29:24.331+00:00
4303,0.13387,2026-09-27T03:29:24.331+00:00
4304,0.13557,2026-09-27T03:29:29.338+00:00
4305,0.13469,2026-09-27T03:29:29.338+00:00
4306,0.12859,2026-09-27T03:29:29.338+00:00
4307,0.13460,2026-09-27T03:29:34.345+00:00
4308,0.13004,2026-09-27T03:29:34.345+00:00
4309,0.12862,2026-09-27T03:29:34.346+00:00
4310,0.13205,2026-09-27T03:29:39.356+00:00
4311,0.13377,2026-09-27T03:29:39.356+00:00
4312,0.12721,2026-09-27T03:29:39.356+00:00
4313,0.14103,2026-09-27T03:29:44.363+00:00
4314,0.13171,2026-09-27T03:29:44.363+00:00
4315,0.13719,2026-09-27T03:29:44.363+00:00
4316,0.14335,2026-09-27T03:29:49.370+00:00
4317,0.13341,2026-09-27T03:29:49.370+00:00
4318,0.13454,2026-09-27T03:29:49.370+00:00
4319,0.13979,2026-09-27T03:29:49.370+00:00
4320,0.13703,2026-09-27T03:29:54.377+00:00
4321,0.13726,2026-09-27T03:29:54.377+00:00
4322,0.14314,2026-09-27T03:29:54.377+00:00
4323,0.13646,2026-09-27T03:29:59.384+00:00
4324,0.13163,2026-09-27T03:29:59.384+00:00
4325,0.12998,2026-09-27T03:29:59.384+00:00
4326,0.13460,2026-09-27T03:30:04.391+00:00
4327,0.12267,2026-09-27T03:30:04.391+00:00
4328,0.14749,2026-09-27T03:30:04.391+00:00
4329,0.13080,2026-09-27T03:30:04.392+00:00
4330,0.12384,2026-09-27T03:30:09.401+00:00
4331,0.13066,2026-09-27T03:30:09.401+00:00
4332,0.13454,2026-09-27T03:30:09.401+00:00
4333,0.13554,2026-09-27T03:30:14.408+00:00
4334,0.13205,2026-09-27T03:30:14.408+00:00
4335,0.12864,2026-09-27T03:30:14.408+00:00
4336,0.13180,2026-09-27T03:30:19.414+00:00
4337,0.13748,2026-09-27T03:30:19.414+00:00
4338,0.12911,2026-09-27T03:30:19.415+00:00
4339,0.12917,2026-09-27T03:30:24.421+00:00
4340,0.12935,2026-09-27T03:30:24.421+00:00
4341,0.13630,2026-09-27T03:30:24.421+00:00
4342,0.14137,2026-09-27T03:30:24.421+00:00
4343,0.12926,2026-09-27T03:30:29.428+00:00
4344,0.13972,2026-09-27T03:30:29.428+00:00
4345,0.13207,2026-09-27T03:30:29.428+00:00
4346,0.13702,2026-09-27T03:30:34.435+00:00
4347,0.13405,2026-09-27T03:30:34.435+00:00
4348,0.12791,2026-09-27T03:30:34.435+00:00
4349,0.13272,2026-09-27T03:30:39.446+00:00
4350,0.14102,2026-09-27T03:30:39.446+00:00
4351,0.12915,2026-09-27T03:30:39.446+00:00
4352,0.12303,2026-09-27T03:30:39.446+00:00
4353,0.13630,2026-09-27T03:30:44.453+00:00
4354,0.12870,2026-09-27T03:30:44.453+00:00
4355,0.13630,2026-09-27T03:30:44.453+00:00
4356,0.16149,2026-09-27T03:30:49.458+00:00
4357,0.18720,2026-09-27T03:30:49.459+00:00
4358,0.18685,2026-09-27T03:30:49.459+00:00
4359,0.14302,2026-09-27T03:30:49.459+00:00
4360,0.13508,2026-09-27T03:30:54.466+00:00
4361,0.13513,2026-09-27T03:30:54.466+00:00
4362,0.15406,2026-09-27T03:30:54.466+00:00
4363,0.12929,2026-09-27T03:30:59.473+00:00
4364,0.12545,2026-09-27T03:30:59.473+00:00
4365,0.13539,2026-09-27T03:30:59.473+00:00
4366,0.13315,2026-09-27T03:30:59.473+00:00
4367,0.14207,2026-09-27T03:31:04.481+00:00
4368,0.12862,2026-09-27T03:31:04.481+00:00
4369,0.13182,2026-09-27T03:31:04.481+00:00
4370,0.12842,2026-09-27T03:31:09.491+00:00
4371,0.13738,2026-09-27T03:31:09.491+00:00
4372,0.14624,2026-09-27T03:31:09.491+00:00
4373,0.14174,2026-09-27T03:31:14.498+00:00
4374,0.13041,2026-09-27T03:31:14.499+00:00
4375,0.13454,2026-09-27T03:31:14.499+00:00
4376,0.13608,2026-09-27T03:31:19.505+00:00
4377,0.13285,2026-09-27T03:31:19.505+00:00
4378,0.13324,2026-09-27T03:31:19.505+00:00
4379,0.14192,2026-09-27T03:31:19.506+00:00
4380,0.13388,2026-09-27T03:31:24.511+00:00
4381,0.13355,2026-09-27T03:31:24.511+00:00
4382,0.13933,2026-09-27T03:31:24.511+00:00
4383,0.12595,2026-09-27T03:31:29.518+00:00
4384,0.12965,2026-09-27T03:31:29.518+00:00
4385,0.13416,2026-09-27T03:31:29.518+00:00
4386,0.13825,2026-09-27T03:31:34.525+00:00
4387,0.14104,2026-09-27T03:31:34.525+00:00
4388,0.12975,2026-09-27T03:31:34.525+00:00
4389,0.14653,2026-09-27T03:31:39.535+00:00
4390,0.12515,2026-09-27T03:31:39.535+00:00
4391,0.13637,2026-09-27T03:31:39.535+00:00
4392,0.13637,2026-09-27T03:31:39.535+00:00
4393,0.13736,2026-09-27T03:31:44.542+00:00
4394,0.12848,2026-09-27T03:31:44.542+00:00
4395,0.13265,2026-09-27T03:31:44.543+00:00
4396,0.13411,2026-09-27T03:31:49.549+00:00
4397,0.13374,2026-09-27T03:31:49.549+00:00
4398,0.12408,2026-09-27T03:31:49.549+00:00
4399,0.13556,2026-09-27T03:31:54.556+00:00
4400,0.13322,2026-09-27T03:31:54.556+00:00
4401,0.13311,2026-09-27T03:31:54.556+00:00
4402,0.12767,2026-09-27T03:31:54.557+00:00
4403,0.13379,2026-09-27T03:31:59.564+00:00
4404,0.13568,2026-09-27T03:31:59.565+00:00
4405,0.13883,2026-09-27T03:31:59.565+00:00
4406,0.14126,2026-09-27T03:32:04.572+00:00
4407,0.13560,2026-09-27T03:32:04.572+00:00
4408,0.12762,2026-09-27T03:32:04.572+00:00
4409,0.14224,2026-09-27T03:32:09.582+00:00
4410,0.13661,2026-09-27T03:32:09.582+00:00
4411,0.14710,2026-09-27T03:32:09.583+00:00
4412,0.13553,2026-09-27T03:32:14.589+00:00
4413,0.14331,2026-09-27T03:32:14.589+00:00
4414,0.12876,2026-09-27T03:32:14.589+00:00
4415,0.13566,2026-09-27T03:32:19.596+00:00
4416,0.12976,2026-09-27T03:32:19.596+00:00
4417,0.14012,2026-09-27T03:32:19.596+00:00
4418,0.13957,2026-09-27T03:32:19.596+00:00
4419,0.13204,2026-09-27T03:32:24.603+00:00
4420,0.13681,2026-09-27T03:32:24.603+00:00
4421,0.13886,2026-09-27T03:32:24.603+00:00
4422,0.14072,2026-09-27T03:32:29.610+00:00
4423,0.13052,2026-09-27T03:32:29.610+00:00
4424,0.13715,2026-09-27T03:32:29.610+00:00
4425,0.12941,2026-09-27T03:32:34.617+00:00
4426,0.13350,2026-09-27T03:32:34.617+00:00
4427,0.13159,2026-09-27T03:32:34.617+00:00
4428,0.13503,2026-09-27T03:32:39.628+00:00
4429,0.13289,2026-09-27T03:32:39.628+00:00
4430,0.13477,2026-09-27T03:32:39.628+00:00
4431,0.14196,2026-09-27T03:32:39.628+00:00
4432,0.13281,2026-09-27T03:32:44.635+00:00
4433,0.13877,2026-09-27T03:32:44.635+00:00
4434,0.13584,2026-09-27T03:32:44.635+00:00
4435,0.12291,2026-09-27T03:32:49.642+00:00
4436,0.13731,2026-09-27T03:32:49.642+00:00
4437,0.13570,2026-09-27T03:32:49.642+00:00
4438,0.13914,2026-09-27T03:32:54.648+00:00
4439,0.12583,2026-09-27T03:32:54.648+00:00
4440,0.13832,2026-09-27T03:32:54.649+00:00
4441,0.13623,2026-09-27T03:32:59.655+00:00
4442,0.14185,2026-09-27T03:32:59.655+00:00
4443,0.13232,2026-09-27T03:32:59.656+00:00
4444,0.12586,2026-09-27T03:32:59.656+00:00
4445,0.13988,2026-09-27T03:33:04.663+00:00
4446,0.13117,2026-09-27T03:33:04.663+00:00
4447,0.13083,2026-09-27T03:33:04.664+00:00
4448,0.14640,2026-09-27T03:33:09.672+00:00
4449,0.13048,2026-09-27T03:33:09.673+00:00
4450,0.13689,2026-09-27T03:33:09.673+00:00
4451,0.13304,2026-09-27T03:33:09.673+00:00
4452,0.13345,2026-09-27T03:33:14.680+00:00
4453,0.13224,2026-09-27T03:33:14.680+00:00
4454,0.12636,2026-09-27T03:33:14.680+00:00
4455,0.13447,2026-09-27T03:33:19.687+00:00
4456,0.12758,2026-09-27T03:33:19.687+00:00
4457,0.13995,2026-09-27T03:33:19.687+00:00
4458,0.13658,2026-09-27T03:33:24.694+00:00
4459,0.13039,2026-09-27T03:33:24.694+00:00
4460,0.12679,2026-09-27T03:33:24.694+00:00
4461,0.13640,2026-09-27T03:33:29.702+00:00
4462,0.12922,2026-09-27T03:33:29.702+00:00
4463,0.13828,2026-09-27T03:33:29.702+00:00
4464,0.13521,2026-09-27T03:33:29.702+00:00
4465,0.13364,2026-09-27T03:33:34.709+00:00
4466,0.14373,2026-09-27T03:33:34.709+00:00
4467,0.12479,2026-09-27T03:33:34.709+00:00
4468,0.14106,2026-09-27T03:33:39.718+00:00
4469,0.14131,2026-09-27T03:33:39.718+00:00
4470,0.13250,2026-09-27T03:33:39.719+00:00
4471,0.12725,2026-09-27T03:33:44.725+00:00
4472,0.14010,2026-09-27T03:33:44.725+00:00
4473,0.13350,2026-09-27T03:33:44.725+00:00
4474,0.12310,2026-09-27T03:33:49.732+00:00
4475,0.13876,2026-09-27T03:33:49.732+00:00
4476,0.12302,2026-09-27T03:33:49.732+00:00
4477,0.14084,2026-09-27T03:33:49.732+00:00
4478,0.13107,2026-09-27T03:33:54.739+00:00
4479,0.14109,2026-09-27T03:33:54.739+00:00
4480,0.13923,2026-09-27T03:33:54.739+00:00
4481,0.14940,2026-09-27T03:33:59.746+00:00
4482,0.13538,2026-09-27T03:33:59.746+00:00
4483,0.13669,2026-09-27T03:33:59.746+00:00
4484,0.13985,2026-09-27T03:34:04.754+00:00
4485,0.14169,2026-09-27T03:34:04.754+00:00
4486,0.13333,2026-09-27T03:34:04.754+00:00
4487,0.13115,2026-09-27T03:34:04.755+00:00
4488,0.14099,2026-09-27T03:34:09.764+00:00
4489,0.14612,2026-09-27T03:34:09.764+00:00
4490,0.13370,2026-09-27T03:34:09.764+00:00
4491,0.13753,2026-09-27T03:34:14.771+00:00
4492,0.12061,2026-09-27T03:34:14.771+00:00
4493,0.14234,2026-09-27T03:34:14.771+00:00
4494,0.12347,2026-09-27T03:34:19.777+00:00
4495,0.12390,2026-09-27T03:34:19.777+00:00
4496,0.13251,2026-09-27T03:34:19.777+00:00
4497,0.13733,2026-09-27T03:34:19.777+00:00
4498,0.12748,2026-09-27T03:34:24.784+00:00
4499,0.13903,2026-09-27T03:34:24.784+00:00
4500,0.13315,2026-09-27T03:34:24.784+00:00
4501,0.13658,2026-09-27T03:34:29.791+00:00
4502,0.12677,2026-09-27T03:34:29.791+00:00
4503,0.12769,2026-09-27T03:34:29.791+00:00
4504,0.13987,2026-09-27T03:34:34.797+00:00
4505,0.13615,2026-09-27T03:34:34.797+00:00
4506,0.13698,2026-09-27T03:34:34.797+00:00
4507,0.13107,2026-09-27T03:34:39.807+00:00
4508,0.12817,2026-09-27T03:34:39.807+00:00
4509,0.13459,2026-09-27T03:34:39.807+00:00
4510,0.13148,2026-09-27T03:34:39.807+00:00
4511,0.13527,2026-09-27T03:34:44.813+00:00
4512,0.13044,2026-09-27T03:34:44.814+00:00
4513,0.13073,2026-09-27T03:34:44.814+00:00
4514,0.13449,2026-09-27T03:34:49.820+00:00
4515,0.13038,2026-09-27T03:34:49.820+00:00
4516,0.12886,2026-09-27T03:34:49.820+00:00
4517,0.14202,2026-09-27T03:34:54.827+00:00
4518,0.13489,2026-09-27T03:34:54.827+00:00
4519,0.12879,2026-09-27T03:34:54.827+00:00
4520,0.13176,2026-09-27T03:34:54.827+00:00
4521,0.13054,2026-09-27T03:34:59.833+00:00
4522,0.13148,2026-09-27T03:34:59.833+00:00
4523,0.14142,2026-09-27T03:34:59.834+00:00
4524,0.12977,2026-09-27T03:35:04.841+00:00
4525,0.12777,2026-09-27T03:35:04.841+00:00
4526,0.12651,2026-09-27T03:35:04.841+00:00
4527,0.14157,2026-09-27T03:35:09.850+00:00
4528,0.13366,2026-09-27T03:35:09.850+00:00
4529,0.12912,2026-09-27T03:35:09.850+00:00
4530,0.13627,2026-09-27T03:35:14.857+00:00
4531,0.14037,2026-09-27T03:35:14.857+00:00
4532,0.13758,2026-09-27T03:35:14.857+00:00
4533,0.12852,2026-09-27T03:35:14.857+00:00
4534,0.12625,2026-09-27T03:35:19.864+00:00
4535,0.13515,2026-09-27T03:35:19.864+00:00
4536,0.13148,2026-09-27T03:35:19.864+00:00
4537,0.14470,2026-09-27T03:35:24.871+00:00
4538,0.13297,2026-09-27T03:35:24.871+00:00
4539,0.13268,2026-09-27T03:35:24.871+00:00
4540,0.16788,2026-09-27T03:35:29.878+00:00
4541,0.12394,2026-09-27T03:35:29.878+00:00
4542,0.12636,2026-09-27T03:35:29.878+00:00
4543,0.12840,2026-09-27T03:35:34.884+00:00
4544,0.12889,2026-09-27T03:35:34.885+00:00
4545,0.13717,2026-09-27T03:35:34.885+00:00
4546,0.13734,2026-09-27T03:35:39.894+00:00
4547,0.13153,2026-09-27T03:35:39.894+00:00
4548,0.14051,2026-09-27T03:35:39.894+00:00
4549,0.13564,2026-09-27T03:35:39.894+00:00
4550,0.13322,2026-09-27T03:35:44.901+00:00
4551,0.12855,2026-09-27T03:35:44.901+00:00
4552,0.13484,2026-09-27T03:35:44.901+00:00
4553,0.13204,2026-09-27T03:35:49.908+00:00
4554,0.13932,2026-09-27T03:35:49.908+00:00
4555,0.13585,2026-09-27T03:35:49.908+00:00
4556,0.14390,2026-09-27T03:35:54.915+00:00
4557,0.13672,2026-09-27T03:35:54.915+00:00
4558,0.13146,2026-09-27T03:35:54.915+00:00
4559,0.13021,2026-09-27T03:35:59.921+00:00
4560,0.13213,2026-09-27T03:35:59.922+00:00
4561,0.12940,2026-09-27T03:35:59.922+00:00
4562,0.13823,2026-09-27T03:36:04.930+00:00
4563,0.13022,2026-09-27T03:36:04.930+00:00
4564,0.13812,2026-09-27T03:36:04.930+00:00
4565,0.12262,2026-09-27T03:36:04.930+00:00
4566,0.13379,2026-09-27T03:36:09.939+00:00
4567,0.13621,2026-09-27T03:36:09.939+00:00
4568,0.13682,2026-09-27T03:36:09.939+00:00
4569,0.13750,2026-09-27T03:36:14.946+00:00
4570,0.13713,2026-09-27T03:36:14.946+00:00
4571,0.13196,2026-09-27T03:36:14.946+00:00
4572,0.13932,2026-09-27T03:36:19.953+00:00
4573,0.13081,2026-09-27T03:36:19.953+00:00
4574,0.13604,2026-09-27T03:36:19.954+00:00
4575,0.13976,2026-09-27T03:36:19.954+00:00
4576,0.14026,2026-09-27T03:36:24.961+00:00
4577,0.13721,2026-09-27T03:36:24.961+00:00
4578,0.12896,2026-09-27T03:36:24.961+00:00
4579,0.13199,2026-09-27T03:36:29.968+00:00
4580,0.13311,2026-09-27T03:36:29.968+00:00
4581,0.14068,2026-09-27T03:36:29.968+00:00
4582,0.13235,2026-09-27T03:36:34.975+00:00
4583,0.14098,2026-09-27T03:36:34.975+00:00
4584,0.12970,2026-09-27T03:36:34.975+00:00
4585,0.13971,2026-09-27T03:36:39.985+00:00
4586,0.13717,2026-09-27T03:36:39.985+00:00
4587,0.12590,2026-09-27T03:36:39.985+00:00
4588,0.13614,2026-09-27T03:36:39.985+00:00
4589,0.13307,2026-09-27T03:36:44.992+00:00
4590,0.12258,2026-09-27T03:36:44.992+00:00
4591,0.13550,2026-09-27T03:36:44.992+00:00
4592,0.13357,2026-09-27T03:36:49.999+00:00
4593,0.14121,2026-09-27T03:36:49.999+00:00
4594,0.13586,2026-09-27T03:36:49.999+00:00
4595,0.13584,2026-09-27T03:36:55.006+00:00
4596,0.14109,2026-09-27T03:36:55.006+00:00
4597,0.13863,2026-09-27T03:36:55.006+00:00
4598,0.13668,2026-09-27T03:37:00.013+00:00
4599,0.12574,2026-09-27T03:37:00.014+00:00
4600,0.12646,2026-09-27T03:37:00.014+00:00
4601,0.14080,2026-09-27T03:37:00.014+00:00
4602,0.13333,2026-09-27T03:37:05.022+00:00
4603,0.14457,2026-09-27T03:37:05.022+00:00
4604,0.12348,2026-09-27T03:37:05.022+00:00
4605,0.13270,2026-09-27T03:37:10.032+00:00
4606,0.13429,2026-09-27T03:37:10.032+00:00
4607,0.14380,2026-09-27T03:37:10.032+00:00
4608,0.12573,2026-09-27T03:37:15.039+00:00
4609,0.12507,2026-09-27T03:37:15.040+00:00
4610,0.14404,2026-09-27T03:37:15.040+00:00
4611,0.13301,2026-09-27T03:37:20.047+00:00
4612,0.12855,2026-09-27T03:37:20.047+00:00
4613,0.13927,2026-09-27T03:37:20.047+00:00
4614,0.12986,2026-09-27T03:37:20.047+00:00
4615,0.13986,2026-09-27T03:37:25.054+00:00
4616,0.13271,2026-09-27T03:37:25.054+00:00
4617,0.14227,2026-09-27T03:37:25.054+00:00
4618,0.13260,2026-09-27T03:37:30.061+00:00
4619,0.12659,2026-09-27T03:37:30.061+00:00
4620,0.12986,2026-09-27T03:37:30.061+00:00
4621,0.13961,2026-09-27T03:37:35.068+00:00
4622,0.14609,2026-09-27T03:37:35.068+00:00
4623,0.13042,2026-09-27T03:37:35.068+00:00
4624,0.13944,2026-09-27T03:37:40.076+00:00
4625,0.13562,2026-09-27T03:37:40.076+00:00
4626,0.13591,2026-09-27T03:37:40.076+00:00
4627,0.12989,2026-09-27T03:37:40.077+00:00
4628,0.13558,2026-09-27T03:37:45.083+00:00
4629,0.13452,2026-09-27T03:37:45.083+00:00
4630,0.13275,2026-09-27T03:37:45.083+00:00
4631,0.12566,2026-09-27T03:37:50.090+00:00
4632,0.12606,2026-09-27T03:37:50.090+00:00
4633,0.12963,2026-09-27T03:37:50.090+00:00
4634,0.12968,2026-09-27T03:37:55.097+00:00
4635,0.13454,2026-09-27T03:37:55.097+00:00
4636,0.14012,2026-09-27T03:37:55.097+00:00
4637,0.13203,2026-09-27T03:38:00.104+00:00
4638,0.13990,2026-09-27T03:38:00.104+00:00
4639,0.13603,2026-09-27T03:38:00.104+00:00
4640,0.13202,2026-09-27T03:38:05.111+00:00
4641,0.13120,2026-09-27T03:38:05.111+00:00
4642,0.14588,2026-09-27T03:38:05.111+00:00
4643,0.12164,2026-09-27T03:38:05.111+00:00
4644,0.12986,2026-09-27T03:38:10.121+00:00
4645,0.14948,2026-09-27T03:38:10.121+00:00
4646,0.13848,2026-09-27T03:38:10.121+00:00
4647,0.12337,2026-09-27T03:38:15.127+00:00
4648,0.13518,2026-09-27T03:38:15.128+00:00
4649,0.13366,2026-09-27T03:38:15.128+00:00
4650,0.12833,2026-09-27T03:38:20.134+00:00
4651,0.14064,2026-09-27T03:38:20.134+00:00
4652,0.13591,2026-09-27T03:38:20.134+00:00
4653,0.13385,2026-09-27T03:38:25.141+00:00
4654,0.13493,2026-09-27T03:38:25.141+00:00
4655,0.14150,2026-09-27T03:38:25.141+00:00
4656,0.13370,2026-09-27T03:38:25.141+00:00
4657,0.12478,2026-09-27T03:38:30.147+00:00
4658,0.14332,2026-09-27T03:38:30.147+00:00
4659,0.12748,2026-09-27T03:38:30.147+00:00
4660,0.13297,2026-09-27T03:38:35.154+00:00
4661,0.13224,2026-09-27T03:38:35.154+00:00
4662,0.12798,2026-09-27T03:38:35.154+00:00
4663,0.12435,2026-09-27T03:38:40.161+00:00
4664,0.13024,2026-09-27T03:38:40.162+00:00
4665,0.12850,2026-09-27T03:38:40.162+00:00
4666,0.13244,2026-09-27T03:38:45.169+00:00
4667,0.13232,2026-09-27T03:38:45.169+00:00
4668,0.13731,2026-09-27T03:38:45.169+00:00
4669,0.12385,2026-09-27T03:38:45.169+00:00
4670,0.13771,2026-09-27T03:38:50.176+00:00
4671,0.11963,2026-09-27T03:38:50.176+00:00
4672,0.12788,2026-09-27T03:38:50.176+00:00
4673,0.12595,2026-09-27T03:38:55.182+00:00
4674,0.14472,2026-09-27T03:38:55.182+00:00
4675,0.14261,2026-09-27T03:38:55.182+00:00
4676,0.13452,2026-09-27T03:39:00.188+00:00
4677,0.13556,2026-09-27T03:39:00.188+00:00
4678,0.13195,2026-09-27T03:39:00.189+00:00
4679,0.12966,2026-09-27T03:39:05.196+00:00
4680,0.13868,2026-09-27T03:39:05.196+00:00
4681,0.14034,2026-09-27T03:39:05.196+00:00
4682,0.13624,2026-09-27T03:39:05.196+00:00
4683,0.13246,2026-09-27T03:39:10.206+00:00
4684,0.13599,2026-09-27T03:39:10.206+00:00
4685,0.13344,2026-09-27T03:39:10.206+00:00
4686,0.12981,2026-09-27T03:39:15.213+00:00
4687,0.13084,2026-09-27T03:39:15.213+00:00
4688,0.13497,2026-09-27T03:39:15.213+00:00
4689,0.13196,2026-09-27T03:39:20.220+00:00
4690,0.13612,2026-09-27T03:39:20.220+00:00
4691,0.14222,2026-09-27T03:39:20.220+00:00
4692,0.13213,2026-09-27T03:39:20.221+00:00
4693,0.12649,2026-09-27T03:39:25.227+00:00
4694,0.13566,2026-09-27T03:39:25.227+00:00
4695,0.13888,2026-09-27T03:39:25.227+00:00
4696,0.11822,2026-09-27T03:39:30.234+00:00
4697,0.12375,2026-09-27T03:39:30.234+00:00
4698,0.13867,2026-09-27T03:39:30.234+00:00
4699,0.14381,2026-09-27T03:39:35.240+00:00
4700,0.15303,2026-09-27T03:39:35.241+00:00
4701,0.12979,2026-09-27T03:39:35.241+00:00
4702,0.13301,2026-09-27T03:39:40.250+00:00
4703,0.13114,2026-09-27T03:39:40.250+00:00
4704,0.13204,2026-09-27T03:39:40.250+00:00
4705,0.14467,2026-09-27T03:39:40.250+00:00
4706,0.14324,2026-09-27T03:39:45.256+00:00
4707,0.13297,2026-09-27T03:39:45.257+00:00
4708,0.13207,2026-09-27T03:39:45.257+00:00
4709,0.13455,2026-09-27T03:39:50.264+00:00
4710,0.14161,2026-09-27T03:39:50.264+00:00
4711,0.13955,2026-09-27T03:39:50.264+00:00
4712,0.12730,2026-09-27T03:39:55.270+00:00
4713,0.13577,2026-09-27T03:39:55.271+00:00
4714,0.14275,2026-09-27T03:39:55.271+00:00
4715,0.13762,2026-09-27T03:40:00.277+00:00
4716,0.13767,2026-09-27T03:40:00.277+00:00
4717,0.13099,2026-09-27T03:40:00.278+00:00
4718,0.12781,2026-09-27T03:40:00.278+00:00
4719,0.13208,2026-09-27T03:40:05.285+00:00
4720,0.14069,2026-09-27T03:40:05.285+00:00
4721,0.13490,2026-09-27T03:40:05.285+00:00
4722,0.14265,2026-09-27T03:40:10.294+00:00
4723,0.12749,2026-09-27T03:40:10.294+00:00
4724,0.13582,2026-09-27T03:40:10.294+00:00
4725,0.13408,2026-09-27T03:40:15.302+00:00
4726,0.14591,2026-09-27T03:40:15.302+00:00
4727,0.14152,2026-09-27T03:40:15.302+00:00
4728,0.13023,2026-09-27T03:40:20.309+00:00
4729,0.12997,2026-09-27T03:40:20.309+00:00
4730,0.12993,2026-09-27T03:40:20.309+00:00
4731,0.13540,2026-09-27T03:40:20.309+00:00
4732,0.12526,2026-09-27T03:40:25.316+00:00
4733,0.13097,2026-09-27T03:40:25.316+00:00
4734,0.12977,2026-09-27T03:40:25.316+00:00
4735,0.13146,2026-09-27T03:40:30.322+00:00
4736,0.13843,2026-09-27T03:40:30.323+00:00
4737,0.13571,2026-09-27T03:40:30.323+00:00
4738,0.13132,2026-09-27T03:40:35.329+00:00
4739,0.13832,2026-09-27T03:40:35.329+00:00
4740,0.13215,2026-09-27T03:40:35.329+00:00
4741,0.13629,2026-09-27T03:40:40.339+00:00
4742,0.13568,2026-09-27T03:40:40.340+00:00
4743,0.13240,2026-09-27T03:40:40.340+00:00
4744,0.12688,2026-09-27T03:40:40.340+00:00
4745,0.13971,2026-09-27T03:40:45.347+00:00
4746,0.13641,2026-09-27T03:40:45.347+00:00
4747,0.15086,2026-09-27T03:40:45.347+00:00
4748,0.13305,2026-09-27T03:40:50.354+00:00
4749,0.13451,2026-09-27T03:40:50.354+00:00
4750,0.13453,2026-09-27T03:40:50.354+00:00
4751,0.14161,2026-09-27T03:40:55.361+00:00
4752,0.13691,2026-09-27T03:40:55.361+00:00
4753,0.13079,2026-09-27T03:40:55.361+00:00
4754,0.14436,2026-09-27T03:41:00.367+00:00
4755,0.13742,2026-09-27T03:41:00.367+00:00
4756,0.14086,2026-09-27T03:41:00.368+00:00
4757,0.12965,2026-09-27T03:41:05.375+00:00
4758,0.13407,2026-09-27T03:41:05.375+00:00
4759,0.13815,2026-09-27T03:41:05.375+00:00
4760,0.13070,2026-09-27T03:41:10.385+00:00
4761,0.13481,2026-09-27T03:41:10.385+00:00
4762,0.13544,2026-09-27T03:41:10.385+00:00
4763,0.13516,2026-09-27T03:41:10.385+00:00
4764,0.13136,2026-09-27T03:41:15.392+00:00
4765,0.13341,2026-09-27T03:41:15.392+00:00
4766,0.14461,2026-09-27T03:41:15.393+00:00
4767,0.13945,2026-09-27T03:41:20.399+00:00
4768,0.12765,2026-09-27T03:41:20.400+00:00
4769,0.13221,2026-09-27T03:41:20.400+00:00
4770,0.13469,2026-09-27T03:41:25.406+00:00
4771,0.12396,2026-09-27T03:41:25.407+00:00
4772,0.14113,2026-09-27T03:41:25.407+00:00
4773,0.13306,2026-09-27T03:41:30.413+00:00
4774,0.13024,2026-09-27T03:41:30.413+00:00
4775,0.12305,2026-09-27T03:41:30.414+00:00
4776,0.13455,2026-09-27T03:41:30.414+00:00
4777,0.13351,2026-09-27T03:41:35.420+00:00
4778,0.13396,2026-09-27T03:41:35.420+00:00
4779,0.12924,2026-09-27T03:41:35.420+00:00
4780,0.13775,2026-09-27T03:41:40.430+00:00
4781,0.13471,2026-09-27T03:41:40.430+00:00
4782,0.12850,2026-09-27T03:41:40.430+00:00
4783,0.13518,2026-09-27T03:41:45.437+00:00
4784,0.13281,2026-09-27T03:41:45.437+00:00
4785,0.13255,2026-09-27T03:41:45.437+00:00
4786,0.13400,2026-09-27T03:41:50.444+00:00
4787,0.13579,2026-09-27T03:41:50.444+00:00
4788,0.14011,2026-09-27T03:41:50.444+00:00
4789,0.13417,2026-09-27T03:41:50.444+00:00
4790,0.12873,2026-09-27T03:41:55.451+00:00
4791,0.13710,2026-09-27T03:41:55.451+00:00
4792,0.12977,2026-09-27T03:41:55.451+00:00
4793,0.13054,2026-09-27T03:42:00.457+00:00
4794,0.13343,2026-09-27T03:42:00.457+00:00
4795,0.14073,2026-09-27T03:42:00.457+00:00
4796,0.13801,2026-09-27T03:42:05.465+00:00
4797,0.13468,2026-09-27T03:42:05.465+00:00
4798,0.12911,2026-09-27T03:42:05.465+00:00
4799,0.13877,2026-09-27T03:42:10.475+00:00
4800,0.13390,2026-09-27T03:42:10.475+00:00
4801,0.13535,2026-09-27T03:42:10.475+00:00
4802,0.13047,2026-09-27T03:42:15.482+00:00
4803,0.15545,2026-09-27T03:42:15.482+00:00
4804,0.13381,2026-09-27T03:42:15.482+00:00
4805,0.13656,2026-09-27T03:42:20.489+00:00
4806,0.13435,2026-09-27T03:42:20.489+00:00
4807,0.13913,2026-09-27T03:42:20.489+00:00
4808,0.12668,2026-09-27T03:42:20.489+00:00
4809,0.12163,2026-09-27T03:42:25.496+00:00
4810,0.12939,2026-09-27T03:42:25.496+00:00
4811,0.13484,2026-09-27T03:42:25.496+00:00
4812,0.13478,2026-09-27T03:42:30.501+00:00
4813,0.13382,2026-09-27T03:42:30.501+00:00
4814,0.13162,2026-09-27T03:42:30.501+00:00
4815,0.13740,2026-09-27T03:42:35.508+00:00
4816,0.13517,2026-09-27T03:42:35.508+00:00
4817,0.13157,2026-09-27T03:42:35.508+00:00
4818,0.13591,2026-09-27T03:42:40.518+00:00
4819,0.13264,2026-09-27T03:42:40.518+00:00
4820,0.12804,2026-09-27T03:42:40.518+00:00
4821,0.14564,2026-09-27T03:42:40.518+00:00
4822,0.13447,2026-09-27T03:42:45.525+00:00
4823,0.12843,2026-09-27T03:42:45.525+00:00
4824,0.13472,2026-09-27T03:42:45.526+00:00
4825,0.13691,2026-09-27T03:42:50.533+00:00
4826,0.13886,2026-09-27T03:42:50.533+00:00
4827,0.13696,2026-09-27T03:42:50.533+00:00
4828,0.13883,2026-09-27T03:42:55.539+00:00
4829,0.12863,2026-09-27T03:42:55.539+00:00
4830,0.13406,2026-09-27T03:42:55.540+00:00
4831,0.13294,2026-09-27T03:42:55.540+00:00
4832,0.13406,2026-09-27T03:43:00.546+00:00
4833,0.13195,2026-09-27T03:43:00.546+00:00
4834,0.12928,2026-09-27T03:43:00.546+00:00
4835,0.13466,2026-09-27T03:43:05.554+00:00
4836,0.13861,2026-09-27T03:43:05.554+00:00
4837,0.12343,2026-09-27T03:43:05.554+00:00
4838,0.13056,2026-09-27T03:43:05.554+00:00
4839,0.12672,2026-09-27T03:43:10.564+00:00
4840,0.12979,2026-09-27T03:43:10.564+00:00
4841,0.12935,2026-09-27T03:43:10.564+00:00
4842,0.14465,2026-09-27T03:43:15.571+00:00
4843,0.13622,2026-09-27T03:43:15.571+00:00
4844,0.13207,2026-09-27T03:43:15.571+00:00
4845,0.12626,2026-09-27T03:43:20.578+00:00
4846,0.12585,2026-09-27T03:43:20.578+00:00
4847,0.13434,2026-09-27T03:43:20.578+00:00
4848,0.13253,2026-09-27T03:43:25.585+00:00
4849,0.13513,2026-09-27T03:43:25.585+00:00
4850,0.13981,2026-09-27T03:43:25.585+00:00
4851,0.13795,2026-09-27T03:43:30.591+00:00
4852,0.12922,2026-09-27T03:43:30.591+00:00
4853,0.13471,2026-09-27T03:43:30.591+00:00
4854,0.14290,2026-09-27T03:43:30.592+00:00
4855,0.13605,2026-09-27T03:43:35.598+00:00
4856,0.14041,2026-09-27T03:43:35.598+00:00
4857,0.13311,2026-09-27T03:43:35.598+00:00
4858,0.14422,2026-09-27T03:43:40.608+00:00
4859,0.12764,2026-09-27T03:43:40.608+00:00
4860,0.13264,2026-09-27T03:43:40.608+00:00
4861,0.12952,2026-09-27T03:43:45.615+00:00
4862,0.12864,2026-09-27T03:43:45.615+00:00
4863,0.12330,2026-09-27T03:43:45.615+00:00
4864,0.12676,2026-09-27T03:43:50.623+00:00
4865,0.13105,2026-09-27T03:43:50.623+00:00
4866,0.13347,2026-09-27T03:43:50.623+00:00
4867,0.13328,2026-09-27T03:43:50.623+00:00
4868,0.12395,2026-09-27T03:43:55.630+00:00
4869,0.13462,2026-09-27T03:43:55.630+00:00
4870,0.13029,2026-09-27T03:43:55.630+00:00
4871,0.12874,2026-09-27T03:44:00.637+00:00
4872,0.13750,2026-09-27T03:44:00.637+00:00
4873,0.13273,2026-09-27T03:44:00.638+00:00
4874,0.12390,2026-09-27T03:44:00.638+00:00
4875,0.14351,2026-09-27T03:44:05.645+00:00
4876,0.12478,2026-09-27T03:44:05.645+00:00
4877,0.13379,2026-09-27T03:44:05.645+00:00
4878,0.12835,2026-09-27T03:44:10.654+00:00
4879,0.13858,2026-09-27T03:44:10.654+00:00
4880,0.12764,2026-09-27T03:44:10.654+00:00
4881,0.12845,2026-09-27T03:44:15.661+00:00
4882,0.15277,2026-09-27T03:44:15.661+00:00
4883,0.12785,2026-09-27T03:44:15.662+00:00
4884,0.12585,2026-09-27T03:44:20.669+00:00
4885,0.12972,2026-09-27T03:44:20.669+00:00
4886,0.13024,2026-09-27T03:44:20.669+00:00
4887,0.12447,2026-09-27T03:44:20.669+00:00
4888,0.13243,2026-09-27T03:44:25.676+00:00
4889,0.13566,2026-09-27T03:44:25.676+00:00
4890,0.13973,2026-09-27T03:44:25.676+00:00
4891,0.13291,2026-09-27T03:44:30.683+00:00
4892,0.12535,2026-09-27T03:44:30.683+00:00
4893,0.13394,2026-09-27T03:44:30.683+00:00
4894,0.12686,2026-09-27T03:44:35.689+00:00
4895,0.12974,2026-09-27T03:44:35.689+00:00
4896,0.13556,2026-09-27T03:44:35.690+00:00
4897,0.12766,2026-09-27T03:44:35.690+00:00
4898,0.12910,2026-09-27T03:44:40.700+00:00
4899,0.13109,2026-09-27T03:44:40.700+00:00
4900,0.13690,2026-09-27T03:44:40.700+00:00
4901,0.12543,2026-09-27T03:44:45.707+00:00
4902,0.13099,2026-09-27T03:44:45.707+00:00
4903,0.12508,2026-09-27T03:44:45.707+00:00
4904,0.13780,2026-09-27T03:44:50.714+00:00
4905,0.12529,2026-09-27T03:44:50.715+00:00
4906,0.13161,2026-09-27T03:44:50.715+00:00
4907,0.13363,2026-09-27T03:44:50.715+00:00
4908,0.11775,2026-09-27T03:44:55.722+00:00
4909,0.12592,2026-09-27T03:44:55.722+00:00
4910,0.13184,2026-09-27T03:44:55.722+00:00
4911,0.12443,2026-09-27T03:45:00.729+00:00
4912,0.13412,2026-09-27T03:45:00.729+00:00
4913,0.12751,2026-09-27T03:45:00.729+00:00
4914,0.12639,2026-09-27T03:45:00.729+00:00
4915,0.13055,2026-09-27T03:45:05.737+00:00
4916,0.13845,2026-09-27T03:45:05.737+00:00
4917,0.13487,2026-09-27T03:45:05.737+00:00
4918,0.12921,2026-09-27T03:45:10.747+00:00
4919,0.13170,2026-09-27T03:45:10.747+00:00
4920,0.13314,2026-09-27T03:45:10.747+00:00
4921,0.14509,2026-09-27T03:45:15.754+00:00
4922,0.13624,2026-09-27T03:45:15.754+00:00
4923,0.11994,2026-09-27T03:45:15.754+00:00
4924,0.13112,2026-09-27T03:45:20.761+00:00
4925,0.12832,2026-09-27T03:45:20.761+00:00
4926,0.13164,2026-09-27T03:45:20.761+00:00
4927,0.13799,2026-09-27T03:45:20.761+00:00
4928,0.13220,2026-09-27T03:45:25.768+00:00
4929,0.12791,2026-09-27T03:45:25.768+00:00
4930,0.13503,2026-09-27T03:45:25.768+00:00
4931,0.12567,2026-09-27T03:45:30.775+00:00
4932,0.12265,2026-09-27T03:45:30.775+00:00
4933,0.13102,2026-09-27T03:45:30.775+00:00
4934,0.13895,2026-09-27T03:45:30.775+00:00
4935,0.13036,2026-09-27T03:45:35.782+00:00
4936,0.13235,2026-09-27T03:45:35.782+00:00
4937,0.12989,2026-09-27T03:45:35.782+00:00
4938,0.13759,2026-09-27T03:45:40.791+00:00
4939,0.12506,2026-09-27T03:45:40.791+00:00
4940,0.12919,2026-09-27T03:45:40.791+00:00
4941,0.13334,2026-09-27T03:45:45.798+00:00
4942,0.13225,2026-09-27T03:45:45.798+00:00
4943,0.12633,2026-09-27T03:45:45.798+00:00
4944,0.13040,2026-09-27T03:45:45.798+00:00
4945,0.13255,2026-09-27T03:45:50.805+00:00
4946,0.13843,2026-09-27T03:45:50.805+00:00
4947,0.12730,2026-09-27T03:45:50.805+00:00
4948,0.12212,2026-09-27T03:45:55.812+00:00
4949,0.12711,2026-09-27T03:45:55.812+00:00
4950,0.12583,2026-09-27T03:45:55.812+00:00
4951,0.13555,2026-09-27T03:45:55.812+00:00
4952,0.12998,2026-09-27T03:46:00.819+00:00
4953,0.13228,2026-09-27T03:46:00.819+00:00
4954,0.13558,2026-09-27T03:46:00.819+00:00
4955,0.12998,2026-09-27T03:46:05.826+00:00
4956,0.13184,2026-09-27T03:46:05.826+00:00
4957,0.13314,2026-09-27T03:46:05.827+00:00
4958,0.12398,2026-09-27T03:46:10.836+00:00
4959,0.13238,2026-09-27T03:46:10.836+00:00
4960,0.12912,2026-09-27T03:46:10.836+00:00
4961,0.13355,2026-09-27T03:46:10.836+00:00
4962,0.12976,2026-09-27T03:46:15.843+00:00
4963,0.14343,2026-09-27T03:46:15.843+00:00
4964,0.13220,2026-09-27T03:46:15.843+00:00
4965,0.13865,2026-09-27T03:46:20.850+00:00
4966,0.13597,2026-09-27T03:46:20.850+00:00
4967,0.12970,2026-09-27T03:46:20.851+00:00
4968,0.13816,2026-09-27T03:46:25.857+00:00
4969,0.13168,2026-09-27T03:46:25.857+00:00
4970,0.13426,2026-09-27T03:46:25.857+00:00
4971,0.13044,2026-09-27T03:46:25.858+00:00
4972,0.14039,2026-09-27T03:46:30.863+00:00
4973,0.13311,2026-09-27T03:46:30.863+00:00
4974,0.12566,2026-09-27T03:46:30.863+00:00
4975,0.12687,2026-09-27T03:46:35.870+00:00
4976,0.12988,2026-09-27T03:46:35.871+00:00
4977,0.12056,2026-09-27T03:46:35.871+00:00
4978,0.12800,2026-09-27T03:46:40.881+00:00
4979,0.12421,2026-09-27T03:46:40.881+00:00
4980,0.12242,2026-09-27T03:46:40.881+00:00
4981,0.12471,2026-09-27T03:46:40.881+00:00
4982,0.13411,2026-09-27T03:46:45.888+00:00
4983,0.12873,2026-09-27T03:46:45.888+00:00
4984,0.12874,2026-09-27T03:46:45.888+00:00
4985,0.13244,2026-09-27T03:46:50.896+00:00
4986,0.14392,2026-09-27T03:46:50.896+00:00
4987,0.13372,2026-09-27T03:46:50.896+00:00
4988,0.14163,2026-09-27T03:46:55.903+00:00
4989,0.13187,2026-09-27T03:46:55.903+00:00
4990,0.13308,2026-09-27T03:46:55.903+00:00
4991,0.12887,2026-09-27T03:46:55.903+00:00
4992,0.12786,2026-09-27T03:47:00.910+00:00
4993,0.13965,2026-09-27T03:47:00.910+00:00
4994,0.12935,2026-09-27T03:47:00.910+00:00
4995,0.12643,2026-09-27T03:47:05.918+00:00
4996,0.12277,2026-09-27T03:47:05.918+00:00
4997,0.13657,2026-09-27T03:47:05.918+00:00
4998,0.12981,2026-09-27T03:47:10.927+00:00
4999,0.11874,2026-09-27T03:47:10.927+00:00
5000,0.12713,2026-09-27T03:47:10.927+00:00
5001,0.12260,2026-09-27T03:47:10.927+00:00
5002,0.12641,2026-09-27T03:47:15.934+00:00
5003,0.12244,2026-09-27T03:47:15.935+00:00
5004,0.13456,2026-09-27T03:47:15.935+00:00
5005,0.13616,2026-09-27T03:47:20.942+00:00
5006,0.12578,2026-09-27T03:47:20.942+00:00
5007,0.12677,2026-09-27T03:47:20.942+00:00
5008,0.12678,2026-09-27T03:47:25.949+00:00
5009,0.13295,2026-09-27T03:47:25.949+00:00
5010,0.12975,2026-09-27T03:47:25.949+00:00
5011,0.12605,2026-09-27T03:47:25.949+00:00
5012,0.13114,2026-09-27T03:47:30.956+00:00
5013,0.13074,2026-09-27T03:47:30.956+00:00
5014,0.13747,2026-09-27T03:47:30.956+00:00
5015,0.12562,2026-09-27T03:47:35.962+00:00
5016,0.13103,2026-09-27T03:47:35.963+00:00
5017,0.12599,2026-09-27T03:47:35.963+00:00
5018,0.12614,2026-09-27T03:47:40.972+00:00
5019,0.12729,2026-09-27T03:47:40.973+00:00
5020,0.14071,2026-09-27T03:47:40.973+00:00
5021,0.12730,2026-09-27T03:47:40.973+00:00
5022,0.13311,2026-09-27T03:47:45.980+00:00
5023,0.13214,2026-09-27T03:47:45.980+00:00
5024,0.13694,2026-09-27T03:47:45.980+00:00
5025,0.13079,2026-09-27T03:47:50.987+00:00
5026,0.13508,2026-09-27T03:47:50.987+00:00
5027,0.12694,2026-09-27T03:47:50.987+00:00
5028,0.12857,2026-09-27T03:47:55.994+00:00
5029,0.12669,2026-09-27T03:47:55.994+00:00
5030,0.13098,2026-09-27T03:47:55.994+00:00
5031,0.11872,2026-09-27T03:47:55.994+00:00
5032,0.11756,2026-09-27T03:48:01.002+00:00
5033,0.12381,2026-09-27T03:48:01.002+00:00
5034,0.12506,2026-09-27T03:48:01.002+00:00
5035,0.12778,2026-09-27T03:48:06.010+00:00
5036,0.12563,2026-09-27T03:48:06.010+00:00
5037,0.12825,2026-09-27T03:48:06.010+00:00
5038,0.12691,2026-09-27T03:48:06.010+00:00
5039,0.12350,2026-09-27T03:48:11.020+00:00
5040,0.12611,2026-09-27T03:48:11.020+00:00
5041,0.12332,2026-09-27T03:48:11.020+00:00
5042,0.14514,2026-09-27T03:48:16.027+00:00
5043,0.14585,2026-09-27T03:48:16.027+00:00
5044,0.12315,2026-09-27T03:48:16.027+00:00
5045,0.13847,2026-09-27T03:48:16.027+00:00
5046,0.13436,2026-09-27T03:48:21.034+00:00
5047,0.12637,2026-09-27T03:48:21.034+00:00
5048,0.14045,2026-09-27T03:48:21.034+00:00
5049,0.12912,2026-09-27T03:48:26.041+00:00
5050,0.13529,2026-09-27T03:48:26.041+00:00
5051,0.12361,2026-09-27T03:48:26.041+00:00
5052,0.11691,2026-09-27T03:48:31.049+00:00
5053,0.12081,2026-09-27T03:48:31.049+00:00
5054,0.13429,2026-09-27T03:48:31.049+00:00
5055,0.13626,2026-09-27T03:48:31.049+00:00
5056,0.13719,2026-09-27T03:48:36.057+00:00
5057,0.13118,2026-09-27T03:48:36.057+00:00
5058,0.13084,2026-09-27T03:48:36.057+00:00
5059,0.13204,2026-09-27T03:48:41.067+00:00
5060,0.13007,2026-09-27T03:48:41.067+00:00
5061,0.13568,2026-09-27T03:48:41.067+00:00
5062,0.12393,2026-09-27T03:48:46.074+00:00
5063,0.12933,2026-09-27T03:48:46.075+00:00
5064,0.12365,2026-09-27T03:48:46.075+00:00
5065,0.13660,2026-09-27T03:48:51.082+00:00
5066,0.13140,2026-09-27T03:48:51.082+00:00
5067,0.13601,2026-09-27T03:48:51.082+00:00
5068,0.12731,2026-09-27T03:48:51.082+00:00
5069,0.12551,2026-09-27T03:48:56.089+00:00
5070,0.12046,2026-09-27T03:48:56.089+00:00
5071,0.12801,2026-09-27T03:48:56.089+00:00
5072,0.13017,2026-09-27T03:49:01.096+00:00
5073,0.12548,2026-09-27T03:49:01.096+00:00
5074,0.12935,2026-09-27T03:49:01.096+00:00
5075,0.13849,2026-09-27T03:49:01.096+00:00
5076,0.13789,2026-09-27T03:49:06.104+00:00
5077,0.12966,2026-09-27T03:49:06.104+00:00
5078,0.12971,2026-09-27T03:49:06.104+00:00
5079,0.13564,2026-09-27T03:49:11.114+00:00
5080,0.14167,2026-09-27T03:49:11.114+00:00
5081,0.12429,2026-09-27T03:49:11.114+00:00
5082,0.12688,2026-09-27T03:49:16.121+00:00
5083,0.13815,2026-09-27T03:49:16.122+00:00
5084,0.13003,2026-09-27T03:49:16.122+00:00
5085,0.12787,2026-09-27T03:49:16.122+00:00
5086,0.14283,2026-09-27T03:49:21.129+00:00
5087,0.12873,2026-09-27T03:49:21.129+00:00
5088,0.12285,2026-09-27T03:49:21.129+00:00
5089,0.13381,2026-09-27T03:49:26.136+00:00
5090,0.12761,2026-09-27T03:49:26.136+00:00
5091,0.12557,2026-09-27T03:49:26.136+00:00
5092,0.12893,2026-09-27T03:49:31.144+00:00
5093,0.14491,2026-09-27T03:49:31.144+00:00
5094,0.13992,2026-09-27T03:49:31.144+00:00
5095,0.12341,2026-09-27T03:49:31.144+00:00
5096,0.12050,2026-09-27T03:49:36.151+00:00
5097,0.12820,2026-09-27T03:49:36.151+00:00
5098,0.13434,2026-09-27T03:49:36.151+00:00
5099,0.13884,2026-09-27T03:49:41.162+00:00
5100,0.13573,2026-09-27T03:49:41.162+00:00
5101,0.12792,2026-09-27T03:49:41.162+00:00
5102,0.14074,2026-09-27T03:49:46.169+00:00
5103,0.13171,2026-09-27T03:49:46.169+00:00
5104,0.13785,2026-09-27T03:49:46.169+00:00
5105,0.13747,2026-09-27T03:49:51.176+00:00
5106,0.13731,2026-09-27T03:49:51.176+00:00
5107,0.13391,2026-09-27T03:49:51.177+00:00
5108,0.13957,2026-09-27T03:49:51.177+00:00
5109,0.12052,2026-09-27T03:49:56.184+00:00
5110,0.14049,2026-09-27T03:49:56.184+00:00
5111,0.13762,2026-09-27T03:49:56.184+00:00
5112,0.13569,2026-09-27T03:50:01.191+00:00
5113,0.12798,2026-09-27T03:50:01.191+00:00
5114,0.13628,2026-09-27T03:50:01.191+00:00
5115,0.12523,2026-09-27T03:50:06.198+00:00
5116,0.13311,2026-09-27T03:50:06.198+00:00
5117,0.12001,2026-09-27T03:50:06.199+00:00
5118,0.14270,2026-09-27T03:50:06.199+00:00
5119,0.13922,2026-09-27T03:50:11.208+00:00
5120,0.12812,2026-09-27T03:50:11.208+00:00
5121,0.13272,2026-09-27T03:50:11.208+00:00
5122,0.13537,2026-09-27T03:50:16.215+00:00
5123,0.12995,2026-09-27T03:50:16.215+00:00
5124,0.12620,2026-09-27T03:50:16.215+00:00
5125,0.13024,2026-09-27T03:50:21.222+00:00
5126,0.12334,2026-09-27T03:50:21.222+00:00
5127,0.12927,2026-09-27T03:50:21.222+00:00
5128,0.12825,2026-09-27T03:50:21.222+00:00
5129,0.14548,2026-09-27T03:50:26.229+00:00
5130,0.13438,2026-09-27T03:50:26.229+00:00
5131,0.13050,2026-09-27T03:50:26.229+00:00
5132,0.12627,2026-09-27T03:50:31.236+00:00
5133,0.13131,2026-09-27T03:50:31.237+00:00
5134,0.13812,2026-09-27T03:50:31.237+00:00
5135,0.12629,2026-09-27T03:50:36.244+00:00
5136,0.12977,2026-09-27T03:50:36.244+00:00
5137,0.12796,2026-09-27T03:50:36.244+00:00
5138,0.13815,2026-09-27T03:50:36.244+00:00
5139,0.13831,2026-09-27T03:50:41.253+00:00
5140,0.13363,2026-09-27T03:50:41.254+00:00
5141,0.12308,2026-09-27T03:50:41.254+00:00
5142,0.13004,2026-09-27T03:50:46.261+00:00
5143,0.12500,2026-09-27T03:50:46.261+00:00
5144,0.12817,2026-09-27T03:50:46.261+00:00
5145,0.13720,2026-09-27T03:50:51.268+00:00
5146,0.13166,2026-09-27T03:50:51.268+00:00
5147,0.13687,2026-09-27T03:50:51.268+00:00
5148,0.13281,2026-09-27T03:50:56.275+00:00
5149,0.12950,2026-09-27T03:50:56.276+00:00
5150,0.14235,2026-09-27T03:50:56.276+00:00
5151,0.12507,2026-09-27T03:50:56.276+00:00
5152,0.12937,2026-09-27T03:51:01.283+00:00
5153,0.13076,2026-09-27T03:51:01.283+00:00
5154,0.13437,2026-09-27T03:51:01.283+00:00
5155,0.14198,2026-09-27T03:51:06.291+00:00
5156,0.13464,2026-09-27T03:51:06.291+00:00
5157,0.13236,2026-09-27T03:51:06.291+00:00
5158,0.13999,2026-09-27T03:51:11.301+00:00
5159,0.13177,2026-09-27T03:51:11.301+00:00
5160,0.12978,2026-09-27T03:51:11.301+00:00
5161,0.13400,2026-09-27T03:51:16.308+00:00
5162,0.12795,2026-09-27T03:51:16.308+00:00
5163,0.12846,2026-09-27T03:51:16.308+00:00
5164,0.12961,2026-09-27T03:51:16.309+00:00
5165,0.13701,2026-09-27T03:51:21.316+00:00
5166,0.11765,2026-09-27T03:51:21.316+00:00
5167,0.12464,2026-09-27T03:51:21.316+00:00
5168,0.13822,2026-09-27T03:51:26.323+00:00
5169,0.13280,2026-09-27T03:51:26.323+00:00
5170,0.14091,2026-09-27T03:51:26.323+00:00
5171,0.13101,2026-09-27T03:51:31.330+00:00
5172,0.13398,2026-09-27T03:51:31.330+00:00
5173,0.13563,2026-09-27T03:51:31.330+00:00
5174,0.13571,2026-09-27T03:51:31.331+00:00
5175,0.13007,2026-09-27T03:51:36.338+00:00
5176,0.12548,2026-09-27T03:51:36.338+00:00
5177,0.12125,2026-09-27T03:51:36.338+00:00
5178,0.13356,2026-09-27T03:51:41.348+00:00
5179,0.12870,2026-09-27T03:51:41.348+00:00
5180,0.12636,2026-09-27T03:51:41.348+00:00
5181,0.12980,2026-09-27T03:51:46.355+00:00
5182,0.13401,2026-09-27T03:51:46.355+00:00
5183,0.14647,2026-09-27T03:51:46.355+00:00
5184,0.12903,2026-09-27T03:51:51.362+00:00
5185,0.12882,2026-09-27T03:51:51.363+00:00
5186,0.13045,2026-09-27T03:51:51.363+00:00
5187,0.13338,2026-09-27T03:51:51.363+00:00
5188,0.13295,2026-09-27T03:51:56.370+00:00
5189,0.13519,2026-09-27T03:51:56.370+00:00
5190,0.13011,2026-09-27T03:51:56.370+00:00
5191,0.12192,2026-09-27T03:52:01.377+00:00
5192,0.12933,2026-09-27T03:52:01.377+00:00
5193,0.13981,2026-09-27T03:52:01.377+00:00
5194,0.13019,2026-09-27T03:52:01.377+00:00
5195,0.12364,2026-09-27T03:52:06.385+00:00
5196,0.13420,2026-09-27T03:52:06.385+00:00
5197,0.14136,2026-09-27T03:52:06.385+00:00
5198,0.14061,2026-09-27T03:52:11.395+00:00
5199,0.12766,2026-09-27T03:52:11.395+00:00
5200,0.12938,2026-09-27T03:52:11.395+00:00
5201,0.14024,2026-09-27T03:52:16.402+00:00
5202,0.13235,2026-09-27T03:52:16.402+00:00
5203,0.12860,2026-09-27T03:52:16.402+00:00
5204,0.12922,2026-09-27T03:52:16.402+00:00
5205,0.14218,2026-09-27T03:52:21.409+00:00
5206,0.12983,2026-09-27T03:52:21.409+00:00
5207,0.13369,2026-09-27T03:52:21.410+00:00
5208,0.12831,2026-09-27T03:52:26.417+00:00
5209,0.13320,2026-09-27T03:52:26.417+00:00
5210,0.13223,2026-09-27T03:52:26.417+00:00
5211,0.13154,2026-09-27T03:52:31.424+00:00
5212,0.13083,2026-09-27T03:52:31.424+00:00
5213,0.13118,2026-09-27T03:52:31.424+00:00
5214,0.12797,2026-09-27T03:52:36.431+00:00
5215,0.12792,2026-09-27T03:52:36.431+00:00
5216,0.12026,2026-09-27T03:52:36.432+00:00
5217,0.13156,2026-09-27T03:52:36.432+00:00
5218,0.13815,2026-09-27T03:52:41.442+00:00
5219,0.13874,2026-09-27T03:52:41.442+00:00
5220,0.12478,2026-09-27T03:52:41.442+00:00
5221,0.14055,2026-09-27T03:52:46.449+00:00
5222,0.12265,2026-09-27T03:52:46.449+00:00
5223,0.11901,2026-09-27T03:52:46.449+00:00
5224,0.13250,2026-09-27T03:52:51.457+00:00
5225,0.11986,2026-09-27T03:52:51.457+00:00
5226,0.12303,2026-09-27T03:52:51.457+00:00
5227,0.14293,2026-09-27T03:52:51.457+00:00
5228,0.12944,2026-09-27T03:52:56.464+00:00
5229,0.12423,2026-09-27T03:52:56.464+00:00
5230,0.13485,2026-09-27T03:52:56.464+00:00
5231,0.12712,2026-09-27T03:53:01.471+00:00
5232,0.14211,2026-09-27T03:53:01.472+00:00
5233,0.13577,2026-09-27T03:53:01.472+00:00
5234,0.12422,2026-09-27T03:53:06.478+00:00
5235,0.13474,2026-09-27T03:53:06.478+00:00
5236,0.13133,2026-09-27T03:53:06.479+00:00
5237,0.15142,2026-09-27T03:53:11.488+00:00
5238,0.12429,2026-09-27T03:53:11.488+00:00
5239,0.13574,2026-09-27T03:53:11.488+00:00
5240,0.13824,2026-09-27T03:53:11.488+00:00
5241,0.13260,2026-09-27T03:53:16.496+00:00
5242,0.12634,2026-09-27T03:53:16.496+00:00
5243,0.13451,2026-09-27T03:53:16.496+00:00
5244,0.12395,2026-09-27T03:53:21.503+00:00
5245,0.13584,2026-09-27T03:53:21.503+00:00
5246,0.12991,2026-09-27T03:53:21.503+00:00
5247,0.13262,2026-09-27T03:53:21.503+00:00
5248,0.13126,2026-09-27T03:53:26.511+00:00
5249,0.13432,2026-09-27T03:53:26.511+00:00
5250,0.13910,2026-09-27T03:53:26.511+00:00
5251,0.13453,2026-09-27T03:53:31.518+00:00
5252,0.12365,2026-09-27T03:53:31.518+00:00
5253,0.13327,2026-09-27T03:53:31.519+00:00
5254,0.12771,2026-09-27T03:53:36.526+00:00
5255,0.13010,2026-09-27T03:53:36.526+00:00
5256,0.12787,2026-09-27T03:53:36.526+00:00
5257,0.12941,2026-09-27T03:53:36.526+00:00
5258,0.12331,2026-09-27T03:53:41.534+00:00
5259,0.13323,2026-09-27T03:53:41.534+00:00
5260,0.12908,2026-09-27T03:53:41.534+00:00
5261,0.13480,2026-09-27T03:53:46.541+00:00
5262,0.12328,2026-09-27T03:53:46.541+00:00
5263,0.12588,2026-09-27T03:53:46.542+00:00
5264,0.12122,2026-09-27T03:53:51.549+00:00
5265,0.13044,2026-09-27T03:53:51.549+00:00
5266,0.12014,2026-09-27T03:53:51.549+00:00
5267,0.12582,2026-09-27T03:53:51.549+00:00
5268,0.12769,2026-09-27T03:53:56.555+00:00
5269,0.12982,2026-09-27T03:53:56.556+00:00
5270,0.12430,2026-09-27T03:53:56.556+00:00
5271,0.12834,2026-09-27T03:54:01.563+00:00
5272,0.12378,2026-09-27T03:54:01.563+00:00
5273,0.13630,2026-09-27T03:54:01.563+00:00
5274,0.12763,2026-09-27T03:54:06.571+00:00
5275,0.12882,2026-09-27T03:54:06.571+00:00
5276,0.13415,2026-09-27T03:54:06.571+00:00
5277,0.12823,2026-09-27T03:54:06.571+00:00
5278,0.13733,2026-09-27T03:54:11.582+00:00
5279,0.13427,2026-09-27T03:54:11.582+00:00
5280,0.12811,2026-09-27T03:54:11.582+00:00
5281,0.12454,2026-09-27T03:54:16.589+00:00
5282,0.13925,2026-09-27T03:54:16.589+00:00
5283,0.13572,2026-09-27T03:54:16.589+00:00
5284,0.13638,2026-09-27T03:54:21.596+00:00
5285,0.12152,2026-09-27T03:54:21.596+00:00
5286,0.14164,2026-09-27T03:54:21.596+00:00
5287,0.12380,2026-09-27T03:54:21.597+00:00
5288,0.13872,2026-09-27T03:54:26.604+00:00
5289,0.13337,2026-09-27T03:54:26.604+00:00
5290,0.12288,2026-09-27T03:54:26.604+00:00
5291,0.12783,2026-09-27T03:54:31.610+00:00
5292,0.13030,2026-09-27T03:54:31.611+00:00
5293,0.13194,2026-09-27T03:54:31.611+00:00
5294,0.13967,2026-09-27T03:54:36.617+00:00
5295,0.12622,2026-09-27T03:54:36.617+00:00
5296,0.11704,2026-09-27T03:54:36.617+00:00
5297,0.12201,2026-09-27T03:54:36.617+00:00
5298,0.13254,2026-09-27T03:54:41.626+00:00
5299,0.12866,2026-09-27T03:54:41.626+00:00
5300,0.12780,2026-09-27T03:54:41.626+00:00
5301,0.13179,2026-09-27T03:54:46.633+00:00
5302,0.13001,2026-09-27T03:54:46.633+00:00
5303,0.12296,2026-09-27T03:54:46.633+00:00
5304,0.12051,2026-09-27T03:54:46.633+00:00
5305,0.12419,2026-09-27T03:54:51.640+00:00
5306,0.12159,2026-09-27T03:54:51.640+00:00
5307,0.12177,2026-09-27T03:54:51.641+00:00
5308,0.13887,2026-09-27T03:54:56.647+00:00
5309,0.12773,2026-09-27T03:54:56.647+00:00
5310,0.12785,2026-09-27T03:54:56.647+00:00
5311,0.12347,2026-09-27T03:55:01.654+00:00
5312,0.13607,2026-09-27T03:55:01.654+00:00
5313,0.13395,2026-09-27T03:55:01.654+00:00
5314,0.13501,2026-09-27T03:55:06.662+00:00
5315,0.12851,2026-09-27T03:55:06.662+00:00
5316,0.13220,2026-09-27T03:55:06.662+00:00
5317,0.13132,2026-09-27T03:55:06.662+00:00
5318,0.13580,2026-09-27T03:55:11.671+00:00
5319,0.13462,2026-09-27T03:55:11.671+00:00
5320,0.13906,2026-09-27T03:55:11.671+00:00
5321,0.14191,2026-09-27T03:55:16.679+00:00
5322,0.12739,2026-09-27T03:55:16.679+00:00
5323,0.13394,2026-09-27T03:55:16.679+00:00
5324,0.13329,2026-09-27T03:55:21.686+00:00
5325,0.12620,2026-09-27T03:55:21.686+00:00
5326,0.12486,2026-09-27T03:55:21.686+00:00
5327,0.12841,2026-09-27T03:55:21.687+00:00
5328,0.13055,2026-09-27T03:55:26.694+00:00
5329,0.12498,2026-09-27T03:55:26.694+00:00
5330,0.12450,2026-09-27T03:55:26.694+00:00
5331,0.13455,2026-09-27T03:55:31.701+00:00
5332,0.12064,2026-09-27T03:55:31.701+00:00
5333,0.12108,2026-09-27T03:55:31.701+00:00
5334,0.13142,2026-09-27T03:55:36.709+00:00
5335,0.12705,2026-09-27T03:55:36.709+00:00
5336,0.12983,2026-09-27T03:55:36.709+00:00
5337,0.13093,2026-09-27T03:55:36.709+00:00
5338,0.13395,2026-09-27T03:55:41.718+00:00
5339,0.12629,2026-09-27T03:55:41.718+00:00
5340,0.13402,2026-09-27T03:55:41.718+00:00
5341,0.12485,2026-09-27T03:55:46.725+00:00
5342,0.12712,2026-09-27T03:55:46.725+00:00
5343,0.12918,2026-09-27T03:55:46.725+00:00
5344,0.13649,2026-09-27T03:55:51.732+00:00
5345,0.12433,2026-09-27T03:55:51.732+00:00
5346,0.13020,2026-09-27T03:55:51.732+00:00
5347,0.14556,2026-09-27T03:55:56.739+00:00
5348,0.13542,2026-09-27T03:55:56.739+00:00
5349,0.13121,2026-09-27T03:55:56.739+00:00
5350,0.13034,2026-09-27T03:55:56.739+00:00
5351,0.12551,2026-09-27T03:56:01.746+00:00
5352,0.12605,2026-09-27T03:56:01.746+00:00
5353,0.14931,2026-09-27T03:56:01.746+00:00
5354,0.13474,2026-09-27T03:56:06.753+00:00
5355,0.13385,2026-09-27T03:56:06.753+00:00
5356,0.14018,2026-09-27T03:56:06.753+00:00
5357,0.13192,2026-09-27T03:56:11.762+00:00
5358,0.12603,2026-09-27T03:56:11.763+00:00
5359,0.13688,2026-09-27T03:56:11.763+00:00
5360,0.13106,2026-09-27T03:56:11.763+00:00
5361,0.12989,2026-09-27T03:56:16.770+00:00
5362,0.14011,2026-09-27T03:56:16.770+00:00
5363,0.12445,2026-09-27T03:56:16.770+00:00
5364,0.13294,2026-09-27T03:56:21.777+00:00
5365,0.12499,2026-09-27T03:56:21.777+00:00
5366,0.12458,2026-09-27T03:56:21.777+00:00
5367,0.13538,2026-09-27T03:56:26.783+00:00
5368,0.12720,2026-09-27T03:56:26.783+00:00
5369,0.13763,2026-09-27T03:56:26.783+00:00
5370,0.13188,2026-09-27T03:56:26.784+00:00
5371,0.12592,2026-09-27T03:56:31.790+00:00
5372,0.12225,2026-09-27T03:56:31.790+00:00
5373,0.13632,2026-09-27T03:56:31.790+00:00
5374,0.12740,2026-09-27T03:56:36.797+00:00
5375,0.13942,2026-09-27T03:56:36.797+00:00
5376,0.12195,2026-09-27T03:56:36.797+00:00
5377,0.13484,2026-09-27T03:56:41.807+00:00
5378,0.12770,2026-09-27T03:56:41.807+00:00
5379,0.14390,2026-09-27T03:56:41.807+00:00
5380,0.14240,2026-09-27T03:56:41.807+00:00
5381,0.12975,2026-09-27T03:56:46.813+00:00
5382,0.12579,2026-09-27T03:56:46.813+00:00
5383,0.13427,2026-09-27T03:56:46.814+00:00
5384,0.13958,2026-09-27T03:56:51.821+00:00
5385,0.12732,2026-09-27T03:56:51.821+00:00
5386,0.12294,2026-09-27T03:56:51.822+00:00
5387,0.12741,2026-09-27T03:56:51.822+00:00
5388,0.12947,2026-09-27T03:56:56.828+00:00
5389,0.14314,2026-09-27T03:56:56.828+00:00
5390,0.13314,2026-09-27T03:56:56.828+00:00
5391,0.13049,2026-09-27T03:57:01.836+00:00
5392,0.12925,2026-09-27T03:57:01.836+00:00
5393,0.12946,2026-09-27T03:57:01.836+00:00
5394,0.13459,2026-09-27T03:57:06.843+00:00
5395,0.12837,2026-09-27T03:57:06.843+00:00
5396,0.13440,2026-09-27T03:57:06.843+00:00
5397,0.12436,2026-09-27T03:57:11.853+00:00
5398,0.13381,2026-09-27T03:57:11.853+00:00
5399,0.12870,2026-09-27T03:57:11.853+00:00
5400,0.13177,2026-09-27T03:57:11.853+00:00
5401,0.12600,2026-09-27T03:57:16.860+00:00
5402,0.12818,2026-09-27T03:57:16.860+00:00
5403,0.12900,2026-09-27T03:57:16.860+00:00
5404,0.13912,2026-09-27T03:57:21.867+00:00
5405,0.12321,2026-09-27T03:57:21.867+00:00
5406,0.13437,2026-09-27T03:57:21.867+00:00
5407,0.14938,2026-09-27T03:57:26.874+00:00
5408,0.14776,2026-09-27T03:57:26.874+00:00
5409,0.13891,2026-09-27T03:57:26.874+00:00
5410,0.11685,2026-09-27T03:57:26.874+00:00
5411,0.14543,2026-09-27T03:57:31.879+00:00
5412,0.13979,2026-09-27T03:57:31.879+00:00
5413,0.11800,2026-09-27T03:57:31.880+00:00
5414,0.13128,2026-09-27T03:57:36.886+00:00
5415,0.12056,2026-09-27T03:57:36.886+00:00
5416,0.12038,2026-09-27T03:57:36.886+00:00
5417,0.13289,2026-09-27T03:57:36.886+00:00
5418,0.11809,2026-09-27T03:57:41.896+00:00
5419,0.14058,2026-09-27T03:57:41.896+00:00
5420,0.12448,2026-09-27T03:57:41.896+00:00
5421,0.12788,2026-09-27T03:57:46.903+00:00
5422,0.13069,2026-09-27T03:57:46.903+00:00
5423,0.13221,2026-09-27T03:57:46.903+00:00
5424,0.14313,2026-09-27T03:57:51.910+00:00
5425,0.14472,2026-09-27T03:57:51.910+00:00
5426,0.11778,2026-09-27T03:57:51.910+00:00
5427,0.13885,2026-09-27T03:57:56.916+00:00
5428,0.13135,2026-09-27T03:57:56.916+00:00
5429,0.14077,2026-09-27T03:57:56.916+00:00
5430,0.13183,2026-09-27T03:57:56.916+00:00
5431,0.13895,2026-09-27T03:58:01.922+00:00
5432,0.13392,2026-09-27T03:58:01.922+00:00
5433,0.11443,2026-09-27T03:58:01.922+00:00
5434,0.13865,2026-09-27T03:58:06.929+00:00
5435,0.11922,2026-09-27T03:58:06.930+00:00
5436,0.13358,2026-09-27T03:58:06.930+00:00
5437,0.13100,2026-09-27T03:58:11.938+00:00
5438,0.11846,2026-09-27T03:58:11.939+00:00
5439,0.12506,2026-09-27T03:58:11.939+00:00
5440,0.12752,2026-09-27T03:58:11.939+00:00
5441,0.12883,2026-09-27T03:58:16.945+00:00
5442,0.13324,2026-09-27T03:58:16.945+00:00
5443,0.13026,2026-09-27T03:58:16.945+00:00
5444,0.12056,2026-09-27T03:58:21.952+00:00
5445,0.13082,2026-09-27T03:58:21.952+00:00
5446,0.13576,2026-09-27T03:58:21.952+00:00
5447,0.12732,2026-09-27T03:58:26.959+00:00
5448,0.13051,2026-09-27T03:58:26.959+00:00
5449,0.12555,2026-09-27T03:58:26.959+00:00
5450,0.12005,2026-09-27T03:58:26.959+00:00
5451,0.13042,2026-09-27T03:58:31.966+00:00
5452,0.12937,2026-09-27T03:58:31.966+00:00
5453,0.13388,2026-09-27T03:58:31.966+00:00
5454,0.13238,2026-09-27T03:58:36.972+00:00
5455,0.12535,2026-09-27T03:58:36.972+00:00
5456,0.12826,2026-09-27T03:58:36.973+00:00
5457,0.13335,2026-09-27T03:58:41.983+00:00
5458,0.12884,2026-09-27T03:58:41.983+00:00
5459,0.12892,2026-09-27T03:58:41.983+00:00
5460,0.13734,2026-09-27T03:58:46.989+00:00
5461,0.13977,2026-09-27T03:58:46.990+00:00
5462,0.13007,2026-09-27T03:58:46.990+00:00
5463,0.12419,2026-09-27T03:58:46.990+00:00
5464,0.13084,2026-09-27T03:58:51.997+00:00
5465,0.13691,2026-09-27T03:58:51.997+00:00
5466,0.12497,2026-09-27T03:58:51.997+00:00
5467,0.13114,2026-09-27T03:58:57.004+00:00
5468,0.12873,2026-09-27T03:58:57.004+00:00
5469,0.12971,2026-09-27T03:58:57.004+00:00
5470,0.12642,2026-09-27T03:58:57.004+00:00
5471,0.12166,2026-09-27T03:59:02.011+00:00
5472,0.11535,2026-09-27T03:59:02.011+00:00
5473,0.13227,2026-09-27T03:59:02.011+00:00
5474,0.13206,2026-09-27T03:59:07.018+00:00
5475,0.12691,2026-09-27T03:59:07.018+00:00
5476,0.13387,2026-09-27T03:59:07.018+00:00
5477,0.12679,2026-09-27T03:59:12.027+00:00
5478,0.12363,2026-09-27T03:59:12.028+00:00
5479,0.11859,2026-09-27T03:59:12.028+00:00
5480,0.13098,2026-09-27T03:59:12.028+00:00
5481,0.14436,2026-09-27T03:59:17.034+00:00
5482,0.13118,2026-09-27T03:59:17.034+00:00
5483,0.13543,2026-09-27T03:59:17.034+00:00
5484,0.12678,2026-09-27T03:59:22.041+00:00
5485,0.12778,2026-09-27T03:59:22.041+00:00
5486,0.12141,2026-09-27T03:59:22.041+00:00
5487,0.13078,2026-09-27T03:59:27.048+00:00
5488,0.13279,2026-09-27T03:59:27.048+00:00
5489,0.13361,2026-09-27T03:59:27.048+00:00
5490,0.13263,2026-09-27T03:59:27.048+00:00
5491,0.12221,2026-09-27T03:59:32.054+00:00
5492,0.11603,2026-09-27T03:59:32.055+00:00
5493,0.12762,2026-09-27T03:59:32.055+00:00
5494,0.12058,2026-09-27T03:59:37.062+00:00
5495,0.14055,2026-09-27T03:59:37.062+00:00
5496,0.12652,2026-09-27T03:59:37.062+00:00
5497,0.12311,2026-09-27T03:59:37.062+00:00
5498,0.12351,2026-09-27T03:59:42.071+00:00
5499,0.13140,2026-09-27T03:59:42.071+00:00
5500,0.13520,2026-09-27T03:59:42.072+00:00
5501,0.12613,2026-09-27T03:59:47.078+00:00
5502,0.12771,2026-09-27T03:59:47.078+00:00
5503,0.13949,2026-09-27T03:59:47.078+00:00
5504,0.13011,2026-09-27T03:59:52.085+00:00
5505,0.12782,2026-09-27T03:59:52.085+00:00
5506,0.13703,2026-09-27T03:59:52.085+00:00
5507,0.13518,2026-09-27T03:59:52.085+00:00
5508,0.13908,2026-09-27T03:59:57.092+00:00
5509,0.12737,2026-09-27T03:59:57.092+00:00
5510,0.12650,2026-09-27T03:59:57.092+00:00
5511,0.12947,2026-09-27T04:00:02.099+00:00
5512,0.12340,2026-09-27T04:00:02.099+00:00
5513,0.13191,2026-09-27T04:00:02.099+00:00
5514,0.13879,2026-09-27T04:00:07.106+00:00
5515,0.12636,2026-09-27T04:00:07.106+00:00
5516,0.12138,2026-09-27T04:00:07.106+00:00
5517,0.12876,2026-09-27T04:00:07.106+00:00
5518,0.13195,2026-09-27T04:00:12.115+00:00
5519,0.12197,2026-09-27T04:00:12.115+00:00
5520,0.12279,2026-09-27T04:00:12.115+00:00
5521,0.13983,2026-09-27T04:00:17.122+00:00
5522,0.13246,2026-09-27T04:00:17.122+00:00
5523,0.12972,2026-09-27T04:00:17.122+00:00
5524,0.12401,2026-09-27T04:00:22.129+00:00
5525,0.14012,2026-09-27T04:00:22.129+00:00
5526,0.14448,2026-09-27T04:00:22.129+00:00
5527,0.11975,2026-09-27T04:00:22.129+00:00
5528,0.12592,2026-09-27T04:00:27.136+00:00
5529,0.14906,2026-09-27T04:00:27.136+00:00
5530,0.14014,2026-09-27T04:00:27.136+00:00
5531,0.12752,2026-09-27T04:00:32.143+00:00
5532,0.13801,2026-09-27T04:00:32.143+00:00
5533,0.12056,2026-09-27T04:00:32.143+00:00
5534,0.12909,2026-09-27T04:00:37.149+00:00
5535,0.12422,2026-09-27T04:00:37.149+00:00
5536,0.13454,2026-09-27T04:00:37.150+00:00
5537,0.14432,2026-09-27T04:00:37.150+00:00
5538,0.13499,2026-09-27T04:00:42.159+00:00
5539,0.12161,2026-09-27T04:00:42.160+00:00
5540,0.12497,2026-09-27T04:00:42.160+00:00
5541,0.12502,2026-09-27T04:00:47.167+00:00
5542,0.13336,2026-09-27T04:00:47.167+00:00
5543,0.13446,2026-09-27T04:00:47.167+00:00
5544,0.12931,2026-09-27T04:00:52.174+00:00
5545,0.12638,2026-09-27T04:00:52.174+00:00
5546,0.12475,2026-09-27T04:00:52.174+00:00
5547,0.13190,2026-09-27T04:00:52.174+00:00
5548,0.12921,2026-09-27T04:00:57.181+00:00
5549,0.14018,2026-09-27T04:00:57.181+00:00
5550,0.14351,2026-09-27T04:00:57.182+00:00
5551,0.12469,2026-09-27T04:01:02.187+00:00
5552,0.12493,2026-09-27T04:01:02.187+00:00
5553,0.14491,2026-09-27T04:01:02.187+00:00
5554,0.12964,2026-09-27T04:01:07.195+00:00
5555,0.13649,2026-09-27T04:01:07.195+00:00
5556,0.12670,2026-09-27T04:01:07.195+00:00
5557,0.14072,2026-09-27T04:01:07.195+00:00
5558,0.12826,2026-09-27T04:01:12.205+00:00
5559,0.13288,2026-09-27T04:01:12.205+00:00
5560,0.12997,2026-09-27T04:01:12.205+00:00
5561,0.13148,2026-09-27T04:01:17.212+00:00
5562,0.12256,2026-09-27T04:01:17.212+00:00
5563,0.13320,2026-09-27T04:01:17.212+00:00
5564,0.14422,2026-09-27T04:01:22.218+00:00
5565,0.13276,2026-09-27T04:01:22.218+00:00
5566,0.12526,2026-09-27T04:01:22.218+00:00
5567,0.12959,2026-09-27T04:01:22.218+00:00
5568,0.13417,2026-09-27T04:01:27.224+00:00
5569,0.12046,2026-09-27T04:01:27.224+00:00
5570,0.13503,2026-09-27T04:01:27.225+00:00
5571,0.12891,2026-09-27T04:01:32.231+00:00
5572,0.13413,2026-09-27T04:01:32.231+00:00
5573,0.12908,2026-09-27T04:01:32.231+00:00
5574,0.11786,2026-09-27T04:01:37.237+00:00
5575,0.13326,2026-09-27T04:01:37.237+00:00
5576,0.12755,2026-09-27T04:01:37.237+00:00
5577,0.13100,2026-09-27T04:01:37.238+00:00
5578,0.12305,2026-09-27T04:01:42.246+00:00
5579,0.13765,2026-09-27T04:01:42.246+00:00
5580,0.12036,2026-09-27T04:01:42.246+00:00
5581,0.12898,2026-09-27T04:01:47.253+00:00
5582,0.13370,2026-09-27T04:01:47.253+00:00
5583,0.12110,2026-09-27T04:01:47.253+00:00
5584,0.14195,2026-09-27T04:01:52.259+00:00
5585,0.12422,2026-09-27T04:01:52.259+00:00
5586,0.13197,2026-09-27T04:01:52.259+00:00
5587,0.13772,2026-09-27T04:01:52.259+00:00
5588,0.13959,2026-09-27T04:01:57.266+00:00
5589,0.12964,2026-09-27T04:01:57.266+00:00
5590,0.12669,2026-09-27T04:01:57.266+00:00
5591,0.13401,2026-09-27T04:02:02.272+00:00
5592,0.13130,2026-09-27T04:02:02.272+00:00
5593,0.12945,2026-09-27T04:02:02.273+00:00
5594,0.13807,2026-09-27T04:02:07.280+00:00
5595,0.12990,2026-09-27T04:02:07.280+00:00
5596,0.12950,2026-09-27T04:02:07.280+00:00
5597,0.13922,2026-09-27T04:02:12.288+00:00
5598,0.12614,2026-09-27T04:02:12.289+00:00
5599,0.13429,2026-09-27T04:02:12.289+00:00
5600,0.13195,2026-09-27T04:02:12.289+00:00
5601,0.12748,2026-09-27T04:02:17.295+00:00
5602,0.13558,2026-09-27T04:02:17.295+00:00
5603,0.14531,2026-09-27T04:02:17.295+00:00
5604,0.12865,2026-09-27T04:02:22.301+00:00
5605,0.13567,2026-09-27T04:02:22.301+00:00
5606,0.13159,2026-09-27T04:02:22.301+00:00
5607,0.13751,2026-09-27T04:02:27.307+00:00
5608,0.12515,2026-09-27T04:02:27.307+00:00
5609,0.13260,2026-09-27T04:02:27.307+00:00
5610,0.12051,2026-09-27T04:02:32.314+00:00
5611,0.12415,2026-09-27T04:02:32.314+00:00
5612,0.12355,2026-09-27T04:02:32.314+00:00
5613,0.13469,2026-09-27T04:02:32.314+00:00
5614,0.12456,2026-09-27T04:02:37.320+00:00
5615,0.11926,2026-09-27T04:02:37.320+00:00
5616,0.12956,2026-09-27T04:02:37.320+00:00
5617,0.13883,2026-09-27T04:02:42.329+00:00
5618,0.14140,2026-09-27T04:02:42.329+00:00
5619,0.14328,2026-09-27T04:02:42.329+00:00
5620,0.12893,2026-09-27T04:02:47.335+00:00
5621,0.13155,2026-09-27T04:02:47.335+00:00
5622,0.13836,2026-09-27T04:02:47.335+00:00
5623,0.12998,2026-09-27T04:02:47.335+00:00
5624,0.13451,2026-09-27T04:02:52.342+00:00
5625,0.12910,2026-09-27T04:02:52.342+00:00
5626,0.12592,2026-09-27T04:02:52.342+00:00
5627,0.12553,2026-09-27T04:02:57.348+00:00
5628,0.13230,2026-09-27T04:02:57.348+00:00
5629,0.12299,2026-09-27T04:02:57.348+00:00
5630,0.12790,2026-09-27T04:03:02.354+00:00
5631,0.12981,2026-09-27T04:03:02.354+00:00
5632,0.14475,2026-09-27T04:03:02.354+00:00
5633,0.13332,2026-09-27T04:03:07.361+00:00
5634,0.13700,2026-09-27T04:03:07.361+00:00
5635,0.12677,2026-09-27T04:03:07.362+00:00
5636,0.13353,2026-09-27T04:03:07.362+00:00
5637,0.13543,2026-09-27T04:03:12.370+00:00
5638,0.12824,2026-09-27T04:03:12.371+00:00
5639,0.13837,2026-09-27T04:03:12.371+00:00
5640,0.13032,2026-09-27T04:03:17.377+00:00
5641,0.12670,2026-09-27T04:03:17.377+00:00
5642,0.12684,2026-09-27T04:03:17.377+00:00
5643,0.12127,2026-09-27T04:03:17.377+00:00
5644,0.13358,2026-09-27T04:03:22.383+00:00
5645,0.12707,2026-09-27T04:03:22.384+00:00
5646,0.12362,2026-09-27T04:03:22.384+00:00
5647,0.13856,2026-09-27T04:03:27.390+00:00
5648,0.13514,2026-09-27T04:03:27.390+00:00
5649,0.13938,2026-09-27T04:03:27.390+00:00
5650,0.11899,2026-09-27T04:03:32.396+00:00
5651,0.12757,2026-09-27T04:03:32.397+00:00
5652,0.13747,2026-09-27T04:03:32.397+00:00
5653,0.13808,2026-09-27T04:03:37.402+00:00
5654,0.13118,2026-09-27T04:03:37.402+00:00
5655,0.13866,2026-09-27T04:03:37.402+00:00
5656,0.12622,2026-09-27T04:03:37.402+00:00
5657,0.14054,2026-09-27T04:03:42.411+00:00
5658,0.14017,2026-09-27T04:03:42.411+00:00
5659,0.13265,2026-09-27T04:03:42.411+00:00
5660,0.14468,2026-09-27T04:03:47.416+00:00
5661,0.13273,2026-09-27T04:03:47.416+00:00
5662,0.13488,2026-09-27T04:03:47.416+00:00
5663,0.12405,2026-09-27T04:03:52.421+00:00
5664,0.14168,2026-09-27T04:03:52.421+00:00
5665,0.12726,2026-09-27T04:03:52.421+00:00
5666,0.12642,2026-09-27T04:03:52.421+00:00
5667,0.12133,2026-09-27T04:03:57.427+00:00
5668,0.13456,2026-09-27T04:03:57.427+00:00
5669,0.12788,2026-09-27T04:03:57.427+00:00
5670,0.13409,2026-09-27T04:04:02.432+00:00
5671,0.12654,2026-09-27T04:04:02.432+00:00
5672,0.12054,2026-09-27T04:04:02.432+00:00
5673,0.14612,2026-09-27T04:04:07.438+00:00
5674,0.14487,2026-09-27T04:04:07.438+00:00
5675,0.14266,2026-09-27T04:04:07.438+00:00
5676,0.13405,2026-09-27T04:04:12.446+00:00
5677,0.11653,2026-09-27T04:04:12.446+00:00
5678,0.12327,2026-09-27T04:04:12.446+00:00
5679,0.13359,2026-09-27T04:04:12.446+00:00
5680,0.11543,2026-09-27T04:04:17.452+00:00
5681,0.12608,2026-09-27T04:04:17.452+00:00
5682,0.13582,2026-09-27T04:04:17.452+00:00
5683,0.14301,2026-09-27T04:04:22.457+00:00
5684,0.13181,2026-09-27T04:04:22.457+00:00
5685,0.13132,2026-09-27T04:04:22.457+00:00
5686,0.13641,2026-09-27T04:04:27.462+00:00
5687,0.13434,2026-09-27T04:04:27.462+00:00
5688,0.14174,2026-09-27T04:04:27.462+00:00
5689,0.15057,2026-09-27T04:04:27.462+00:00
5690,0.12222,2026-09-27T04:04:32.468+00:00
5691,0.13138,2026-09-27T04:04:32.468+00:00
5692,0.14829,2026-09-27T04:04:32.468+00:00
5693,0.12781,2026-09-27T04:04:37.473+00:00
5694,0.13989,2026-09-27T04:04:37.473+00:00
5695,0.13676,2026-09-27T04:04:37.473+00:00
5696,0.12592,2026-09-27T04:04:42.481+00:00
5697,0.12561,2026-09-27T04:04:42.481+00:00
5698,0.13813,2026-09-27T04:04:42.481+00:00
5699,0.12528,2026-09-27T04:04:42.481+00:00
5700,0.12704,2026-09-27T04:04:47.485+00:00
5701,0.13473,2026-09-27T04:04:47.485+00:00
5702,0.13011,2026-09-27T04:04:47.486+00:00
5703,0.13046,2026-09-27T04:04:52.489+00:00
5704,0.12613,2026-09-27T04:04:52.489+00:00
5705,0.12630,2026-09-27T04:04:52.489+00:00
5706,0.12549,2026-09-27T04:04:57.494+00:00
5707,0.13452,2026-09-27T04:04:57.494+00:00
5708,0.11169,2026-09-27T04:04:57.494+00:00
5709,0.13466,2026-09-27T04:04:57.494+00:00
5710,0.12408,2026-09-27T04:05:02.498+00:00
5711,0.13279,2026-09-27T04:05:02.499+00:00
5712,0.13446,2026-09-27T04:05:02.499+00:00
5713,0.12963,2026-09-27T04:05:07.504+00:00
5714,0.11946,2026-09-27T04:05:07.504+00:00
5715,0.12842,2026-09-27T04:05:07.504+00:00
5716,0.13848,2026-09-27T04:05:07.504+00:00
5717,0.12117,2026-09-27T04:05:12.511+00:00
5718,0.12601,2026-09-27T04:05:12.511+00:00
5719,0.12031,2026-09-27T04:05:12.512+00:00
5720,0.13754,2026-09-27T04:05:17.516+00:00
5721,0.13076,2026-09-27T04:05:17.517+00:00
5722,0.13119,2026-09-27T04:05:17.517+00:00
5723,0.13292,2026-09-27T04:05:22.521+00:00
5724,0.11951,2026-09-27T04:05:22.521+00:00
5725,0.13329,2026-09-27T04:05:22.521+00:00
5726,0.11980,2026-09-27T04:05:22.521+00:00
5727,0.12435,2026-09-27T04:05:27.525+00:00
5728,0.12409,2026-09-27T04:05:27.525+00:00
5729,0.12912,2026-09-27T04:05:27.525+00:00
5730,0.13697,2026-09-27T04:05:32.530+00:00
5731,0.12079,2026-09-27T04:05:32.530+00:00
5732,0.11841,2026-09-27T04:05:32.530+00:00
5733,0.13622,2026-09-27T04:05:32.530+00:00
5734,0.12004,2026-09-27T04:05:37.535+00:00
5735,0.12890,2026-09-27T04:05:37.535+00:00
5736,0.13841,2026-09-27T04:05:37.535+00:00
5737,0.13287,2026-09-27T04:05:42.543+00:00
5738,0.12082,2026-09-27T04:05:42.543+00:00
5739,0.13007,2026-09-27T04:05:42.543+00:00
5740,0.12614,2026-09-27T04:05:42.543+00:00
5741,0.13483,2026-09-27T04:05:47.548+00:00
5742,0.12869,2026-09-27T04:05:47.548+00:00
5743,0.13533,2026-09-27T04:05:47.548+00:00
5744,0.13424,2026-09-27T04:05:52.553+00:00
5745,0.12466,2026-09-27T04:05:52.553+00:00
5746,0.12843,2026-09-27T04:05:52.553+00:00
5747,0.12486,2026-09-27T04:05:57.558+00:00
5748,0.11687,2026-09-27T04:05:57.559+00:00
5749,0.15747,2026-09-27T04:05:57.559+00:00
5750,0.12640,2026-09-27T04:05:57.559+00:00
5751,0.13927,2026-09-27T04:06:02.564+00:00
5752,0.13194,2026-09-27T04:06:02.564+00:00
5753,0.14199,2026-09-27T04:06:02.564+00:00
5754,0.12952,2026-09-27T04:06:07.570+00:00
5755,0.12585,2026-09-27T04:06:07.570+00:00
5756,0.12612,2026-09-27T04:06:07.570+00:00
5757,0.12547,2026-09-27T04:06:12.578+00:00
5758,0.13882,2026-09-27T04:06:12.578+00:00
5759,0.13310,2026-09-27T04:06:12.578+00:00
5760,0.13194,2026-09-27T04:06:12.578+00:00
5761,0.12718,2026-09-27T04:06:17.583+00:00
5762,0.13363,2026-09-27T04:06:17.583+00:00
5763,0.12259,2026-09-27T04:06:17.583+00:00
5764,0.11880,2026-09-27T04:06:22.588+00:00
5765,0.13790,2026-09-27T04:06:22.588+00:00
5766,0.12507,2026-09-27T04:06:22.588+00:00
5767,0.12839,2026-09-27T04:06:27.593+00:00
5768,0.12714,2026-09-27T04:06:27.593+00:00
5769,0.14167,2026-09-27T04:06:27.593+00:00
5770,0.14383,2026-09-27T04:06:27.593+00:00
5771,0.12171,2026-09-27T04:06:32.598+00:00
5772,0.13063,2026-09-27T04:06:32.598+00:00
5773,0.12175,2026-09-27T04:06:32.599+00:00
5774,0.12495,2026-09-27T04:06:37.603+00:00
5775,0.13034,2026-09-27T04:06:37.603+00:00
5776,0.13717,2026-09-27T04:06:37.603+00:00
5777,0.13701,2026-09-27T04:06:42.610+00:00
5778,0.12331,2026-09-27T04:06:42.610+00:00
5779,0.13312,2026-09-27T04:06:42.610+00:00
5780,0.13950,2026-09-27T04:06:42.610+00:00
5781,0.13357,2026-09-27T04:06:47.615+00:00
5782,0.13686,2026-09-27T04:06:47.615+00:00
5783,0.14760,2026-09-27T04:06:47.615+00:00
5784,0.12319,2026-09-27T04:06:52.620+00:00
5785,0.12589,2026-09-27T04:06:52.621+00:00
5786,0.13097,2026-09-27T04:06:52.621+00:00
5787,0.12835,2026-09-27T04:06:57.626+00:00
5788,0.13583,2026-09-27T04:06:57.626+00:00
5789,0.12726,2026-09-27T04:06:57.626+00:00
5790,0.12590,2026-09-27T04:06:57.626+00:00
5791,0.11946,2026-09-27T04:07:02.631+00:00
5792,0.11958,2026-09-27T04:07:02.631+00:00
5793,0.14288,2026-09-27T04:07:02.631+00:00
5794,0.14011,2026-09-27T04:07:07.637+00:00
5795,0.13112,2026-09-27T04:07:07.637+00:00
5796,0.12500,2026-09-27T04:07:07.637+00:00
5797,0.12793,2026-09-27T04:07:12.645+00:00
5798,0.13024,2026-09-27T04:07:12.645+00:00
5799,0.13345,2026-09-27T04:07:12.646+00:00
5800,0.12184,2026-09-27T04:07:12.646+00:00
5801,0.12168,2026-09-27T04:07:17.651+00:00
5802,0.13846,2026-09-27T04:07:17.651+00:00
5803,0.12518,2026-09-27T04:07:17.651+00:00
5804,0.12094,2026-09-27T04:07:22.656+00:00
5805,0.12598,2026-09-27T04:07:22.656+00:00
5806,0.13246,2026-09-27T04:07:22.656+00:00
5807,0.12246,2026-09-27T04:07:27.661+00:00
5808,0.13914,2026-09-27T04:07:27.661+00:00
5809,0.12581,2026-09-27T04:07:27.661+00:00
5810,0.13743,2026-09-27T04:07:32.666+00:00
5811,0.11965,2026-09-27T04:07:32.666+00:00
5812,0.13430,2026-09-27T04:07:32.666+00:00
5813,0.13576,2026-09-27T04:07:32.667+00:00
5814,0.13713,2026-09-27T04:07:37.672+00:00
5815,0.12867,2026-09-27T04:07:37.672+00:00
5816,0.13161,2026-09-27T04:07:37.672+00:00
5817,0.12984,2026-09-27T04:07:42.679+00:00
5818,0.13274,2026-09-27T04:07:42.679+00:00
5819,0.14322,2026-09-27T04:07:42.679+00:00
5820,0.12645,2026-09-27T04:07:47.684+00:00
5821,0.12972,2026-09-27T04:07:47.684+00:00
5822,0.14360,2026-09-27T04:07:47.684+00:00
5823,0.12533,2026-09-27T04:07:47.684+00:00
5824,0.12747,2026-09-27T04:07:52.690+00:00
5825,0.13520,2026-09-27T04:07:52.690+00:00
5826,0.13407,2026-09-27T04:07:52.690+00:00
5827,0.14007,2026-09-27T04:07:57.695+00:00
5828,0.13090,2026-09-27T04:07:57.695+00:00
5829,0.14094,2026-09-27T04:07:57.695+00:00
5830,0.13308,2026-09-27T04:08:02.700+00:00
5831,0.12461,2026-09-27T04:08:02.701+00:00
5832,0.12365,2026-09-27T04:08:02.701+00:00
5833,0.13205,2026-09-27T04:08:07.706+00:00
5834,0.12310,2026-09-27T04:08:07.707+00:00
5835,0.12691,2026-09-27T04:08:07.707+00:00
5836,0.12865,2026-09-27T04:08:07.707+00:00
5837,0.12826,2026-09-27T04:08:12.715+00:00
5838,0.13550,2026-09-27T04:08:12.715+00:00
5839,0.11998,2026-09-27T04:08:12.715+00:00
5840,0.13521,2026-09-27T04:08:17.720+00:00
5841,0.12733,2026-09-27T04:08:17.720+00:00
5842,0.12811,2026-09-27T04:08:17.720+00:00
5843,0.12406,2026-09-27T04:08:17.720+00:00
5844,0.12776,2026-09-27T04:08:22.726+00:00
5845,0.13285,2026-09-27T04:08:22.726+00:00
5846,0.13661,2026-09-27T04:08:22.726+00:00
5847,0.14146,2026-09-27T04:08:27.731+00:00
5848,0.13318,2026-09-27T04:08:27.731+00:00
5849,0.12528,2026-09-27T04:08:27.731+00:00
5850,0.13780,2026-09-27T04:08:32.736+00:00
5851,0.13198,2026-09-27T04:08:32.736+00:00
5852,0.12824,2026-09-27T04:08:32.736+00:00
5853,0.12235,2026-09-27T04:08:32.736+00:00
5854,0.12997,2026-09-27T04:08:37.742+00:00
5855,0.13315,2026-09-27T04:08:37.742+00:00
5856,0.13789,2026-09-27T04:08:37.742+00:00
5857,0.13051,2026-09-27T04:08:42.750+00:00
5858,0.13673,2026-09-27T04:08:42.750+00:00
5859,0.12602,2026-09-27T04:08:42.750+00:00
5860,0.13251,2026-09-27T04:08:47.755+00:00
5861,0.12115,2026-09-27T04:08:47.755+00:00
5862,0.12437,2026-09-27T04:08:47.755+00:00
5863,0.14324,2026-09-27T04:08:47.755+00:00
5864,0.12019,2026-09-27T04:08:52.760+00:00
5865,0.13003,2026-09-27T04:08:52.760+00:00
5866,0.12456,2026-09-27T04:08:52.761+00:00
5867,0.13021,2026-09-27T04:08:57.766+00:00
5868,0.12978,2026-09-27T04:08:57.766+00:00
5869,0.13724,2026-09-27T04:08:57.766+00:00
5870,0.12513,2026-09-27T04:09:02.771+00:00
5871,0.12448,2026-09-27T04:09:02.771+00:00
5872,0.13700,2026-09-27T04:09:02.772+00:00
5873,0.12651,2026-09-27T04:09:02.772+00:00
5874,0.12976,2026-09-27T04:09:07.778+00:00
5875,0.12874,2026-09-27T04:09:07.778+00:00
5876,0.13475,2026-09-27T04:09:07.778+00:00
5877,0.13539,2026-09-27T04:09:12.786+00:00
5878,0.13373,2026-09-27T04:09:12.786+00:00
5879,0.12422,2026-09-27T04:09:12.786+00:00
5880,0.13354,2026-09-27T04:09:17.792+00:00
5881,0.12600,2026-09-27T04:09:17.792+00:00
5882,0.13111,2026-09-27T04:09:17.792+00:00
5883,0.13421,2026-09-27T04:09:17.793+00:00
5884,0.12420,2026-09-27T04:09:22.798+00:00
5885,0.12969,2026-09-27T04:09:22.798+00:00
5886,0.12600,2026-09-27T04:09:22.798+00:00
5887,0.13596,2026-09-27T04:09:27.804+00:00
5888,0.14035,2026-09-27T04:09:27.804+00:00
5889,0.12207,2026-09-27T04:09:27.804+00:00
5890,0.12336,2026-09-27T04:09:27.804+00:00
5891,0.12880,2026-09-27T04:09:32.809+00:00
5892,0.12661,2026-09-27T04:09:32.809+00:00
5893,0.13288,2026-09-27T04:09:32.809+00:00
5894,0.13867,2026-09-27T04:09:37.815+00:00
5895,0.13204,2026-09-27T04:09:37.815+00:00
5896,0.13615,2026-09-27T04:09:37.815+00:00
5897,0.13526,2026-09-27T04:09:42.822+00:00
5898,0.14837,2026-09-27T04:09:42.823+00:00
5899,0.12855,2026-09-27T04:09:42.823+00:00
5900,0.13647,2026-09-27T04:09:47.828+00:00
5901,0.12945,2026-09-27T04:09:47.828+00:00
5902,0.13313,2026-09-27T04:09:47.828+00:00
5903,0.12738,2026-09-27T04:09:47.828+00:00
5904,0.13200,2026-09-27T04:09:52.833+00:00
5905,0.12789,2026-09-27T04:09:52.833+00:00
5906,0.11915,2026-09-27T04:09:52.833+00:00
5907,0.12562,2026-09-27T04:09:57.839+00:00
5908,0.12737,2026-09-27T04:09:57.839+00:00
5909,0.12522,2026-09-27T04:09:57.839+00:00
5910,0.13880,2026-09-27T04:09:57.839+00:00
5911,0.11998,2026-09-27T04:10:02.844+00:00
5912,0.13006,2026-09-27T04:10:02.844+00:00
5913,0.13523,2026-09-27T04:10:02.845+00:00
5914,0.13803,2026-09-27T04:10:07.850+00:00
5915,0.12881,2026-09-27T04:10:07.851+00:00
5916,0.12974,2026-09-27T04:10:07.851+00:00
5917,0.12780,2026-09-27T04:10:12.858+00:00
5918,0.13272,2026-09-27T04:10:12.858+00:00
5919,0.13006,2026-09-27T04:10:12.859+00:00
5920,0.12942,2026-09-27T04:10:17.863+00:00
5921,0.11843,2026-09-27T04:10:17.863+00:00
5922,0.12788,2026-09-27T04:10:17.864+00:00
5923,0.13530,2026-09-27T04:10:17.864+00:00
5924,0.11958,2026-09-27T04:10:22.868+00:00
5925,0.12844,2026-09-27T04:10:22.868+00:00
5926,0.12238,2026-09-27T04:10:22.869+00:00
5927,0.12448,2026-09-27T04:10:27.873+00:00
5928,0.13389,2026-09-27T04:10:27.873+00:00
5929,0.13821,2026-09-27T04:10:27.873+00:00
5930,0.12539,2026-09-27T04:10:32.878+00:00
5931,0.13073,2026-09-27T04:10:32.879+00:00
5932,0.12389,2026-09-27T04:10:32.879+00:00
5933,0.12711,2026-09-27T04:10:32.879+00:00
5934,0.14324,2026-09-27T04:10:37.884+00:00
5935,0.12522,2026-09-27T04:10:37.884+00:00
5936,0.13430,2026-09-27T04:10:37.884+00:00
5937,0.12548,2026-09-27T04:10:42.892+00:00
5938,0.13929,2026-09-27T04:10:42.892+00:00
5939,0.13030,2026-09-27T04:10:42.892+00:00
5940,0.12752,2026-09-27T04:10:47.897+00:00
5941,0.12074,2026-09-27T04:10:47.898+00:00
5942,0.12975,2026-09-27T04:10:47.898+00:00
5943,0.12451,2026-09-27T04:10:47.898+00:00
5944,0.12101,2026-09-27T04:10:52.903+00:00
5945,0.12447,2026-09-27T04:10:52.903+00:00
5946,0.11806,2026-09-27T04:10:52.903+00:00
5947,0.11652,2026-09-27T04:10:57.908+00:00
5948,0.13091,2026-09-27T04:10:57.908+00:00
5949,0.13676,2026-09-27T04:10:57.909+00:00
5950,0.11651,2026-09-27T04:10:57.909+00:00
5951,0.12523,2026-09-27T04:11:02.914+00:00
5952,0.12462,2026-09-27T04:11:02.914+00:00
5953,0.12534,2026-09-27T04:11:02.914+00:00
5954,0.12472,2026-09-27T04:11:07.920+00:00
5955,0.12264,2026-09-27T04:11:07.920+00:00
5956,0.13165,2026-09-27T04:11:07.920+00:00
5957,0.13443,2026-09-27T04:11:12.928+00:00
5958,0.13468,2026-09-27T04:11:12.928+00:00
5959,0.12868,2026-09-27T04:11:12.928+00:00
5960,0.12499,2026-09-27T04:11:12.928+00:00
5961,0.13343,2026-09-27T04:11:17.933+00:00
5962,0.12482,2026-09-27T04:11:17.934+00:00
5963,0.13310,2026-09-27T04:11:17.934+00:00
5964,0.13809,2026-09-27T04:11:22.939+00:00
5965,0.12648,2026-09-27T04:11:22.939+00:00
5966,0.12440,2026-09-27T04:11:22.939+00:00
5967,0.11651,2026-09-27T04:11:22.939+00:00
5968,0.11961,2026-09-27T04:11:27.944+00:00
5969,0.12031,2026-09-27T04:11:27.944+00:00
5970,0.13664,2026-09-27T04:11:27.944+00:00
5971,0.12728,2026-09-27T04:11:32.950+00:00
5972,0.12836,2026-09-27T04:11:32.950+00:00
5973,0.12633,2026-09-27T04:11:32.950+00:00
5974,0.13647,2026-09-27T04:11:37.956+00:00
5975,0.14144,2026-09-27T04:11:37.956+00:00
5976,0.13908,2026-09-27T04:11:37.956+00:00
5977,0.12762,2026-09-27T04:11:37.956+00:00
5978,0.12285,2026-09-27T04:11:42.963+00:00
5979,0.13416,2026-09-27T04:11:42.963+00:00
5980,0.12588,2026-09-27T04:11:42.963+00:00
5981,0.11266,2026-09-27T04:11:47.969+00:00
5982,0.13231,2026-09-27T04:11:47.969+00:00
5983,0.13491,2026-09-27T04:11:47.969+00:00
5984,0.13675,2026-09-27T04:11:52.974+00:00
5985,0.12401,2026-09-27T04:11:52.974+00:00
5986,0.12681,2026-09-27T04:11:52.974+00:00
5987,0.12524,2026-09-27T04:11:52.975+00:00
5988,0.12445,2026-09-27T04:11:57.979+00:00
5989,0.12306,2026-09-27T04:11:57.980+00:00
5990,0.13439,2026-09-27T04:11:57.980+00:00
5991,0.13720,2026-09-27T04:12:02.984+00:00
5992,0.13359,2026-09-27T04:12:02.984+00:00
5993,0.13331,2026-09-27T04:12:02.985+00:00
5994,0.13685,2026-09-27T04:12:02.985+00:00
5995,0.14138,2026-09-27T04:12:07.991+00:00
5996,0.12521,2026-09-27T04:12:07.991+00:00
5997,0.12111,2026-09-27T04:12:07.991+00:00
5998,0.13188,2026-09-27T04:12:12.998+00:00
5999,0.13653,2026-09-27T04:12:12.998+00:00
6000,0.12474,2026-09-27T04:12:12.999+00:00
6001,0.12532,2026-09-27T04:12:18.004+00:00
6002,0.14164,2026-09-27T04:12:18.004+00:00
6003,0.13861,2026-09-27T04:12:18.004+00:00
6004,0.14613,2026-09-27T04:12:23.009+00:00
6005,0.13631,2026-09-27T04:12:23.009+00:00
6006,0.14158,2026-09-27T04:12:23.009+00:00
6007,0.11889,2026-09-27T04:12:23.010+00:00
6008,0.12135,2026-09-27T04:12:28.015+00:00
6009,0.13143,2026-09-27T04:12:28.015+00:00
6010,0.12747,2026-09-27T04:12:28.015+00:00
6011,0.12761,2026-09-27T04:12:33.020+00:00
6012,0.13101,2026-09-27T04:12:33.020+00:00
6013,0.12780,2026-09-27T04:12:33.020+00:00
6014,0.13749,2026-09-27T04:12:38.025+00:00
6015,0.14139,2026-09-27T04:12:38.025+00:00
6016,0.12315,2026-09-27T04:12:38.026+00:00
6017,0.12555,2026-09-27T04:12:38.026+00:00
6018,0.12598,2026-09-27T04:12:43.034+00:00
6019,0.12538,2026-09-27T04:12:43.034+00:00
6020,0.13483,2026-09-27T04:12:43.034+00:00
6021,0.12856,2026-09-27T04:12:48.039+00:00
6022,0.14225,2026-09-27T04:12:48.039+00:00
6023,0.12993,2026-09-27T04:12:48.039+00:00
6024,0.12894,2026-09-27T04:12:53.044+00:00
6025,0.12593,2026-09-27T04:12:53.045+00:00
6026,0.12774,2026-09-27T04:12:53.045+00:00
6027,0.13910,2026-09-27T04:12:53.045+00:00
6028,0.14740,2026-09-27T04:12:58.050+00:00
6029,0.13238,2026-09-27T04:12:58.050+00:00
6030,0.14443,2026-09-27T04:12:58.050+00:00
6031,0.13041,2026-09-27T04:13:03.055+00:00
6032,0.13194,2026-09-27T04:13:03.056+00:00
6033,0.12364,2026-09-27T04:13:03.056+00:00
6034,0.13089,2026-09-27T04:13:08.062+00:00
6035,0.12746,2026-09-27T04:13:08.062+00:00
6036,0.13368,2026-09-27T04:13:08.062+00:00
6037,0.12585,2026-09-27T04:13:13.070+00:00
6038,0.13017,2026-09-27T04:13:13.070+00:00
6039,0.12355,2026-09-27T04:13:13.071+00:00
6040,0.13204,2026-09-27T04:13:13.071+00:00
6041,0.12562,2026-09-27T04:13:18.077+00:00
6042,0.11597,2026-09-27T04:13:18.077+00:00
6043,0.14280,2026-09-27T04:13:18.077+00:00
6044,0.12908,2026-09-27T04:13:23.082+00:00
6045,0.12811,2026-09-27T04:13:23.082+00:00
6046,0.12927,2026-09-27T04:13:23.082+00:00
6047,0.14116,2026-09-27T04:13:28.088+00:00
6048,0.12493,2026-09-27T04:13:28.088+00:00
6049,0.13505,2026-09-27T04:13:28.088+00:00
6050,0.12703,2026-09-27T04:13:28.088+00:00
6051,0.12483,2026-09-27T04:13:33.094+00:00
6052,0.13858,2026-09-27T04:13:33.094+00:00
6053,0.11771,2026-09-27T04:13:33.094+00:00
6054,0.12781,2026-09-27T04:13:38.100+00:00
6055,0.13422,2026-09-27T04:13:38.100+00:00
6056,0.12852,2026-09-27T04:13:38.100+00:00
6057,0.12327,2026-09-27T04:13:43.108+00:00
6058,0.12021,2026-09-27T04:13:43.108+00:00
6059,0.13650,2026-09-27T04:13:43.108+00:00
6060,0.12914,2026-09-27T04:13:43.108+00:00
6061,0.13086,2026-09-27T04:13:48.114+00:00
6062,0.12686,2026-09-27T04:13:48.114+00:00
6063,0.13466,2026-09-27T04:13:48.114+00:00
6064,0.12262,2026-09-27T04:13:53.119+00:00
6065,0.13683,2026-09-27T04:13:53.119+00:00
6066,0.13260,2026-09-27T04:13:53.119+00:00
6067,0.14281,2026-09-27T04:13:58.125+00:00
6068,0.13264,2026-09-27T04:13:58.125+00:00
6069,0.14044,2026-09-27T04:13:58.125+00:00
6070,0.12154,2026-09-27T04:13:58.125+00:00
6071,0.12429,2026-09-27T04:14:03.131+00:00
6072,0.14805,2026-09-27T04:14:03.131+00:00
6073,0.12835,2026-09-27T04:14:03.131+00:00
6074,0.13431,2026-09-27T04:14:08.137+00:00
6075,0.13415,2026-09-27T04:14:08.137+00:00
6076,0.13076,2026-09-27T04:14:08.137+00:00
6077,0.12744,2026-09-27T04:14:13.144+00:00
6078,0.13995,2026-09-27T04:14:13.144+00:00
6079,0.14107,2026-09-27T04:14:13.144+00:00
6080,0.13253,2026-09-27T04:14:18.149+00:00
6081,0.12856,2026-09-27T04:14:18.150+00:00
6082,0.14025,2026-09-27T04:14:18.150+00:00
6083,0.12590,2026-09-27T04:14:18.150+00:00
6084,0.13007,2026-09-27T04:14:23.155+00:00
6085,0.13564,2026-09-27T04:14:23.155+00:00
6086,0.13777,2026-09-27T04:14:23.155+00:00
6087,0.15314,2026-09-27T04:14:28.160+00:00
6088,0.12833,2026-09-27T04:14:28.161+00:00
6089,0.13169,2026-09-27T04:14:28.161+00:00
6090,0.13100,2026-09-27T04:14:33.166+00:00
6091,0.12957,2026-09-27T04:14:33.166+00:00
6092,0.13630,2026-09-27T04:14:33.167+00:00
6093,0.11886,2026-09-27T04:14:38.173+00:00
6094,0.13813,2026-09-27T04:14:38.174+00:00
6095,0.13115,2026-09-27T04:14:38.174+00:00
6096,0.14475,2026-09-27T04:14:38.174+00:00
6097,0.13312,2026-09-27T04:14:43.182+00:00
6098,0.13130,2026-09-27T04:14:43.182+00:00
6099,0.11916,2026-09-27T04:14:43.182+00:00
6100,0.13291,2026-09-27T04:14:48.188+00:00
6101,0.12433,2026-09-27T04:14:48.188+00:00
6102,0.15272,2026-09-27T04:14:48.188+00:00
6103,0.14667,2026-09-27T04:14:53.194+00:00
6104,0.13036,2026-09-27T04:14:53.194+00:00
6105,0.13717,2026-09-27T04:14:53.194+00:00
6106,0.12758,2026-09-27T04:14:58.200+00:00
6107,0.13965,2026-09-27T04:14:58.200+00:00
6108,0.13836,2026-09-27T04:14:58.200+00:00
6109,0.13917,2026-09-27T04:14:58.200+00:00
6110,0.12610,2026-09-27T04:15:03.206+00:00
6111,0.11827,2026-09-27T04:15:03.206+00:00
6112,0.11503,2026-09-27T04:15:03.206+00:00
6113,0.12757,2026-09-27T04:15:08.212+00:00
6114,0.12347,2026-09-27T04:15:08.212+00:00
6115,0.13851,2026-09-27T04:15:08.212+00:00
6116,0.14273,2026-09-27T04:15:13.220+00:00
6117,0.13405,2026-09-27T04:15:13.220+00:00
6118,0.13526,2026-09-27T04:15:13.220+00:00
6119,0.11988,2026-09-27T04:15:18.225+00:00
6120,0.13606,2026-09-27T04:15:18.225+00:00
6121,0.11874,2026-09-27T04:15:18.226+00:00
6122,0.12718,2026-09-27T04:15:18.226+00:00
6123,0.12436,2026-09-27T04:15:23.231+00:00
6124,0.12621,2026-09-27T04:15:23.231+00:00
6125,0.12715,2026-09-27T04:15:23.231+00:00
6126,0.12130,2026-09-27T04:15:28.236+00:00
6127,0.11863,2026-09-27T04:15:28.236+00:00
6128,0.13277,2026-09-27T04:15:28.236+00:00
6129,0.12896,2026-09-27T04:15:33.241+00:00
6130,0.13192,2026-09-27T04:15:33.241+00:00
6131,0.14097,2026-09-27T04:15:33.241+00:00
6132,0.13166,2026-09-27T04:15:33.241+00:00
6133,0.12942,2026-09-27T04:15:38.246+00:00
6134,0.12767,2026-09-27T04:15:38.246+00:00
6135,0.12550,2026-09-27T04:15:38.246+00:00
6136,0.13805,2026-09-27T04:15:43.254+00:00
6137,0.12219,2026-09-27T04:15:43.254+00:00
6138,0.12395,2026-09-27T04:15:43.254+00:00
6139,0.12163,2026-09-27T04:15:43.254+00:00
6140,0.12082,2026-09-27T04:15:48.260+00:00
6141,0.15103,2026-09-27T04:15:48.260+00:00
6142,0.13978,2026-09-27T04:15:48.260+00:00
6143,0.12744,2026-09-27T04:15:53.266+00:00
6144,0.12028,2026-09-27T04:15:53.266+00:00
6145,0.13578,2026-09-27T04:15:53.266+00:00
6146,0.12176,2026-09-27T04:15:58.272+00:00
6147,0.12951,2026-09-27T04:15:58.272+00:00
6148,0.12732,2026-09-27T04:15:58.272+00:00
6149,0.13634,2026-09-27T04:16:03.278+00:00
6150,0.12499,2026-09-27T04:16:03.278+00:00
6151,0.12522,2026-09-27T04:16:03.278+00:00
6152,0.12857,2026-09-27T04:16:03.278+00:00
6153,0.13344,2026-09-27T04:16:08.285+00:00
6154,0.13246,2026-09-27T04:16:08.285+00:00
6155,0.12964,2026-09-27T04:16:08.285+00:00
6156,0.13666,2026-09-27T04:16:13.293+00:00
6157,0.14145,2026-09-27T04:16:13.293+00:00
6158,0.13389,2026-09-27T04:16:13.293+00:00
6159,0.12335,2026-09-27T04:16:18.299+00:00
6160,0.13961,2026-09-27T04:16:18.299+00:00
6161,0.11891,2026-09-27T04:16:18.299+00:00
6162,0.12348,2026-09-27T04:16:18.300+00:00
6163,0.14669,2026-09-27T04:16:23.304+00:00
6164,0.11789,2026-09-27T04:16:23.304+00:00
6165,0.12543,2026-09-27T04:16:23.304+00:00
6166,0.13780,2026-09-27T04:16:28.311+00:00
6167,0.13344,2026-09-27T04:16:28.311+00:00
6168,0.13729,2026-09-27T04:16:28.311+00:00
6169,0.12349,2026-09-27T04:16:33.316+00:00
6170,0.13541,2026-09-27T04:16:33.317+00:00
6171,0.13288,2026-09-27T04:16:33.317+00:00
6172,0.13939,2026-09-27T04:16:38.323+00:00
6173,0.13918,2026-09-27T04:16:38.323+00:00
6174,0.13035,2026-09-27T04:16:38.323+00:00
6175,0.13050,2026-09-27T04:16:38.323+00:00
6176,0.13904,2026-09-27T04:16:43.332+00:00
6177,0.14510,2026-09-27T04:16:43.332+00:00
6178,0.12952,2026-09-27T04:16:43.332+00:00
6179,0.12913,2026-09-27T04:16:48.338+00:00
6180,0.11899,2026-09-27T04:16:48.338+00:00
6181,0.13024,2026-09-27T04:16:48.338+00:00
6182,0.11906,2026-09-27T04:16:53.344+00:00
6183,0.12620,2026-09-27T04:16:53.344+00:00
6184,0.12743,2026-09-27T04:16:53.344+00:00
6185,0.14817,2026-09-27T04:16:53.344+00:00
6186,0.12460,2026-09-27T04:16:58.350+00:00
6187,0.13442,2026-09-27T04:16:58.351+00:00
6188,0.11671,2026-09-27T04:16:58.351+00:00
6189,0.12288,2026-09-27T04:17:03.357+00:00
6190,0.12823,2026-09-27T04:17:03.357+00:00
6191,0.12893,2026-09-27T04:17:03.357+00:00
6192,0.13126,2026-09-27T04:17:08.363+00:00
6193,0.13022,2026-09-27T04:17:08.364+00:00
6194,0.11926,2026-09-27T04:17:08.364+00:00
6195,0.11877,2026-09-27T04:17:08.364+00:00
6196,0.13160,2026-09-27T04:17:13.373+00:00
6197,0.12861,2026-09-27T04:17:13.373+00:00
6198,0.13253,2026-09-27T04:17:13.373+00:00
6199,0.12288,2026-09-27T04:17:18.379+00:00
6200,0.12435,2026-09-27T04:17:18.379+00:00
6201,0.13552,2026-09-27T04:17:18.379+00:00
6202,0.14279,2026-09-27T04:17:23.385+00:00
6203,0.12530,2026-09-27T04:17:23.385+00:00
6204,0.13128,2026-09-27T04:17:23.385+00:00
6205,0.11801,2026-09-27T04:17:23.385+00:00
6206,0.13264,2026-09-27T04:17:28.391+00:00
6207,0.12794,2026-09-27T04:17:28.391+00:00
6208,0.13780,2026-09-27T04:17:28.391+00:00
6209,0.12779,2026-09-27T04:17:33.397+00:00
6210,0.13063,2026-09-27T04:17:33.397+00:00
6211,0.12274,2026-09-27T04:17:33.397+00:00
6212,0.12311,2026-09-27T04:17:33.397+00:00
6213,0.12160,2026-09-27T04:17:38.403+00:00
6214,0.12881,2026-09-27T04:17:38.403+00:00
6215,0.12171,2026-09-27T04:17:38.403+00:00
6216,0.15371,2026-09-27T04:17:43.411+00:00
6217,0.13560,2026-09-27T04:17:43.411+00:00
6218,0.11474,2026-09-27T04:17:43.411+00:00
6219,0.12549,2026-09-27T04:17:48.417+00:00
6220,0.13655,2026-09-27T04:17:48.417+00:00
6221,0.12762,2026-09-27T04:17:48.417+00:00
6222,0.12945,2026-09-27T04:17:48.417+00:00
6223,0.12891,2026-09-27T04:17:53.422+00:00
6224,0.13708,2026-09-27T04:17:53.422+00:00
6225,0.12306,2026-09-27T04:17:53.422+00:00
6226,0.12535,2026-09-27T04:17:58.428+00:00
6227,0.13003,2026-09-27T04:17:58.428+00:00
6228,0.13811,2026-09-27T04:17:58.428+00:00
6229,0.13380,2026-09-27T04:18:03.433+00:00
6230,0.13439,2026-09-27T04:18:03.434+00:00
6231,0.13840,2026-09-27T04:18:03.434+00:00
6232,0.12823,2026-09-27T04:18:03.434+00:00
6233,0.12689,2026-09-27T04:18:08.440+00:00
6234,0.13560,2026-09-27T04:18:08.440+00:00
6235,0.14281,2026-09-27T04:18:08.440+00:00
6236,0.12340,2026-09-27T04:18:13.447+00:00
6237,0.13026,2026-09-27T04:18:13.447+00:00
6238,0.14033,2026-09-27T04:18:13.448+00:00
6239,0.13211,2026-09-27T04:18:18.454+00:00
6240,0.14162,2026-09-27T04:18:18.454+00:00
6241,0.13318,2026-09-27T04:18:18.454+00:00
6242,0.13477,2026-09-27T04:18:18.454+00:00
6243,0.15222,2026-09-27T04:18:23.460+00:00
6244,0.11448,2026-09-27T04:18:23.460+00:00
6245,0.12497,2026-09-27T04:18:23.460+00:00
6246,0.13786,2026-09-27T04:18:28.465+00:00
6247,0.13553,2026-09-27T04:18:28.465+00:00
6248,0.12860,2026-09-27T04:18:28.466+00:00
6249,0.12540,2026-09-27T04:18:33.471+00:00
6250,0.12769,2026-09-27T04:18:33.471+00:00
6251,0.13723,2026-09-27T04:18:33.471+00:00
6252,0.12850,2026-09-27T04:18:33.471+00:00
6253,0.11460,2026-09-27T04:18:38.476+00:00
6254,0.12795,2026-09-27T04:18:38.476+00:00
6255,0.14290,2026-09-27T04:18:38.477+00:00
6256,0.13410,2026-09-27T04:18:43.484+00:00
6257,0.12688,2026-09-27T04:18:43.484+00:00
6258,0.14387,2026-09-27T04:18:43.484+00:00
6259,0.15227,2026-09-27T04:18:48.489+00:00
6260,0.13666,2026-09-27T04:18:48.489+00:00
6261,0.13408,2026-09-27T04:18:48.489+00:00
6262,0.13736,2026-09-27T04:18:53.495+00:00
6263,0.13249,2026-09-27T04:18:53.495+00:00
6264,0.13328,2026-09-27T04:18:53.495+00:00
6265,0.13653,2026-09-27T04:18:53.495+00:00
6266,0.14248,2026-09-27T04:18:58.500+00:00
6267,0.14558,2026-09-27T04:18:58.500+00:00
6268,0.13184,2026-09-27T04:18:58.500+00:00
6269,0.12943,2026-09-27T04:19:03.506+00:00
6270,0.14271,2026-09-27T04:19:03.506+00:00
6271,0.12660,2026-09-27T04:19:03.506+00:00
6272,0.14590,2026-09-27T04:19:08.512+00:00
6273,0.13250,2026-09-27T04:19:08.512+00:00
6274,0.14624,2026-09-27T04:19:08.512+00:00
6275,0.13283,2026-09-27T04:19:13.520+00:00
6276,0.13873,2026-09-27T04:19:13.520+00:00
6277,0.12974,2026-09-27T04:19:13.520+00:00
6278,0.12993,2026-09-27T04:19:13.520+00:00
6279,0.12487,2026-09-27T04:19:18.526+00:00
6280,0.12022,2026-09-27T04:19:18.526+00:00
6281,0.12420,2026-09-27T04:19:18.526+00:00
6282,0.12089,2026-09-27T04:19:23.531+00:00
6283,0.12898,2026-09-27T04:19:23.531+00:00
6284,0.13084,2026-09-27T04:19:23.531+00:00
6285,0.13493,2026-09-27T04:19:28.537+00:00
6286,0.12653,2026-09-27T04:19:28.537+00:00
6287,0.12311,2026-09-27T04:19:28.537+00:00
6288,0.12272,2026-09-27T04:19:28.537+00:00
6289,0.13468,2026-09-27T04:19:33.542+00:00
6290,0.12748,2026-09-27T04:19:33.542+00:00
6291,0.13299,2026-09-27T04:19:33.542+00:00
6292,0.11881,2026-09-27T04:19:38.548+00:00
6293,0.13290,2026-09-27T04:19:38.548+00:00
6294,0.13804,2026-09-27T04:19:38.548+00:00
6295,0.13238,2026-09-27T04:19:43.557+00:00
6296,0.12627,2026-09-27T04:19:43.557+00:00
6297,0.12989,2026-09-27T04:19:43.557+00:00
6298,0.12538,2026-09-27T04:19:43.557+00:00
6299,0.12347,2026-09-27T04:19:48.563+00:00
6300,0.13206,2026-09-27T04:19:48.563+00:00
6301,0.12377,2026-09-27T04:19:48.563+00:00
6302,0.13286,2026-09-27T04:19:53.569+00:00
6303,0.12089,2026-09-27T04:19:53.569+00:00
6304,0.14249,2026-09-27T04:19:53.569+00:00
6305,0.14605,2026-09-27T04:19:58.574+00:00
6306,0.13112,2026-09-27T04:19:58.575+00:00
6307,0.12887,2026-09-27T04:19:58.575+00:00
6308,0.13214,2026-09-27T04:19:58.575+00:00
6309,0.12972,2026-09-27T04:20:03.580+00:00
6310,0.13202,2026-09-27T04:20:03.580+00:00
6311,0.13988,2026-09-27T04:20:03.580+00:00
6312,0.13088,2026-09-27T04:20:08.586+00:00
6313,0.12786,2026-09-27T04:20:08.587+00:00
6314,0.12809,2026-09-27T04:20:08.587+00:00
6315,0.13805,2026-09-27T04:20:13.594+00:00
6316,0.12762,2026-09-27T04:20:13.594+00:00
6317,0.11864,2026-09-27T04:20:13.594+00:00
6318,0.14924,2026-09-27T04:20:13.594+00:00
6319,0.13627,2026-09-27T04:20:18.598+00:00
6320,0.14487,2026-09-27T04:20:18.598+00:00
6321,0.13368,2026-09-27T04:20:18.598+00:00
6322,0.13205,2026-09-27T04:20:23.603+00:00
6323,0.13188,2026-09-27T04:20:23.604+00:00
6324,0.13142,2026-09-27T04:20:23.604+00:00
6325,0.13209,2026-09-27T04:20:23.604+00:00
6326,0.13023,2026-09-27T04:20:28.609+00:00
6327,0.13119,2026-09-27T04:20:28.609+00:00
6328,0.13631,2026-09-27T04:20:28.609+00:00
6329,0.14425,2026-09-27T04:20:33.614+00:00
6330,0.12309,2026-09-27T04:20:33.614+00:00
6331,0.13522,2026-09-27T04:20:33.615+00:00
6332,0.12844,2026-09-27T04:20:38.620+00:00
6333,0.12379,2026-09-27T04:20:38.620+00:00
6334,0.13570,2026-09-27T04:20:38.620+00:00
6335,0.12892,2026-09-27T04:20:38.620+00:00
6336,0.14845,2026-09-27T04:20:43.627+00:00
6337,0.12430,2026-09-27T04:20:43.627+00:00
6338,0.12777,2026-09-27T04:20:43.627+00:00
6339,0.13832,2026-09-27T04:20:48.632+00:00
6340,0.12862,2026-09-27T04:20:48.632+00:00
6341,0.14455,2026-09-27T04:20:48.633+00:00
6342,0.13225,2026-09-27T04:20:53.637+00:00
6343,0.12045,2026-09-27T04:20:53.638+00:00
6344,0.12922,2026-09-27T04:20:53.638+00:00
6345,0.13340,2026-09-27T04:20:53.638+00:00
6346,0.13815,2026-09-27T04:20:58.643+00:00
6347,0.14030,2026-09-27T04:20:58.643+00:00
6348,0.12156,2026-09-27T04:20:58.643+00:00
6349,0.14878,2026-09-27T04:21:03.648+00:00
6350,0.13075,2026-09-27T04:21:03.648+00:00
6351,0.13512,2026-09-27T04:21:03.648+00:00
6352,0.14442,2026-09-27T04:21:08.654+00:00
6353,0.13519,2026-09-27T04:21:08.654+00:00
6354,0.13075,2026-09-27T04:21:08.654+00:00
6355,0.13042,2026-09-27T04:21:13.662+00:00
6356,0.13303,2026-09-27T04:21:13.662+00:00
6357,0.12378,2026-09-27T04:21:13.662+00:00
6358,0.13379,2026-09-27T04:21:13.662+00:00
6359,0.12966,2026-09-27T04:21:18.667+00:00
6360,0.14225,2026-09-27T04:21:18.667+00:00
6361,0.12300,2026-09-27T04:21:18.667+00:00
6362,0.13743,2026-09-27T04:21:23.672+00:00
6363,0.14101,2026-09-27T04:21:23.672+00:00
6364,0.14796,2026-09-27T04:21:23.672+00:00
6365,0.13767,2026-09-27T04:21:28.677+00:00
6366,0.12263,2026-09-27T04:21:28.677+00:00
6367,0.12965,2026-09-27T04:21:28.677+00:00
6368,0.14398,2026-09-27T04:21:28.677+00:00
6369,0.12088,2026-09-27T04:21:33.682+00:00
6370,0.13441,2026-09-27T04:21:33.682+00:00
6371,0.12721,2026-09-27T04:21:33.682+00:00
6372,0.13141,2026-09-27T04:21:38.687+00:00
6373,0.13947,2026-09-27T04:21:38.687+00:00
6374,0.13293,2026-09-27T04:21:38.687+00:00
6375,0.13186,2026-09-27T04:21:43.695+00:00
6376,0.12751,2026-09-27T04:21:43.695+00:00
6377,0.14225,2026-09-27T04:21:43.695+00:00
6378,0.13844,2026-09-27T04:21:43.695+00:00
6379,0.13584,2026-09-27T04:21:48.700+00:00
6380,0.12134,2026-09-27T04:21:48.701+00:00
6381,0.13340,2026-09-27T04:21:48.701+00:00
6382,0.14544,2026-09-27T04:21:53.705+00:00
6383,0.12143,2026-09-27T04:21:53.705+00:00
6384,0.12992,2026-09-27T04:21:53.706+00:00
6385,0.13863,2026-09-27T04:21:58.710+00:00
6386,0.13022,2026-09-27T04:21:58.711+00:00
6387,0.12378,2026-09-27T04:21:58.711+00:00
6388,0.13778,2026-09-27T04:21:58.711+00:00
6389,0.14174,2026-09-27T04:22:03.716+00:00
6390,0.13136,2026-09-27T04:22:03.716+00:00
6391,0.13795,2026-09-27T04:22:03.716+00:00
6392,0.13515,2026-09-27T04:22:08.721+00:00
6393,0.14375,2026-09-27T04:22:08.721+00:00
6394,0.13438,2026-09-27T04:22:08.722+00:00
6395,0.13566,2026-09-27T04:22:13.728+00:00
6396,0.12718,2026-09-27T04:22:13.729+00:00
6397,0.13580,2026-09-27T04:22:13.729+00:00
6398,0.13602,2026-09-27T04:22:18.734+00:00
6399,0.13517,2026-09-27T04:22:18.734+00:00
6400,0.12613,2026-09-27T04:22:18.734+00:00
6401,0.13552,2026-09-27T04:22:18.734+00:00
6402,0.12609,2026-09-27T04:22:23.740+00:00
6403,0.13832,2026-09-27T04:22:23.740+00:00
6404,0.13077,2026-09-27T04:22:23.740+00:00
6405,0.13082,2026-09-27T04:22:28.745+00:00
6406,0.11081,2026-09-27T04:22:28.745+00:00
6407,0.12340,2026-09-27T04:22:28.745+00:00
6408,0.12705,2026-09-27T04:22:28.746+00:00
6409,0.11914,2026-09-27T04:22:33.751+00:00
6410,0.12718,2026-09-27T04:22:33.751+00:00
6411,0.12627,2026-09-27T04:22:33.751+00:00
6412,0.13022,2026-09-27T04:22:38.756+00:00
6413,0.13198,2026-09-27T04:22:38.756+00:00
6414,0.13993,2026-09-27T04:22:38.756+00:00
6415,0.12940,2026-09-27T04:22:43.764+00:00
6416,0.12081,2026-09-27T04:22:43.764+00:00
6417,0.13766,2026-09-27T04:22:43.764+00:00
6418,0.12185,2026-09-27T04:22:48.770+00:00
6419,0.12201,2026-09-27T04:22:48.770+00:00
6420,0.12493,2026-09-27T04:22:48.770+00:00
6421,0.12678,2026-09-27T04:22:48.770+00:00
6422,0.13290,2026-09-27T04:22:53.775+00:00
6423,0.13495,2026-09-27T04:22:53.776+00:00
6424,0.13112,2026-09-27T04:22:53.776+00:00
6425,0.13074,2026-09-27T04:22:58.781+00:00
6426,0.13372,2026-09-27T04:22:58.781+00:00
6427,0.13669,2026-09-27T04:22:58.781+00:00
6428,0.12612,2026-09-27T04:23:03.786+00:00
6429,0.13911,2026-09-27T04:23:03.787+00:00
6430,0.12183,2026-09-27T04:23:03.787+00:00
6431,0.13722,2026-09-27T04:23:03.787+00:00
6432,0.13870,2026-09-27T04:23:08.793+00:00
6433,0.12858,2026-09-27T04:23:08.793+00:00
6434,0.13659,2026-09-27T04:23:08.793+00:00
6435,0.12931,2026-09-27T04:23:13.800+00:00
6436,0.13470,2026-09-27T04:23:13.800+00:00
6437,0.12863,2026-09-27T04:23:13.800+00:00
6438,0.14147,2026-09-27T04:23:18.805+00:00
6439,0.13232,2026-09-27T04:23:18.805+00:00
6440,0.13250,2026-09-27T04:23:18.806+00:00
6441,0.12622,2026-09-27T04:23:18.806+00:00
6442,0.13810,2026-09-27T04:23:23.811+00:00
6443,0.13658,2026-09-27T04:23:23.811+00:00
6444,0.13266,2026-09-27T04:23:23.811+00:00
6445,0.12088,2026-09-27T04:23:28.816+00:00
6446,0.13348,2026-09-27T04:23:28.816+00:00
6447,0.12277,2026-09-27T04:23:28.816+00:00
6448,0.13600,2026-09-27T04:23:33.821+00:00
6449,0.13113,2026-09-27T04:23:33.821+00:00
6450,0.13372,2026-09-27T04:23:33.822+00:00
6451,0.13075,2026-09-27T04:23:33.822+00:00
6452,0.13442,2026-09-27T04:23:38.827+00:00
6453,0.13000,2026-09-27T04:23:38.827+00:00
6454,0.12640,2026-09-27T04:23:38.827+00:00
6455,0.13250,2026-09-27T04:23:43.834+00:00
6456,0.12219,2026-09-27T04:23:43.834+00:00
6457,0.13359,2026-09-27T04:23:43.834+00:00
6458,0.13509,2026-09-27T04:23:48.839+00:00
6459,0.12600,2026-09-27T04:23:48.840+00:00
6460,0.13276,2026-09-27T04:23:48.840+00:00
6461,0.13830,2026-09-27T04:23:48.840+00:00
6462,0.13455,2026-09-27T04:23:53.845+00:00
6463,0.13277,2026-09-27T04:23:53.845+00:00
6464,0.12590,2026-09-27T04:23:53.845+00:00
6465,0.14054,2026-09-27T04:23:58.850+00:00
6466,0.13742,2026-09-27T04:23:58.850+00:00
6467,0.13485,2026-09-27T04:23:58.850+00:00
6468,0.12256,2026-09-27T04:24:03.855+00:00
6469,0.13210,2026-09-27T04:24:03.855+00:00
6470,0.11624,2026-09-27T04:24:03.856+00:00
6471,0.11813,2026-09-27T04:24:03.856+00:00
6472,0.13520,2026-09-27T04:24:08.861+00:00
6473,0.12993,2026-09-27T04:24:08.862+00:00
6474,0.12128,2026-09-27T04:24:08.862+00:00
6475,0.12677,2026-09-27T04:24:13.870+00:00
6476,0.12647,2026-09-27T04:24:13.870+00:00
6477,0.13203,2026-09-27T04:24:13.870+00:00
6478,0.13276,2026-09-27T04:24:18.876+00:00
6479,0.12831,2026-09-27T04:24:18.876+00:00
6480,0.13165,2026-09-27T04:24:18.876+00:00
6481,0.13138,2026-09-27T04:24:23.881+00:00
6482,0.13419,2026-09-27T04:24:23.881+00:00
6483,0.13131,2026-09-27T04:24:23.881+00:00
6484,0.13542,2026-09-27T04:24:23.881+00:00
6485,0.12985,2026-09-27T04:24:28.886+00:00
6486,0.13270,2026-09-27T04:24:28.887+00:00
6487,0.13274,2026-09-27T04:24:28.887+00:00
6488,0.12697,2026-09-27T04:24:33.892+00:00
6489,0.14199,2026-09-27T04:24:33.892+00:00
6490,0.13010,2026-09-27T04:24:33.892+00:00
6491,0.12896,2026-09-27T04:24:33.892+00:00
6492,0.12135,2026-09-27T04:24:38.897+00:00
6493,0.12921,2026-09-27T04:24:38.897+00:00
6494,0.12617,2026-09-27T04:24:38.897+00:00
6495,0.12920,2026-09-27T04:24:43.905+00:00
6496,0.13599,2026-09-27T04:24:43.905+00:00
6497,0.13992,2026-09-27T04:24:43.905+00:00
6498,0.13940,2026-09-27T04:24:48.910+00:00
6499,0.13605,2026-09-27T04:24:48.911+00:00
6500,0.13856,2026-09-27T04:24:48.911+00:00
6501,0.12751,2026-09-27T04:24:48.911+00:00
6502,0.13562,2026-09-27T04:24:53.916+00:00
6503,0.13623,2026-09-27T04:24:53.916+00:00
6504,0.11602,2026-09-27T04:24:53.916+00:00
6505,0.13649,2026-09-27T04:24:58.921+00:00
6506,0.13816,2026-09-27T04:24:58.921+00:00
6507,0.13387,2026-09-27T04:24:58.921+00:00
6508,0.13246,2026-09-27T04:25:03.926+00:00
6509,0.13033,2026-09-27T04:25:03.926+00:00
6510,0.14562,2026-09-27T04:25:03.926+00:00
6511,0.12396,2026-09-27T04:25:08.932+00:00
6512,0.12608,2026-09-27T04:25:08.932+00:00
6513,0.12055,2026-09-27T04:25:08.932+00:00
6514,0.12538,2026-09-27T04:25:08.932+00:00
6515,0.13206,2026-09-27T04:25:13.939+00:00
6516,0.12306,2026-09-27T04:25:13.939+00:00
6517,0.12944,2026-09-27T04:25:13.939+00:00
6518,0.13287,2026-09-27T04:25:18.944+00:00
6519,0.13298,2026-09-27T04:25:18.944+00:00
6520,0.12395,2026-09-27T04:25:18.944+00:00
6521,0.11615,2026-09-27T04:25:18.944+00:00
6522,0.12709,2026-09-27T04:25:23.949+00:00
6523,0.13129,2026-09-27T04:25:23.949+00:00
6524,0.13642,2026-09-27T04:25:23.949+00:00
6525,0.13812,2026-09-27T04:25:28.954+00:00
6526,0.13522,2026-09-27T04:25:28.954+00:00
6527,0.13743,2026-09-27T04:25:28.954+00:00
6528,0.14087,2026-09-27T04:25:33.959+00:00
6529,0.14669,2026-09-27T04:25:33.959+00:00
6530,0.13404,2026-09-27T04:25:33.959+00:00
6531,0.12251,2026-09-27T04:25:33.959+00:00
6532,0.13707,2026-09-27T04:25:38.964+00:00
6533,0.13765,2026-09-27T04:25:38.964+00:00
6534,0.13401,2026-09-27T04:25:38.964+00:00
6535,0.13693,2026-09-27T04:25:43.971+00:00
6536,0.13265,2026-09-27T04:25:43.972+00:00
6537,0.14568,2026-09-27T04:25:43.972+00:00
6538,0.13894,2026-09-27T04:25:48.977+00:00
6539,0.12969,2026-09-27T04:25:48.977+00:00
6540,0.13179,2026-09-27T04:25:48.977+00:00
6541,0.12768,2026-09-27T04:25:53.982+00:00
6542,0.13407,2026-09-27T04:25:53.982+00:00
6543,0.13007,2026-09-27T04:25:53.982+00:00
6544,0.14135,2026-09-27T04:25:53.982+00:00
6545,0.15136,2026-09-27T04:25:58.987+00:00
6546,0.13185,2026-09-27T04:25:58.987+00:00
6547,0.12753,2026-09-27T04:25:58.987+00:00
6548,0.12747,2026-09-27T04:26:03.992+00:00
6549,0.12484,2026-09-27T04:26:03.992+00:00
6550,0.14073,2026-09-27T04:26:03.992+00:00
6551,0.15187,2026-09-27T04:26:08.998+00:00
6552,0.13029,2026-09-27T04:26:08.998+00:00
6553,0.12856,2026-09-27T04:26:08.998+00:00
6554,0.12070,2026-09-27T04:26:08.998+00:00
6555,0.14703,2026-09-27T04:26:14.007+00:00
6556,0.12894,2026-09-27T04:26:14.007+00:00
6557,0.14380,2026-09-27T04:26:14.007+00:00
6558,0.13331,2026-09-27T04:26:19.012+00:00
6559,0.13038,2026-09-27T04:26:19.012+00:00
6560,0.13247,2026-09-27T04:26:19.012+00:00
6561,0.13844,2026-09-27T04:26:24.017+00:00
6562,0.12367,2026-09-27T04:26:24.017+00:00
6563,0.13367,2026-09-27T04:26:24.017+00:00
6564,0.13127,2026-09-27T04:26:29.023+00:00
6565,0.15375,2026-09-27T04:26:29.023+00:00
6566,0.13928,2026-09-27T04:26:29.023+00:00
6567,0.14352,2026-09-27T04:26:29.023+00:00
6568,0.12613,2026-09-27T04:26:34.028+00:00
6569,0.14393,2026-09-27T04:26:34.028+00:00
6570,0.13242,2026-09-27T04:26:34.028+00:00
6571,0.13348,2026-09-27T04:26:39.033+00:00
6572,0.13711,2026-09-27T04:26:39.033+00:00
6573,0.13460,2026-09-27T04:26:39.033+00:00
6574,0.13425,2026-09-27T04:26:44.041+00:00
6575,0.13182,2026-09-27T04:26:44.041+00:00
6576,0.13389,2026-09-27T04:26:44.041+00:00
6577,0.13318,2026-09-27T04:26:49.046+00:00
6578,0.13305,2026-09-27T04:26:49.046+00:00
6579,0.13407,2026-09-27T04:26:49.046+00:00
6580,0.13463,2026-09-27T04:26:49.046+00:00
6581,0.12794,2026-09-27T04:26:54.052+00:00
6582,0.13574,2026-09-27T04:26:54.052+00:00
6583,0.14592,2026-09-27T04:26:54.052+00:00
6584,0.13251,2026-09-27T04:26:59.057+00:00
6585,0.13319,2026-09-27T04:26:59.057+00:00
6586,0.13841,2026-09-27T04:26:59.057+00:00
6587,0.13035,2026-09-27T04:27:04.062+00:00
6588,0.14113,2026-09-27T04:27:04.062+00:00
6589,0.13023,2026-09-27T04:27:04.062+00:00
6590,0.13958,2026-09-27T04:27:09.068+00:00
6591,0.14100,2026-09-27T04:27:09.069+00:00
6592,0.13936,2026-09-27T04:27:09.069+00:00
6593,0.13013,2026-09-27T04:27:09.069+00:00
6594,0.13481,2026-09-27T04:27:14.076+00:00
6595,0.13124,2026-09-27T04:27:14.076+00:00
6596,0.13999,2026-09-27T04:27:14.076+00:00
6597,0.14398,2026-09-27T04:27:19.081+00:00
6598,0.13639,2026-09-27T04:27:19.081+00:00
6599,0.13384,2026-09-27T04:27:19.081+00:00
6600,0.13665,2026-09-27T04:27:24.086+00:00
6601,0.13073,2026-09-27T04:27:24.086+00:00
6602,0.13189,2026-09-27T04:27:24.087+00:00
6603,0.13073,2026-09-27T04:27:29.091+00:00
6604,0.12133,2026-09-27T04:27:29.091+00:00
6605,0.12826,2026-09-27T04:27:29.091+00:00
6606,0.14000,2026-09-27T04:27:34.096+00:00
6607,0.13116,2026-09-27T04:27:34.096+00:00
6608,0.13543,2026-09-27T04:27:34.096+00:00
6609,0.12392,2026-09-27T04:27:34.096+00:00
6610,0.12987,2026-09-27T04:27:39.101+00:00
6611,0.12943,2026-09-27T04:27:39.102+00:00
6612,0.13765,2026-09-27T04:27:39.102+00:00
6613,0.13667,2026-09-27T04:27:44.111+00:00
6614,0.12727,2026-09-27T04:27:44.111+00:00
6615,0.12886,2026-09-27T04:27:44.111+00:00
6616,0.13516,2026-09-27T04:27:49.116+00:00
6617,0.14169,2026-09-27T04:27:49.116+00:00
6618,0.13323,2026-09-27T04:27:49.117+00:00
6619,0.13268,2026-09-27T04:27:49.117+00:00
6620,0.13403,2026-09-27T04:27:54.122+00:00
6621,0.13290,2026-09-27T04:27:54.122+00:00
6622,0.13650,2026-09-27T04:27:54.122+00:00
6623,0.12318,2026-09-27T04:27:59.127+00:00
6624,0.13112,2026-09-27T04:27:59.127+00:00
6625,0.12047,2026-09-27T04:27:59.127+00:00
6626,0.13470,2026-09-27T04:28:04.132+00:00
6627,0.14743,2026-09-27T04:28:04.132+00:00
6628,0.14026,2026-09-27T04:28:04.132+00:00
6629,0.12961,2026-09-27T04:28:09.138+00:00
6630,0.13384,2026-09-27T04:28:09.138+00:00
6631,0.12815,2026-09-27T04:28:09.138+00:00
6632,0.12521,2026-09-27T04:28:09.138+00:00
6633,0.10818,2026-09-27T04:28:14.147+00:00
6634,0.12436,2026-09-27T04:28:14.147+00:00
6635,0.13480,2026-09-27T04:28:14.147+00:00
6636,0.13493,2026-09-27T04:28:19.152+00:00
6637,0.13621,2026-09-27T04:28:19.152+00:00
6638,0.12519,2026-09-27T04:28:19.152+00:00
6639,0.12967,2026-09-27T04:28:19.152+00:00
6640,0.12866,2026-09-27T04:28:24.158+00:00
6641,0.12459,2026-09-27T04:28:24.158+00:00
6642,0.13999,2026-09-27T04:28:24.158+00:00
6643,0.12810,2026-09-27T04:28:29.163+00:00
6644,0.13440,2026-09-27T04:28:29.163+00:00
6645,0.12988,2026-09-27T04:28:29.163+00:00
6646,0.13825,2026-09-27T04:28:34.168+00:00
6647,0.13983,2026-09-27T04:28:34.168+00:00
6648,0.12772,2026-09-27T04:28:34.168+00:00
6649,0.11937,2026-09-27T04:28:34.168+00:00
6650,0.12640,2026-09-27T04:28:39.174+00:00
6651,0.13028,2026-09-27T04:28:39.174+00:00
6652,0.14305,2026-09-27T04:28:39.174+00:00
6653,0.12988,2026-09-27T04:28:44.182+00:00
6654,0.13340,2026-09-27T04:28:44.182+00:00
6655,0.12601,2026-09-27T04:28:44.182+00:00
6656,0.12914,2026-09-27T04:28:49.187+00:00
6657,0.14197,2026-09-27T04:28:49.187+00:00
6658,0.13460,2026-09-27T04:28:49.187+00:00
6659,0.13692,2026-09-27T04:28:54.192+00:00
6660,0.13346,2026-09-27T04:28:54.192+00:00
6661,0.13540,2026-09-27T04:28:54.192+00:00
6662,0.12536,2026-09-27T04:28:54.193+00:00
6663,0.12978,2026-09-27T04:28:59.197+00:00
6664,0.13010,2026-09-27T04:28:59.197+00:00
6665,0.13475,2026-09-27T04:28:59.198+00:00
6666,0.12862,2026-09-27T04:29:04.203+00:00
6667,0.11947,2026-09-27T04:29:04.203+00:00
6668,0.13140,2026-09-27T04:29:04.203+00:00
6669,0.13638,2026-09-27T04:29:09.208+00:00
6670,0.14180,2026-09-27T04:29:09.209+00:00
6671,0.13111,2026-09-27T04:29:09.209+00:00
6672,0.12542,2026-09-27T04:29:09.209+00:00
6673,0.13680,2026-09-27T04:29:14.217+00:00
6674,0.13351,2026-09-27T04:29:14.217+00:00
6675,0.13357,2026-09-27T04:29:14.217+00:00
6676,0.12614,2026-09-27T04:29:19.223+00:00
6677,0.14160,2026-09-27T04:29:19.223+00:00
6678,0.12270,2026-09-27T04:29:19.223+00:00
6679,0.12931,2026-09-27T04:29:24.228+00:00
6680,0.13244,2026-09-27T04:29:24.228+00:00
6681,0.11675,2026-09-27T04:29:24.228+00:00
6682,0.13686,2026-09-27T04:29:24.228+00:00
6683,0.13747,2026-09-27T04:29:29.234+00:00
6684,0.13869,2026-09-27T04:29:29.234+00:00
6685,0.13525,2026-09-27T04:29:29.234+00:00
6686,0.12870,2026-09-27T04:29:34.239+00:00
6687,0.13510,2026-09-27T04:29:34.239+00:00
6688,0.12843,2026-09-27T04:29:34.239+00:00
6689,0.12956,2026-09-27T04:29:39.244+00:00
6690,0.14175,2026-09-27T04:29:39.244+00:00
6691,0.13765,2026-09-27T04:29:39.244+00:00
6692,0.12646,2026-09-27T04:29:44.251+00:00
6693,0.13182,2026-09-27T04:29:44.251+00:00
6694,0.13124,2026-09-27T04:29:44.252+00:00
6695,0.14816,2026-09-27T04:29:44.252+00:00
6696,0.12716,2026-09-27T04:29:49.257+00:00
6697,0.13405,2026-09-27T04:29:49.257+00:00
6698,0.12901,2026-09-27T04:29:49.257+00:00
6699,0.13499,2026-09-27T04:29:54.262+00:00
6700,0.12844,2026-09-27T04:29:54.262+00:00
6701,0.12712,2026-09-27T04:29:54.262+00:00
6702,0.13231,2026-09-27T04:29:59.268+00:00
6703,0.12144,2026-09-27T04:29:59.268+00:00
6704,0.13271,2026-09-27T04:29:59.268+00:00
6705,0.13475,2026-09-27T04:29:59.268+00:00
6706,0.13463,2026-09-27T04:30:04.273+00:00
6707,0.13444,2026-09-27T04:30:04.273+00:00
6708,0.12757,2026-09-27T04:30:04.274+00:00
6709,0.12978,2026-09-27T04:30:09.280+00:00
6710,0.13377,2026-09-27T04:30:09.280+00:00
6711,0.13157,2026-09-27T04:30:09.280+00:00
6712,0.13208,2026-09-27T04:30:14.289+00:00
6713,0.12750,2026-09-27T04:30:14.289+00:00
6714,0.12282,2026-09-27T04:30:14.289+00:00
6715,0.13008,2026-09-27T04:30:14.289+00:00
6716,0.12567,2026-09-27T04:30:19.295+00:00
6717,0.12360,2026-09-27T04:30:19.295+00:00
6718,0.12565,2026-09-27T04:30:19.295+00:00
6719,0.13035,2026-09-27T04:30:24.300+00:00
6720,0.12492,2026-09-27T04:30:24.301+00:00
6721,0.12713,2026-09-27T04:30:24.301+00:00
6722,0.12878,2026-09-27T04:30:24.301+00:00
6723,0.13852,2026-09-27T04:30:29.306+00:00
6724,0.13445,2026-09-27T04:30:29.306+00:00
6725,0.12795,2026-09-27T04:30:29.306+00:00
6726,0.13741,2026-09-27T04:30:34.312+00:00
6727,0.12798,2026-09-27T04:30:34.312+00:00
6728,0.12569,2026-09-27T04:30:34.312+00:00
6729,0.12916,2026-09-27T04:30:39.317+00:00
6730,0.14035,2026-09-27T04:30:39.317+00:00
6731,0.13355,2026-09-27T04:30:39.317+00:00
6732,0.13444,2026-09-27T04:30:44.325+00:00
6733,0.13359,2026-09-27T04:30:44.325+00:00
6734,0.13184,2026-09-27T04:30:44.325+00:00
6735,0.11932,2026-09-27T04:30:44.325+00:00
6736,0.11943,2026-09-27T04:30:49.330+00:00
6737,0.12229,2026-09-27T04:30:49.330+00:00
6738,0.12798,2026-09-27T04:30:49.330+00:00
6739,0.13464,2026-09-27T04:30:54.335+00:00
6740,0.12931,2026-09-27T04:30:54.335+00:00
6741,0.13914,2026-09-27T04:30:54.336+00:00
6742,0.12137,2026-09-27T04:30:54.336+00:00
6743,0.12784,2026-09-27T04:30:59.341+00:00
6744,0.13133,2026-09-27T04:30:59.341+00:00
6745,0.13384,2026-09-27T04:30:59.341+00:00
6746,0.13120,2026-09-27T04:31:04.346+00:00
6747,0.13412,2026-09-27T04:31:04.346+00:00
6748,0.13855,2026-09-27T04:31:04.346+00:00
6749,0.12886,2026-09-27T04:31:09.352+00:00
6750,0.13153,2026-09-27T04:31:09.352+00:00
6751,0.13231,2026-09-27T04:31:09.352+00:00
6752,0.12966,2026-09-27T04:31:09.352+00:00
6753,0.13900,2026-09-27T04:31:14.359+00:00
6754,0.12847,2026-09-27T04:31:14.359+00:00
6755,0.13437,2026-09-27T04:31:14.360+00:00
6756,0.14569,2026-09-27T04:31:19.364+00:00
6757,0.13359,2026-09-27T04:31:19.364+00:00
6758,0.13211,2026-09-27T04:31:19.364+00:00
6759,0.13549,2026-09-27T04:31:24.369+00:00
6760,0.12058,2026-09-27T04:31:24.369+00:00
6761,0.14589,2026-09-27T04:31:24.369+00:00
6762,0.13005,2026-09-27T04:31:24.369+00:00
6763,0.13092,2026-09-27T04:31:29.374+00:00
6764,0.13495,2026-09-27T04:31:29.374+00:00
6765,0.13804,2026-09-27T04:31:29.375+00:00
6766,0.13120,2026-09-27T04:31:34.380+00:00
6767,0.13141,2026-09-27T04:31:34.380+00:00
6768,0.12170,2026-09-27T04:31:34.380+00:00
6769,0.12456,2026-09-27T04:31:39.386+00:00
6770,0.13502,2026-09-27T04:31:39.386+00:00
6771,0.13984,2026-09-27T04:31:39.386+00:00
6772,0.12161,2026-09-27T04:31:39.386+00:00
6773,0.13596,2026-09-27T04:31:44.395+00:00
6774,0.14119,2026-09-27T04:31:44.395+00:00
6775,0.13652,2026-09-27T04:31:44.395+00:00
6776,0.12704,2026-09-27T04:31:49.400+00:00
6777,0.13472,2026-09-27T04:31:49.400+00:00
6778,0.13670,2026-09-27T04:31:49.401+00:00
6779,0.12825,2026-09-27T04:31:54.406+00:00
6780,0.14996,2026-09-27T04:31:54.406+00:00
6781,0.14636,2026-09-27T04:31:54.406+00:00
6782,0.14176,2026-09-27T04:31:59.411+00:00
6783,0.13605,2026-09-27T04:31:59.411+00:00
6784,0.12415,2026-09-27T04:31:59.411+00:00
6785,0.13186,2026-09-27T04:32:04.416+00:00
6786,0.12932,2026-09-27T04:32:04.416+00:00
6787,0.13364,2026-09-27T04:32:04.416+00:00
6788,0.14473,2026-09-27T04:32:04.416+00:00
6789,0.13869,2026-09-27T04:32:09.422+00:00
6790,0.13176,2026-09-27T04:32:09.422+00:00
6791,0.13911,2026-09-27T04:32:09.422+00:00
6792,0.13927,2026-09-27T04:32:14.429+00:00
6793,0.14218,2026-09-27T04:32:14.429+00:00
6794,0.14741,2026-09-27T04:32:14.429+00:00
6795,0.12869,2026-09-27T04:32:19.434+00:00
6796,0.12670,2026-09-27T04:32:19.434+00:00
6797,0.13250,2026-09-27T04:32:19.434+00:00
6798,0.13521,2026-09-27T04:32:24.439+00:00
6799,0.13398,2026-09-27T04:32:24.439+00:00
6800,0.13112,2026-09-27T04:32:24.439+00:00
6801,0.13009,2026-09-27T04:32:24.440+00:00
6802,0.12992,2026-09-27T04:32:29.444+00:00
6803,0.13406,2026-09-27T04:32:29.444+00:00
6804,0.13906,2026-09-27T04:32:29.444+00:00
6805,0.13567,2026-09-27T04:32:34.449+00:00
6806,0.13218,2026-09-27T04:32:34.449+00:00
6807,0.13037,2026-09-27T04:32:34.449+00:00
6808,0.13736,2026-09-27T04:32:39.454+00:00
6809,0.14004,2026-09-27T04:32:39.454+00:00
6810,0.12679,2026-09-27T04:32:39.454+00:00
6811,0.13137,2026-09-27T04:32:44.462+00:00
6812,0.13924,2026-09-27T04:32:44.462+00:00
6813,0.12592,2026-09-27T04:32:44.462+00:00
6814,0.12836,2026-09-27T04:32:49.467+00:00
6815,0.14093,2026-09-27T04:32:49.467+00:00
6816,0.13655,2026-09-27T04:32:49.467+00:00
6817,0.13852,2026-09-27T04:32:54.472+00:00
6818,0.13097,2026-09-27T04:32:54.472+00:00
6819,0.13145,2026-09-27T04:32:54.472+00:00
6820,0.13526,2026-09-27T04:32:54.472+00:00
6821,0.13768,2026-09-27T04:32:59.477+00:00
6822,0.14171,2026-09-27T04:32:59.477+00:00
6823,0.12813,2026-09-27T04:32:59.477+00:00
6824,0.13315,2026-09-27T04:33:04.483+00:00
6825,0.13104,2026-09-27T04:33:04.483+00:00
6826,0.14010,2026-09-27T04:33:04.483+00:00
6827,0.13792,2026-09-27T04:33:09.489+00:00
6828,0.12564,2026-09-27T04:33:09.489+00:00
6829,0.13045,2026-09-27T04:33:09.489+00:00
6830,0.14263,2026-09-27T04:33:14.496+00:00
6831,0.12061,2026-09-27T04:33:14.496+00:00
6832,0.14512,2026-09-27T04:33:14.497+00:00
6833,0.13861,2026-09-27T04:33:14.497+00:00
6834,0.13249,2026-09-27T04:33:19.502+00:00
6835,0.13676,2026-09-27T04:33:19.502+00:00
6836,0.13470,2026-09-27T04:33:19.502+00:00
6837,0.12677,2026-09-27T04:33:24.507+00:00
6838,0.13197,2026-09-27T04:33:24.507+00:00
6839,0.12953,2026-09-27T04:33:24.507+00:00
6840,0.13090,2026-09-27T04:33:29.512+00:00
6841,0.13573,2026-09-27T04:33:29.512+00:00
6842,0.13081,2026-09-27T04:33:29.512+00:00
6843,0.12442,2026-09-27T04:33:34.517+00:00
6844,0.13018,2026-09-27T04:33:34.517+00:00
6845,0.13291,2026-09-27T04:33:34.518+00:00
6846,0.13466,2026-09-27T04:33:34.518+00:00
6847,0.12322,2026-09-27T04:33:39.523+00:00
6848,0.14091,2026-09-27T04:33:39.523+00:00
6849,0.12464,2026-09-27T04:33:39.523+00:00
6850,0.13040,2026-09-27T04:33:44.530+00:00
6851,0.13153,2026-09-27T04:33:44.531+00:00
6852,0.13729,2026-09-27T04:33:44.531+00:00
6853,0.13397,2026-09-27T04:33:49.536+00:00
6854,0.12333,2026-09-27T04:33:49.536+00:00
6855,0.13430,2026-09-27T04:33:49.536+00:00
6856,0.13835,2026-09-27T04:33:49.536+00:00
6857,0.13061,2026-09-27T04:33:54.541+00:00
6858,0.12569,2026-09-27T04:33:54.541+00:00
6859,0.12686,2026-09-27T04:33:54.541+00:00
6860,0.13293,2026-09-27T04:33:59.546+00:00
6861,0.13552,2026-09-27T04:33:59.546+00:00
6862,0.13705,2026-09-27T04:33:59.546+00:00
6863,0.13745,2026-09-27T04:34:04.551+00:00
6864,0.14321,2026-09-27T04:34:04.551+00:00
6865,0.13593,2026-09-27T04:34:04.551+00:00
6866,0.12711,2026-09-27T04:34:09.557+00:00
6867,0.13707,2026-09-27T04:34:09.557+00:00
6868,0.13731,2026-09-27T04:34:09.557+00:00
6869,0.13366,2026-09-27T04:34:14.564+00:00
6870,0.13331,2026-09-27T04:34:14.564+00:00
6871,0.14184,2026-09-27T04:34:14.564+00:00
6872,0.13952,2026-09-27T04:34:14.564+00:00
6873,0.12949,2026-09-27T04:34:19.569+00:00
6874,0.11943,2026-09-27T04:34:19.569+00:00
6875,0.12936,2026-09-27T04:34:19.569+00:00
6876,0.14161,2026-09-27T04:34:24.574+00:00
6877,0.12732,2026-09-27T04:34:24.574+00:00
6878,0.13634,2026-09-27T04:34:24.574+00:00
6879,0.12867,2026-09-27T04:34:29.579+00:00
6880,0.14238,2026-09-27T04:34:29.579+00:00
6881,0.14430,2026-09-27T04:34:29.579+00:00
6882,0.12785,2026-09-27T04:34:34.584+00:00
6883,0.12826,2026-09-27T04:34:34.584+00:00
6884,0.13592,2026-09-27T04:34:34.584+00:00
6885,0.13988,2026-09-27T04:34:34.584+00:00
6886,0.13927,2026-09-27T04:34:39.589+00:00
6887,0.13169,2026-09-27T04:34:39.589+00:00
6888,0.13500,2026-09-27T04:34:39.590+00:00
6889,0.13150,2026-09-27T04:34:44.597+00:00
6890,0.13309,2026-09-27T04:34:44.597+00:00
6891,0.12831,2026-09-27T04:34:44.597+00:00
6892,0.14330,2026-09-27T04:34:49.602+00:00
6893,0.12040,2026-09-27T04:34:49.602+00:00
6894,0.12938,2026-09-27T04:34:49.602+00:00
6895,0.14443,2026-09-27T04:34:49.602+00:00
6896,0.14342,2026-09-27T04:34:54.607+00:00
6897,0.13733,2026-09-27T04:34:54.607+00:00
6898,0.14840,2026-09-27T04:34:54.607+00:00
6899,0.12993,2026-09-27T04:34:59.612+00:00
6900,0.13539,2026-09-27T04:34:59.612+00:00
6901,0.13489,2026-09-27T04:34:59.612+00:00
6902,0.13969,2026-09-27T04:35:04.617+00:00
6903,0.13627,2026-09-27T04:35:04.617+00:00
6904,0.13769,2026-09-27T04:35:04.617+00:00
6905,0.13931,2026-09-27T04:35:09.622+00:00
6906,0.13894,2026-09-27T04:35:09.622+00:00
6907,0.12728,2026-09-27T04:35:09.622+00:00
6908,0.14173,2026-09-27T04:35:14.630+00:00
6909,0.12870,2026-09-27T04:35:14.630+00:00
6910,0.14282,2026-09-27T04:35:14.630+00:00
6911,0.13344,2026-09-27T04:35:14.630+00:00
6912,0.13625,2026-09-27T04:35:19.635+00:00
6913,0.14087,2026-09-27T04:35:19.635+00:00
6914,0.13107,2026-09-27T04:35:19.635+00:00
6915,0.13247,2026-09-27T04:35:24.640+00:00
6916,0.13106,2026-09-27T04:35:24.640+00:00
6917,0.14033,2026-09-27T04:35:24.641+00:00
6918,0.13176,2026-09-27T04:35:29.646+00:00
6919,0.13797,2026-09-27T04:35:29.646+00:00
6920,0.13274,2026-09-27T04:35:29.646+00:00
6921,0.12943,2026-09-27T04:35:34.651+00:00
6922,0.13451,2026-09-27T04:35:34.651+00:00
6923,0.13094,2026-09-27T04:35:34.651+00:00
6924,0.13356,2026-09-27T04:35:39.656+00:00
6925,0.13184,2026-09-27T04:35:39.657+00:00
6926,0.14500,2026-09-27T04:35:39.657+00:00
6927,0.13272,2026-09-27T04:35:39.657+00:00
6928,0.13591,2026-09-27T04:35:44.664+00:00
6929,0.13881,2026-09-27T04:35:44.665+00:00
6930,0.13994,2026-09-27T04:35:44.665+00:00
6931,0.13222,2026-09-27T04:35:49.670+00:00
6932,0.13680,2026-09-27T04:35:49.670+00:00
6933,0.13283,2026-09-27T04:35:49.670+00:00
6934,0.13312,2026-09-27T04:35:54.675+00:00
6935,0.13560,2026-09-27T04:35:54.675+00:00
6936,0.13221,2026-09-27T04:35:54.675+00:00
6937,0.13030,2026-09-27T04:35:59.680+00:00
6938,0.14674,2026-09-27T04:35:59.680+00:00
6939,0.13661,2026-09-27T04:35:59.680+00:00
6940,0.13268,2026-09-27T04:36:04.685+00:00
6941,0.13787,2026-09-27T04:36:04.685+00:00
6942,0.12734,2026-09-27T04:36:04.685+00:00
6943,0.13527,2026-09-27T04:36:04.685+00:00
6944,0.13263,2026-09-27T04:36:09.691+00:00
6945,0.13755,2026-09-27T04:36:09.691+00:00
6946,0.13188,2026-09-27T04:36:09.691+00:00
6947,0.12834,2026-09-27T04:36:14.699+00:00
6948,0.12608,2026-09-27T04:36:14.699+00:00
6949,0.13334,2026-09-27T04:36:14.699+00:00
6950,0.13302,2026-09-27T04:36:19.704+00:00
6951,0.13747,2026-09-27T04:36:19.704+00:00
6952,0.13891,2026-09-27T04:36:19.705+00:00
6953,0.14844,2026-09-27T04:36:24.710+00:00
6954,0.13045,2026-09-27T04:36:24.710+00:00
6955,0.13645,2026-09-27T04:36:24.710+00:00
6956,0.13334,2026-09-27T04:36:24.711+00:00
6957,0.13037,2026-09-27T04:36:29.715+00:00
6958,0.12824,2026-09-27T04:36:29.715+00:00
6959,0.13704,2026-09-27T04:36:29.716+00:00
6960,0.13838,2026-09-27T04:36:34.721+00:00
6961,0.12524,2026-09-27T04:36:34.721+00:00
6962,0.12912,2026-09-27T04:36:34.721+00:00
6963,0.14426,2026-09-27T04:36:39.726+00:00
6964,0.13114,2026-09-27T04:36:39.726+00:00
6965,0.13679,2026-09-27T04:36:39.727+00:00
6966,0.14081,2026-09-27T04:36:44.735+00:00
6967,0.12387,2026-09-27T04:36:44.735+00:00
6968,0.12969,2026-09-27T04:36:44.735+00:00
6969,0.12983,2026-09-27T04:36:44.735+00:00
6970,0.13478,2026-09-27T04:36:49.741+00:00
6971,0.13897,2026-09-27T04:36:49.741+00:00
6972,0.13757,2026-09-27T04:36:49.741+00:00
6973,0.13988,2026-09-27T04:36:54.746+00:00
6974,0.13698,2026-09-27T04:36:54.746+00:00
6975,0.13364,2026-09-27T04:36:54.746+00:00
6976,0.13007,2026-09-27T04:36:59.752+00:00
6977,0.12899,2026-09-27T04:36:59.752+00:00
6978,0.13507,2026-09-27T04:36:59.752+00:00
6979,0.13039,2026-09-27T04:37:04.757+00:00
6980,0.13612,2026-09-27T04:37:04.757+00:00
6981,0.12230,2026-09-27T04:37:04.757+00:00
6982,0.12262,2026-09-27T04:37:04.757+00:00
6983,0.13249,2026-09-27T04:37:09.764+00:00
6984,0.12736,2026-09-27T04:37:09.764+00:00
6985,0.13122,2026-09-27T04:37:09.764+00:00
6986,0.13046,2026-09-27T04:37:14.772+00:00
6987,0.13503,2026-09-27T04:37:14.773+00:00
6988,0.13279,2026-09-27T04:37:14.773+00:00
6989,0.13437,2026-09-27T04:37:19.778+00:00
6990,0.13345,2026-09-27T04:37:19.778+00:00
6991,0.13769,2026-09-27T04:37:19.778+00:00
6992,0.14203,2026-09-27T04:37:19.778+00:00
6993,0.13787,2026-09-27T04:37:24.783+00:00
6994,0.13326,2026-09-27T04:37:24.783+00:00
6995,0.13564,2026-09-27T04:37:24.784+00:00
6996,0.13117,2026-09-27T04:37:29.789+00:00
6997,0.13241,2026-09-27T04:37:29.789+00:00
6998,0.13169,2026-09-27T04:37:29.789+00:00
6999,0.13306,2026-09-27T04:37:34.794+00:00
7000,0.13469,2026-09-27T04:37:34.794+00:00
7001,0.14133,2026-09-27T04:37:34.794+00:00
7002,0.13410,2026-09-27T04:37:39.799+00:00
7003,0.13934,2026-09-27T04:37:39.799+00:00
7004,0.13096,2026-09-27T04:37:39.799+00:00
7005,0.13348,2026-09-27T04:37:44.808+00:00
7006,0.13820,2026-09-27T04:37:44.808+00:00
7007,0.12342,2026-09-27T04:37:44.808+00:00
7008,0.13804,2026-09-27T04:37:44.808+00:00
7009,0.13024,2026-09-27T04:37:49.813+00:00
7010,0.14084,2026-09-27T04:37:49.813+00:00
7011,0.13804,2026-09-27T04:37:49.813+00:00
7012,0.12481,2026-09-27T04:37:54.818+00:00
7013,0.12968,2026-09-27T04:37:54.818+00:00
7014,0.14166,2026-09-27T04:37:54.818+00:00
7015,0.12770,2026-09-27T04:37:59.823+00:00
7016,0.13849,2026-09-27T04:37:59.823+00:00
7017,0.13826,2026-09-27T04:37:59.824+00:00
7018,0.13810,2026-09-27T04:38:04.830+00:00
7019,0.13085,2026-09-27T04:38:04.830+00:00
7020,0.14070,2026-09-27T04:38:04.830+00:00
7021,0.13609,2026-09-27T04:38:09.837+00:00
7022,0.13112,2026-09-27T04:38:09.837+00:00
7023,0.13500,2026-09-27T04:38:09.837+00:00
7024,0.13279,2026-09-27T04:38:09.837+00:00
7025,0.14243,2026-09-27T04:38:14.845+00:00
7026,0.13646,2026-09-27T04:38:14.845+00:00
7027,0.13458,2026-09-27T04:38:14.845+00:00
7028,0.12501,2026-09-27T04:38:19.851+00:00
7029,0.13712,2026-09-27T04:38:19.851+00:00
7030,0.13133,2026-09-27T04:38:19.851+00:00
7031,0.13732,2026-09-27T04:38:24.856+00:00
7032,0.12179,2026-09-27T04:38:24.856+00:00
7033,0.12920,2026-09-27T04:38:24.856+00:00
7034,0.12336,2026-09-27T04:38:29.862+00:00
7035,0.14043,2026-09-27T04:38:29.862+00:00
7036,0.12326,2026-09-27T04:38:29.862+00:00
7037,0.12062,2026-09-27T04:38:29.862+00:00
7038,0.13983,2026-09-27T04:38:34.867+00:00
7039,0.14353,2026-09-27T04:38:34.868+00:00
7040,0.13794,2026-09-27T04:38:34.868+00:00
7041,0.13172,2026-09-27T04:38:39.873+00:00
7042,0.13475,2026-09-27T04:38:39.873+00:00
7043,0.12717,2026-09-27T04:38:39.873+00:00
7044,0.13168,2026-09-27T04:38:44.882+00:00
7045,0.12872,2026-09-27T04:38:44.882+00:00
7046,0.12921,2026-09-27T04:38:44.882+00:00
7047,0.12906,2026-09-27T04:38:49.888+00:00
7048,0.12367,2026-09-27T04:38:49.888+00:00
7049,0.12243,2026-09-27T04:38:49.888+00:00
7050,0.13326,2026-09-27T04:38:49.888+00:00
7051,0.12629,2026-09-27T04:38:54.893+00:00
7052,0.13617,2026-09-27T04:38:54.893+00:00
7053,0.12997,2026-09-27T04:38:54.893+00:00
7054,0.13801,2026-09-27T04:38:59.899+00:00
7055,0.12834,2026-09-27T04:38:59.899+00:00
7056,0.13228,2026-09-27T04:38:59.899+00:00
7057,0.13624,2026-09-27T04:39:04.903+00:00
7058,0.13176,2026-09-27T04:39:04.903+00:00
7059,0.13828,2026-09-27T04:39:04.903+00:00
7060,0.14441,2026-09-27T04:39:09.910+00:00
7061,0.14066,2026-09-27T04:39:09.910+00:00
7062,0.12823,2026-09-27T04:39:09.910+00:00
7063,0.13213,2026-09-27T04:39:14.918+00:00
7064,0.13236,2026-09-27T04:39:14.918+00:00
7065,0.12973,2026-09-27T04:39:14.918+00:00
7066,0.13055,2026-09-27T04:39:14.918+00:00
7067,0.14084,2026-09-27T04:39:19.923+00:00
7068,0.13181,2026-09-27T04:39:19.923+00:00
7069,0.14512,2026-09-27T04:39:19.924+00:00
7070,0.13304,2026-09-27T04:39:24.928+00:00
7071,0.14616,2026-09-27T04:39:24.929+00:00
7072,0.13780,2026-09-27T04:39:24.929+00:00
7073,0.13593,2026-09-27T04:39:29.934+00:00
7074,0.13699,2026-09-27T04:39:29.934+00:00
7075,0.13599,2026-09-27T04:39:29.934+00:00
7076,0.13264,2026-09-27T04:39:34.939+00:00
7077,0.13558,2026-09-27T04:39:34.939+00:00
7078,0.13672,2026-09-27T04:39:34.939+00:00
7079,0.13861,2026-09-27T04:39:39.944+00:00
7080,0.15044,2026-09-27T04:39:39.945+00:00
7081,0.13273,2026-09-27T04:39:39.945+00:00
7082,0.13134,2026-09-27T04:39:44.953+00:00
7083,0.13107,2026-09-27T04:39:44.953+00:00
7084,0.12788,2026-09-27T04:39:44.953+00:00
7085,0.13846,2026-09-27T04:39:44.953+00:00
7086,0.13704,2026-09-27T04:39:49.958+00:00
7087,0.12863,2026-09-27T04:39:49.958+00:00
7088,0.14167,2026-09-27T04:39:49.958+00:00
7089,0.14139,2026-09-27T04:39:54.964+00:00
7090,0.12686,2026-09-27T04:39:54.964+00:00
7091,0.13011,2026-09-27T04:39:54.964+00:00
7092,0.13818,2026-09-27T04:39:59.969+00:00
7093,0.13106,2026-09-27T04:39:59.969+00:00
7094,0.13772,2026-09-27T04:39:59.969+00:00
7095,0.13840,2026-09-27T04:40:04.975+00:00
7096,0.13516,2026-09-27T04:40:04.975+00:00
7097,0.14799,2026-09-27T04:40:04.975+00:00
7098,0.13199,2026-09-27T04:40:09.981+00:00
7099,0.14117,2026-09-27T04:40:09.981+00:00
7100,0.13222,2026-09-27T04:40:09.981+00:00
7101,0.13827,2026-09-27T04:40:14.990+00:00
7102,0.13557,2026-09-27T04:40:14.990+00:00
7103,0.13514,2026-09-27T04:40:14.990+00:00
7104,0.13016,2026-09-27T04:40:14.990+00:00
7105,0.13449,2026-09-27T04:40:19.995+00:00
7106,0.15387,2026-09-27T04:40:19.996+00:00
7107,0.12897,2026-09-27T04:40:19.996+00:00
7108,0.13641,2026-09-27T04:40:25.001+00:00
7109,0.13852,2026-09-27T04:40:25.001+00:00
7110,0.12888,2026-09-27T04:40:25.002+00:00
7111,0.13821,2026-09-27T04:40:30.007+00:00
7112,0.12485,2026-09-27T04:40:30.007+00:00
7113,0.13755,2026-09-27T04:40:30.007+00:00
7114,0.13373,2026-09-27T04:40:35.012+00:00
7115,0.12355,2026-09-27T04:40:35.013+00:00
7116,0.14211,2026-09-27T04:40:35.013+00:00
7117,0.13546,2026-09-27T04:40:35.013+00:00
7118,0.14031,2026-09-27T04:40:40.018+00:00
7119,0.12229,2026-09-27T04:40:40.018+00:00
7120,0.13743,2026-09-27T04:40:40.019+00:00
7121,0.14663,2026-09-27T04:40:45.027+00:00
7122,0.13106,2026-09-27T04:40:45.027+00:00
7123,0.12533,2026-09-27T04:40:45.027+00:00
7124,0.13507,2026-09-27T04:40:50.033+00:00
7125,0.13182,2026-09-27T04:40:50.033+00:00
7126,0.13857,2026-09-27T04:40:50.033+00:00
7127,0.14001,2026-09-27T04:40:55.038+00:00
7128,0.13205,2026-09-27T04:40:55.038+00:00
7129,0.12998,2026-09-27T04:40:55.038+00:00
7130,0.12986,2026-09-27T04:40:55.038+00:00
7131,0.13149,2026-09-27T04:41:00.044+00:00
7132,0.13466,2026-09-27T04:41:00.044+00:00
7133,0.13773,2026-09-27T04:41:00.044+00:00
7134,0.15607,2026-09-27T04:41:05.049+00:00
7135,0.14112,2026-09-27T04:41:05.049+00:00
7136,0.12710,2026-09-27T04:41:05.050+00:00
7137,0.14425,2026-09-27T04:41:10.055+00:00
7138,0.12863,2026-09-27T04:41:10.056+00:00
7139,0.13701,2026-09-27T04:41:10.056+00:00
7140,0.13402,2026-09-27T04:41:15.063+00:00
7141,0.14178,2026-09-27T04:41:15.063+00:00
7142,0.13337,2026-09-27T04:41:15.063+00:00
7143,0.13481,2026-09-27T04:41:20.069+00:00
7144,0.12791,2026-09-27T04:41:20.069+00:00
7145,0.13012,2026-09-27T04:41:20.069+00:00
7146,0.12531,2026-09-27T04:41:20.069+00:00
7147,0.14614,2026-09-27T04:41:25.075+00:00
7148,0.13951,2026-09-27T04:41:25.075+00:00
7149,0.12766,2026-09-27T04:41:25.075+00:00
7150,0.13857,2026-09-27T04:41:30.080+00:00
7151,0.13577,2026-09-27T04:41:30.080+00:00
7152,0.13578,2026-09-27T04:41:30.080+00:00
7153,0.13503,2026-09-27T04:41:35.085+00:00
7154,0.13263,2026-09-27T04:41:35.085+00:00
7155,0.13950,2026-09-27T04:41:35.085+00:00
7156,0.14569,2026-09-27T04:41:40.091+00:00
7157,0.13205,2026-09-27T04:41:40.091+00:00
7158,0.12848,2026-09-27T04:41:40.091+00:00
7159,0.13621,2026-09-27T04:41:45.099+00:00
7160,0.14094,2026-09-27T04:41:45.099+00:00
7161,0.13052,2026-09-27T04:41:45.099+00:00
7162,0.14456,2026-09-27T04:41:50.104+00:00
7163,0.14707,2026-09-27T04:41:50.104+00:00
7164,0.13930,2026-09-27T04:41:50.104+00:00
7165,0.14210,2026-09-27T04:41:55.109+00:00
7166,0.13704,2026-09-27T04:41:55.110+00:00
7167,0.14583,2026-09-27T04:41:55.110+00:00
7168,0.12987,2026-09-27T04:41:55.110+00:00
7169,0.13115,2026-09-27T04:42:00.115+00:00
7170,0.13439,2026-09-27T04:42:00.115+00:00
7171,0.14262,2026-09-27T04:42:00.115+00:00
7172,0.13152,2026-09-27T04:42:05.120+00:00
7173,0.12425,2026-09-27T04:42:05.120+00:00
7174,0.13890,2026-09-27T04:42:05.120+00:00
7175,0.13348,2026-09-27T04:42:10.127+00:00
7176,0.12972,2026-09-27T04:42:10.127+00:00
7177,0.13147,2026-09-27T04:42:10.127+00:00
7178,0.13144,2026-09-27T04:42:15.135+00:00
7179,0.13452,2026-09-27T04:42:15.135+00:00
7180,0.12595,2026-09-27T04:42:15.135+00:00
7181,0.13691,2026-09-27T04:42:15.135+00:00
7182,0.13105,2026-09-27T04:42:20.141+00:00
7183,0.13370,2026-09-27T04:42:20.141+00:00
7184,0.13411,2026-09-27T04:42:20.141+00:00
7185,0.14447,2026-09-27T04:42:25.146+00:00
7186,0.13384,2026-09-27T04:42:25.147+00:00
7187,0.12491,2026-09-27T04:42:25.147+00:00
7188,0.13386,2026-09-27T04:42:30.152+00:00
7189,0.12649,2026-09-27T04:42:30.152+00:00
7190,0.13211,2026-09-27T04:42:30.152+00:00
7191,0.13950,2026-09-27T04:42:35.157+00:00
7192,0.13910,2026-09-27T04:42:35.157+00:00
7193,0.13579,2026-09-27T04:42:35.157+00:00
7194,0.14353,2026-09-27T04:42:35.157+00:00
7195,0.13650,2026-09-27T04:42:40.162+00:00
7196,0.13255,2026-09-27T04:42:40.163+00:00
7197,0.13281,2026-09-27T04:42:40.163+00:00
7198,0.13116,2026-09-27T04:42:45.170+00:00
7199,0.13180,2026-09-27T04:42:45.170+00:00
7200,0.12857,2026-09-27T04:42:45.170+00:00
7201,0.13921,2026-09-27T04:42:50.176+00:00
7202,0.12750,2026-09-27T04:42:50.176+00:00
7203,0.13451,2026-09-27T04:42:50.176+00:00
7204,0.12574,2026-09-27T04:42:55.181+00:00
7205,0.12671,2026-09-27T04:42:55.181+00:00
7206,0.12959,2026-09-27T04:42:55.181+00:00
7207,0.13355,2026-09-27T04:42:55.181+00:00
7208,0.13493,2026-09-27T04:43:00.186+00:00
7209,0.13410,2026-09-27T04:43:00.186+00:00
7210,0.13493,2026-09-27T04:43:00.186+00:00
7211,0.13438,2026-09-27T04:43:05.191+00:00
7212,0.13027,2026-09-27T04:43:05.191+00:00
7213,0.13429,2026-09-27T04:43:05.191+00:00
7214,0.14051,2026-09-27T04:43:10.198+00:00
7215,0.15248,2026-09-27T04:43:10.198+00:00
7216,0.12921,2026-09-27T04:43:10.198+00:00
7217,0.13327,2026-09-27T04:43:10.198+00:00
7218,0.13004,2026-09-27T04:43:15.206+00:00
7219,0.12868,2026-09-27T04:43:15.206+00:00
7220,0.13803,2026-09-27T04:43:15.206+00:00
7221,0.14158,2026-09-27T04:43:20.212+00:00
7222,0.13470,2026-09-27T04:43:20.212+00:00
7223,0.12946,2026-09-27T04:43:20.212+00:00
7224,0.13980,2026-09-27T04:43:25.217+00:00
7225,0.13080,2026-09-27T04:43:25.217+00:00
7226,0.13520,2026-09-27T04:43:25.217+00:00
7227,0.13449,2026-09-27T04:43:30.222+00:00
7228,0.13486,2026-09-27T04:43:30.222+00:00
7229,0.13160,2026-09-27T04:43:30.222+00:00
7230,0.13143,2026-09-27T04:43:35.228+00:00
7231,0.13371,2026-09-27T04:43:35.228+00:00
7232,0.14567,2026-09-27T04:43:35.228+00:00
7233,0.12934,2026-09-27T04:43:35.228+00:00
7234,0.13534,2026-09-27T04:43:40.233+00:00
7235,0.12852,2026-09-27T04:43:40.234+00:00
7236,0.12849,2026-09-27T04:43:40.234+00:00
7237,0.13183,2026-09-27T04:43:45.241+00:00
7238,0.14434,2026-09-27T04:43:45.241+00:00
7239,0.13051,2026-09-27T04:43:45.241+00:00
7240,0.13344,2026-09-27T04:43:50.247+00:00
7241,0.13445,2026-09-27T04:43:50.247+00:00
7242,0.13440,2026-09-27T04:43:50.247+00:00
7243,0.14363,2026-09-27T04:43:55.252+00:00
7244,0.14307,2026-09-27T04:43:55.252+00:00
7245,0.14237,2026-09-27T04:43:55.253+00:00
7246,0.13421,2026-09-27T04:44:00.258+00:00
7247,0.12995,2026-09-27T04:44:00.258+00:00
7248,0.13904,2026-09-27T04:44:00.258+00:00
7249,0.13806,2026-09-27T04:44:00.258+00:00
7250,0.14068,2026-09-27T04:44:05.264+00:00
7251,0.12927,2026-09-27T04:44:05.264+00:00
7252,0.13994,2026-09-27T04:44:05.264+00:00
7253,0.12455,2026-09-27T04:44:10.270+00:00
7254,0.13751,2026-09-27T04:44:10.270+00:00
7255,0.13226,2026-09-27T04:44:10.270+00:00
7256,0.13062,2026-09-27T04:44:15.279+00:00
7257,0.13654,2026-09-27T04:44:15.279+00:00
7258,0.13460,2026-09-27T04:44:15.279+00:00
7259,0.13406,2026-09-27T04:44:20.284+00:00
7260,0.13197,2026-09-27T04:44:20.284+00:00
7261,0.14270,2026-09-27T04:44:20.285+00:00
7262,0.13303,2026-09-27T04:44:25.290+00:00
7263,0.13237,2026-09-27T04:44:25.290+00:00
7264,0.13326,2026-09-27T04:44:25.290+00:00
7265,0.13275,2026-09-27T04:44:25.290+00:00
7266,0.13107,2026-09-27T04:44:30.295+00:00
7267,0.12482,2026-09-27T04:44:30.296+00:00
7268,0.12881,2026-09-27T04:44:30.296+00:00
7269,0.12931,2026-09-27T04:44:35.301+00:00
7270,0.13224,2026-09-27T04:44:35.301+00:00
7271,0.13663,2026-09-27T04:44:35.301+00:00
7272,0.12935,2026-09-27T04:44:40.306+00:00
7273,0.13555,2026-09-27T04:44:40.307+00:00
7274,0.13222,2026-09-27T04:44:40.307+00:00
7275,0.13138,2026-09-27T04:44:45.314+00:00
7276,0.13725,2026-09-27T04:44:45.314+00:00
7277,0.13978,2026-09-27T04:44:45.315+00:00
7278,0.12547,2026-09-27T04:44:45.315+00:00
7279,0.13667,2026-09-27T04:44:50.320+00:00
7280,0.13363,2026-09-27T04:44:50.320+00:00
7281,0.13743,2026-09-27T04:44:50.320+00:00
7282,0.13595,2026-09-27T04:44:55.326+00:00
7283,0.13323,2026-09-27T04:44:55.326+00:00
7284,0.13455,2026-09-27T04:44:55.326+00:00
7285,0.14331,2026-09-27T04:45:00.331+00:00
7286,0.13248,2026-09-27T04:45:00.331+00:00
7287,0.13918,2026-09-27T04:45:00.331+00:00
7288,0.12655,2026-09-27T04:45:05.337+00:00
7289,0.14196,2026-09-27T04:45:05.337+00:00
7290,0.13594,2026-09-27T04:45:05.337+00:00
7291,0.13651,2026-09-27T04:45:10.343+00:00
7292,0.12939,2026-09-27T04:45:10.344+00:00
7293,0.13858,2026-09-27T04:45:10.344+00:00
7294,0.13839,2026-09-27T04:45:15.352+00:00
7295,0.13760,2026-09-27T04:45:15.352+00:00
7296,0.13631,2026-09-27T04:45:15.352+00:00
7297,0.13964,2026-09-27T04:45:15.352+00:00
7298,0.13224,2026-09-27T04:45:20.357+00:00
7299,0.12906,2026-09-27T04:45:20.357+00:00
7300,0.13476,2026-09-27T04:45:20.357+00:00
7301,0.13531,2026-09-27T04:45:25.362+00:00
7302,0.13625,2026-09-27T04:45:25.363+00:00
7303,0.13462,2026-09-27T04:45:25.363+00:00
7304,0.13382,2026-09-27T04:45:30.368+00:00
7305,0.13631,2026-09-27T04:45:30.368+00:00
7306,0.13464,2026-09-27T04:45:30.368+00:00
7307,0.12932,2026-09-27T04:45:35.373+00:00
7308,0.14162,2026-09-27T04:45:35.373+00:00
7309,0.13635,2026-09-27T04:45:35.373+00:00
7310,0.12825,2026-09-27T04:45:40.378+00:00
7311,0.13019,2026-09-27T04:45:40.379+00:00
7312,0.13261,2026-09-27T04:45:40.379+00:00
7313,0.12449,2026-09-27T04:45:40.379+00:00
7314,0.14648,2026-09-27T04:45:45.387+00:00
7315,0.12899,2026-09-27T04:45:45.387+00:00
7316,0.13526,2026-09-27T04:45:45.387+00:00
7317,0.12658,2026-09-27T04:45:50.392+00:00
7318,0.13822,2026-09-27T04:45:50.392+00:00
7319,0.13546,2026-09-27T04:45:50.392+00:00
7320,0.12877,2026-09-27T04:45:55.398+00:00
7321,0.13570,2026-09-27T04:45:55.398+00:00
7322,0.13223,2026-09-27T04:45:55.398+00:00
7323,0.13128,2026-09-27T04:45:55.398+00:00
7324,0.12910,2026-09-27T04:46:00.403+00:00
7325,0.13301,2026-09-27T04:46:00.403+00:00
7326,0.13349,2026-09-27T04:46:00.403+00:00
7327,0.13647,2026-09-27T04:46:05.408+00:00
7328,0.12492,2026-09-27T04:46:05.408+00:00
7329,0.13646,2026-09-27T04:46:05.408+00:00
7330,0.13694,2026-09-27T04:46:10.414+00:00
7331,0.13795,2026-09-27T04:46:10.414+00:00
7332,0.13934,2026-09-27T04:46:10.414+00:00
7333,0.12998,2026-09-27T04:46:15.422+00:00
7334,0.13278,2026-09-27T04:46:15.422+00:00
7335,0.11913,2026-09-27T04:46:15.422+00:00
7336,0.13806,2026-09-27T04:46:15.422+00:00
7337,0.13399,2026-09-27T04:46:20.427+00:00
7338,0.14191,2026-09-27T04:46:20.427+00:00
7339,0.12993,2026-09-27T04:46:20.427+00:00
7340,0.13188,2026-09-27T04:46:25.433+00:00
7341,0.12785,2026-09-27T04:46:25.433+00:00
7342,0.12801,2026-09-27T04:46:25.433+00:00
7343,0.13056,2026-09-27T04:46:30.438+00:00
7344,0.13485,2026-09-27T04:46:30.438+00:00
7345,0.13947,2026-09-27T04:46:30.438+00:00
7346,0.13385,2026-09-27T04:46:30.438+00:00
7347,0.13423,2026-09-27T04:46:35.443+00:00
7348,0.13329,2026-09-27T04:46:35.444+00:00
7349,0.13533,2026-09-27T04:46:35.444+00:00
7350,0.13433,2026-09-27T04:46:40.449+00:00
7351,0.14450,2026-09-27T04:46:40.449+00:00
7352,0.13399,2026-09-27T04:46:40.449+00:00
7353,0.13667,2026-09-27T04:46:45.458+00:00
7354,0.13888,2026-09-27T04:46:45.459+00:00
7355,0.13919,2026-09-27T04:46:45.459+00:00
7356,0.13033,2026-09-27T04:46:50.464+00:00
7357,0.13432,2026-09-27T04:46:50.464+00:00
7358,0.13013,2026-09-27T04:46:50.464+00:00
7359,0.13403,2026-09-27T04:46:55.470+00:00
7360,0.13290,2026-09-27T04:46:55.470+00:00
7361,0.13090,2026-09-27T04:46:55.470+00:00
7362,0.13543,2026-09-27T04:46:55.470+00:00
7363,0.13614,2026-09-27T04:47:00.475+00:00
7364,0.13904,2026-09-27T04:47:00.475+00:00
7365,0.13584,2026-09-27T04:47:00.475+00:00
7366,0.13018,2026-09-27T04:47:05.480+00:00
7367,0.14201,2026-09-27T04:47:05.480+00:00
7368,0.13356,2026-09-27T04:47:05.480+00:00
7369,0.13203,2026-09-27T04:47:10.486+00:00
7370,0.13731,2026-09-27T04:47:10.486+00:00
7371,0.13295,2026-09-27T04:47:10.486+00:00
7372,0.13062,2026-09-27T04:47:15.495+00:00
7373,0.12746,2026-09-27T04:47:15.495+00:00
7374,0.13918,2026-09-27T04:47:15.495+00:00
7375,0.13814,2026-09-27T04:47:20.500+00:00
7376,0.13525,2026-09-27T04:47:20.500+00:00
7377,0.14156,2026-09-27T04:47:20.500+00:00
7378,0.13687,2026-09-27T04:47:20.500+00:00
7379,0.12662,2026-09-27T04:47:25.505+00:00
7380,0.13205,2026-09-27T04:47:25.505+00:00
7381,0.13551,2026-09-27T04:47:25.506+00:00
7382,0.13344,2026-09-27T04:47:30.510+00:00
7383,0.13233,2026-09-27T04:47:30.511+00:00
7384,0.12879,2026-09-27T04:47:30.511+00:00
7385,0.13794,2026-09-27T04:47:35.516+00:00
7386,0.13642,2026-09-27T04:47:35.516+00:00
7387,0.13156,2026-09-27T04:47:35.516+00:00
7388,0.13091,2026-09-27T04:47:40.521+00:00
7389,0.12267,2026-09-27T04:47:40.521+00:00
7390,0.13007,2026-09-27T04:47:40.521+00:00
7391,0.13340,2026-09-27T04:47:40.521+00:00
7392,0.13354,2026-09-27T04:47:45.528+00:00
7393,0.13214,2026-09-27T04:47:45.528+00:00
7394,0.14265,2026-09-27T04:47:45.528+00:00
7395,0.12654,2026-09-27T04:47:50.533+00:00
7396,0.13314,2026-09-27T04:47:50.533+00:00
7397,0.12872,2026-09-27T04:47:50.533+00:00
7398,0.13505,2026-09-27T04:47:55.539+00:00
7399,0.13042,2026-09-27T04:47:55.539+00:00
7400,0.13411,2026-09-27T04:47:55.539+00:00
7401,0.13336,2026-09-27T04:48:00.544+00:00
7402,0.13473,2026-09-27T04:48:00.544+00:00
7403,0.13739,2026-09-27T04:48:00.544+00:00
7404,0.13701,2026-09-27T04:48:05.549+00:00
7405,0.13383,2026-09-27T04:48:05.549+00:00
7406,0.13368,2026-09-27T04:48:05.549+00:00
7407,0.13682,2026-09-27T04:48:10.556+00:00
7408,0.13987,2026-09-27T04:48:10.556+00:00
7409,0.13202,2026-09-27T04:48:10.556+00:00
7410,0.13657,2026-09-27T04:48:10.556+00:00
7411,0.13193,2026-09-27T04:48:15.563+00:00
7412,0.13525,2026-09-27T04:48:15.563+00:00
7413,0.12710,2026-09-27T04:48:15.563+00:00
7414,0.13831,2026-09-27T04:48:20.568+00:00
7415,0.12389,2026-09-27T04:48:20.569+00:00
7416,0.14088,2026-09-27T04:48:20.569+00:00
7417,0.13740,2026-09-27T04:48:25.574+00:00
7418,0.12337,2026-09-27T04:48:25.574+00:00
7419,0.13431,2026-09-27T04:48:25.574+00:00
7420,0.13294,2026-09-27T04:48:30.579+00:00
7421,0.13417,2026-09-27T04:48:30.579+00:00
7422,0.13493,2026-09-27T04:48:30.579+00:00
7423,0.13573,2026-09-27T04:48:35.584+00:00
7424,0.13365,2026-09-27T04:48:35.584+00:00
7425,0.13629,2026-09-27T04:48:35.584+00:00
7426,0.13828,2026-09-27T04:48:35.584+00:00
7427,0.13413,2026-09-27T04:48:40.590+00:00
7428,0.13781,2026-09-27T04:48:40.590+00:00
7429,0.13546,2026-09-27T04:48:40.590+00:00
7430,0.10609,2026-09-27T04:48:45.598+00:00
7431,0.12227,2026-09-27T04:48:45.598+00:00
7432,0.14205,2026-09-27T04:48:45.598+00:00
7433,0.13667,2026-09-27T04:48:50.603+00:00
7434,0.12521,2026-09-27T04:48:50.603+00:00
7435,0.13791,2026-09-27T04:48:50.603+00:00
7436,0.14572,2026-09-27T04:48:55.608+00:00
7437,0.13774,2026-09-27T04:48:55.609+00:00
7438,0.15012,2026-09-27T04:48:55.609+00:00
7439,0.13399,2026-09-27T04:48:55.609+00:00
7440,0.13678,2026-09-27T04:49:00.614+00:00
7441,0.13306,2026-09-27T04:49:00.614+00:00
7442,0.12791,2026-09-27T04:49:00.614+00:00
7443,0.13978,2026-09-27T04:49:05.619+00:00
7444,0.13767,2026-09-27T04:49:05.619+00:00
7445,0.13390,2026-09-27T04:49:05.619+00:00
7446,0.13971,2026-09-27T04:49:10.625+00:00
7447,0.13291,2026-09-27T04:49:10.625+00:00
7448,0.12627,2026-09-27T04:49:10.625+00:00
7449,0.12327,2026-09-27T04:49:15.633+00:00
7450,0.14263,2026-09-27T04:49:15.633+00:00
7451,0.12764,2026-09-27T04:49:15.633+00:00
7452,0.13468,2026-09-27T04:49:15.633+00:00
7453,0.13149,2026-09-27T04:49:20.638+00:00
7454,0.13282,2026-09-27T04:49:20.638+00:00
7455,0.13764,2026-09-27T04:49:20.639+00:00
7456,0.13430,2026-09-27T04:49:25.644+00:00
7457,0.13419,2026-09-27T04:49:25.644+00:00
7458,0.13871,2026-09-27T04:49:25.644+00:00
7459,0.13754,2026-09-27T04:49:30.649+00:00
7460,0.12951,2026-09-27T04:49:30.649+00:00
7461,0.13490,2026-09-27T04:49:30.649+00:00
7462,0.13968,2026-09-27T04:49:35.654+00:00
7463,0.13019,2026-09-27T04:49:35.654+00:00
7464,0.13579,2026-09-27T04:49:35.654+00:00
7465,0.13326,2026-09-27T04:49:40.659+00:00
7466,0.12759,2026-09-27T04:49:40.659+00:00
7467,0.13304,2026-09-27T04:49:40.659+00:00
7468,0.13748,2026-09-27T04:49:40.660+00:00
7469,0.13936,2026-09-27T04:49:45.667+00:00
7470,0.13587,2026-09-27T04:49:45.668+00:00
7471,0.12952,2026-09-27T04:49:45.668+00:00
7472,0.13362,2026-09-27T04:49:50.673+00:00
7473,0.13102,2026-09-27T04:49:50.673+00:00
7474,0.13423,2026-09-27T04:49:50.673+00:00
7475,0.12929,2026-09-27T04:49:55.677+00:00
7476,0.13678,2026-09-27T04:49:55.677+00:00
7477,0.13546,2026-09-27T04:49:55.677+00:00
7478,0.14502,2026-09-27T04:50:00.682+00:00
7479,0.12593,2026-09-27T04:50:00.682+00:00
7480,0.12689,2026-09-27T04:50:00.682+00:00
7481,0.13540,2026-09-27T04:50:05.687+00:00
7482,0.12753,2026-09-27T04:50:05.687+00:00
7483,0.13465,2026-09-27T04:50:05.687+00:00
7484,0.13508,2026-09-27T04:50:05.687+00:00
7485,0.14480,2026-09-27T04:50:10.693+00:00
7486,0.13051,2026-09-27T04:50:10.693+00:00
7487,0.13369,2026-09-27T04:50:10.693+00:00
7488,0.13341,2026-09-27T04:50:15.701+00:00
7489,0.13938,2026-09-27T04:50:15.701+00:00
7490,0.12894,2026-09-27T04:50:15.701+00:00
7491,0.13039,2026-09-27T04:50:20.707+00:00
7492,0.14206,2026-09-27T04:50:20.707+00:00
7493,0.13157,2026-09-27T04:50:20.707+00:00
7494,0.13492,2026-09-27T04:50:25.713+00:00
7495,0.13334,2026-09-27T04:50:25.713+00:00
7496,0.13571,2026-09-27T04:50:25.713+00:00
7497,0.13200,2026-09-27T04:50:30.719+00:00
7498,0.12998,2026-09-27T04:50:30.719+00:00
7499,0.13402,2026-09-27T04:50:30.719+00:00
7500,0.14532,2026-09-27T04:50:30.719+00:00
7501,0.13301,2026-09-27T04:50:35.724+00:00
7502,0.13128,2026-09-27T04:50:35.724+00:00
7503,0.13786,2026-09-27T04:50:35.724+00:00
7504,0.13144,2026-09-27T04:50:40.729+00:00
7505,0.12911,2026-09-27T04:50:40.729+00:00
7506,0.13332,2026-09-27T04:50:40.729+00:00
7507,0.12573,2026-09-27T04:50:45.737+00:00
7508,0.13346,2026-09-27T04:50:45.737+00:00
7509,0.13086,2026-09-27T04:50:45.738+00:00
7510,0.12842,2026-09-27T04:50:50.744+00:00
7511,0.13141,2026-09-27T04:50:50.744+00:00
7512,0.13109,2026-09-27T04:50:50.744+00:00
7513,0.13772,2026-09-27T04:50:55.749+00:00
7514,0.12897,2026-09-27T04:50:55.750+00:00
7515,0.13845,2026-09-27T04:50:55.750+00:00
7516,0.12943,2026-09-27T04:50:55.750+00:00
7517,0.13248,2026-09-27T04:51:00.755+00:00
7518,0.13899,2026-09-27T04:51:00.756+00:00
7519,0.13847,2026-09-27T04:51:00.756+00:00
7520,0.14086,2026-09-27T04:51:05.761+00:00
7521,0.13001,2026-09-27T04:51:05.761+00:00
7522,0.13887,2026-09-27T04:51:05.761+00:00
7523,0.13366,2026-09-27T04:51:10.768+00:00
7524,0.13291,2026-09-27T04:51:10.768+00:00
7525,0.12972,2026-09-27T04:51:10.768+00:00
7526,0.13860,2026-09-27T04:51:15.777+00:00
7527,0.13117,2026-09-27T04:51:15.777+00:00
7528,0.13668,2026-09-27T04:51:15.777+00:00
7529,0.12908,2026-09-27T04:51:20.784+00:00
7530,0.13796,2026-09-27T04:51:20.784+00:00
7531,0.13301,2026-09-27T04:51:20.784+00:00
7532,0.13513,2026-09-27T04:51:20.784+00:00
7533,0.13974,2026-09-27T04:51:25.790+00:00
7534,0.13410,2026-09-27T04:51:25.790+00:00
7535,0.13244,2026-09-27T04:51:25.790+00:00
7536,0.13701,2026-09-27T04:51:30.796+00:00
7537,0.13109,2026-09-27T04:51:30.796+00:00
7538,0.13421,2026-09-27T04:51:30.796+00:00
7539,0.13736,2026-09-27T04:51:35.802+00:00
7540,0.14112,2026-09-27T04:51:35.802+00:00
7541,0.13566,2026-09-27T04:51:35.802+00:00
7542,0.13909,2026-09-27T04:51:40.807+00:00
7543,0.13572,2026-09-27T04:51:40.807+00:00
7544,0.13605,2026-09-27T04:51:40.807+00:00
7545,0.13560,2026-09-27T04:51:45.815+00:00
7546,0.14021,2026-09-27T04:51:45.815+00:00
7547,0.13291,2026-09-27T04:51:45.815+00:00
7548,0.13073,2026-09-27T04:51:50.821+00:00
7549,0.13579,2026-09-27T04:51:50.821+00:00
7550,0.13838,2026-09-27T04:51:50.821+00:00
7551,0.13039,2026-09-27T04:51:55.827+00:00
7552,0.13771,2026-09-27T04:51:55.827+00:00
7553,0.14285,2026-09-27T04:51:55.827+00:00
7554,0.13463,2026-09-27T04:51:55.828+00:00
7555,0.13268,2026-09-27T04:52:00.833+00:00
7556,0.13228,2026-09-27T04:52:00.833+00:00
7557,0.13582,2026-09-27T04:52:00.834+00:00
7558,0.13489,2026-09-27T04:52:05.839+00:00
7559,0.13278,2026-09-27T04:52:05.839+00:00
7560,0.13890,2026-09-27T04:52:05.839+00:00
7561,0.12830,2026-09-27T04:52:10.846+00:00
7562,0.13645,2026-09-27T04:52:10.846+00:00
7563,0.12798,2026-09-27T04:52:10.846+00:00
7564,0.13114,2026-09-27T04:52:15.854+00:00
7565,0.13571,2026-09-27T04:52:15.854+00:00
7566,0.13702,2026-09-27T04:52:15.854+00:00
7567,0.13251,2026-09-27T04:52:15.854+00:00
7568,0.13708,2026-09-27T04:52:20.860+00:00
7569,0.13704,2026-09-27T04:52:20.860+00:00
7570,0.13556,2026-09-27T04:52:20.860+00:00
7571,0.13385,2026-09-27T04:52:25.866+00:00
7572,0.12942,2026-09-27T04:52:25.866+00:00
7573,0.13971,2026-09-27T04:52:25.866+00:00
7574,0.12969,2026-09-27T04:52:30.872+00:00
7575,0.13548,2026-09-27T04:52:30.872+00:00
7576,0.13569,2026-09-27T04:52:30.873+00:00
7577,0.13303,2026-09-27T04:52:35.878+00:00
7578,0.14133,2026-09-27T04:52:35.878+00:00
7579,0.12950,2026-09-27T04:52:35.879+00:00
7580,0.13383,2026-09-27T04:52:35.879+00:00
7581,0.13375,2026-09-27T04:52:40.885+00:00
7582,0.13050,2026-09-27T04:52:40.885+00:00
7583,0.13837,2026-09-27T04:52:40.885+00:00
7584,0.13973,2026-09-27T04:52:45.893+00:00
7585,0.13602,2026-09-27T04:52:45.893+00:00
7586,0.13202,2026-09-27T04:52:45.893+00:00
7587,0.13487,2026-09-27T04:52:50.898+00:00
7588,0.12479,2026-09-27T04:52:50.899+00:00
7589,0.13982,2026-09-27T04:52:50.899+00:00
7590,0.12934,2026-09-27T04:52:55.905+00:00
7591,0.13296,2026-09-27T04:52:55.905+00:00
7592,0.14219,2026-09-27T04:52:55.905+00:00
7593,0.13119,2026-09-27T04:53:00.911+00:00
7594,0.13298,2026-09-27T04:53:00.911+00:00
7595,0.13298,2026-09-27T04:53:00.911+00:00
7596,0.13833,2026-09-27T04:53:05.917+00:00
7597,0.13033,2026-09-27T04:53:05.918+00:00
7598,0.13331,2026-09-27T04:53:05.918+00:00
7599,0.13103,2026-09-27T04:53:05.918+00:00
7600,0.13568,2026-09-27T04:53:10.924+00:00
7601,0.12799,2026-09-27T04:53:10.925+00:00
7602,0.13851,2026-09-27T04:53:10.925+00:00
7603,0.12987,2026-09-27T04:53:15.933+00:00
7604,0.14416,2026-09-27T04:53:15.933+00:00
7605,0.13031,2026-09-27T04:53:15.933+00:00
7606,0.13724,2026-09-27T04:53:20.939+00:00
7607,0.13584,2026-09-27T04:53:20.939+00:00
7608,0.13930,2026-09-27T04:53:20.939+00:00
7609,0.13281,2026-09-27T04:53:25.945+00:00
7610,0.13402,2026-09-27T04:53:25.945+00:00
7611,0.13090,2026-09-27T04:53:25.945+00:00
7612,0.13235,2026-09-27T04:53:30.952+00:00
7613,0.12520,2026-09-27T04:53:30.952+00:00
7614,0.13697,2026-09-27T04:53:30.952+00:00
7615,0.13661,2026-09-27T04:53:35.958+00:00
7616,0.14211,2026-09-27T04:53:35.958+00:00
7617,0.13765,2026-09-27T04:53:35.958+00:00
7618,0.13902,2026-09-27T04:53:40.964+00:00
7619,0.13981,2026-09-27T04:53:40.964+00:00
7620,0.13571,2026-09-27T04:53:40.964+00:00
7621,0.13521,2026-09-27T04:53:40.964+00:00
7622,0.14315,2026-09-27T04:53:45.974+00:00
7623,0.13571,2026-09-27T04:53:45.974+00:00
7624,0.13627,2026-09-27T04:53:45.974+00:00
7625,0.13723,2026-09-27T04:53:50.980+00:00
7626,0.14636,2026-09-27T04:53:50.980+00:00
7627,0.13246,2026-09-27T04:53:50.980+00:00
7628,0.13103,2026-09-27T04:53:55.986+00:00
7629,0.13401,2026-09-27T04:53:55.987+00:00
7630,0.13513,2026-09-27T04:53:55.987+00:00
7631,0.13834,2026-09-27T04:54:00.993+00:00
7632,0.13499,2026-09-27T04:54:00.993+00:00
7633,0.13798,2026-09-27T04:54:00.993+00:00
7634,0.14290,2026-09-27T04:54:05.999+00:00
7635,0.13162,2026-09-27T04:54:05.999+00:00
7636,0.13125,2026-09-27T04:54:05.999+00:00
7637,0.12768,2026-09-27T04:54:05.999+00:00
7638,0.13416,2026-09-27T04:54:11.005+00:00
7639,0.14747,2026-09-27T04:54:11.005+00:00
7640,0.14057,2026-09-27T04:54:11.006+00:00
7641,0.12553,2026-09-27T04:54:16.013+00:00
7642,0.12920,2026-09-27T04:54:16.013+00:00
7643,0.13181,2026-09-27T04:54:16.013+00:00
7644,0.13703,2026-09-27T04:54:21.018+00:00
7645,0.13900,2026-09-27T04:54:21.019+00:00
7646,0.14239,2026-09-27T04:54:21.019+00:00
7647,0.11937,2026-09-27T04:54:26.024+00:00
7648,0.13249,2026-09-27T04:54:26.024+00:00
7649,0.13520,2026-09-27T04:54:26.025+00:00
7650,0.13652,2026-09-27T04:54:26.025+00:00
7651,0.12599,2026-09-27T04:54:31.030+00:00
7652,0.13435,2026-09-27T04:54:31.030+00:00
7653,0.13658,2026-09-27T04:54:31.030+00:00
7654,0.12953,2026-09-27T04:54:36.035+00:00
7655,0.13140,2026-09-27T04:54:36.036+00:00
7656,0.13212,2026-09-27T04:54:36.036+00:00
7657,0.13385,2026-09-27T04:54:41.041+00:00
7658,0.13023,2026-09-27T04:54:41.041+00:00
7659,0.13058,2026-09-27T04:54:41.041+00:00
7660,0.12827,2026-09-27T04:54:46.049+00:00
7661,0.13194,2026-09-27T04:54:46.049+00:00
7662,0.13761,2026-09-27T04:54:46.049+00:00
7663,0.13057,2026-09-27T04:54:46.049+00:00
7664,0.13519,2026-09-27T04:54:51.054+00:00
7665,0.12700,2026-09-27T04:54:51.054+00:00
7666,0.13730,2026-09-27T04:54:51.054+00:00
7667,0.14011,2026-09-27T04:54:56.060+00:00
7668,0.13219,2026-09-27T04:54:56.060+00:00
7669,0.13273,2026-09-27T04:54:56.060+00:00
7670,0.13662,2026-09-27T04:55:01.065+00:00
7671,0.13352,2026-09-27T04:55:01.065+00:00
7672,0.13394,2026-09-27T04:55:01.065+00:00
7673,0.13646,2026-09-27T04:55:06.071+00:00
7674,0.14334,2026-09-27T04:55:06.071+00:00
7675,0.13779,2026-09-27T04:55:06.071+00:00
7676,0.14124,2026-09-27T04:55:06.071+00:00
7677,0.13303,2026-09-27T04:55:11.077+00:00
7678,0.12972,2026-09-27T04:55:11.077+00:00
7679,0.13672,2026-09-27T04:55:11.077+00:00
7680,0.13337,2026-09-27T04:55:16.086+00:00
7681,0.13482,2026-09-27T04:55:16.086+00:00
7682,0.12846,2026-09-27T04:55:16.086+00:00
7683,0.12525,2026-09-27T04:55:21.092+00:00
7684,0.13403,2026-09-27T04:55:21.092+00:00
7685,0.13950,2026-09-27T04:55:21.092+00:00
7686,0.13084,2026-09-27T04:55:26.098+00:00
7687,0.12794,2026-09-27T04:55:26.098+00:00
7688,0.12759,2026-09-27T04:55:26.098+00:00
7689,0.14485,2026-09-27T04:55:31.103+00:00
7690,0.12364,2026-09-27T04:55:31.104+00:00
7691,0.13167,2026-09-27T04:55:31.104+00:00
7692,0.13201,2026-09-27T04:55:31.104+00:00
7693,0.13065,2026-09-27T04:55:36.109+00:00
7694,0.12824,2026-09-27T04:55:36.109+00:00
7695,0.13098,2026-09-27T04:55:36.109+00:00
7696,0.12928,2026-09-27T04:55:41.115+00:00
7697,0.13498,2026-09-27T04:55:41.115+00:00
7698,0.13270,2026-09-27T04:55:41.115+00:00
7699,0.13025,2026-09-27T04:55:46.124+00:00
7700,0.13043,2026-09-27T04:55:46.125+00:00
7701,0.13680,2026-09-27T04:55:46.125+00:00
7702,0.13597,2026-09-27T04:55:46.125+00:00
7703,0.12288,2026-09-27T04:55:51.130+00:00
7704,0.12529,2026-09-27T04:55:51.130+00:00
7705,0.13714,2026-09-27T04:55:51.131+00:00
7706,0.13881,2026-09-27T04:55:56.136+00:00
7707,0.13185,2026-09-27T04:55:56.136+00:00
7708,0.13580,2026-09-27T04:55:56.136+00:00
7709,0.13233,2026-09-27T04:56:01.142+00:00
7710,0.13283,2026-09-27T04:56:01.142+00:00
7711,0.12578,2026-09-27T04:56:01.142+00:00
7712,0.12874,2026-09-27T04:56:01.143+00:00
7713,0.12770,2026-09-27T04:56:06.148+00:00
7714,0.13984,2026-09-27T04:56:06.148+00:00
7715,0.12887,2026-09-27T04:56:06.148+00:00
7716,0.13055,2026-09-27T04:56:11.155+00:00
7717,0.13865,2026-09-27T04:56:11.155+00:00
7718,0.13602,2026-09-27T04:56:11.155+00:00
7719,0.13544,2026-09-27T04:56:16.163+00:00
7720,0.13553,2026-09-27T04:56:16.163+00:00
7721,0.13126,2026-09-27T04:56:16.163+00:00
7722,0.14316,2026-09-27T04:56:21.169+00:00
7723,0.12835,2026-09-27T04:56:21.169+00:00
7724,0.14082,2026-09-27T04:56:21.169+00:00
7725,0.13093,2026-09-27T04:56:26.175+00:00
7726,0.13042,2026-09-27T04:56:26.175+00:00
7727,0.12943,2026-09-27T04:56:26.175+00:00
7728,0.12991,2026-09-27T04:56:26.175+00:00
7729,0.13225,2026-09-27T04:56:31.180+00:00
7730,0.13068,2026-09-27T04:56:31.180+00:00
7731,0.12632,2026-09-27T04:56:31.180+00:00
7732,0.12616,2026-09-27T04:56:36.186+00:00
7733,0.13648,2026-09-27T04:56:36.186+00:00
7734,0.13535,2026-09-27T04:56:36.186+00:00
7735,0.12924,2026-09-27T04:56:41.191+00:00
7736,0.13436,2026-09-27T04:56:41.191+00:00
7737,0.13804,2026-09-27T04:56:41.191+00:00
7738,0.13013,2026-09-27T04:56:41.191+00:00
7739,0.13007,2026-09-27T04:56:46.199+00:00
7740,0.13775,2026-09-27T04:56:46.199+00:00
7741,0.13171,2026-09-27T04:56:46.199+00:00
7742,0.13128,2026-09-27T04:56:51.205+00:00
7743,0.12833,2026-09-27T04:56:51.205+00:00
7744,0.13763,2026-09-27T04:56:51.205+00:00
7745,0.13520,2026-09-27T04:56:56.211+00:00
7746,0.12256,2026-09-27T04:56:56.211+00:00
7747,0.12902,2026-09-27T04:56:56.211+00:00
7748,0.13175,2026-09-27T04:56:56.211+00:00
7749,0.12524,2026-09-27T04:57:01.216+00:00
7750,0.13263,2026-09-27T04:57:01.216+00:00
7751,0.13496,2026-09-27T04:57:01.216+00:00
7752,0.12387,2026-09-27T04:57:06.222+00:00
7753,0.13211,2026-09-27T04:57:06.222+00:00
7754,0.12190,2026-09-27T04:57:06.222+00:00
7755,0.13121,2026-09-27T04:57:11.228+00:00
7756,0.13337,2026-09-27T04:57:11.228+00:00
7757,0.14856,2026-09-27T04:57:11.228+00:00
7758,0.13162,2026-09-27T04:57:11.228+00:00
7759,0.13339,2026-09-27T04:57:16.237+00:00
7760,0.12501,2026-09-27T04:57:16.237+00:00
7761,0.13480,2026-09-27T04:57:16.237+00:00
7762,0.13574,2026-09-27T04:57:21.242+00:00
7763,0.13558,2026-09-27T04:57:21.242+00:00
7764,0.14557,2026-09-27T04:57:21.243+00:00
7765,0.12217,2026-09-27T04:57:26.248+00:00
7766,0.12942,2026-09-27T04:57:26.248+00:00
7767,0.13862,2026-09-27T04:57:26.248+00:00
7768,0.13195,2026-09-27T04:57:31.253+00:00
7769,0.13172,2026-09-27T04:57:31.253+00:00
7770,0.12930,2026-09-27T04:57:31.253+00:00
7771,0.13691,2026-09-27T04:57:31.253+00:00
7772,0.13020,2026-09-27T04:57:36.259+00:00
7773,0.13490,2026-09-27T04:57:36.259+00:00
7774,0.13074,2026-09-27T04:57:36.259+00:00
7775,0.13028,2026-09-27T04:57:41.264+00:00
7776,0.13060,2026-09-27T04:57:41.264+00:00
7777,0.12986,2026-09-27T04:57:41.264+00:00
7778,0.13496,2026-09-27T04:57:46.273+00:00
7779,0.12563,2026-09-27T04:57:46.273+00:00
7780,0.13916,2026-09-27T04:57:46.273+00:00
7781,0.12880,2026-09-27T04:57:51.279+00:00
7782,0.13863,2026-09-27T04:57:51.279+00:00
7783,0.12765,2026-09-27T04:57:51.279+00:00
7784,0.13217,2026-09-27T04:57:51.279+00:00
7785,0.12810,2026-09-27T04:57:56.284+00:00
7786,0.13472,2026-09-27T04:57:56.284+00:00
7787,0.12953,2026-09-27T04:57:56.284+00:00
7788,0.13134,2026-09-27T04:58:01.288+00:00
7789,0.12744,2026-09-27T04:58:01.288+00:00
7790,0.13466,2026-09-27T04:58:01.288+00:00
7791,0.13195,2026-09-27T04:58:06.294+00:00
7792,0.12906,2026-09-27T04:58:06.294+00:00
7793,0.13401,2026-09-27T04:58:06.294+00:00
7794,0.12880,2026-09-27T04:58:06.294+00:00
7795,0.12851,2026-09-27T04:58:11.301+00:00
7796,0.13090,2026-09-27T04:58:11.301+00:00
7797,0.12372,2026-09-27T04:58:11.301+00:00
7798,0.12494,2026-09-27T04:58:16.308+00:00
7799,0.13067,2026-09-27T04:58:16.309+00:00
7800,0.13539,2026-09-27T04:58:16.309+00:00
7801,0.13036,2026-09-27T04:58:16.309+00:00
7802,0.13304,2026-09-27T04:58:21.314+00:00
7803,0.13429,2026-09-27T04:58:21.314+00:00
7804,0.12566,2026-09-27T04:58:21.314+00:00
7805,0.13304,2026-09-27T04:58:26.320+00:00
7806,0.13612,2026-09-27T04:58:26.320+00:00
7807,0.13947,2026-09-27T04:58:26.320+00:00
7808,0.13171,2026-09-27T04:58:31.325+00:00
7809,0.13575,2026-09-27T04:58:31.325+00:00
7810,0.12472,2026-09-27T04:58:31.326+00:00
7811,0.13121,2026-09-27T04:58:36.331+00:00
7812,0.12243,2026-09-27T04:58:36.331+00:00
7813,0.12924,2026-09-27T04:58:36.331+00:00
7814,0.12603,2026-09-27T04:58:36.331+00:00
7815,0.13465,2026-09-27T04:58:41.343+00:00
7816,0.13739,2026-09-27T04:58:41.343+00:00
7817,0.13254,2026-09-27T04:58:41.343+00:00
7818,0.13882,2026-09-27T04:58:46.351+00:00
7819,0.12803,2026-09-27T04:58:46.351+00:00
7820,0.13705,2026-09-27T04:58:46.351+00:00
7821,0.13839,2026-09-27T04:58:51.357+00:00
7822,0.12777,2026-09-27T04:58:51.357+00:00
7823,0.13023,2026-09-27T04:58:51.357+00:00
7824,0.13131,2026-09-27T04:58:51.357+00:00
7825,0.13705,2026-09-27T04:58:56.362+00:00
7826,0.13461,2026-09-27T04:58:56.362+00:00
7827,0.13162,2026-09-27T04:58:56.362+00:00
7828,0.12937,2026-09-27T04:59:01.368+00:00
7829,0.13726,2026-09-27T04:59:01.368+00:00
7830,0.13049,2026-09-27T04:59:01.368+00:00
7831,0.12683,2026-09-27T04:59:06.374+00:00
7832,0.12378,2026-09-27T04:59:06.374+00:00
7833,0.12958,2026-09-27T04:59:06.374+00:00
7834,0.14016,2026-09-27T04:59:11.380+00:00
7835,0.12563,2026-09-27T04:59:11.380+00:00
7836,0.13787,2026-09-27T04:59:11.380+00:00
7837,0.13095,2026-09-27T04:59:11.380+00:00
7838,0.13386,2026-09-27T04:59:16.388+00:00
7839,0.13652,2026-09-27T04:59:16.388+00:00
7840,0.12261,2026-09-27T04:59:16.388+00:00
7841,0.12671,2026-09-27T04:59:21.394+00:00
7842,0.13597,2026-09-27T04:59:21.394+00:00
7843,0.12613,2026-09-27T04:59:21.394+00:00
7844,0.13231,2026-09-27T04:59:26.399+00:00
7845,0.13036,2026-09-27T04:59:26.400+00:00
7846,0.13105,2026-09-27T04:59:26.400+00:00
7847,0.13220,2026-09-27T04:59:26.400+00:00
7848,0.13316,2026-09-27T04:59:31.405+00:00
7849,0.14305,2026-09-27T04:59:31.405+00:00
7850,0.13555,2026-09-27T04:59:31.405+00:00
7851,0.14677,2026-09-27T04:59:36.410+00:00
7852,0.12493,2026-09-27T04:59:36.411+00:00
7853,0.13201,2026-09-27T04:59:36.411+00:00
7854,0.12526,2026-09-27T04:59:41.416+00:00
7855,0.13740,2026-09-27T04:59:41.416+00:00
7856,0.14076,2026-09-27T04:59:41.416+00:00
7857,0.13374,2026-09-27T04:59:46.424+00:00
7858,0.13029,2026-09-27T04:59:46.424+00:00
7859,0.13918,2026-09-27T04:59:46.425+00:00
7860,0.14183,2026-09-27T04:59:51.430+00:00
7861,0.12868,2026-09-27T04:59:51.430+00:00
7862,0.13992,2026-09-27T04:59:51.430+00:00
7863,0.13417,2026-09-27T04:59:51.430+00:00
7864,0.12672,2026-09-27T04:59:56.435+00:00
7865,0.13086,2026-09-27T04:59:56.435+00:00
7866,0.12352,2026-09-27T04:59:56.436+00:00
7867,0.13199,2026-09-27T05:00:01.441+00:00
7868,0.12986,2026-09-27T05:00:01.441+00:00
7869,0.12828,2026-09-27T05:00:01.441+00:00
7870,0.13586,2026-09-27T05:00:06.446+00:00
7871,0.12948,2026-09-27T05:00:06.447+00:00
7872,0.13052,2026-09-27T05:00:06.447+00:00
7873,0.13243,2026-09-27T05:00:11.453+00:00
7874,0.12815,2026-09-27T05:00:11.453+00:00
7875,0.12440,2026-09-27T05:00:11.453+00:00
7876,0.12862,2026-09-27T05:00:11.453+00:00
7877,0.12710,2026-09-27T05:00:16.462+00:00
7878,0.12539,2026-09-27T05:00:16.462+00:00
7879,0.12925,2026-09-27T05:00:16.462+00:00
7880,0.12536,2026-09-27T05:00:21.468+00:00
7881,0.13012,2026-09-27T05:00:21.468+00:00
7882,0.12343,2026-09-27T05:00:21.468+00:00
7883,0.14143,2026-09-27T05:00:26.475+00:00
7884,0.13384,2026-09-27T05:00:26.475+00:00
7885,0.13615,2026-09-27T05:00:26.475+00:00
7886,0.12966,2026-09-27T05:00:26.475+00:00
7887,0.13619,2026-09-27T05:00:31.480+00:00
7888,0.13546,2026-09-27T05:00:31.480+00:00
7889,0.13574,2026-09-27T05:00:31.480+00:00
7890,0.13153,2026-09-27T05:00:36.486+00:00
7891,0.12408,2026-09-27T05:00:36.486+00:00
7892,0.12744,2026-09-27T05:00:36.486+00:00
7893,0.13396,2026-09-27T05:00:41.491+00:00
7894,0.12218,2026-09-27T05:00:41.491+00:00
7895,0.12736,2026-09-27T05:00:41.491+00:00
7896,0.13681,2026-09-27T05:00:41.491+00:00
7897,0.13347,2026-09-27T05:00:46.499+00:00
7898,0.14265,2026-09-27T05:00:46.499+00:00
7899,0.12884,2026-09-27T05:00:46.499+00:00
7900,0.13777,2026-09-27T05:00:51.505+00:00
7901,0.12872,2026-09-27T05:00:51.505+00:00
7902,0.13356,2026-09-27T05:00:51.505+00:00
7903,0.14183,2026-09-27T05:00:56.511+00:00
7904,0.13907,2026-09-27T05:00:56.511+00:00
7905,0.13099,2026-09-27T05:00:56.511+00:00
7906,0.12774,2026-09-27T05:01:01.516+00:00
7907,0.13105,2026-09-27T05:01:01.516+00:00
7908,0.12604,2026-09-27T05:01:01.517+00:00
7909,0.12611,2026-09-27T05:01:01.517+00:00
7910,0.12434,2026-09-27T05:01:06.522+00:00
7911,0.12837,2026-09-27T05:01:06.522+00:00
7912,0.12683,2026-09-27T05:01:06.522+00:00
7913,0.12556,2026-09-27T05:01:11.529+00:00
7914,0.12329,2026-09-27T05:01:11.529+00:00
7915,0.13820,2026-09-27T05:01:11.529+00:00
7916,0.13903,2026-09-27T05:01:16.537+00:00
7917,0.12570,2026-09-27T05:01:16.537+00:00
7918,0.12821,2026-09-27T05:01:16.537+00:00
7919,0.12683,2026-09-27T05:01:16.537+00:00
7920,0.13277,2026-09-27T05:01:21.543+00:00
7921,0.13937,2026-09-27T05:01:21.543+00:00
7922,0.12972,2026-09-27T05:01:21.543+00:00
7923,0.13932,2026-09-27T05:01:26.549+00:00
7924,0.12490,2026-09-27T05:01:26.549+00:00
7925,0.13317,2026-09-27T05:01:26.549+00:00
7926,0.13048,2026-09-27T05:01:31.554+00:00
7927,0.13221,2026-09-27T05:01:31.554+00:00
7928,0.12434,2026-09-27T05:01:31.554+00:00
7929,0.13058,2026-09-27T05:01:36.560+00:00
7930,0.13728,2026-09-27T05:01:36.560+00:00
7931,0.15221,2026-09-27T05:01:36.560+00:00
7932,0.13455,2026-09-27T05:01:36.560+00:00
7933,0.12706,2026-09-27T05:01:41.566+00:00
7934,0.13476,2026-09-27T05:01:41.566+00:00
7935,0.12535,2026-09-27T05:01:41.566+00:00
7936,0.12931,2026-09-27T05:01:46.572+00:00
7937,0.12848,2026-09-27T05:01:46.573+00:00
7938,0.14430,2026-09-27T05:01:46.573+00:00
7939,0.13578,2026-09-27T05:01:51.578+00:00
7940,0.12894,2026-09-27T05:01:51.578+00:00
7941,0.13315,2026-09-27T05:01:51.578+00:00
7942,0.13302,2026-09-27T05:01:51.579+00:00
7943,0.12880,2026-09-27T05:01:56.584+00:00
7944,0.12812,2026-09-27T05:01:56.584+00:00
7945,0.13022,2026-09-27T05:01:56.584+00:00
7946,0.13007,2026-09-27T05:02:01.590+00:00
7947,0.13210,2026-09-27T05:02:01.590+00:00
7948,0.13514,2026-09-27T05:02:01.590+00:00
7949,0.13264,2026-09-27T05:02:06.595+00:00
7950,0.13084,2026-09-27T05:02:06.596+00:00
7951,0.12213,2026-09-27T05:02:06.596+00:00
7952,0.12697,2026-09-27T05:02:06.596+00:00
7953,0.13696,2026-09-27T05:02:11.603+00:00
7954,0.14263,2026-09-27T05:02:11.603+00:00
7955,0.12929,2026-09-27T05:02:11.603+00:00
7956,0.12708,2026-09-27T05:02:16.611+00:00
7957,0.13172,2026-09-27T05:02:16.611+00:00
7958,0.13531,2026-09-27T05:02:16.611+00:00
7959,0.12429,2026-09-27T05:02:21.616+00:00
7960,0.13175,2026-09-27T05:02:21.616+00:00
7961,0.12951,2026-09-27T05:02:21.616+00:00
7962,0.13641,2026-09-27T05:02:26.622+00:00
7963,0.13429,2026-09-27T05:02:26.622+00:00
7964,0.13914,2026-09-27T05:02:26.622+00:00
7965,0.12534,2026-09-27T05:02:26.622+00:00
7966,0.13602,2026-09-27T05:02:31.627+00:00
7967,0.13070,2026-09-27T05:02:31.627+00:00
7968,0.14251,2026-09-27T05:02:31.627+00:00
7969,0.13613,2026-09-27T05:02:36.633+00:00
7970,0.12739,2026-09-27T05:02:36.633+00:00
7971,0.12807,2026-09-27T05:02:36.633+00:00
7972,0.13282,2026-09-27T05:02:41.639+00:00
7973,0.13004,2026-09-27T05:02:41.639+00:00
7974,0.13512,2026-09-27T05:02:41.639+00:00
7975,0.12506,2026-09-27T05:02:41.639+00:00
7976,0.13971,2026-09-27T05:02:46.647+00:00
7977,0.13427,2026-09-27T05:02:46.647+00:00
7978,0.13803,2026-09-27T05:02:46.647+00:00
7979,0.13848,2026-09-27T05:02:51.653+00:00
7980,0.13699,2026-09-27T05:02:51.653+00:00
7981,0.12086,2026-09-27T05:02:51.653+00:00
7982,0.11842,2026-09-27T05:02:56.658+00:00
7983,0.12796,2026-09-27T05:02:56.659+00:00
7984,0.12490,2026-09-27T05:02:56.659+00:00
7985,0.12487,2026-09-27T05:03:01.664+00:00
7986,0.12978,2026-09-27T05:03:01.664+00:00
7987,0.12723,2026-09-27T05:03:01.664+00:00
7988,0.13971,2026-09-27T05:03:01.665+00:00
7989,0.13730,2026-09-27T05:03:06.670+00:00
7990,0.14047,2026-09-27T05:03:06.670+00:00
7991,0.11995,2026-09-27T05:03:06.670+00:00
7992,0.12409,2026-09-27T05:03:11.677+00:00
7993,0.13037,2026-09-27T05:03:11.677+00:00
7994,0.12703,2026-09-27T05:03:11.677+00:00
7995,0.13859,2026-09-27T05:03:16.684+00:00
7996,0.13709,2026-09-27T05:03:16.684+00:00
7997,0.12502,2026-09-27T05:03:16.684+00:00
7998,0.13531,2026-09-27T05:03:16.684+00:00
7999,0.12609,2026-09-27T05:03:21.690+00:00
8000,0.14036,2026-09-27T05:03:21.690+00:00
8001,0.13017,2026-09-27T05:03:21.690+00:00
8002,0.13240,2026-09-27T05:03:26.696+00:00
8003,0.13345,2026-09-27T05:03:26.696+00:00
8004,0.13209,2026-09-27T05:03:26.696+00:00
8005,0.13146,2026-09-27T05:03:31.701+00:00
8006,0.13217,2026-09-27T05:03:31.702+00:00
8007,0.12038,2026-09-27T05:03:31.702+00:00
8008,0.12910,2026-09-27T05:03:36.707+00:00
8009,0.13198,2026-09-27T05:03:36.707+00:00
8010,0.13434,2026-09-27T05:03:36.707+00:00
8011,0.12949,2026-09-27T05:03:41.713+00:00
8012,0.13569,2026-09-27T05:03:41.713+00:00
8013,0.13184,2026-09-27T05:03:41.713+00:00
8014,0.12808,2026-09-27T05:03:41.713+00:00
8015,0.12323,2026-09-27T05:03:46.721+00:00
8016,0.12406,2026-09-27T05:03:46.721+00:00
8017,0.12513,2026-09-27T05:03:46.721+00:00
8018,0.13903,2026-09-27T05:03:51.727+00:00
8019,0.13277,2026-09-27T05:03:51.727+00:00
8020,0.12615,2026-09-27T05:03:51.727+00:00
8021,0.12956,2026-09-27T05:03:56.732+00:00
8022,0.13435,2026-09-27T05:03:56.732+00:00
8023,0.13253,2026-09-27T05:03:56.732+00:00
8024,0.12687,2026-09-27T05:03:56.733+00:00
8025,0.13100,2026-09-27T05:04:01.738+00:00
8026,0.13459,2026-09-27T05:04:01.738+00:00
8027,0.12266,2026-09-27T05:04:01.738+00:00
8028,0.13165,2026-09-27T05:04:06.744+00:00
8029,0.12556,2026-09-27T05:04:06.744+00:00
8030,0.12096,2026-09-27T05:04:06.744+00:00
8031,0.12768,2026-09-27T05:04:11.750+00:00
8032,0.12760,2026-09-27T05:04:11.750+00:00
8033,0.12357,2026-09-27T05:04:11.750+00:00
8034,0.12987,2026-09-27T05:04:11.750+00:00
8035,0.13246,2026-09-27T05:04:16.757+00:00
8036,0.12832,2026-09-27T05:04:16.758+00:00
8037,0.12694,2026-09-27T05:04:16.758+00:00
8038,0.13036,2026-09-27T05:04:21.763+00:00
8039,0.12817,2026-09-27T05:04:21.763+00:00
8040,0.13648,2026-09-27T05:04:21.763+00:00
8041,0.12922,2026-09-27T05:04:26.769+00:00
8042,0.13894,2026-09-27T05:04:26.769+00:00
8043,0.13443,2026-09-27T05:04:26.769+00:00
8044,0.13582,2026-09-27T05:04:31.774+00:00
8045,0.13800,2026-09-27T05:04:31.774+00:00
8046,0.12918,2026-09-27T05:04:31.775+00:00
8047,0.13902,2026-09-27T05:04:31.775+00:00
8048,0.13417,2026-09-27T05:04:36.780+00:00
8049,0.12949,2026-09-27T05:04:36.780+00:00
8050,0.12746,2026-09-27T05:04:36.780+00:00
8051,0.13226,2026-09-27T05:04:41.786+00:00
8052,0.12851,2026-09-27T05:04:41.786+00:00
8053,0.12612,2026-09-27T05:04:41.786+00:00
8054,0.13077,2026-09-27T05:04:46.794+00:00
8055,0.13570,2026-09-27T05:04:46.794+00:00
8056,0.13378,2026-09-27T05:04:46.794+00:00
8057,0.13700,2026-09-27T05:04:46.794+00:00
8058,0.12526,2026-09-27T05:04:51.800+00:00
8059,0.13554,2026-09-27T05:04:51.800+00:00
8060,0.13539,2026-09-27T05:04:51.800+00:00
8061,0.13208,2026-09-27T05:04:56.804+00:00
8062,0.13891,2026-09-27T05:04:56.804+00:00
8063,0.13127,2026-09-27T05:04:56.804+00:00
8064,0.13426,2026-09-27T05:05:01.810+00:00
8065,0.13427,2026-09-27T05:05:01.810+00:00
8066,0.12660,2026-09-27T05:05:01.810+00:00
8067,0.13491,2026-09-27T05:05:06.816+00:00
8068,0.13685,2026-09-27T05:05:06.816+00:00
8069,0.13321,2026-09-27T05:05:06.816+00:00
8070,0.13870,2026-09-27T05:05:06.816+00:00
8071,0.13171,2026-09-27T05:05:11.822+00:00
8072,0.13294,2026-09-27T05:05:11.823+00:00
8073,0.13193,2026-09-27T05:05:11.823+00:00
8074,0.12571,2026-09-27T05:05:16.832+00:00
8075,0.14069,2026-09-27T05:05:16.832+00:00
8076,0.14081,2026-09-27T05:05:16.832+00:00
8077,0.12485,2026-09-27T05:05:21.837+00:00
8078,0.12750,2026-09-27T05:05:21.837+00:00
8079,0.13167,2026-09-27T05:05:21.838+00:00
8080,0.13504,2026-09-27T05:05:26.843+00:00
8081,0.13130,2026-09-27T05:05:26.843+00:00
8082,0.12991,2026-09-27T05:05:26.843+00:00
8083,0.12531,2026-09-27T05:05:26.843+00:00
8084,0.12543,2026-09-27T05:05:31.847+00:00
8085,0.14181,2026-09-27T05:05:31.847+00:00
8086,0.12729,2026-09-27T05:05:31.847+00:00
8087,0.13142,2026-09-27T05:05:36.852+00:00
8088,0.13748,2026-09-27T05:05:36.852+00:00
8089,0.13436,2026-09-27T05:05:36.853+00:00
8090,0.12361,2026-09-27T05:05:41.858+00:00
8091,0.13870,2026-09-27T05:05:41.858+00:00
8092,0.12661,2026-09-27T05:05:41.858+00:00
8093,0.12141,2026-09-27T05:05:46.865+00:00
8094,0.13357,2026-09-27T05:05:46.866+00:00
8095,0.12993,2026-09-27T05:05:46.866+00:00
8096,0.12924,2026-09-27T05:05:46.866+00:00
8097,0.12959,2026-09-27T05:05:51.871+00:00
8098,0.12957,2026-09-27T05:05:51.871+00:00
8099,0.12216,2026-09-27T05:05:51.871+00:00
8100,0.13997,2026-09-27T05:05:56.876+00:00
8101,0.11893,2026-09-27T05:05:56.876+00:00
8102,0.13071,2026-09-27T05:05:56.876+00:00
8103,0.13802,2026-09-27T05:06:01.881+00:00
8104,0.13269,2026-09-27T05:06:01.881+00:00
8105,0.12860,2026-09-27T05:06:01.882+00:00
8106,0.13740,2026-09-27T05:06:01.882+00:00
8107,0.12641,2026-09-27T05:06:06.887+00:00
8108,0.13690,2026-09-27T05:06:06.887+00:00
8109,0.11778,2026-09-27T05:06:06.887+00:00
8110,0.13494,2026-09-27T05:06:11.893+00:00
8111,0.12999,2026-09-27T05:06:11.894+00:00
8112,0.14317,2026-09-27T05:06:11.894+00:00
8113,0.13081,2026-09-27T05:06:16.903+00:00
8114,0.13114,2026-09-27T05:06:16.903+00:00
8115,0.13340,2026-09-27T05:06:16.903+00:00
8116,0.13255,2026-09-27T05:06:21.908+00:00
8117,0.12996,2026-09-27T05:06:21.908+00:00
8118,0.13958,2026-09-27T05:06:21.908+00:00
8119,0.13356,2026-09-27T05:06:21.909+00:00
8120,0.12738,2026-09-27T05:06:26.914+00:00
8121,0.12060,2026-09-27T05:06:26.914+00:00
8122,0.14258,2026-09-27T05:06:26.914+00:00
8123,0.13385,2026-09-27T05:06:31.920+00:00
8124,0.13232,2026-09-27T05:06:31.920+00:00
8125,0.12155,2026-09-27T05:06:31.920+00:00
8126,0.13287,2026-09-27T05:06:36.925+00:00
8127,0.13355,2026-09-27T05:06:36.925+00:00
8128,0.12272,2026-09-27T05:06:36.925+00:00
8129,0.13419,2026-09-27T05:06:41.931+00:00
8130,0.13390,2026-09-27T05:06:41.931+00:00
8131,0.12356,2026-09-27T05:06:41.931+00:00
8132,0.12561,2026-09-27T05:06:41.931+00:00
8133,0.13712,2026-09-27T05:06:46.941+00:00
8134,0.13853,2026-09-27T05:06:46.941+00:00
8135,0.13061,2026-09-27T05:06:46.941+00:00
8136,0.13180,2026-09-27T05:06:51.946+00:00
8137,0.13282,2026-09-27T05:06:51.947+00:00
8138,0.12381,2026-09-27T05:06:51.947+00:00
8139,0.13008,2026-09-27T05:06:56.952+00:00
8140,0.11892,2026-09-27T05:06:56.952+00:00
8141,0.12854,2026-09-27T05:06:56.952+00:00
8142,0.12448,2026-09-27T05:07:01.958+00:00
8143,0.13987,2026-09-27T05:07:01.959+00:00
8144,0.12487,2026-09-27T05:07:01.959+00:00
8145,0.13126,2026-09-27T05:07:01.959+00:00
8146,0.12882,2026-09-27T05:07:06.964+00:00
8147,0.13710,2026-09-27T05:07:06.964+00:00
8148,0.13387,2026-09-27T05:07:06.964+00:00
8149,0.13424,2026-09-27T05:07:11.971+00:00
8150,0.14211,2026-09-27T05:07:11.971+00:00
8151,0.14754,2026-09-27T05:07:11.971+00:00
8152,0.14271,2026-09-27T05:07:16.979+00:00
8153,0.13507,2026-09-27T05:07:16.979+00:00
8154,0.13675,2026-09-27T05:07:16.979+00:00
8155,0.12826,2026-09-27T05:07:21.985+00:00
8156,0.11994,2026-09-27T05:07:21.985+00:00
8157,0.12449,2026-09-27T05:07:21.985+00:00
8158,0.13126,2026-09-27T05:07:26.990+00:00
8159,0.12149,2026-09-27T05:07:26.990+00:00
8160,0.12263,2026-09-27T05:07:26.990+00:00
8161,0.12952,2026-09-27T05:07:26.990+00:00
8162,0.13176,2026-09-27T05:07:31.996+00:00
8163,0.12843,2026-09-27T05:07:31.996+00:00
8164,0.13108,2026-09-27T05:07:31.996+00:00
8165,0.12863,2026-09-27T05:07:37.002+00:00
8166,0.12903,2026-09-27T05:07:37.002+00:00
8167,0.13542,2026-09-27T05:07:37.002+00:00
8168,0.13483,2026-09-27T05:07:42.007+00:00
8169,0.13201,2026-09-27T05:07:42.007+00:00
8170,0.13085,2026-09-27T05:07:42.008+00:00
8171,0.12666,2026-09-27T05:07:42.008+00:00
8172,0.12902,2026-09-27T05:07:47.015+00:00
8173,0.13672,2026-09-27T05:07:47.016+00:00
8174,0.14127,2026-09-27T05:07:47.016+00:00
8175,0.13935,2026-09-27T05:07:52.021+00:00
8176,0.12996,2026-09-27T05:07:52.021+00:00
8177,0.13171,2026-09-27T05:07:52.021+00:00
8178,0.13219,2026-09-27T05:07:57.027+00:00
8179,0.13520,2026-09-27T05:07:57.027+00:00
8180,0.13467,2026-09-27T05:07:57.027+00:00
8181,0.12954,2026-09-27T05:08:02.033+00:00
8182,0.12123,2026-09-27T05:08:02.033+00:00
8183,0.14239,2026-09-27T05:08:02.033+00:00
8184,0.13378,2026-09-27T05:08:07.038+00:00
8185,0.12640,2026-09-27T05:08:07.038+00:00
8186,0.12737,2026-09-27T05:08:07.038+00:00
8187,0.12108,2026-09-27T05:08:07.038+00:00
8188,0.12841,2026-09-27T05:08:12.045+00:00
8189,0.13716,2026-09-27T05:08:12.045+00:00
8190,0.14079,2026-09-27T05:08:12.045+00:00
8191,0.13863,2026-09-27T05:08:17.053+00:00
8192,0.13295,2026-09-27T05:08:17.053+00:00
8193,0.11688,2026-09-27T05:08:17.053+00:00
8194,0.14100,2026-09-27T05:08:22.059+00:00
8195,0.12155,2026-09-27T05:08:22.059+00:00
8196,0.13125,2026-09-27T05:08:22.060+00:00
8197,0.12482,2026-09-27T05:08:22.060+00:00
8198,0.14214,2026-09-27T05:08:27.065+00:00
8199,0.13370,2026-09-27T05:08:27.065+00:00
8200,0.13282,2026-09-27T05:08:27.066+00:00
8201,0.13080,2026-09-27T05:08:32.071+00:00
8202,0.12052,2026-09-27T05:08:32.072+00:00
8203,0.13426,2026-09-27T05:08:32.072+00:00
8204,0.13020,2026-09-27T05:08:37.077+00:00
8205,0.12099,2026-09-27T05:08:37.077+00:00
8206,0.12943,2026-09-27T05:08:37.078+00:00
8207,0.12392,2026-09-27T05:08:42.083+00:00
8208,0.12998,2026-09-27T05:08:42.083+00:00
8209,0.12521,2026-09-27T05:08:42.083+00:00
8210,0.13483,2026-09-27T05:08:42.083+00:00
8211,0.12972,2026-09-27T05:08:47.091+00:00
8212,0.12894,2026-09-27T05:08:47.091+00:00
8213,0.13131,2026-09-27T05:08:47.091+00:00
8214,0.12628,2026-09-27T05:08:52.096+00:00
8215,0.12909,2026-09-27T05:08:52.097+00:00
8216,0.12493,2026-09-27T05:08:52.097+00:00
8217,0.12627,2026-09-27T05:08:57.102+00:00
8218,0.12937,2026-09-27T05:08:57.102+00:00
8219,0.13891,2026-09-27T05:08:57.102+00:00
8220,0.12407,2026-09-27T05:08:57.102+00:00
8221,0.12711,2026-09-27T05:09:02.108+00:00
8222,0.14545,2026-09-27T05:09:02.108+00:00
8223,0.13157,2026-09-27T05:09:02.108+00:00
8224,0.12094,2026-09-27T05:09:07.113+00:00
8225,0.13424,2026-09-27T05:09:07.113+00:00
8226,0.12606,2026-09-27T05:09:07.113+00:00
8227,0.13905,2026-09-27T05:09:12.119+00:00
8228,0.12711,2026-09-27T05:09:12.120+00:00
8229,0.13116,2026-09-27T05:09:12.120+00:00
8230,0.13045,2026-09-27T05:09:17.126+00:00
8231,0.13647,2026-09-27T05:09:17.126+00:00
8232,0.13121,2026-09-27T05:09:17.126+00:00
8233,0.13252,2026-09-27T05:09:17.126+00:00
8234,0.13383,2026-09-27T05:09:22.132+00:00
8235,0.14422,2026-09-27T05:09:22.132+00:00
8236,0.12926,2026-09-27T05:09:22.132+00:00
8237,0.13491,2026-09-27T05:09:27.138+00:00
8238,0.13155,2026-09-27T05:09:27.138+00:00
8239,0.12577,2026-09-27T05:09:27.138+00:00
8240,0.15153,2026-09-27T05:09:32.144+00:00
8241,0.12341,2026-09-27T05:09:32.144+00:00
8242,0.12567,2026-09-27T05:09:32.144+00:00
8243,0.12445,2026-09-27T05:09:32.144+00:00
8244,0.13299,2026-09-27T05:09:37.149+00:00
8245,0.12006,2026-09-27T05:09:37.149+00:00
8246,0.14810,2026-09-27T05:09:37.150+00:00
8247,0.13499,2026-09-27T05:09:42.155+00:00
8248,0.12359,2026-09-27T05:09:42.155+00:00
8249,0.13048,2026-09-27T05:09:42.155+00:00
8250,0.13482,2026-09-27T05:09:47.164+00:00
8251,0.12609,2026-09-27T05:09:47.164+00:00
8252,0.12680,2026-09-27T05:09:47.164+00:00
8253,0.13415,2026-09-27T05:09:52.170+00:00
8254,0.14678,2026-09-27T05:09:52.170+00:00
8255,0.11991,2026-09-27T05:09:52.170+00:00
8256,0.13168,2026-09-27T05:09:52.170+00:00
8257,0.13687,2026-09-27T05:09:57.176+00:00
8258,0.12757,2026-09-27T05:09:57.176+00:00
8259,0.13717,2026-09-27T05:09:57.176+00:00
8260,0.13596,2026-09-27T05:10:02.182+00:00
8261,0.13380,2026-09-27T05:10:02.182+00:00
8262,0.12613,2026-09-27T05:10:02.182+00:00
8263,0.14108,2026-09-27T05:10:07.187+00:00
8264,0.12840,2026-09-27T05:10:07.188+00:00
8265,0.12134,2026-09-27T05:10:07.188+00:00
8266,0.11946,2026-09-27T05:10:12.194+00:00
8267,0.13333,2026-09-27T05:10:12.194+00:00
8268,0.13111,2026-09-27T05:10:12.194+00:00
8269,0.12608,2026-09-27T05:10:12.194+00:00
8270,0.13496,2026-09-27T05:10:17.203+00:00
8271,0.14456,2026-09-27T05:10:17.203+00:00
8272,0.14674,2026-09-27T05:10:17.203+00:00
8273,0.13189,2026-09-27T05:10:22.209+00:00
8274,0.13346,2026-09-27T05:10:22.209+00:00
8275,0.13207,2026-09-27T05:10:22.209+00:00
8276,0.12941,2026-09-27T05:10:27.214+00:00
8277,0.13387,2026-09-27T05:10:27.214+00:00
8278,0.12396,2026-09-27T05:10:27.214+00:00
8279,0.12545,2026-09-27T05:10:32.220+00:00
8280,0.13359,2026-09-27T05:10:32.220+00:00
8281,0.13273,2026-09-27T05:10:32.220+00:00
8282,0.12862,2026-09-27T05:10:37.226+00:00
8283,0.13573,2026-09-27T05:10:37.226+00:00
8284,0.13228,2026-09-27T05:10:37.226+00:00
8285,0.13096,2026-09-27T05:10:37.226+00:00
8286,0.14774,2026-09-27T05:10:42.231+00:00
8287,0.12826,2026-09-27T05:10:42.232+00:00
8288,0.14422,2026-09-27T05:10:42.232+00:00
8289,0.13040,2026-09-27T05:10:47.240+00:00
8290,0.13493,2026-09-27T05:10:47.240+00:00
8291,0.13106,2026-09-27T05:10:47.240+00:00
8292,0.12908,2026-09-27T05:10:52.247+00:00
8293,0.12141,2026-09-27T05:10:52.247+00:00
8294,0.12246,2026-09-27T05:10:52.247+00:00
8295,0.13959,2026-09-27T05:10:52.247+00:00
8296,0.12759,2026-09-27T05:10:57.253+00:00
8297,0.13340,2026-09-27T05:10:57.253+00:00
8298,0.12955,2026-09-27T05:10:57.253+00:00
8299,0.12684,2026-09-27T05:11:02.259+00:00
8300,0.14056,2026-09-27T05:11:02.259+00:00
8301,0.13072,2026-09-27T05:11:02.259+00:00
8302,0.12997,2026-09-27T05:11:07.265+00:00
8303,0.13099,2026-09-27T05:11:07.265+00:00
8304,0.13169,2026-09-27T05:11:07.265+00:00
8305,0.12939,2026-09-27T05:11:12.272+00:00
8306,0.12764,2026-09-27T05:11:12.272+00:00
8307,0.13178,2026-09-27T05:11:12.272+00:00
8308,0.13071,2026-09-27T05:11:12.272+00:00
8309,0.12883,2026-09-27T05:11:17.281+00:00
8310,0.13435,2026-09-27T05:11:17.281+00:00
8311,0.13504,2026-09-27T05:11:17.281+00:00
8312,0.12366,2026-09-27T05:11:22.287+00:00
8313,0.12408,2026-09-27T05:11:22.287+00:00
8314,0.13802,2026-09-27T05:11:22.287+00:00
8315,0.13158,2026-09-27T05:11:27.293+00:00
8316,0.12433,2026-09-27T05:11:27.293+00:00
8317,0.12172,2026-09-27T05:11:27.293+00:00
8318,0.13283,2026-09-27T05:11:27.293+00:00
8319,0.13171,2026-09-27T05:11:32.299+00:00
8320,0.13624,2026-09-27T05:11:32.299+00:00
8321,0.13071,2026-09-27T05:11:32.299+00:00
8322,0.13028,2026-09-27T05:11:37.305+00:00
8323,0.13862,2026-09-27T05:11:37.305+00:00
8324,0.13129,2026-09-27T05:11:37.305+00:00
8325,0.12776,2026-09-27T05:11:42.311+00:00
8326,0.12965,2026-09-27T05:11:42.311+00:00
8327,0.12904,2026-09-27T05:11:42.311+00:00
8328,0.13168,2026-09-27T05:11:42.311+00:00
8329,0.13037,2026-09-27T05:11:47.319+00:00
8330,0.13637,2026-09-27T05:11:47.319+00:00
8331,0.12512,2026-09-27T05:11:47.319+00:00
8332,0.12942,2026-09-27T05:11:52.325+00:00
8333,0.11673,2026-09-27T05:11:52.325+00:00
8334,0.13683,2026-09-27T05:11:52.325+00:00
8335,0.13213,2026-09-27T05:11:57.331+00:00
8336,0.13379,2026-09-27T05:11:57.331+00:00
8337,0.13091,2026-09-27T05:11:57.331+00:00
8338,0.13829,2026-09-27T05:12:02.336+00:00
8339,0.14028,2026-09-27T05:12:02.336+00:00
8340,0.13278,2026-09-27T05:12:02.336+00:00
8341,0.14039,2026-09-27T05:12:02.336+00:00
8342,0.12749,2026-09-27T05:12:07.342+00:00
8343,0.13390,2026-09-27T05:12:07.342+00:00
8344,0.13536,2026-09-27T05:12:07.342+00:00
8345,0.12952,2026-09-27T05:12:12.349+00:00
8346,0.12917,2026-09-27T05:12:12.349+00:00
8347,0.12704,2026-09-27T05:12:12.349+00:00
8348,0.13966,2026-09-27T05:12:17.357+00:00
8349,0.12665,2026-09-27T05:12:17.357+00:00
8350,0.13080,2026-09-27T05:12:17.357+00:00
8351,0.12619,2026-09-27T05:12:17.357+00:00
8352,0.13096,2026-09-27T05:12:22.362+00:00
8353,0.12439,2026-09-27T05:12:22.362+00:00
8354,0.13508,2026-09-27T05:12:22.362+00:00
8355,0.12912,2026-09-27T05:12:27.368+00:00
8356,0.13036,2026-09-27T05:12:27.368+00:00
8357,0.13653,2026-09-27T05:12:27.369+00:00
8358,0.13447,2026-09-27T05:12:32.374+00:00
8359,0.13792,2026-09-27T05:12:32.374+00:00
8360,0.12628,2026-09-27T05:12:32.374+00:00
8361,0.12895,2026-09-27T05:12:37.380+00:00
8362,0.14900,2026-09-27T05:12:37.380+00:00
8363,0.13600,2026-09-27T05:12:37.380+00:00
8364,0.13419,2026-09-27T05:12:37.380+00:00
8365,0.13464,2026-09-27T05:12:42.385+00:00
8366,0.12538,2026-09-27T05:12:42.385+00:00
8367,0.12500,2026-09-27T05:12:42.385+00:00
8368,0.13129,2026-09-27T05:12:47.394+00:00
8369,0.13910,2026-09-27T05:12:47.394+00:00
8370,0.13412,2026-09-27T05:12:47.394+00:00
8371,0.13105,2026-09-27T05:12:52.400+00:00
8372,0.14577,2026-09-27T05:12:52.400+00:00
8373,0.12486,2026-09-27T05:12:52.400+00:00
8374,0.12998,2026-09-27T05:12:52.400+00:00
8375,0.13582,2026-09-27T05:12:57.406+00:00
8376,0.13326,2026-09-27T05:12:57.406+00:00
8377,0.12214,2026-09-27T05:12:57.406+00:00
8378,0.14354,2026-09-27T05:13:02.412+00:00
8379,0.13198,2026-09-27T05:13:02.412+00:00
8380,0.13378,2026-09-27T05:13:02.412+00:00
8381,0.13078,2026-09-27T05:13:07.418+00:00
8382,0.12332,2026-09-27T05:13:07.418+00:00
8383,0.12526,2026-09-27T05:13:07.418+00:00
8384,0.13343,2026-09-27T05:13:07.418+00:00
8385,0.13360,2026-09-27T05:13:12.425+00:00
8386,0.12768,2026-09-27T05:13:12.425+00:00
8387,0.12972,2026-09-27T05:13:12.425+00:00
8388,0.12553,2026-09-27T05:13:17.434+00:00
8389,0.14138,2026-09-27T05:13:17.434+00:00
8390,0.13584,2026-09-27T05:13:17.435+00:00
8391,0.12485,2026-09-27T05:13:22.440+00:00
8392,0.13763,2026-09-27T05:13:22.440+00:00
8393,0.13648,2026-09-27T05:13:22.440+00:00
8394,0.12867,2026-09-27T05:13:27.446+00:00
8395,0.12443,2026-09-27T05:13:27.446+00:00
8396,0.13681,2026-09-27T05:13:27.446+00:00
8397,0.12568,2026-09-27T05:13:27.446+00:00
8398,0.13275,2026-09-27T05:13:32.452+00:00
8399,0.13823,2026-09-27T05:13:32.452+00:00
8400,0.12332,2026-09-27T05:13:32.452+00:00
8401,0.13559,2026-09-27T05:13:37.458+00:00
8402,0.13607,2026-09-27T05:13:37.458+00:00
8403,0.11828,2026-09-27T05:13:37.459+00:00
8404,0.12819,2026-09-27T05:13:42.464+00:00
8405,0.12439,2026-09-27T05:13:42.465+00:00
8406,0.13702,2026-09-27T05:13:42.465+00:00
8407,0.14191,2026-09-27T05:13:42.465+00:00
8408,0.13834,2026-09-27T05:13:47.473+00:00
8409,0.12639,2026-09-27T05:13:47.474+00:00
8410,0.12688,2026-09-27T05:13:47.474+00:00
8411,0.13259,2026-09-27T05:13:52.479+00:00
8412,0.12372,2026-09-27T05:13:52.479+00:00
8413,0.13107,2026-09-27T05:13:52.480+00:00
8414,0.13551,2026-09-27T05:13:57.485+00:00
8415,0.12415,2026-09-27T05:13:57.485+00:00
8416,0.12793,2026-09-27T05:13:57.485+00:00
8417,0.12475,2026-09-27T05:13:57.485+00:00
8418,0.13529,2026-09-27T05:14:02.491+00:00
8419,0.13001,2026-09-27T05:14:02.491+00:00
8420,0.13776,2026-09-27T05:14:02.491+00:00
8421,0.13399,2026-09-27T05:14:07.497+00:00
8422,0.14007,2026-09-27T05:14:07.497+00:00
8423,0.14234,2026-09-27T05:14:07.497+00:00
8424,0.14650,2026-09-27T05:14:12.504+00:00
8425,0.12880,2026-09-27T05:14:12.504+00:00
8426,0.12274,2026-09-27T05:14:12.504+00:00
8427,0.14007,2026-09-27T05:14:17.511+00:00
8428,0.12646,2026-09-27T05:14:17.511+00:00
8429,0.13649,2026-09-27T05:14:17.512+00:00
8430,0.15089,2026-09-27T05:14:22.517+00:00
8431,0.13475,2026-09-27T05:14:22.517+00:00
8432,0.13651,2026-09-27T05:14:22.517+00:00
8433,0.12647,2026-09-27T05:14:22.517+00:00
8434,0.13242,2026-09-27T05:14:27.523+00:00
8435,0.14370,2026-09-27T05:14:27.524+00:00
8436,0.12508,2026-09-27T05:14:27.524+00:00
8437,0.13410,2026-09-27T05:14:32.530+00:00
8438,0.12529,2026-09-27T05:14:32.530+00:00
8439,0.13099,2026-09-27T05:14:32.530+00:00
8440,0.12056,2026-09-27T05:14:37.536+00:00
8441,0.13333,2026-09-27T05:14:37.536+00:00
8442,0.13784,2026-09-27T05:14:37.536+00:00
8443,0.13094,2026-09-27T05:14:37.536+00:00
8444,0.13060,2026-09-27T05:14:42.542+00:00
8445,0.13014,2026-09-27T05:14:42.542+00:00
8446,0.13059,2026-09-27T05:14:42.542+00:00
8447,0.14022,2026-09-27T05:14:47.550+00:00
8448,0.12879,2026-09-27T05:14:47.550+00:00
8449,0.13054,2026-09-27T05:14:47.551+00:00
8450,0.13002,2026-09-27T05:14:52.557+00:00
8451,0.11919,2026-09-27T05:14:52.557+00:00
8452,0.13231,2026-09-27T05:14:52.557+00:00
8453,0.12870,2026-09-27T05:14:57.563+00:00
8454,0.13167,2026-09-27T05:14:57.563+00:00
8455,0.13113,2026-09-27T05:14:57.563+00:00
8456,0.12742,2026-09-27T05:14:57.563+00:00
8457,0.14167,2026-09-27T05:15:02.569+00:00
8458,0.11738,2026-09-27T05:15:02.569+00:00
8459,0.13982,2026-09-27T05:15:02.569+00:00
8460,0.13036,2026-09-27T05:15:07.575+00:00
8461,0.14888,2026-09-27T05:15:07.575+00:00
8462,0.12707,2026-09-27T05:15:07.575+00:00
8463,0.13414,2026-09-27T05:15:12.582+00:00
8464,0.12209,2026-09-27T05:15:12.582+00:00
8465,0.13526,2026-09-27T05:15:12.582+00:00
8466,0.13640,2026-09-27T05:15:12.582+00:00
8467,0.13105,2026-09-27T05:15:17.590+00:00
8468,0.13200,2026-09-27T05:15:17.590+00:00
8469,0.12996,2026-09-27T05:15:17.590+00:00
8470,0.13922,2026-09-27T05:15:22.597+00:00
8471,0.12280,2026-09-27T05:15:22.597+00:00
8472,0.12684,2026-09-27T05:15:22.597+00:00
8473,0.15157,2026-09-27T05:15:27.603+00:00
8474,0.13791,2026-09-27T05:15:27.603+00:00
8475,0.13922,2026-09-27T05:15:27.603+00:00
8476,0.12463,2026-09-27T05:15:32.609+00:00
8477,0.13367,2026-09-27T05:15:32.609+00:00
8478,0.13515,2026-09-27T05:15:32.609+00:00
8479,0.13079,2026-09-27T05:15:32.609+00:00
8480,0.13390,2026-09-27T05:15:37.615+00:00
8481,0.13941,2026-09-27T05:15:37.615+00:00
8482,0.13428,2026-09-27T05:15:37.615+00:00
8483,0.13030,2026-09-27T05:15:42.621+00:00
8484,0.12704,2026-09-27T05:15:42.621+00:00
8485,0.13103,2026-09-27T05:15:42.621+00:00
8486,0.12203,2026-09-27T05:15:47.630+00:00
8487,0.13046,2026-09-27T05:15:47.630+00:00
8488,0.13078,2026-09-27T05:15:47.630+00:00
8489,0.13015,2026-09-27T05:15:52.635+00:00
8490,0.13391,2026-09-27T05:15:52.635+00:00
8491,0.13810,2026-09-27T05:15:52.635+00:00
8492,0.12843,2026-09-27T05:15:52.636+00:00
8493,0.12742,2026-09-27T05:15:57.641+00:00
8494,0.13090,2026-09-27T05:15:57.641+00:00
8495,0.13936,2026-09-27T05:15:57.641+00:00
8496,0.13513,2026-09-27T05:16:02.647+00:00
8497,0.13141,2026-09-27T05:16:02.647+00:00
8498,0.13650,2026-09-27T05:16:02.647+00:00
8499,0.12706,2026-09-27T05:16:07.653+00:00
8500,0.13815,2026-09-27T05:16:07.653+00:00
8501,0.14335,2026-09-27T05:16:07.653+00:00
8502,0.11963,2026-09-27T05:16:07.654+00:00
8503,0.13780,2026-09-27T05:16:12.660+00:00
8504,0.13334,2026-09-27T05:16:12.660+00:00
8505,0.12846,2026-09-27T05:16:12.660+00:00
8506,0.12492,2026-09-27T05:16:17.669+00:00
8507,0.13445,2026-09-27T05:16:17.669+00:00
8508,0.13467,2026-09-27T05:16:17.669+00:00
8509,0.12654,2026-09-27T05:16:22.675+00:00
8510,0.13877,2026-09-27T05:16:22.675+00:00
8511,0.14356,2026-09-27T05:16:22.675+00:00
8512,0.13569,2026-09-27T05:16:27.681+00:00
8513,0.12612,2026-09-27T05:16:27.681+00:00
8514,0.11840,2026-09-27T05:16:27.681+00:00
8515,0.12554,2026-09-27T05:16:27.681+00:00
8516,0.11743,2026-09-27T05:16:32.687+00:00
8517,0.13464,2026-09-27T05:16:32.687+00:00
8518,0.13311,2026-09-27T05:16:32.687+00:00
8519,0.14174,2026-09-27T05:16:37.693+00:00
8520,0.12625,2026-09-27T05:16:37.693+00:00
8521,0.14607,2026-09-27T05:16:37.693+00:00
8522,0.13210,2026-09-27T05:16:42.699+00:00
8523,0.13921,2026-09-27T05:16:42.699+00:00
8524,0.12879,2026-09-27T05:16:42.699+00:00
8525,0.13245,2026-09-27T05:16:42.699+00:00
8526,0.12795,2026-09-27T05:16:47.707+00:00
8527,0.13124,2026-09-27T05:16:47.708+00:00
8528,0.13424,2026-09-27T05:16:47.708+00:00
8529,0.13120,2026-09-27T05:16:52.713+00:00
8530,0.13502,2026-09-27T05:16:52.713+00:00
8531,0.13422,2026-09-27T05:16:52.714+00:00
8532,0.12640,2026-09-27T05:16:57.719+00:00
8533,0.13158,2026-09-27T05:16:57.719+00:00
8534,0.12673,2026-09-27T05:16:57.719+00:00
8535,0.13074,2026-09-27T05:16:57.719+00:00
8536,0.12882,2026-09-27T05:17:02.725+00:00
8537,0.12560,2026-09-27T05:17:02.725+00:00
8538,0.13339,2026-09-27T05:17:02.725+00:00
8539,0.13306,2026-09-27T05:17:07.731+00:00
8540,0.12576,2026-09-27T05:17:07.731+00:00
8541,0.12345,2026-09-27T05:17:07.731+00:00
8542,0.12175,2026-09-27T05:17:12.737+00:00
8543,0.13289,2026-09-27T05:17:12.738+00:00
8544,0.13145,2026-09-27T05:17:12.738+00:00
8545,0.13041,2026-09-27T05:17:12.738+00:00
8546,0.14137,2026-09-27T05:17:17.746+00:00
8547,0.12875,2026-09-27T05:17:17.746+00:00
8548,0.14297,2026-09-27T05:17:17.747+00:00
8549,0.13513,2026-09-27T05:17:22.752+00:00
8550,0.14232,2026-09-27T05:17:22.752+00:00
8551,0.12875,2026-09-27T05:17:22.753+00:00
8552,0.12708,2026-09-27T05:17:27.758+00:00
8553,0.13875,2026-09-27T05:17:27.758+00:00
8554,0.13744,2026-09-27T05:17:27.758+00:00
8555,0.13246,2026-09-27T05:17:32.765+00:00
8556,0.12514,2026-09-27T05:17:32.765+00:00
8557,0.12720,2026-09-27T05:17:32.765+00:00
8558,0.14167,2026-09-27T05:17:32.765+00:00
8559,0.14412,2026-09-27T05:17:37.770+00:00
8560,0.12756,2026-09-27T05:17:37.770+00:00
8561,0.12865,2026-09-27T05:17:37.771+00:00
8562,0.14065,2026-09-27T05:17:42.776+00:00
8563,0.13207,2026-09-27T05:17:42.777+00:00
8564,0.12652,2026-09-27T05:17:42.777+00:00
8565,0.12843,2026-09-27T05:17:47.785+00:00
8566,0.13067,2026-09-27T05:17:47.785+00:00
8567,0.12388,2026-09-27T05:17:47.785+00:00
8568,0.13418,2026-09-27T05:17:52.790+00:00
8569,0.12780,2026-09-27T05:17:52.790+00:00
8570,0.13050,2026-09-27T05:17:52.790+00:00
8571,0.12934,2026-09-27T05:17:52.790+00:00
8572,0.14266,2026-09-27T05:17:57.796+00:00
8573,0.13632,2026-09-27T05:17:57.796+00:00
8574,0.12175,2026-09-27T05:17:57.796+00:00
8575,0.12021,2026-09-27T05:18:02.801+00:00
8576,0.12393,2026-09-27T05:18:02.801+00:00
8577,0.13221,2026-09-27T05:18:02.802+00:00
8578,0.12932,2026-09-27T05:18:02.802+00:00
8579,0.14223,2026-09-27T05:18:07.807+00:00
8580,0.14561,2026-09-27T05:18:07.807+00:00
8581,0.13364,2026-09-27T05:18:07.807+00:00
8582,0.13219,2026-09-27T05:18:12.813+00:00
8583,0.12904,2026-09-27T05:18:12.814+00:00
8584,0.13340,2026-09-27T05:18:12.814+00:00
8585,0.13723,2026-09-27T05:18:17.823+00:00
8586,0.13405,2026-09-27T05:18:17.823+00:00
8587,0.13561,2026-09-27T05:18:17.823+00:00
8588,0.13088,2026-09-27T05:18:22.829+00:00
8589,0.13634,2026-09-27T05:18:22.829+00:00
8590,0.13590,2026-09-27T05:18:22.829+00:00
8591,0.14090,2026-09-27T05:18:22.829+00:00
8592,0.12875,2026-09-27T05:18:27.835+00:00
8593,0.13644,2026-09-27T05:18:27.835+00:00
8594,0.13819,2026-09-27T05:18:27.835+00:00
8595,0.12495,2026-09-27T05:18:32.841+00:00
8596,0.13341,2026-09-27T05:18:32.841+00:00
8597,0.12951,2026-09-27T05:18:32.841+00:00
8598,0.12512,2026-09-27T05:18:37.847+00:00
8599,0.13239,2026-09-27T05:18:37.847+00:00
8600,0.12860,2026-09-27T05:18:37.847+00:00
8601,0.12895,2026-09-27T05:18:42.853+00:00
8602,0.12717,2026-09-27T05:18:42.853+00:00
8603,0.12389,2026-09-27T05:18:42.853+00:00
8604,0.13395,2026-09-27T05:18:42.853+00:00
8605,0.13703,2026-09-27T05:18:47.862+00:00
8606,0.12718,2026-09-27T05:18:47.862+00:00
8607,0.12420,2026-09-27T05:18:47.862+00:00
8608,0.13714,2026-09-27T05:18:52.868+00:00
8609,0.13642,2026-09-27T05:18:52.868+00:00
8610,0.13545,2026-09-27T05:18:52.869+00:00
8611,0.14087,2026-09-27T05:18:57.874+00:00
8612,0.12747,2026-09-27T05:18:57.874+00:00
8613,0.12719,2026-09-27T05:18:57.874+00:00
8614,0.12750,2026-09-27T05:19:02.880+00:00
8615,0.13251,2026-09-27T05:19:02.880+00:00
8616,0.12645,2026-09-27T05:19:02.880+00:00
8617,0.13225,2026-09-27T05:19:02.880+00:00
8618,0.13076,2026-09-27T05:19:07.886+00:00
8619,0.12774,2026-09-27T05:19:07.886+00:00
8620,0.13122,2026-09-27T05:19:07.886+00:00
8621,0.12585,2026-09-27T05:19:12.893+00:00
8622,0.12936,2026-09-27T05:19:12.893+00:00
8623,0.13401,2026-09-27T05:19:12.893+00:00
8624,0.13276,2026-09-27T05:19:17.902+00:00
8625,0.12943,2026-09-27T05:19:17.902+00:00
8626,0.13213,2026-09-27T05:19:17.902+00:00
8627,0.12315,2026-09-27T05:19:17.902+00:00
8628,0.13241,2026-09-27T05:19:22.908+00:00
8629,0.12845,2026-09-27T05:19:22.908+00:00
8630,0.13279,2026-09-27T05:19:22.908+00:00
8631,0.13361,2026-09-27T05:19:27.914+00:00
8632,0.13340,2026-09-27T05:19:27.914+00:00
8633,0.13399,2026-09-27T05:19:27.914+00:00
8634,0.13644,2026-09-27T05:19:32.920+00:00
8635,0.13584,2026-09-27T05:19:32.920+00:00
8636,0.13085,2026-09-27T05:19:32.920+00:00
8637,0.13903,2026-09-27T05:19:37.925+00:00
8638,0.13355,2026-09-27T05:19:37.925+00:00
8639,0.13135,2026-09-27T05:19:37.925+00:00
8640,0.13783,2026-09-27T05:19:42.931+00:00
8641,0.13381,2026-09-27T05:19:42.931+00:00
8642,0.12238,2026-09-27T05:19:42.931+00:00
8643,0.12982,2026-09-27T05:19:42.931+00:00
8644,0.14821,2026-09-27T05:19:47.939+00:00
8645,0.13376,2026-09-27T05:19:47.939+00:00
8646,0.13331,2026-09-27T05:19:47.939+00:00
8647,0.13840,2026-09-27T05:19:52.945+00:00
8648,0.13454,2026-09-27T05:19:52.945+00:00
8649,0.13651,2026-09-27T05:19:52.945+00:00
8650,0.13777,2026-09-27T05:19:57.951+00:00
8651,0.13715,2026-09-27T05:19:57.951+00:00
8652,0.13702,2026-09-27T05:19:57.952+00:00
8653,0.13385,2026-09-27T05:20:02.957+00:00
8654,0.14008,2026-09-27T05:20:02.957+00:00
8655,0.13483,2026-09-27T05:20:02.957+00:00
8656,0.12546,2026-09-27T05:20:07.963+00:00
8657,0.13119,2026-09-27T05:20:07.963+00:00
8658,0.13148,2026-09-27T05:20:07.963+00:00
8659,0.13865,2026-09-27T05:20:07.964+00:00
8660,0.13652,2026-09-27T05:20:12.970+00:00
8661,0.12591,2026-09-27T05:20:12.970+00:00
8662,0.13454,2026-09-27T05:20:12.970+00:00
8663,0.12857,2026-09-27T05:20:17.977+00:00
8664,0.12938,2026-09-27T05:20:17.977+00:00
8665,0.12487,2026-09-27T05:20:17.977+00:00
8666,0.13379,2026-09-27T05:20:22.984+00:00
8667,0.12358,2026-09-27T05:20:22.984+00:00
8668,0.14219,2026-09-27T05:20:22.984+00:00
8669,0.12823,2026-09-27T05:20:27.990+00:00
8670,0.13058,2026-09-27T05:20:27.990+00:00
8671,0.13138,2026-09-27T05:20:27.990+00:00
8672,0.13303,2026-09-27T05:20:27.990+00:00
8673,0.13055,2026-09-27T05:20:32.995+00:00
8674,0.12479,2026-09-27T05:20:32.995+00:00
8675,0.13058,2026-09-27T05:20:32.995+00:00
8676,0.13784,2026-09-27T05:20:38.001+00:00
8677,0.13002,2026-09-27T05:20:38.001+00:00
8678,0.13912,2026-09-27T05:20:38.001+00:00
8679,0.13705,2026-09-27T05:20:43.007+00:00
8680,0.13727,2026-09-27T05:20:43.007+00:00
8681,0.14057,2026-09-27T05:20:43.007+00:00
8682,0.13483,2026-09-27T05:20:48.015+00:00
8683,0.12923,2026-09-27T05:20:48.015+00:00
8684,0.13380,2026-09-27T05:20:48.015+00:00
8685,0.12988,2026-09-27T05:20:53.021+00:00
8686,0.13449,2026-09-27T05:20:53.021+00:00
8687,0.12808,2026-09-27T05:20:53.021+00:00
8688,0.13815,2026-09-27T05:20:53.021+00:00
8689,0.12438,2026-09-27T05:20:58.027+00:00
8690,0.13608,2026-09-27T05:20:58.027+00:00
8691,0.13450,2026-09-27T05:20:58.027+00:00
8692,0.11972,2026-09-27T05:21:03.032+00:00
8693,0.11851,2026-09-27T05:21:03.032+00:00
8694,0.12820,2026-09-27T05:21:03.032+00:00
8695,0.12681,2026-09-27T05:21:08.038+00:00
8696,0.14058,2026-09-27T05:21:08.038+00:00
8697,0.13513,2026-09-27T05:21:08.038+00:00
8698,0.13473,2026-09-27T05:21:08.038+00:00
8699,0.13808,2026-09-27T05:21:13.045+00:00
8700,0.12909,2026-09-27T05:21:13.045+00:00
8701,0.13364,2026-09-27T05:21:13.045+00:00
8702,0.12766,2026-09-27T05:21:18.054+00:00
8703,0.12537,2026-09-27T05:21:18.054+00:00
8704,0.11833,2026-09-27T05:21:18.054+00:00
8705,0.13176,2026-09-27T05:21:23.059+00:00
8706,0.12912,2026-09-27T05:21:23.060+00:00
8707,0.13026,2026-09-27T05:21:23.060+00:00
8708,0.13299,2026-09-27T05:21:28.065+00:00
8709,0.12579,2026-09-27T05:21:28.065+00:00
8710,0.12797,2026-09-27T05:21:28.066+00:00
8711,0.12743,2026-09-27T05:21:28.066+00:00
8712,0.13243,2026-09-27T05:21:33.071+00:00
8713,0.14230,2026-09-27T05:21:33.071+00:00
8714,0.13007,2026-09-27T05:21:33.071+00:00
8715,0.13793,2026-09-27T05:21:38.077+00:00
8716,0.12999,2026-09-27T05:21:38.077+00:00
8717,0.12884,2026-09-27T05:21:38.077+00:00
8718,0.13419,2026-09-27T05:21:43.083+00:00
8719,0.14085,2026-09-27T05:21:43.083+00:00
8720,0.13459,2026-09-27T05:21:43.083+00:00
8721,0.12897,2026-09-27T05:21:43.083+00:00
8722,0.12836,2026-09-27T05:21:48.092+00:00
8723,0.12341,2026-09-27T05:21:48.092+00:00
8724,0.14035,2026-09-27T05:21:48.092+00:00
8725,0.12566,2026-09-27T05:21:53.098+00:00
8726,0.12577,2026-09-27T05:21:53.098+00:00
8727,0.12297,2026-09-27T05:21:53.098+00:00
8728,0.11689,2026-09-27T05:21:58.104+00:00
8729,0.13660,2026-09-27T05:21:58.104+00:00
8730,0.13978,2026-09-27T05:21:58.104+00:00
8731,0.14366,2026-09-27T05:22:03.110+00:00
8732,0.13414,2026-09-27T05:22:03.110+00:00
8733,0.13394,2026-09-27T05:22:03.110+00:00
8734,0.13434,2026-09-27T05:22:03.110+00:00
8735,0.13229,2026-09-27T05:22:08.115+00:00
8736,0.13145,2026-09-27T05:22:08.115+00:00
8737,0.12864,2026-09-27T05:22:08.115+00:00
8738,0.12358,2026-09-27T05:22:13.122+00:00
8739,0.13502,2026-09-27T05:22:13.122+00:00
8740,0.12989,2026-09-27T05:22:13.122+00:00
8741,0.13316,2026-09-27T05:22:18.130+00:00
8742,0.12427,2026-09-27T05:22:18.130+00:00
8743,0.13649,2026-09-27T05:22:18.130+00:00
8744,0.12787,2026-09-27T05:22:23.136+00:00
8745,0.13651,2026-09-27T05:22:23.136+00:00
8746,0.13443,2026-09-27T05:22:23.136+00:00
8747,0.13346,2026-09-27T05:22:28.142+00:00
8748,0.12415,2026-09-27T05:22:28.142+00:00
8749,0.14335,2026-09-27T05:22:28.143+00:00
8750,0.13828,2026-09-27T05:22:33.148+00:00
8751,0.13496,2026-09-27T05:22:33.149+00:00
8752,0.14447,2026-09-27T05:22:33.149+00:00
8753,0.12601,2026-09-27T05:22:33.149+00:00
8754,0.13308,2026-09-27T05:22:38.155+00:00
8755,0.12294,2026-09-27T05:22:38.155+00:00
8756,0.12213,2026-09-27T05:22:38.155+00:00
8757,0.13905,2026-09-27T05:22:43.160+00:00
8758,0.12269,2026-09-27T05:22:43.160+00:00
8759,0.11832,2026-09-27T05:22:43.160+00:00
8760,0.13246,2026-09-27T05:22:48.169+00:00
8761,0.12514,2026-09-27T05:22:48.169+00:00
8762,0.13036,2026-09-27T05:22:48.169+00:00
8763,0.13699,2026-09-27T05:22:48.169+00:00
8764,0.13499,2026-09-27T05:22:53.175+00:00
8765,0.12992,2026-09-27T05:22:53.175+00:00
8766,0.15174,2026-09-27T05:22:53.175+00:00
8767,0.13984,2026-09-27T05:22:58.181+00:00
8768,0.16565,2026-09-27T05:22:58.181+00:00
8769,0.13154,2026-09-27T05:22:58.181+00:00
8770,0.13137,2026-09-27T05:23:03.187+00:00
8771,0.13447,2026-09-27T05:23:03.187+00:00
8772,0.12859,2026-09-27T05:23:03.187+00:00
8773,0.13636,2026-09-27T05:23:03.187+00:00
8774,0.13131,2026-09-27T05:23:08.193+00:00
8775,0.13592,2026-09-27T05:23:08.193+00:00
8776,0.14365,2026-09-27T05:23:08.193+00:00
8777,0.13419,2026-09-27T05:23:13.201+00:00
8778,0.12541,2026-09-27T05:23:13.202+00:00
8779,0.13872,2026-09-27T05:23:13.202+00:00
8780,0.13986,2026-09-27T05:23:18.210+00:00
8781,0.12623,2026-09-27T05:23:18.210+00:00
8782,0.12551,2026-09-27T05:23:18.210+00:00
8783,0.13195,2026-09-27T05:23:23.216+00:00
8784,0.13347,2026-09-27T05:23:23.216+00:00
8785,0.13482,2026-09-27T05:23:23.216+00:00
8786,0.14520,2026-09-27T05:23:23.216+00:00
8787,0.12698,2026-09-27T05:23:28.222+00:00
8788,0.12958,2026-09-27T05:23:28.222+00:00
8789,0.13044,2026-09-27T05:23:28.222+00:00
8790,0.13050,2026-09-27T05:23:33.228+00:00
8791,0.13015,2026-09-27T05:23:33.228+00:00
8792,0.12994,2026-09-27T05:23:33.228+00:00
8793,0.13325,2026-09-27T05:23:38.234+00:00
8794,0.13247,2026-09-27T05:23:38.234+00:00
8795,0.13923,2026-09-27T05:23:38.234+00:00
8796,0.12037,2026-09-27T05:23:43.240+00:00
8797,0.13148,2026-09-27T05:23:43.240+00:00
8798,0.13468,2026-09-27T05:23:43.240+00:00
8799,0.13080,2026-09-27T05:23:43.240+00:00
8800,0.13290,2026-09-27T05:23:48.248+00:00
8801,0.12979,2026-09-27T05:23:48.248+00:00
8802,0.13483,2026-09-27T05:23:48.249+00:00
8803,0.12957,2026-09-27T05:23:53.254+00:00
8804,0.12723,2026-09-27T05:23:53.254+00:00
8805,0.12767,2026-09-27T05:23:53.254+00:00
8806,0.13371,2026-09-27T05:23:58.260+00:00
8807,0.13187,2026-09-27T05:23:58.260+00:00
8808,0.12309,2026-09-27T05:23:58.260+00:00
8809,0.12761,2026-09-27T05:24:03.266+00:00
8810,0.13732,2026-09-27T05:24:03.266+00:00
8811,0.12295,2026-09-27T05:24:03.266+00:00
8812,0.13013,2026-09-27T05:24:03.266+00:00
8813,0.12871,2026-09-27T05:24:08.272+00:00
8814,0.13362,2026-09-27T05:24:08.272+00:00
8815,0.12915,2026-09-27T05:24:08.272+00:00
8816,0.13999,2026-09-27T05:24:13.278+00:00
8817,0.13461,2026-09-27T05:24:13.278+00:00
8818,0.13372,2026-09-27T05:24:13.279+00:00
8819,0.12905,2026-09-27T05:24:18.286+00:00
8820,0.11977,2026-09-27T05:24:18.286+00:00
8821,0.12358,2026-09-27T05:24:18.287+00:00
8822,0.12858,2026-09-27T05:24:18.287+00:00
8823,0.14231,2026-09-27T05:24:23.292+00:00
8824,0.13521,2026-09-27T05:24:23.292+00:00
8825,0.12696,2026-09-27T05:24:23.293+00:00
8826,0.12392,2026-09-27T05:24:28.298+00:00
8827,0.13046,2026-09-27T05:24:28.298+00:00
8828,0.13408,2026-09-27T05:24:28.298+00:00
8829,0.13113,2026-09-27T05:24:33.303+00:00
8830,0.13433,2026-09-27T05:24:33.304+00:00
8831,0.13000,2026-09-27T05:24:33.304+00:00
8832,0.13502,2026-09-27T05:24:38.309+00:00
8833,0.12782,2026-09-27T05:24:38.309+00:00
8834,0.13294,2026-09-27T05:24:38.309+00:00
8835,0.13231,2026-09-27T05:24:38.309+00:00
8836,0.12526,2026-09-27T05:24:43.316+00:00
8837,0.13450,2026-09-27T05:24:43.316+00:00
8838,0.13283,2026-09-27T05:24:43.316+00:00
8839,0.11958,2026-09-27T05:24:48.325+00:00
8840,0.13931,2026-09-27T05:24:48.325+00:00
8841,0.13159,2026-09-27T05:24:48.325+00:00
8842,0.12979,2026-09-27T05:24:48.325+00:00
8843,0.13810,2026-09-27T05:24:53.331+00:00
8844,0.12730,2026-09-27T05:24:53.331+00:00
8845,0.13369,2026-09-27T05:24:53.331+00:00
8846,0.16148,2026-09-27T05:24:58.336+00:00
8847,0.12550,2026-09-27T05:24:58.337+00:00
8848,0.13204,2026-09-27T05:24:58.337+00:00
8849,0.12937,2026-09-27T05:25:03.343+00:00
8850,0.13504,2026-09-27T05:25:03.343+00:00
8851,0.12262,2026-09-27T05:25:03.343+00:00
8852,0.12620,2026-09-27T05:25:08.349+00:00
8853,0.12575,2026-09-27T05:25:08.349+00:00
8854,0.13145,2026-09-27T05:25:08.349+00:00
8855,0.13115,2026-09-27T05:25:08.349+00:00
8856,0.12872,2026-09-27T05:25:13.356+00:00
8857,0.13022,2026-09-27T05:25:13.356+00:00
8858,0.12664,2026-09-27T05:25:13.356+00:00
8859,0.13458,2026-09-27T05:25:18.365+00:00
8860,0.12307,2026-09-27T05:25:18.365+00:00
8861,0.12509,2026-09-27T05:25:18.365+00:00
8862,0.13016,2026-09-27T05:25:23.371+00:00
8863,0.12899,2026-09-27T05:25:23.371+00:00
8864,0.14014,2026-09-27T05:25:23.372+00:00
8865,0.13292,2026-09-27T05:25:28.378+00:00
8866,0.13048,2026-09-27T05:25:28.378+00:00
8867,0.13198,2026-09-27T05:25:28.378+00:00
8868,0.12795,2026-09-27T05:25:28.378+00:00
8869,0.13509,2026-09-27T05:25:33.384+00:00
8870,0.13434,2026-09-27T05:25:33.384+00:00
8871,0.12767,2026-09-27T05:25:33.384+00:00
8872,0.12308,2026-09-27T05:25:38.390+00:00
8873,0.13112,2026-09-27T05:25:38.390+00:00
8874,0.14506,2026-09-27T05:25:38.390+00:00
8875,0.12834,2026-09-27T05:25:43.397+00:00
8876,0.12304,2026-09-27T05:25:43.397+00:00
8877,0.13450,2026-09-27T05:25:43.397+00:00
8878,0.14295,2026-09-27T05:25:43.397+00:00
8879,0.14099,2026-09-27T05:25:48.408+00:00
8880,0.12864,2026-09-27T05:25:48.408+00:00
8881,0.13135,2026-09-27T05:25:48.408+00:00
8882,0.13164,2026-09-27T05:25:53.415+00:00
8883,0.12693,2026-09-27T05:25:53.415+00:00
8884,0.12662,2026-09-27T05:25:53.415+00:00
8885,0.12563,2026-09-27T05:25:58.421+00:00
8886,0.12482,2026-09-27T05:25:58.421+00:00
8887,0.13318,2026-09-27T05:25:58.421+00:00
8888,0.13390,2026-09-27T05:26:03.428+00:00
8889,0.12846,2026-09-27T05:26:03.428+00:00
8890,0.12646,2026-09-27T05:26:03.428+00:00
8891,0.12532,2026-09-27T05:26:03.428+00:00
8892,0.13689,2026-09-27T05:26:08.434+00:00
8893,0.13752,2026-09-27T05:26:08.435+00:00
8894,0.13907,2026-09-27T05:26:08.435+00:00
8895,0.12575,2026-09-27T05:26:13.442+00:00
8896,0.14424,2026-09-27T05:26:13.442+00:00
8897,0.13419,2026-09-27T05:26:13.443+00:00
8898,0.12219,2026-09-27T05:26:18.453+00:00
8899,0.13138,2026-09-27T05:26:18.453+00:00
8900,0.12793,2026-09-27T05:26:18.453+00:00
8901,0.12611,2026-09-27T05:26:23.460+00:00
8902,0.12740,2026-09-27T05:26:23.460+00:00
8903,0.12923,2026-09-27T05:26:23.460+00:00
8904,0.12417,2026-09-27T05:26:23.460+00:00
8905,0.12904,2026-09-27T05:26:28.466+00:00
8906,0.12529,2026-09-27T05:26:28.466+00:00
8907,0.13191,2026-09-27T05:26:28.466+00:00
8908,0.12545,2026-09-27T05:26:33.473+00:00
8909,0.13692,2026-09-27T05:26:33.473+00:00
8910,0.12880,2026-09-27T05:26:33.473+00:00
8911,0.12879,2026-09-27T05:26:38.480+00:00
8912,0.13011,2026-09-27T05:26:38.480+00:00
8913,0.12884,2026-09-27T05:26:38.480+00:00
8914,0.13028,2026-09-27T05:26:38.480+00:00
8915,0.13071,2026-09-27T05:26:43.487+00:00
8916,0.13238,2026-09-27T05:26:43.487+00:00
8917,0.12896,2026-09-27T05:26:43.487+00:00
8918,0.13205,2026-09-27T05:26:48.496+00:00
8919,0.12793,2026-09-27T05:26:48.496+00:00
8920,0.13188,2026-09-27T05:26:48.496+00:00
8921,0.13014,2026-09-27T05:26:53.503+00:00
8922,0.13129,2026-09-27T05:26:53.503+00:00
8923,0.12583,2026-09-27T05:26:53.503+00:00
8924,0.13569,2026-09-27T05:26:58.510+00:00
8925,0.12691,2026-09-27T05:26:58.510+00:00
8926,0.12689,2026-09-27T05:26:58.510+00:00
8927,0.13011,2026-09-27T05:26:58.510+00:00
8928,0.13577,2026-09-27T05:27:03.516+00:00
8929,0.12726,2026-09-27T05:27:03.516+00:00
8930,0.12104,2026-09-27T05:27:03.517+00:00
8931,0.12354,2026-09-27T05:27:08.523+00:00
8932,0.12766,2026-09-27T05:27:08.523+00:00
8933,0.13538,2026-09-27T05:27:08.523+00:00
8934,0.13532,2026-09-27T05:27:13.531+00:00
8935,0.12894,2026-09-27T05:27:13.531+00:00
8936,0.12601,2026-09-27T05:27:13.531+00:00
8937,0.13683,2026-09-27T05:27:13.531+00:00
8938,0.12323,2026-09-27T05:27:18.541+00:00
8939,0.12559,2026-09-27T05:27:18.541+00:00
8940,0.12855,2026-09-27T05:27:18.541+00:00
8941,0.13310,2026-09-27T05:27:23.550+00:00
8942,0.13257,2026-09-27T05:27:23.550+00:00
8943,0.13005,2026-09-27T05:27:23.550+00:00
8944,0.12636,2026-09-27T05:27:28.556+00:00
8945,0.12699,2026-09-27T05:27:28.556+00:00
8946,0.13248,2026-09-27T05:27:28.556+00:00
8947,0.12405,2026-09-27T05:27:33.563+00:00
8948,0.12427,2026-09-27T05:27:33.563+00:00
8949,0.13990,2026-09-27T05:27:33.563+00:00
8950,0.13669,2026-09-27T05:27:33.563+00:00
8951,0.12797,2026-09-27T05:27:38.569+00:00
8952,0.13536,2026-09-27T05:27:38.569+00:00
8953,0.12468,2026-09-27T05:27:38.569+00:00
8954,0.13198,2026-09-27T05:27:43.575+00:00
8955,0.13146,2026-09-27T05:27:43.576+00:00
8956,0.12900,2026-09-27T05:27:43.576+00:00
8957,0.12924,2026-09-27T05:27:48.586+00:00
8958,0.13271,2026-09-27T05:27:48.586+00:00
8959,0.12528,2026-09-27T05:27:48.586+00:00
8960,0.13282,2026-09-27T05:27:53.592+00:00
8961,0.12819,2026-09-27T05:27:53.593+00:00
8962,0.12830,2026-09-27T05:27:53.593+00:00
8963,0.12371,2026-09-27T05:27:53.593+00:00
8964,0.13186,2026-09-27T05:27:58.599+00:00
8965,0.12036,2026-09-27T05:27:58.599+00:00
8966,0.14149,2026-09-27T05:27:58.599+00:00
8967,0.12241,2026-09-27T05:28:03.606+00:00
8968,0.13184,2026-09-27T05:28:03.606+00:00
8969,0.13371,2026-09-27T05:28:03.606+00:00
8970,0.12878,2026-09-27T05:28:08.613+00:00
8971,0.13589,2026-09-27T05:28:08.613+00:00
8972,0.12128,2026-09-27T05:28:08.613+00:00
8973,0.12899,2026-09-27T05:28:08.613+00:00
8974,0.13527,2026-09-27T05:28:13.621+00:00
8975,0.12464,2026-09-27T05:28:13.621+00:00
8976,0.12438,2026-09-27T05:28:13.621+00:00
8977,0.13453,2026-09-27T05:28:18.631+00:00
8978,0.12300,2026-09-27T05:28:18.631+00:00
8979,0.12205,2026-09-27T05:28:18.631+00:00
8980,0.12274,2026-09-27T05:28:23.638+00:00
8981,0.13680,2026-09-27T05:28:23.638+00:00
8982,0.12509,2026-09-27T05:28:23.638+00:00
8983,0.12523,2026-09-27T05:28:23.638+00:00
8984,0.12174,2026-09-27T05:28:28.645+00:00
8985,0.13124,2026-09-27T05:28:28.645+00:00
8986,0.12923,2026-09-27T05:28:28.645+00:00
8987,0.12011,2026-09-27T05:28:33.652+00:00
8988,0.13752,2026-09-27T05:28:33.652+00:00
8989,0.13102,2026-09-27T05:28:33.652+00:00
8990,0.13532,2026-09-27T05:28:38.658+00:00
8991,0.12503,2026-09-27T05:28:38.659+00:00
8992,0.13099,2026-09-27T05:28:38.659+00:00
8993,0.14002,2026-09-27T05:28:38.659+00:00
8994,0.13323,2026-09-27T05:28:43.665+00:00
8995,0.12672,2026-09-27T05:28:43.665+00:00
8996,0.12618,2026-09-27T05:28:43.665+00:00
8997,0.13006,2026-09-27T05:28:48.675+00:00
8998,0.12829,2026-09-27T05:28:48.675+00:00
8999,0.12649,2026-09-27T05:28:48.675+00:00
9000,0.13387,2026-09-27T05:28:53.683+00:00
9001,0.12870,2026-09-27T05:28:53.683+00:00
9002,0.12979,2026-09-27T05:28:53.683+00:00
9003,0.13336,2026-09-27T05:28:53.683+00:00
9004,0.13191,2026-09-27T05:28:58.690+00:00
9005,0.13814,2026-09-27T05:28:58.690+00:00
9006,0.12488,2026-09-27T05:28:58.690+00:00
9007,0.12908,2026-09-27T05:29:03.696+00:00
9008,0.13402,2026-09-27T05:29:03.697+00:00
9009,0.12930,2026-09-27T05:29:03.697+00:00
9010,0.13207,2026-09-27T05:29:08.703+00:00
9011,0.12766,2026-09-27T05:29:08.703+00:00
9012,0.13932,2026-09-27T05:29:08.703+00:00
9013,0.12833,2026-09-27T05:29:13.711+00:00
9014,0.13191,2026-09-27T05:29:13.711+00:00
9015,0.12971,2026-09-27T05:29:13.711+00:00
9016,0.12059,2026-09-27T05:29:13.711+00:00
9017,0.13554,2026-09-27T05:29:18.719+00:00
9018,0.12631,2026-09-27T05:29:18.719+00:00
9019,0.12625,2026-09-27T05:29:18.719+00:00
9020,0.14027,2026-09-27T05:29:23.726+00:00
9021,0.12896,2026-09-27T05:29:23.726+00:00
9022,0.12974,2026-09-27T05:29:23.726+00:00
9023,0.12691,2026-09-27T05:29:28.733+00:00
9024,0.12645,2026-09-27T05:29:28.734+00:00
9025,0.12527,2026-09-27T05:29:28.734+00:00
9026,0.12901,2026-09-27T05:29:28.734+00:00
9027,0.13928,2026-09-27T05:29:33.740+00:00
9028,0.13359,2026-09-27T05:29:33.741+00:00
9029,0.12536,2026-09-27T05:29:33.741+00:00
9030,0.14656,2026-09-27T05:29:38.747+00:00
9031,0.12232,2026-09-27T05:29:38.747+00:00
9032,0.13343,2026-09-27T05:29:38.748+00:00
9033,0.12804,2026-09-27T05:29:43.754+00:00
9034,0.13235,2026-09-27T05:29:43.754+00:00
9035,0.12762,2026-09-27T05:29:43.754+00:00
9036,0.13402,2026-09-27T05:29:48.764+00:00
9037,0.13774,2026-09-27T05:29:48.765+00:00
9038,0.14766,2026-09-27T05:29:48.765+00:00
9039,0.12676,2026-09-27T05:29:48.765+00:00
9040,0.11885,2026-09-27T05:29:53.771+00:00
9041,0.13733,2026-09-27T05:29:53.771+00:00
9042,0.11734,2026-09-27T05:29:53.772+00:00
9043,0.12999,2026-09-27T05:29:58.778+00:00
9044,0.13731,2026-09-27T05:29:58.778+00:00
9045,0.12697,2026-09-27T05:29:58.779+00:00
9046,0.12600,2026-09-27T05:30:03.785+00:00
9047,0.12297,2026-09-27T05:30:03.785+00:00
9048,0.13127,2026-09-27T05:30:03.785+00:00
9049,0.14278,2026-09-27T05:30:08.792+00:00
9050,0.13510,2026-09-27T05:30:08.792+00:00
9051,0.12929,2026-09-27T05:30:08.792+00:00
9052,0.13370,2026-09-27T05:30:08.792+00:00
9053,0.12839,2026-09-27T05:30:13.799+00:00
9054,0.12984,2026-09-27T05:30:13.799+00:00
9055,0.11980,2026-09-27T05:30:13.800+00:00
9056,0.11687,2026-09-27T05:30:18.809+00:00
9057,0.13227,2026-09-27T05:30:18.809+00:00
9058,0.12175,2026-09-27T05:30:18.809+00:00
9059,0.13212,2026-09-27T05:30:23.815+00:00
9060,0.12414,2026-09-27T05:30:23.815+00:00
9061,0.12993,2026-09-27T05:30:23.816+00:00
9062,0.13412,2026-09-27T05:30:23.816+00:00
9063,0.13573,2026-09-27T05:30:28.822+00:00
9064,0.13548,2026-09-27T05:30:28.822+00:00
9065,0.12872,2026-09-27T05:30:28.822+00:00
9066,0.13257,2026-09-27T05:30:33.829+00:00
9067,0.12313,2026-09-27T05:30:33.829+00:00
9068,0.13724,2026-09-27T05:30:33.829+00:00
9069,0.12603,2026-09-27T05:30:38.836+00:00
9070,0.12409,2026-09-27T05:30:38.836+00:00
9071,0.13250,2026-09-27T05:30:38.836+00:00
9072,0.12000,2026-09-27T05:30:43.843+00:00
9073,0.13613,2026-09-27T05:30:43.843+00:00
9074,0.12101,2026-09-27T05:30:43.843+00:00
9075,0.12521,2026-09-27T05:30:43.843+00:00
9076,0.13182,2026-09-27T05:30:48.853+00:00
9077,0.12836,2026-09-27T05:30:48.854+00:00
9078,0.13036,2026-09-27T05:30:48.854+00:00
9079,0.13353,2026-09-27T05:30:53.860+00:00
9080,0.12500,2026-09-27T05:30:53.861+00:00
9081,0.12056,2026-09-27T05:30:53.861+00:00
9082,0.12837,2026-09-27T05:30:58.868+00:00
9083,0.12912,2026-09-27T05:30:58.868+00:00
9084,0.12226,2026-09-27T05:30:58.868+00:00
9085,0.12692,2026-09-27T05:30:58.868+00:00
9086,0.13861,2026-09-27T05:31:03.874+00:00
9087,0.12775,2026-09-27T05:31:03.875+00:00
9088,0.13011,2026-09-27T05:31:03.875+00:00
9089,0.13268,2026-09-27T05:31:08.881+00:00
9090,0.13629,2026-09-27T05:31:08.882+00:00
9091,0.13227,2026-09-27T05:31:08.882+00:00
9092,0.08585,2026-09-27T05:31:13.890+00:00
9093,0.14036,2026-09-27T05:31:13.890+00:00
9094,0.12182,2026-09-27T05:31:13.890+00:00
9095,0.13395,2026-09-27T05:31:13.890+00:00
9096,0.13302,2026-09-27T05:31:18.899+00:00
9097,0.12398,2026-09-27T05:31:18.899+00:00
9098,0.12813,2026-09-27T05:31:18.899+00:00
9099,0.13185,2026-09-27T05:31:23.905+00:00
9100,0.12443,2026-09-27T05:31:23.905+00:00
9101,0.13127,2026-09-27T05:31:23.905+00:00
9102,0.12815,2026-09-27T05:31:28.911+00:00
9103,0.12256,2026-09-27T05:31:28.911+00:00
9104,0.12987,2026-09-27T05:31:28.911+00:00
9105,0.13028,2026-09-27T05:31:33.918+00:00
9106,0.12931,2026-09-27T05:31:33.918+00:00
9107,0.12402,2026-09-27T05:31:33.918+00:00
9108,0.12600,2026-09-27T05:31:33.918+00:00
9109,0.14172,2026-09-27T05:31:38.925+00:00
9110,0.11812,2026-09-27T05:31:38.925+00:00
9111,0.12400,2026-09-27T05:31:38.925+00:00
9112,0.12479,2026-09-27T05:31:43.932+00:00
9113,0.12499,2026-09-27T05:31:43.932+00:00
9114,0.13649,2026-09-27T05:31:43.932+00:00
9115,0.13010,2026-09-27T05:31:43.932+00:00
9116,0.13450,2026-09-27T05:31:48.941+00:00
9117,0.12869,2026-09-27T05:31:48.941+00:00
9118,0.12520,2026-09-27T05:31:48.942+00:00
9119,0.12648,2026-09-27T05:31:53.948+00:00
9120,0.12394,2026-09-27T05:31:53.948+00:00
9121,0.12519,2026-09-27T05:31:53.948+00:00
9122,0.12912,2026-09-27T05:31:58.955+00:00
9123,0.13395,2026-09-27T05:31:58.955+00:00
9124,0.13247,2026-09-27T05:31:58.955+00:00
9125,0.12851,2026-09-27T05:32:03.961+00:00
9126,0.12904,2026-09-27T05:32:03.961+00:00
9127,0.12681,2026-09-27T05:32:03.961+00:00
9128,0.12615,2026-09-27T05:32:03.961+00:00
9129,0.14225,2026-09-27T05:32:08.968+00:00
9130,0.12856,2026-09-27T05:32:08.968+00:00
9131,0.12292,2026-09-27T05:32:08.968+00:00
9132,0.12011,2026-09-27T05:32:13.975+00:00
9133,0.12434,2026-09-27T05:32:13.975+00:00
9134,0.12075,2026-09-27T05:32:13.976+00:00
9135,0.14094,2026-09-27T05:32:18.986+00:00
9136,0.12439,2026-09-27T05:32:18.986+00:00
9137,0.13674,2026-09-27T05:32:18.986+00:00
9138,0.12663,2026-09-27T05:32:23.992+00:00
9139,0.12755,2026-09-27T05:32:23.992+00:00
9140,0.13207,2026-09-27T05:32:23.992+00:00
9141,0.13362,2026-09-27T05:32:23.993+00:00
9142,0.12843,2026-09-27T05:32:28.999+00:00
9143,0.12511,2026-09-27T05:32:28.999+00:00
9144,0.12613,2026-09-27T05:32:28.999+00:00
9145,0.13357,2026-09-27T05:32:34.006+00:00
9146,0.13234,2026-09-27T05:32:34.006+00:00
9147,0.12946,2026-09-27T05:32:34.006+00:00
9148,0.13237,2026-09-27T05:32:39.013+00:00
9149,0.13088,2026-09-27T05:32:39.013+00:00
9150,0.13440,2026-09-27T05:32:39.013+00:00
9151,0.12299,2026-09-27T05:32:44.020+00:00
9152,0.12973,2026-09-27T05:32:44.020+00:00
9153,0.12819,2026-09-27T05:32:44.020+00:00
9154,0.12627,2026-09-27T05:32:44.020+00:00
9155,0.12579,2026-09-27T05:32:49.029+00:00
9156,0.12407,2026-09-27T05:32:49.029+00:00
9157,0.13281,2026-09-27T05:32:49.029+00:00
9158,0.12630,2026-09-27T05:32:54.036+00:00
9159,0.11786,2026-09-27T05:32:54.036+00:00
9160,0.12012,2026-09-27T05:32:54.036+00:00
9161,0.12638,2026-09-27T05:32:59.043+00:00
9162,0.12784,2026-09-27T05:32:59.043+00:00
9163,0.13393,2026-09-27T05:32:59.043+00:00
9164,0.13063,2026-09-27T05:32:59.043+00:00
9165,0.12778,2026-09-27T05:33:04.050+00:00
9166,0.12161,2026-09-27T05:33:04.050+00:00
9167,0.13275,2026-09-27T05:33:04.050+00:00
9168,0.13238,2026-09-27T05:33:09.057+00:00
9169,0.13774,2026-09-27T05:33:09.057+00:00
9170,0.12786,2026-09-27T05:33:09.057+00:00
9171,0.13485,2026-09-27T05:33:14.064+00:00
9172,0.13048,2026-09-27T05:33:14.064+00:00
9173,0.12935,2026-09-27T05:33:14.064+00:00
9174,0.13626,2026-09-27T05:33:14.065+00:00
9175,0.11946,2026-09-27T05:33:19.073+00:00
9176,0.13464,2026-09-27T05:33:19.074+00:00
9177,0.13300,2026-09-27T05:33:19.074+00:00
9178,0.13530,2026-09-27T05:33:24.080+00:00
9179,0.13698,2026-09-27T05:33:24.081+00:00
9180,0.13483,2026-09-27T05:33:24.081+00:00
9181,0.12855,2026-09-27T05:33:29.088+00:00
9182,0.12701,2026-09-27T05:33:29.088+00:00
9183,0.12181,2026-09-27T05:33:29.088+00:00
9184,0.12310,2026-09-27T05:33:29.088+00:00
9185,0.13212,2026-09-27T05:33:34.094+00:00
9186,0.12437,2026-09-27T05:33:34.095+00:00
9187,0.12763,2026-09-27T05:33:34.095+00:00
9188,0.12578,2026-09-27T05:33:39.101+00:00
9189,0.12651,2026-09-27T05:33:39.101+00:00
9190,0.12978,2026-09-27T05:33:39.101+00:00
9191,0.12199,2026-09-27T05:33:44.108+00:00
9192,0.13329,2026-09-27T05:33:44.108+00:00
9193,0.14182,2026-09-27T05:33:44.108+00:00
9194,0.13322,2026-09-27T05:33:49.117+00:00
9195,0.11937,2026-09-27T05:33:49.117+00:00
9196,0.12996,2026-09-27T05:33:49.117+00:00
9197,0.11855,2026-09-27T05:33:49.117+00:00
9198,0.12705,2026-09-27T05:33:54.124+00:00
9199,0.13115,2026-09-27T05:33:54.124+00:00
9200,0.12728,2026-09-27T05:33:54.124+00:00
9201,0.14156,2026-09-27T05:33:59.131+00:00
9202,0.13762,2026-09-27T05:33:59.131+00:00
9203,0.12156,2026-09-27T05:33:59.131+00:00
9204,0.13715,2026-09-27T05:34:04.138+00:00
9205,0.12444,2026-09-27T05:34:04.138+00:00
9206,0.12933,2026-09-27T05:34:04.138+00:00
9207,0.13760,2026-09-27T05:34:04.138+00:00
9208,0.12277,2026-09-27T05:34:09.144+00:00
9209,0.12698,2026-09-27T05:34:09.145+00:00
9210,0.13709,2026-09-27T05:34:09.145+00:00
9211,0.13129,2026-09-27T05:34:14.152+00:00
9212,0.13400,2026-09-27T05:34:14.152+00:00
9213,0.13509,2026-09-27T05:34:14.152+00:00
9214,0.12664,2026-09-27T05:34:19.162+00:00
9215,0.14309,2026-09-27T05:34:19.163+00:00
9216,0.12767,2026-09-27T05:34:19.163+00:00
9217,0.12388,2026-09-27T05:34:24.170+00:00
9218,0.13097,2026-09-27T05:34:24.170+00:00
9219,0.12056,2026-09-27T05:34:24.170+00:00
9220,0.13535,2026-09-27T05:34:24.170+00:00
9221,0.12717,2026-09-27T05:34:29.176+00:00
9222,0.13520,2026-09-27T05:34:29.177+00:00
9223,0.12355,2026-09-27T05:34:29.177+00:00
9224,0.12086,2026-09-27T05:34:34.183+00:00
9225,0.12516,2026-09-27T05:34:34.183+00:00
9226,0.13539,2026-09-27T05:34:34.183+00:00
9227,0.12777,2026-09-27T05:34:39.190+00:00
9228,0.12906,2026-09-27T05:34:39.190+00:00
9229,0.12314,2026-09-27T05:34:39.190+00:00
9230,0.12298,2026-09-27T05:34:39.190+00:00
9231,0.13287,2026-09-27T05:34:44.197+00:00
9232,0.13622,2026-09-27T05:34:44.197+00:00
9233,0.13727,2026-09-27T05:34:44.197+00:00
9234,0.12329,2026-09-27T05:34:49.207+00:00
9235,0.12639,2026-09-27T05:34:49.207+00:00
9236,0.12665,2026-09-27T05:34:49.207+00:00
9237,0.13427,2026-09-27T05:34:54.214+00:00
9238,0.13106,2026-09-27T05:34:54.214+00:00
9239,0.13811,2026-09-27T05:34:54.214+00:00
9240,0.13529,2026-09-27T05:34:54.214+00:00
9241,0.12778,2026-09-27T05:34:59.221+00:00
9242,0.13179,2026-09-27T05:34:59.221+00:00
9243,0.12529,2026-09-27T05:34:59.221+00:00
9244,0.11555,2026-09-27T05:35:04.228+00:00
9245,0.12546,2026-09-27T05:35:04.228+00:00
9246,0.12892,2026-09-27T05:35:04.228+00:00
9247,0.13367,2026-09-27T05:35:09.235+00:00
9248,0.12454,2026-09-27T05:35:09.235+00:00
9249,0.14942,2026-09-27T05:35:09.235+00:00
9250,0.11621,2026-09-27T05:35:14.242+00:00
9251,0.12464,2026-09-27T05:35:14.243+00:00
9252,0.13904,2026-09-27T05:35:14.243+00:00
9253,0.12844,2026-09-27T05:35:14.243+00:00
9254,0.13087,2026-09-27T05:35:19.252+00:00
9255,0.13179,2026-09-27T05:35:19.252+00:00
9256,0.13457,2026-09-27T05:35:19.252+00:00
9257,0.13039,2026-09-27T05:35:24.259+00:00
9258,0.14043,2026-09-27T05:35:24.259+00:00
9259,0.13179,2026-09-27T05:35:24.259+00:00
9260,0.13012,2026-09-27T05:35:29.266+00:00
9261,0.13858,2026-09-27T05:35:29.266+00:00
9262,0.13439,2026-09-27T05:35:29.266+00:00
9263,0.12839,2026-09-27T05:35:34.274+00:00
9264,0.13751,2026-09-27T05:35:34.274+00:00
9265,0.13091,2026-09-27T05:35:34.275+00:00
9266,0.12167,2026-09-27T05:35:34.275+00:00
9267,0.12628,2026-09-27T05:35:39.281+00:00
9268,0.13088,2026-09-27T05:35:39.281+00:00
9269,0.13014,2026-09-27T05:35:39.281+00:00
9270,0.13055,2026-09-27T05:35:44.288+00:00
9271,0.13180,2026-09-27T05:35:44.288+00:00
9272,0.14253,2026-09-27T05:35:44.288+00:00
9273,0.13552,2026-09-27T05:35:49.298+00:00
9274,0.14266,2026-09-27T05:35:49.298+00:00
9275,0.13724,2026-09-27T05:35:49.298+00:00
9276,0.13556,2026-09-27T05:35:54.304+00:00
9277,0.13148,2026-09-27T05:35:54.305+00:00
9278,0.13655,2026-09-27T05:35:54.305+00:00
9279,0.13407,2026-09-27T05:35:59.311+00:00
9280,0.12658,2026-09-27T05:35:59.312+00:00
9281,0.13536,2026-09-27T05:35:59.312+00:00
9282,0.13056,2026-09-27T05:36:04.318+00:00
9283,0.13912,2026-09-27T05:36:04.318+00:00
9284,0.12772,2026-09-27T05:36:04.318+00:00
9285,0.13724,2026-09-27T05:36:04.318+00:00
9286,0.13737,2026-09-27T05:36:09.325+00:00
9287,0.13285,2026-09-27T05:36:09.325+00:00
9288,0.12631,2026-09-27T05:36:09.325+00:00
9289,0.12870,2026-09-27T05:36:14.333+00:00
9290,0.13690,2026-09-27T05:36:14.333+00:00
9291,0.12876,2026-09-27T05:36:14.333+00:00
9292,0.12686,2026-09-27T05:36:19.343+00:00
9293,0.13673,2026-09-27T05:36:19.344+00:00
9294,0.12465,2026-09-27T05:36:19.344+00:00
9295,0.13266,2026-09-27T05:36:19.344+00:00
9296,0.12520,2026-09-27T05:36:24.351+00:00
9297,0.13339,2026-09-27T05:36:24.351+00:00
9298,0.13318,2026-09-27T05:36:24.351+00:00
9299,0.12790,2026-09-27T05:36:29.358+00:00
9300,0.12546,2026-09-27T05:36:29.358+00:00
9301,0.12884,2026-09-27T05:36:29.358+00:00
9302,0.13583,2026-09-27T05:36:34.365+00:00
9303,0.13472,2026-09-27T05:36:34.365+00:00
9304,0.14325,2026-09-27T05:36:34.365+00:00
9305,0.12714,2026-09-27T05:36:39.372+00:00
9306,0.13237,2026-09-27T05:36:39.373+00:00
9307,0.14386,2026-09-27T05:36:39.373+00:00
9308,0.12590,2026-09-27T05:36:44.379+00:00
9309,0.11928,2026-09-27T05:36:44.379+00:00
9310,0.12097,2026-09-27T05:36:44.379+00:00
9311,0.12242,2026-09-27T05:36:44.380+00:00
9312,0.13135,2026-09-27T05:36:49.389+00:00
9313,0.13154,2026-09-27T05:36:49.390+00:00
9314,0.13176,2026-09-27T05:36:49.390+00:00
9315,0.13013,2026-09-27T05:36:54.396+00:00
9316,0.12342,2026-09-27T05:36:54.396+00:00
9317,0.13685,2026-09-27T05:36:54.397+00:00
9318,0.12523,2026-09-27T05:36:59.403+00:00
9319,0.12202,2026-09-27T05:36:59.403+00:00
9320,0.12409,2026-09-27T05:36:59.403+00:00
9321,0.12899,2026-09-27T05:37:04.410+00:00
9322,0.13549,2026-09-27T05:37:04.410+00:00
9323,0.13266,2026-09-27T05:37:04.410+00:00
9324,0.13496,2026-09-27T05:37:04.410+00:00
9325,0.13103,2026-09-27T05:37:09.417+00:00
9326,0.12584,2026-09-27T05:37:09.417+00:00
9327,0.13652,2026-09-27T05:37:09.417+00:00
9328,0.13158,2026-09-27T05:37:14.425+00:00
9329,0.13107,2026-09-27T05:37:14.425+00:00
9330,0.11940,2026-09-27T05:37:14.425+00:00
9331,0.12739,2026-09-27T05:37:19.434+00:00
9332,0.12141,2026-09-27T05:37:19.434+00:00
9333,0.13442,2026-09-27T05:37:19.434+00:00
9334,0.13125,2026-09-27T05:37:24.441+00:00
9335,0.13330,2026-09-27T05:37:24.441+00:00
9336,0.12596,2026-09-27T05:37:24.441+00:00
9337,0.12792,2026-09-27T05:37:24.441+00:00
9338,0.12487,2026-09-27T05:37:29.448+00:00
9339,0.13591,2026-09-27T05:37:29.448+00:00
9340,0.12935,2026-09-27T05:37:29.448+00:00
9341,0.13459,2026-09-27T05:37:34.455+00:00
9342,0.14331,2026-09-27T05:37:34.455+00:00
9343,0.13063,2026-09-27T05:37:34.455+00:00
9344,0.13739,2026-09-27T05:37:39.462+00:00
9345,0.13147,2026-09-27T05:37:39.462+00:00
9346,0.13412,2026-09-27T05:37:39.462+00:00
9347,0.13189,2026-09-27T05:37:44.469+00:00
9348,0.12935,2026-09-27T05:37:44.469+00:00
9349,0.12823,2026-09-27T05:37:44.469+00:00
9350,0.13097,2026-09-27T05:37:44.469+00:00
9351,0.12762,2026-09-27T05:37:49.478+00:00
9352,0.12134,2026-09-27T05:37:49.478+00:00
9353,0.15176,2026-09-27T05:37:49.479+00:00
9354,0.12340,2026-09-27T05:37:54.486+00:00
9355,0.12480,2026-09-27T05:37:54.486+00:00
9356,0.12523,2026-09-27T05:37:54.486+00:00
9357,0.13235,2026-09-27T05:37:59.493+00:00
9358,0.13629,2026-09-27T05:37:59.493+00:00
9359,0.14225,2026-09-27T05:37:59.493+00:00
9360,0.13352,2026-09-27T05:38:04.500+00:00
9361,0.13442,2026-09-27T05:38:04.500+00:00
9362,0.12764,2026-09-27T05:38:04.500+00:00
9363,0.12396,2026-09-27T05:38:04.500+00:00
9364,0.12403,2026-09-27T05:38:09.507+00:00
9365,0.12891,2026-09-27T05:38:09.507+00:00
9366,0.13446,2026-09-27T05:38:09.507+00:00
9367,0.12865,2026-09-27T05:38:14.515+00:00
9368,0.12681,2026-09-27T05:38:14.515+00:00
9369,0.12515,2026-09-27T05:38:14.515+00:00
9370,0.12590,2026-09-27T05:38:19.524+00:00
9371,0.12961,2026-09-27T05:38:19.525+00:00
9372,0.13300,2026-09-27T05:38:19.525+00:00
9373,0.12967,2026-09-27T05:38:24.532+00:00
9374,0.12798,2026-09-27T05:38:24.532+00:00
9375,0.13030,2026-09-27T05:38:24.532+00:00
9376,0.12774,2026-09-27T05:38:24.532+00:00
9377,0.12744,2026-09-27T05:38:29.539+00:00
9378,0.14727,2026-09-27T05:38:29.539+00:00
9379,0.14164,2026-09-27T05:38:29.539+00:00
9380,0.13856,2026-09-27T05:38:34.546+00:00
9381,0.13028,2026-09-27T05:38:34.546+00:00
9382,0.13606,2026-09-27T05:38:34.546+00:00
9383,0.11486,2026-09-27T05:38:39.553+00:00
9384,0.13155,2026-09-27T05:38:39.553+00:00
9385,0.12829,2026-09-27T05:38:39.553+00:00
9386,0.12019,2026-09-27T05:38:44.560+00:00
9387,0.13707,2026-09-27T05:38:44.560+00:00
9388,0.13604,2026-09-27T05:38:44.560+00:00
9389,0.11325,2026-09-27T05:38:49.570+00:00
9390,0.12979,2026-09-27T05:38:49.570+00:00
9391,0.13195,2026-09-27T05:38:49.570+00:00
9392,0.12704,2026-09-27T05:38:49.570+00:00
9393,0.13302,2026-09-27T05:38:54.577+00:00
9394,0.12819,2026-09-27T05:38:54.578+00:00
9395,0.13593,2026-09-27T05:38:54.578+00:00
9396,0.13891,2026-09-27T05:38:59.585+00:00
9397,0.13150,2026-09-27T05:38:59.585+00:00
9398,0.13751,2026-09-27T05:38:59.585+00:00
9399,0.12923,2026-09-27T05:39:04.590+00:00
9400,0.13291,2026-09-27T05:39:04.590+00:00
9401,0.13719,2026-09-27T05:39:04.590+00:00
9402,0.13078,2026-09-27T05:39:09.596+00:00
9403,0.13593,2026-09-27T05:39:09.597+00:00
9404,0.13333,2026-09-27T05:39:09.597+00:00
9405,0.12942,2026-09-27T05:39:09.597+00:00
9406,0.13702,2026-09-27T05:39:14.605+00:00
9407,0.14724,2026-09-27T05:39:14.605+00:00
9408,0.13214,2026-09-27T05:39:14.605+00:00
9409,0.12485,2026-09-27T05:39:19.615+00:00
9410,0.13016,2026-09-27T05:39:19.615+00:00
9411,0.12797,2026-09-27T05:39:19.615+00:00
9412,0.12942,2026-09-27T05:39:24.622+00:00
9413,0.12643,2026-09-27T05:39:24.622+00:00
9414,0.13066,2026-09-27T05:39:24.622+00:00
9415,0.13548,2026-09-27T05:39:29.629+00:00
9416,0.13513,2026-09-27T05:39:29.629+00:00
9417,0.13110,2026-09-27T05:39:29.629+00:00
9418,0.13051,2026-09-27T05:39:29.629+00:00
9419,0.13027,2026-09-27T05:39:34.636+00:00
9420,0.12707,2026-09-27T05:39:34.636+00:00
9421,0.13856,2026-09-27T05:39:34.636+00:00
9422,0.12367,2026-09-27T05:39:39.643+00:00
9423,0.12641,2026-09-27T05:39:39.643+00:00
9424,0.12905,2026-09-27T05:39:39.644+00:00
9425,0.13287,2026-09-27T05:39:44.650+00:00
9426,0.13350,2026-09-27T05:39:44.650+00:00
9427,0.13358,2026-09-27T05:39:44.650+00:00
9428,0.12650,2026-09-27T05:39:49.660+00:00
9429,0.11770,2026-09-27T05:39:49.660+00:00
9430,0.12353,2026-09-27T05:39:49.660+00:00
9431,0.12909,2026-09-27T05:39:49.660+00:00
9432,0.12425,2026-09-27T05:39:54.667+00:00
9433,0.12969,2026-09-27T05:39:54.667+00:00
9434,0.13360,2026-09-27T05:39:54.667+00:00
9435,0.13630,2026-09-27T05:39:59.674+00:00
9436,0.12929,2026-09-27T05:39:59.674+00:00
9437,0.13186,2026-09-27T05:39:59.674+00:00
9438,0.12805,2026-09-27T05:40:04.681+00:00
9439,0.13153,2026-09-27T05:40:04.681+00:00
9440,0.13293,2026-09-27T05:40:04.681+00:00
9441,0.13676,2026-09-27T05:40:04.681+00:00
9442,0.13479,2026-09-27T05:40:09.687+00:00
9443,0.11970,2026-09-27T05:40:09.687+00:00
9444,0.12279,2026-09-27T05:40:09.687+00:00
9445,0.13309,2026-09-27T05:40:14.695+00:00
9446,0.12973,2026-09-27T05:40:14.696+00:00
9447,0.13123,2026-09-27T05:40:14.696+00:00
9448,0.12789,2026-09-27T05:40:19.704+00:00
9449,0.12932,2026-09-27T05:40:19.705+00:00
9450,0.12950,2026-09-27T05:40:19.705+00:00
9451,0.13867,2026-09-27T05:40:24.712+00:00
9452,0.12861,2026-09-27T05:40:24.712+00:00
9453,0.13186,2026-09-27T05:40:24.712+00:00
9454,0.11750,2026-09-27T05:40:24.712+00:00
9455,0.12376,2026-09-27T05:40:29.718+00:00
9456,0.13103,2026-09-27T05:40:29.718+00:00
9457,0.11954,2026-09-27T05:40:29.719+00:00
9458,0.12370,2026-09-27T05:40:34.725+00:00
9459,0.13278,2026-09-27T05:40:34.726+00:00
9460,0.13996,2026-09-27T05:40:34.726+00:00
9461,0.11887,2026-09-27T05:40:34.726+00:00
9462,0.12194,2026-09-27T05:40:39.732+00:00
9463,0.12872,2026-09-27T05:40:39.733+00:00
9464,0.13469,2026-09-27T05:40:39.733+00:00
9465,0.13561,2026-09-27T05:40:44.739+00:00
9466,0.12241,2026-09-27T05:40:44.739+00:00
9467,0.13299,2026-09-27T05:40:44.739+00:00
9468,0.13181,2026-09-27T05:40:49.749+00:00
9469,0.12427,2026-09-27T05:40:49.749+00:00
9470,0.12994,2026-09-27T05:40:49.749+00:00
9471,0.12812,2026-09-27T05:40:54.755+00:00
9472,0.12561,2026-09-27T05:40:54.756+00:00
9473,0.12829,2026-09-27T05:40:54.756+00:00
9474,0.13213,2026-09-27T05:40:54.756+00:00
9475,0.12785,2026-09-27T05:40:59.762+00:00
9476,0.13934,2026-09-27T05:40:59.762+00:00
9477,0.12893,2026-09-27T05:40:59.762+00:00
9478,0.12486,2026-09-27T05:41:04.768+00:00
9479,0.12314,2026-09-27T05:41:04.768+00:00
9480,0.12544,2026-09-27T05:41:04.769+00:00
9481,0.12482,2026-09-27T05:41:09.776+00:00
9482,0.13575,2026-09-27T05:41:09.776+00:00
9483,0.12966,2026-09-27T05:41:09.776+00:00
9484,0.12227,2026-09-27T05:41:09.776+00:00
9485,0.12608,2026-09-27T05:41:14.784+00:00
9486,0.12522,2026-09-27T05:41:14.784+00:00
9487,0.12484,2026-09-27T05:41:14.784+00:00
9488,0.13004,2026-09-27T05:41:19.794+00:00
9489,0.13590,2026-09-27T05:41:19.794+00:00
9490,0.13308,2026-09-27T05:41:19.794+00:00
9491,0.13341,2026-09-27T05:41:24.801+00:00
9492,0.12845,2026-09-27T05:41:24.802+00:00
9493,0.14012,2026-09-27T05:41:24.802+00:00
9494,0.12870,2026-09-27T05:41:29.808+00:00
9495,0.12513,2026-09-27T05:41:29.809+00:00
9496,0.13168,2026-09-27T05:41:29.809+00:00
9497,0.13172,2026-09-27T05:41:34.816+00:00
9498,0.13273,2026-09-27T05:41:34.816+00:00
9499,0.12352,2026-09-27T05:41:34.816+00:00
9500,0.13167,2026-09-27T05:41:34.816+00:00
9501,0.13025,2026-09-27T05:41:39.823+00:00
9502,0.13279,2026-09-27T05:41:39.823+00:00
9503,0.13036,2026-09-27T05:41:39.823+00:00
9504,0.13109,2026-09-27T05:41:44.830+00:00
9505,0.12173,2026-09-27T05:41:44.830+00:00
9506,0.11648,2026-09-27T05:41:44.830+00:00
9507,0.13442,2026-09-27T05:41:49.839+00:00
9508,0.13331,2026-09-27T05:41:49.839+00:00
9509,0.12517,2026-09-27T05:41:49.839+00:00
9510,0.11883,2026-09-27T05:41:49.839+00:00
9511,0.13253,2026-09-27T05:41:54.846+00:00
9512,0.13203,2026-09-27T05:41:54.846+00:00
9513,0.13776,2026-09-27T05:41:54.846+00:00
9514,0.12085,2026-09-27T05:41:59.853+00:00
9515,0.12686,2026-09-27T05:41:59.853+00:00
9516,0.13325,2026-09-27T05:41:59.853+00:00
9517,0.12917,2026-09-27T05:42:04.860+00:00
9518,0.12850,2026-09-27T05:42:04.860+00:00
9519,0.12604,2026-09-27T05:42:04.860+00:00
9520,0.12689,2026-09-27T05:42:09.867+00:00
9521,0.13079,2026-09-27T05:42:09.867+00:00
9522,0.12366,2026-09-27T05:42:09.867+00:00
9523,0.12704,2026-09-27T05:42:14.875+00:00
9524,0.12813,2026-09-27T05:42:14.875+00:00
9525,0.12940,2026-09-27T05:42:14.875+00:00
9526,0.13060,2026-09-27T05:42:14.875+00:00
9527,0.13584,2026-09-27T05:42:19.884+00:00
9528,0.12440,2026-09-27T05:42:19.884+00:00
9529,0.13104,2026-09-27T05:42:19.884+00:00
9530,0.12504,2026-09-27T05:42:24.891+00:00
9531,0.13287,2026-09-27T05:42:24.891+00:00
9532,0.12892,2026-09-27T05:42:24.892+00:00
9533,0.13066,2026-09-27T05:42:29.898+00:00
9534,0.12938,2026-09-27T05:42:29.898+00:00
9535,0.12728,2026-09-27T05:42:29.898+00:00
9536,0.13269,2026-09-27T05:42:29.898+00:00
9537,0.12313,2026-09-27T05:42:34.904+00:00
9538,0.12577,2026-09-27T05:42:34.905+00:00
9539,0.13457,2026-09-27T05:42:34.905+00:00
9540,0.12895,2026-09-27T05:42:39.911+00:00
9541,0.11733,2026-09-27T05:42:39.911+00:00
9542,0.13224,2026-09-27T05:42:39.911+00:00
9543,0.13331,2026-09-27T05:42:44.917+00:00
9544,0.12845,2026-09-27T05:42:44.917+00:00
9545,0.12709,2026-09-27T05:42:44.917+00:00
9546,0.12853,2026-09-27T05:42:49.926+00:00
9547,0.13238,2026-09-27T05:42:49.926+00:00
9548,0.12874,2026-09-27T05:42:49.926+00:00
9549,0.12687,2026-09-27T05:42:49.926+00:00
9550,0.12494,2026-09-27T05:42:54.933+00:00
9551,0.12898,2026-09-27T05:42:54.933+00:00
9552,0.11814,2026-09-27T05:42:54.933+00:00
9553,0.12662,2026-09-27T05:42:59.939+00:00
9554,0.12974,2026-09-27T05:42:59.940+00:00
9555,0.12874,2026-09-27T05:42:59.940+00:00
9556,0.12115,2026-09-27T05:43:04.946+00:00
9557,0.13533,2026-09-27T05:43:04.946+00:00
9558,0.12497,2026-09-27T05:43:04.946+00:00
9559,0.13046,2026-09-27T05:43:04.947+00:00
9560,0.12359,2026-09-27T05:43:09.952+00:00
9561,0.15091,2026-09-27T05:43:09.952+00:00
9562,0.12066,2026-09-27T05:43:09.953+00:00
9563,0.12254,2026-09-27T05:43:14.960+00:00
9564,0.12846,2026-09-27T05:43:14.960+00:00
9565,0.12985,2026-09-27T05:43:14.960+00:00
9566,0.14229,2026-09-27T05:43:19.968+00:00
9567,0.14467,2026-09-27T05:43:19.968+00:00
9568,0.12447,2026-09-27T05:43:19.969+00:00
9569,0.13622,2026-09-27T05:43:24.975+00:00
9570,0.14482,2026-09-27T05:43:24.975+00:00
9571,0.13095,2026-09-27T05:43:24.975+00:00
9572,0.12822,2026-09-27T05:43:24.975+00:00
9573,0.13171,2026-09-27T05:43:29.981+00:00
9574,0.13285,2026-09-27T05:43:29.981+00:00
9575,0.13241,2026-09-27T05:43:29.981+00:00
9576,0.13079,2026-09-27T05:43:34.987+00:00
9577,0.12430,2026-09-27T05:43:34.988+00:00
9578,0.13564,2026-09-27T05:43:34.988+00:00
9579,0.12809,2026-09-27T05:43:39.994+00:00
9580,0.13572,2026-09-27T05:43:39.994+00:00
9581,0.11821,2026-09-27T05:43:39.994+00:00
9582,0.12855,2026-09-27T05:43:45.000+00:00
9583,0.12246,2026-09-27T05:43:45.000+00:00
9584,0.13815,2026-09-27T05:43:45.000+00:00
9585,0.12929,2026-09-27T05:43:45.000+00:00
9586,0.12550,2026-09-27T05:43:50.010+00:00
9587,0.13195,2026-09-27T05:43:50.010+00:00
9588,0.13057,2026-09-27T05:43:50.010+00:00
9589,0.13013,2026-09-27T05:43:55.016+00:00
9590,0.13093,2026-09-27T05:43:55.016+00:00
9591,0.12689,2026-09-27T05:43:55.016+00:00
9592,0.12910,2026-09-27T05:44:00.022+00:00
9593,0.13455,2026-09-27T05:44:00.022+00:00
9594,0.11949,2026-09-27T05:44:00.022+00:00
9595,0.14236,2026-09-27T05:44:05.028+00:00
9596,0.12511,2026-09-27T05:44:05.028+00:00
9597,0.12132,2026-09-27T05:44:05.028+00:00
9598,0.13206,2026-09-27T05:44:05.028+00:00
9599,0.12109,2026-09-27T05:44:10.034+00:00
9600,0.14053,2026-09-27T05:44:10.034+00:00
9601,0.12400,2026-09-27T05:44:10.034+00:00
9602,0.14036,2026-09-27T05:44:15.041+00:00
9603,0.11984,2026-09-27T05:44:15.041+00:00
9604,0.13066,2026-09-27T05:44:15.041+00:00
9605,0.13520,2026-09-27T05:44:20.050+00:00
9606,0.12132,2026-09-27T05:44:20.050+00:00
9607,0.13330,2026-09-27T05:44:20.050+00:00
9608,0.11839,2026-09-27T05:44:20.050+00:00
9609,0.11913,2026-09-27T05:44:25.056+00:00
9610,0.13393,2026-09-27T05:44:25.056+00:00
9611,0.13431,2026-09-27T05:44:25.056+00:00
9612,0.13633,2026-09-27T05:44:30.062+00:00
9613,0.13046,2026-09-27T05:44:30.062+00:00
9614,0.12029,2026-09-27T05:44:30.062+00:00
9615,0.11628,2026-09-27T05:44:35.068+00:00
9616,0.13070,2026-09-27T05:44:35.068+00:00
9617,0.12961,2026-09-27T05:44:35.069+00:00
9618,0.13565,2026-09-27T05:44:40.075+00:00
9619,0.12363,2026-09-27T05:44:40.075+00:00
9620,0.12742,2026-09-27T05:44:40.075+00:00
9621,0.12475,2026-09-27T05:44:40.075+00:00
9622,0.13574,2026-09-27T05:44:45.081+00:00
9623,0.12523,2026-09-27T05:44:45.081+00:00
9624,0.12918,2026-09-27T05:44:45.081+00:00
9625,0.14157,2026-09-27T05:44:50.089+00:00
9626,0.11931,2026-09-27T05:44:50.089+00:00
9627,0.12905,2026-09-27T05:44:50.089+00:00
9628,0.13002,2026-09-27T05:44:55.096+00:00
9629,0.13167,2026-09-27T05:44:55.096+00:00
9630,0.13443,2026-09-27T05:44:55.096+00:00
9631,0.13279,2026-09-27T05:44:55.096+00:00
9632,0.11904,2026-09-27T05:45:00.102+00:00
9633,0.12626,2026-09-27T05:45:00.102+00:00
9634,0.12631,2026-09-27T05:45:00.102+00:00
9635,0.14075,2026-09-27T05:45:05.108+00:00
9636,0.12419,2026-09-27T05:45:05.108+00:00
9637,0.13710,2026-09-27T05:45:05.108+00:00
9638,0.12619,2026-09-27T05:45:10.114+00:00
9639,0.12654,2026-09-27T05:45:10.114+00:00
9640,0.13223,2026-09-27T05:45:10.114+00:00
9641,0.12262,2026-09-27T05:45:15.121+00:00
9642,0.13110,2026-09-27T05:45:15.121+00:00
9643,0.12865,2026-09-27T05:45:15.121+00:00
9644,0.14249,2026-09-27T05:45:15.121+00:00
9645,0.12481,2026-09-27T05:45:20.131+00:00
9646,0.12297,2026-09-27T05:45:20.131+00:00
9647,0.12033,2026-09-27T05:45:20.131+00:00
9648,0.12938,2026-09-27T05:45:25.136+00:00
9649,0.12322,2026-09-27T05:45:25.136+00:00
9650,0.13910,2026-09-27T05:45:25.137+00:00
9651,0.13115,2026-09-27T05:45:30.142+00:00
9652,0.12884,2026-09-27T05:45:30.142+00:00
9653,0.13850,2026-09-27T05:45:30.142+00:00
9654,0.13710,2026-09-27T05:45:30.143+00:00
9655,0.11853,2026-09-27T05:45:35.148+00:00
9656,0.13556,2026-09-27T05:45:35.148+00:00
9657,0.11802,2026-09-27T05:45:35.148+00:00
9658,0.12940,2026-09-27T05:45:40.154+00:00
9659,0.13318,2026-09-27T05:45:40.154+00:00
9660,0.13282,2026-09-27T05:45:40.154+00:00
9661,0.13370,2026-09-27T05:45:45.160+00:00
9662,0.12899,2026-09-27T05:45:45.160+00:00
9663,0.12992,2026-09-27T05:45:45.160+00:00
9664,0.13674,2026-09-27T05:45:45.160+00:00
9665,0.12174,2026-09-27T05:45:50.169+00:00
9666,0.11598,2026-09-27T05:45:50.169+00:00
9667,0.13981,2026-09-27T05:45:50.169+00:00
9668,0.13009,2026-09-27T05:45:55.176+00:00
9669,0.13594,2026-09-27T05:45:55.176+00:00
9670,0.14445,2026-09-27T05:45:55.176+00:00
9671,0.12344,2026-09-27T05:46:00.181+00:00
9672,0.13016,2026-09-27T05:46:00.182+00:00
9673,0.13155,2026-09-27T05:46:00.182+00:00
9674,0.12947,2026-09-27T05:46:05.187+00:00
9675,0.14013,2026-09-27T05:46:05.187+00:00
9676,0.13592,2026-09-27T05:46:05.187+00:00
9677,0.13107,2026-09-27T05:46:10.193+00:00
9678,0.13726,2026-09-27T05:46:10.193+00:00
9679,0.14046,2026-09-27T05:46:10.193+00:00
9680,0.12282,2026-09-27T05:46:10.193+00:00
9681,0.12316,2026-09-27T05:46:15.200+00:00
9682,0.13096,2026-09-27T05:46:15.200+00:00
9683,0.12857,2026-09-27T05:46:15.201+00:00
9684,0.12479,2026-09-27T05:46:20.210+00:00
9685,0.13041,2026-09-27T05:46:20.210+00:00
9686,0.12740,2026-09-27T05:46:20.210+00:00
9687,0.12484,2026-09-27T05:46:25.216+00:00
9688,0.12691,2026-09-27T05:46:25.217+00:00
9689,0.12715,2026-09-27T05:46:25.217+00:00
9690,0.11861,2026-09-27T05:46:25.217+00:00
9691,0.13841,2026-09-27T05:46:30.223+00:00
9692,0.13434,2026-09-27T05:46:30.223+00:00
9693,0.13128,2026-09-27T05:46:30.223+00:00
9694,0.12945,2026-09-27T05:46:35.229+00:00
9695,0.12975,2026-09-27T05:46:35.229+00:00
9696,0.12653,2026-09-27T05:46:35.229+00:00
9697,0.12079,2026-09-27T05:46:40.235+00:00
9698,0.12924,2026-09-27T05:46:40.235+00:00
9699,0.13268,2026-09-27T05:46:40.236+00:00
9700,0.12570,2026-09-27T05:46:45.242+00:00
9701,0.12742,2026-09-27T05:46:45.242+00:00
9702,0.12317,2026-09-27T05:46:45.242+00:00
9703,0.13077,2026-09-27T05:46:45.242+00:00
9704,0.13754,2026-09-27T05:46:50.252+00:00
9705,0.13119,2026-09-27T05:46:50.252+00:00
9706,0.12676,2026-09-27T05:46:50.252+00:00
9707,0.12146,2026-09-27T05:46:55.259+00:00
9708,0.13031,2026-09-27T05:46:55.259+00:00
9709,0.12631,2026-09-27T05:46:55.259+00:00
9710,0.13257,2026-09-27T05:47:00.266+00:00
9711,0.12418,2026-09-27T05:47:00.266+00:00
9712,0.12225,2026-09-27T05:47:00.267+00:00
9713,0.12254,2026-09-27T05:47:05.273+00:00
9714,0.13179,2026-09-27T05:47:05.273+00:00
9715,0.12442,2026-09-27T05:47:05.273+00:00
9716,0.12664,2026-09-27T05:47:05.273+00:00
9717,0.12015,2026-09-27T05:47:10.280+00:00
9718,0.13771,2026-09-27T05:47:10.280+00:00
9719,0.12302,2026-09-27T05:47:10.280+00:00
9720,0.13325,2026-09-27T05:47:15.289+00:00
9721,0.13396,2026-09-27T05:47:15.289+00:00
9722,0.12373,2026-09-27T05:47:15.289+00:00
9723,0.12910,2026-09-27T05:47:20.298+00:00
9724,0.14033,2026-09-27T05:47:20.298+00:00
9725,0.12253,2026-09-27T05:47:20.298+00:00
9726,0.12784,2026-09-27T05:47:25.305+00:00
9727,0.12677,2026-09-27T05:47:25.305+00:00
9728,0.12314,2026-09-27T05:47:25.305+00:00
9729,0.12636,2026-09-27T05:47:25.305+00:00
9730,0.13627,2026-09-27T05:47:30.312+00:00
9731,0.12684,2026-09-27T05:47:30.312+00:00
9732,0.12448,2026-09-27T05:47:30.312+00:00
9733,0.13300,2026-09-27T05:47:35.319+00:00
9734,0.13462,2026-09-27T05:47:35.319+00:00
9735,0.13444,2026-09-27T05:47:35.319+00:00
9736,0.12470,2026-09-27T05:47:40.326+00:00
9737,0.13668,2026-09-27T05:47:40.326+00:00
9738,0.12794,2026-09-27T05:47:40.326+00:00
9739,0.12443,2026-09-27T05:47:45.333+00:00
9740,0.12481,2026-09-27T05:47:45.333+00:00
9741,0.12750,2026-09-27T05:47:45.334+00:00
9742,0.13216,2026-09-27T05:47:45.334+00:00
9743,0.11952,2026-09-27T05:47:50.344+00:00
9744,0.12970,2026-09-27T05:47:50.344+00:00
9745,0.12841,2026-09-27T05:47:50.344+00:00
9746,0.11998,2026-09-27T05:47:55.351+00:00
9747,0.11778,2026-09-27T05:47:55.351+00:00
9748,0.12114,2026-09-27T05:47:55.351+00:00
9749,0.13309,2026-09-27T05:48:00.358+00:00
9750,0.12820,2026-09-27T05:48:00.358+00:00
9751,0.12115,2026-09-27T05:48:00.358+00:00
9752,0.13336,2026-09-27T05:48:00.358+00:00
9753,0.12154,2026-09-27T05:48:05.365+00:00
9754,0.12082,2026-09-27T05:48:05.365+00:00
9755,0.14344,2026-09-27T05:48:05.365+00:00
9756,0.12764,2026-09-27T05:48:10.372+00:00
9757,0.12488,2026-09-27T05:48:10.372+00:00
9758,0.12175,2026-09-27T05:48:10.372+00:00
9759,0.12562,2026-09-27T05:48:15.380+00:00
9760,0.13028,2026-09-27T05:48:15.380+00:00
9761,0.12165,2026-09-27T05:48:15.380+00:00
9762,0.13441,2026-09-27T05:48:15.380+00:00
9763,0.13245,2026-09-27T05:48:20.390+00:00
9764,0.13085,2026-09-27T05:48:20.390+00:00
9765,0.12464,2026-09-27T05:48:20.390+00:00
9766,0.12769,2026-09-27T05:48:25.397+00:00
9767,0.13113,2026-09-27T05:48:25.397+00:00
9768,0.13466,2026-09-27T05:48:25.397+00:00
9769,0.12496,2026-09-27T05:48:30.404+00:00
9770,0.11833,2026-09-27T05:48:30.404+00:00
9771,0.14155,2026-09-27T05:48:30.404+00:00
9772,0.13469,2026-09-27T05:48:35.411+00:00
9773,0.13402,2026-09-27T05:48:35.411+00:00
9774,0.13058,2026-09-27T05:48:35.411+00:00
9775,0.11782,2026-09-27T05:48:35.411+00:00
9776,0.12534,2026-09-27T05:48:40.418+00:00
9777,0.12451,2026-09-27T05:48:40.418+00:00
9778,0.11982,2026-09-27T05:48:40.418+00:00
9779,0.12591,2026-09-27T05:48:45.425+00:00
9780,0.13206,2026-09-27T05:48:45.425+00:00
9781,0.13505,2026-09-27T05:48:45.425+00:00
9782,0.13246,2026-09-27T05:48:50.434+00:00
9783,0.12370,2026-09-27T05:48:50.434+00:00
9784,0.13682,2026-09-27T05:48:50.434+00:00
9785,0.12827,2026-09-27T05:48:50.434+00:00
9786,0.12884,2026-09-27T05:48:55.441+00:00
9787,0.12891,2026-09-27T05:48:55.441+00:00
9788,0.12626,2026-09-27T05:48:55.441+00:00
9789,0.12623,2026-09-27T05:49:00.448+00:00
9790,0.12888,2026-09-27T05:49:00.448+00:00
9791,0.12849,2026-09-27T05:49:00.448+00:00
9792,0.13576,2026-09-27T05:49:05.455+00:00
9793,0.12624,2026-09-27T05:49:05.455+00:00
9794,0.13696,2026-09-27T05:49:05.455+00:00
9795,0.13374,2026-09-27T05:49:10.462+00:00
9796,0.12670,2026-09-27T05:49:10.462+00:00
9797,0.11751,2026-09-27T05:49:10.462+00:00
9798,0.13213,2026-09-27T05:49:10.462+00:00
9799,0.12195,2026-09-27T05:49:15.470+00:00
9800,0.12791,2026-09-27T05:49:15.470+00:00
9801,0.13664,2026-09-27T05:49:15.470+00:00
9802,0.12826,2026-09-27T05:49:20.480+00:00
9803,0.12620,2026-09-27T05:49:20.480+00:00
9804,0.12032,2026-09-27T05:49:20.480+00:00
9805,0.12594,2026-09-27T05:49:25.487+00:00
9806,0.11753,2026-09-27T05:49:25.488+00:00
9807,0.12489,2026-09-27T05:49:25.488+00:00
9808,0.12120,2026-09-27T05:49:25.488+00:00
9809,0.13640,2026-09-27T05:49:30.495+00:00
9810,0.13203,2026-09-27T05:49:30.495+00:00
9811,0.12949,2026-09-27T05:49:30.495+00:00
9812,0.13348,2026-09-27T05:49:35.501+00:00
9813,0.12885,2026-09-27T05:49:35.502+00:00
9814,0.13288,2026-09-27T05:49:35.502+00:00
9815,0.12864,2026-09-27T05:49:40.509+00:00
9816,0.13338,2026-09-27T05:49:40.509+00:00
9817,0.12911,2026-09-27T05:49:40.509+00:00
9818,0.13163,2026-09-27T05:49:40.509+00:00
9819,0.13416,2026-09-27T05:49:45.516+00:00
9820,0.13371,2026-09-27T05:49:45.517+00:00
9821,0.11852,2026-09-27T05:49:45.517+00:00
9822,0.13444,2026-09-27T05:49:50.526+00:00
9823,0.13509,2026-09-27T05:49:50.527+00:00
9824,0.12023,2026-09-27T05:49:50.527+00:00
9825,0.13031,2026-09-27T05:49:55.533+00:00
9826,0.13655,2026-09-27T05:49:55.533+00:00
9827,0.13058,2026-09-27T05:49:55.533+00:00
9828,0.12383,2026-09-27T05:50:00.540+00:00
9829,0.12373,2026-09-27T05:50:00.540+00:00
9830,0.12965,2026-09-27T05:50:00.540+00:00
9831,0.11544,2026-09-27T05:50:05.546+00:00
9832,0.12856,2026-09-27T05:50:05.547+00:00
9833,0.12419,2026-09-27T05:50:05.547+00:00
9834,0.12232,2026-09-27T05:50:05.547+00:00
9835,0.12094,2026-09-27T05:50:10.554+00:00
9836,0.12606,2026-09-27T05:50:10.554+00:00
9837,0.12737,2026-09-27T05:50:10.554+00:00
9838,0.11795,2026-09-27T05:50:15.563+00:00
9839,0.12903,2026-09-27T05:50:15.563+00:00
9840,0.12630,2026-09-27T05:50:15.563+00:00
9841,0.13345,2026-09-27T05:50:20.573+00:00
9842,0.12605,2026-09-27T05:50:20.573+00:00
9843,0.12028,2026-09-27T05:50:20.573+00:00
9844,0.11705,2026-09-27T05:50:20.573+00:00
9845,0.12544,2026-09-27T05:50:25.579+00:00
9846,0.13126,2026-09-27T05:50:25.579+00:00
9847,0.12542,2026-09-27T05:50:25.579+00:00
9848,0.12165,2026-09-27T05:50:30.586+00:00
9849,0.13570,2026-09-27T05:50:30.586+00:00
9850,0.13225,2026-09-27T05:50:30.586+00:00
9851,0.13477,2026-09-27T05:50:35.593+00:00
9852,0.13657,2026-09-27T05:50:35.593+00:00
9853,0.13527,2026-09-27T05:50:35.593+00:00
9854,0.12146,2026-09-27T05:50:35.593+00:00
9855,0.12894,2026-09-27T05:50:40.601+00:00
9856,0.12819,2026-09-27T05:50:40.601+00:00
9857,0.12949,2026-09-27T05:50:40.601+00:00
9858,0.13103,2026-09-27T05:50:45.608+00:00
9859,0.13313,2026-09-27T05:50:45.608+00:00
9860,0.13499,2026-09-27T05:50:45.608+00:00
9861,0.12904,2026-09-27T05:50:50.618+00:00
9862,0.12603,2026-09-27T05:50:50.618+00:00
9863,0.12857,2026-09-27T05:50:50.618+00:00
9864,0.12330,2026-09-27T05:50:55.626+00:00
9865,0.12085,2026-09-27T05:50:55.626+00:00
9866,0.11887,2026-09-27T05:50:55.626+00:00
9867,0.13050,2026-09-27T05:50:55.626+00:00
9868,0.13166,2026-09-27T05:51:00.633+00:00
9869,0.11986,2026-09-27T05:51:00.633+00:00
9870,0.13047,2026-09-27T05:51:00.633+00:00
9871,0.13096,2026-09-27T05:51:05.639+00:00
9872,0.12252,2026-09-27T05:51:05.639+00:00
9873,0.11952,2026-09-27T05:51:05.639+00:00
9874,0.13256,2026-09-27T05:51:10.646+00:00
9875,0.13161,2026-09-27T05:51:10.646+00:00
9876,0.11839,2026-09-27T05:51:10.647+00:00
9877,0.12180,2026-09-27T05:51:10.647+00:00
9878,0.11827,2026-09-27T05:51:15.654+00:00
9879,0.12832,2026-09-27T05:51:15.654+00:00
9880,0.13346,2026-09-27T05:51:15.655+00:00
9881,0.13266,2026-09-27T05:51:20.665+00:00
9882,0.13554,2026-09-27T05:51:20.665+00:00
9883,0.12018,2026-09-27T05:51:20.665+00:00
9884,0.13532,2026-09-27T05:51:25.672+00:00
9885,0.12748,2026-09-27T05:51:25.672+00:00
9886,0.13019,2026-09-27T05:51:25.672+00:00
9887,0.13338,2026-09-27T05:51:30.679+00:00
9888,0.12865,2026-09-27T05:51:30.679+00:00
9889,0.12686,2026-09-27T05:51:30.679+00:00
9890,0.12248,2026-09-27T05:51:30.679+00:00
9891,0.13092,2026-09-27T05:51:35.686+00:00
9892,0.12510,2026-09-27T05:51:35.686+00:00
9893,0.12714,2026-09-27T05:51:35.686+00:00
9894,0.12911,2026-09-27T05:51:40.694+00:00
9895,0.13249,2026-09-27T05:51:40.694+00:00
9896,0.12973,2026-09-27T05:51:40.694+00:00
9897,0.12588,2026-09-27T05:51:45.701+00:00
9898,0.13660,2026-09-27T05:51:45.701+00:00
9899,0.12592,2026-09-27T05:51:45.701+00:00
9900,0.12134,2026-09-27T05:51:50.711+00:00
9901,0.13670,2026-09-27T05:51:50.711+00:00
9902,0.12424,2026-09-27T05:51:50.711+00:00
9903,0.12922,2026-09-27T05:51:50.712+00:00
9904,0.12645,2026-09-27T05:51:55.719+00:00
9905,0.12899,2026-09-27T05:51:55.719+00:00
9906,0.13090,2026-09-27T05:51:55.719+00:00
9907,0.12961,2026-09-27T05:52:00.726+00:00
9908,0.12458,2026-09-27T05:52:00.726+00:00
9909,0.13506,2026-09-27T05:52:00.726+00:00
9910,0.13079,2026-09-27T05:52:05.733+00:00
9911,0.13383,2026-09-27T05:52:05.733+00:00
9912,0.13500,2026-09-27T05:52:05.733+00:00
9913,0.12704,2026-09-27T05:52:10.740+00:00
9914,0.13641,2026-09-27T05:52:10.741+00:00
9915,0.12324,2026-09-27T05:52:10.741+00:00
9916,0.11743,2026-09-27T05:52:15.749+00:00
9917,0.13169,2026-09-27T05:52:15.749+00:00
9918,0.13005,2026-09-27T05:52:15.749+00:00
9919,0.13024,2026-09-27T05:52:15.749+00:00
9920,0.12993,2026-09-27T05:52:20.758+00:00
9921,0.12603,2026-09-27T05:52:20.758+00:00
9922,0.12772,2026-09-27T05:52:20.758+00:00
9923,0.12566,2026-09-27T05:52:25.766+00:00
9924,0.14404,2026-09-27T05:52:25.766+00:00
9925,0.12526,2026-09-27T05:52:25.766+00:00
9926,0.12826,2026-09-27T05:52:30.773+00:00
9927,0.12873,2026-09-27T05:52:30.773+00:00
9928,0.12932,2026-09-27T05:52:30.773+00:00
9929,0.13148,2026-09-27T05:52:30.773+00:00
9930,0.13097,2026-09-27T05:52:35.780+00:00
9931,0.12251,2026-09-27T05:52:35.780+00:00
9932,0.13093,2026-09-27T05:52:35.780+00:00
9933,0.13681,2026-09-27T05:52:40.787+00:00
9934,0.13281,2026-09-27T05:52:40.787+00:00
9935,0.13474,2026-09-27T05:52:40.787+00:00
9936,0.13231,2026-09-27T05:52:45.794+00:00
9937,0.12739,2026-09-27T05:52:45.794+00:00
9938,0.12886,2026-09-27T05:52:45.795+00:00
9939,0.12836,2026-09-27T05:52:50.805+00:00
9940,0.11862,2026-09-27T05:52:50.805+00:00
9941,0.13795,2026-09-27T05:52:50.805+00:00
9942,0.11959,2026-09-27T05:52:50.805+00:00
9943,0.13768,2026-09-27T05:52:55.812+00:00
9944,0.13093,2026-09-27T05:52:55.812+00:00
9945,0.12505,2026-09-27T05:52:55.812+00:00
9946,0.12477,2026-09-27T05:53:00.819+00:00
9947,0.12294,2026-09-27T05:53:00.819+00:00
9948,0.13565,2026-09-27T05:53:00.819+00:00
9949,0.12764,2026-09-27T05:53:05.826+00:00
9950,0.12862,2026-09-27T05:53:05.826+00:00
9951,0.12495,2026-09-27T05:53:05.826+00:00
9952,0.11975,2026-09-27T05:53:10.833+00:00
9953,0.13857,2026-09-27T05:53:10.833+00:00
9954,0.13345,2026-09-27T05:53:10.833+00:00
9955,0.13330,2026-09-27T05:53:15.841+00:00
9956,0.12105,2026-09-27T05:53:15.842+00:00
9957,0.13024,2026-09-27T05:53:15.842+00:00
9958,0.13671,2026-09-27T05:53:20.851+00:00
9959,0.12654,2026-09-27T05:53:20.851+00:00
9960,0.12283,2026-09-27T05:53:20.851+00:00
9961,0.13163,2026-09-27T05:53:20.851+00:00
9962,0.13126,2026-09-27T05:53:25.859+00:00
9963,0.12264,2026-09-27T05:53:25.859+00:00
9964,0.12873,2026-09-27T05:53:25.859+00:00
9965,0.13000,2026-09-27T05:53:30.866+00:00
9966,0.12689,2026-09-27T05:53:30.866+00:00
9967,0.12490,2026-09-27T05:53:30.866+00:00
9968,0.13212,2026-09-27T05:53:35.873+00:00
9969,0.12343,2026-09-27T05:53:35.873+00:00
9970,0.12698,2026-09-27T05:53:35.874+00:00
9971,0.12240,2026-09-27T05:53:40.881+00:00
9972,0.13135,2026-09-27T05:53:40.881+00:00
9973,0.11918,2026-09-27T05:53:40.881+00:00
9974,0.13161,2026-09-27T05:53:40.881+00:00
9975,0.13148,2026-09-27T05:53:45.888+00:00
9976,0.12599,2026-09-27T05:53:45.888+00:00
9977,0.13107,2026-09-27T05:53:45.888+00:00
9978,0.12150,2026-09-27T05:53:50.898+00:00
9979,0.13040,2026-09-27T05:53:50.898+00:00
9980,0.12421,2026-09-27T05:53:50.898+00:00
9981,0.13089,2026-09-27T05:53:55.905+00:00
9982,0.12042,2026-09-27T05:53:55.905+00:00
9983,0.13903,2026-09-27T05:53:55.905+00:00
9984,0.12865,2026-09-27T05:54:00.912+00:00
9985,0.13604,2026-09-27T05:54:00.912+00:00
9986,0.13156,2026-09-27T05:54:00.912+00:00
9987,0.12961,2026-09-27T05:54:00.912+00:00
9988,0.12260,2026-09-27T05:54:05.919+00:00
9989,0.13577,2026-09-27T05:54:05.919+00:00
9990,0.12717,2026-09-27T05:54:05.919+00:00
9991,0.12008,2026-09-27T05:54:10.926+00:00
9992,0.12470,2026-09-27T05:54:10.927+00:00
9993,0.13513,2026-09-27T05:54:10.927+00:00
9994,0.12932,2026-09-27T05:54:15.935+00:00
9995,0.14395,2026-09-27T05:54:15.935+00:00
9996,0.12411,2026-09-27T05:54:15.935+00:00
9997,0.13118,2026-09-27T05:54:20.943+00:00
9998,0.12855,2026-09-27T05:54:20.943+00:00
9999,0.13435,2026-09-27T05:54:20.943+00:00
10000,0.13292,2026-09-27T05:54:25.951+00:00
10001,0.12956,2026-09-27T05:54:25.951+00:00
10002,0.12011,2026-09-27T05:54:25.951+00:00
10003,0.13130,2026-09-27T05:54:25.951+00:00
10004,0.12803,2026-09-27T05:54:30.958+00:00
10005,0.12793,2026-09-27T05:54:30.958+00:00
10006,0.12244,2026-09-27T05:54:30.958+00:00
10007,0.13216,2026-09-27T05:54:35.965+00:00
10008,0.12707,2026-09-27T05:54:35.965+00:00
10009,0.12587,2026-09-27T05:54:35.966+00:00
10010,0.13194,2026-09-27T05:54:40.973+00:00
10011,0.13049,2026-09-27T05:54:40.973+00:00
10012,0.14143,2026-09-27T05:54:40.973+00:00
10013,0.13558,2026-09-27T05:54:45.980+00:00
10014,0.13298,2026-09-27T05:54:45.981+00:00
10015,0.12743,2026-09-27T05:54:45.981+00:00
10016,0.12849,2026-09-27T05:54:45.981+00:00
10017,0.12284,2026-09-27T05:54:50.992+00:00
10018,0.13153,2026-09-27T05:54:50.992+00:00
10019,0.12097,2026-09-27T05:54:50.992+00:00
10020,0.12142,2026-09-27T05:54:56.000+00:00
10021,0.12796,2026-09-27T05:54:56.000+00:00
10022,0.12896,2026-09-27T05:54:56.000+00:00
10023,0.12619,2026-09-27T05:55:01.007+00:00
10024,0.13115,2026-09-27T05:55:01.007+00:00
10025,0.12814,2026-09-27T05:55:01.007+00:00
10026,0.13448,2026-09-27T05:55:06.016+00:00
10027,0.12692,2026-09-27T05:55:06.016+00:00
10028,0.12546,2026-09-27T05:55:06.016+00:00
10029,0.12885,2026-09-27T05:55:11.023+00:00
10030,0.12973,2026-09-27T05:55:11.023+00:00
10031,0.12366,2026-09-27T05:55:11.023+00:00
10032,0.12976,2026-09-27T05:55:11.023+00:00
10033,0.13273,2026-09-27T05:55:16.031+00:00
10034,0.13082,2026-09-27T05:55:16.032+00:00
10035,0.12813,2026-09-27T05:55:16.032+00:00
10036,0.13073,2026-09-27T05:55:21.041+00:00
10037,0.12420,2026-09-27T05:55:21.042+00:00
10038,0.12140,2026-09-27T05:55:21.042+00:00
10039,0.12746,2026-09-27T05:55:26.049+00:00
10040,0.12010,2026-09-27T05:55:26.049+00:00
10041,0.13686,2026-09-27T05:55:26.049+00:00
10042,0.13170,2026-09-27T05:55:31.056+00:00
10043,0.12492,2026-09-27T05:55:31.057+00:00
10044,0.12062,2026-09-27T05:55:31.057+00:00
10045,0.12423,2026-09-27T05:55:31.057+00:00
10046,0.13453,2026-09-27T05:55:36.064+00:00
10047,0.13360,2026-09-27T05:55:36.064+00:00
10048,0.12388,2026-09-27T05:55:36.064+00:00
10049,0.12915,2026-09-27T05:55:41.072+00:00
10050,0.12634,2026-09-27T05:55:41.072+00:00
10051,0.12734,2026-09-27T05:55:41.072+00:00
10052,0.13142,2026-09-27T05:55:46.079+00:00
10053,0.13013,2026-09-27T05:55:46.079+00:00
10054,0.12553,2026-09-27T05:55:46.079+00:00
10055,0.13024,2026-09-27T05:55:51.089+00:00
10056,0.12474,2026-09-27T05:55:51.089+00:00
10057,0.13260,2026-09-27T05:55:51.089+00:00
10058,0.12629,2026-09-27T05:55:56.097+00:00
10059,0.13151,2026-09-27T05:55:56.097+00:00
10060,0.13314,2026-09-27T05:55:56.097+00:00
10061,0.13713,2026-09-27T05:55:56.097+00:00
10062,0.12612,2026-09-27T05:56:01.104+00:00
10063,0.12840,2026-09-27T05:56:01.104+00:00
10064,0.13027,2026-09-27T05:56:01.105+00:00
10065,0.13204,2026-09-27T05:56:06.112+00:00
10066,0.13421,2026-09-27T05:56:06.112+00:00
10067,0.12131,2026-09-27T05:56:06.112+00:00
10068,0.13083,2026-09-27T05:56:11.119+00:00
10069,0.12738,2026-09-27T05:56:11.120+00:00
10070,0.12305,2026-09-27T05:56:11.120+00:00
10071,0.12649,2026-09-27T05:56:16.128+00:00
10072,0.13200,2026-09-27T05:56:16.128+00:00
10073,0.12365,2026-09-27T05:56:16.128+00:00
10074,0.13171,2026-09-27T05:56:16.128+00:00
10075,0.12352,2026-09-27T05:56:21.139+00:00
10076,0.12283,2026-09-27T05:56:21.139+00:00
10077,0.12557,2026-09-27T05:56:21.139+00:00
10078,0.13028,2026-09-27T05:56:26.146+00:00
10079,0.13382,2026-09-27T05:56:26.146+00:00
10080,0.13220,2026-09-27T05:56:26.146+00:00
10081,0.12724,2026-09-27T05:56:31.153+00:00
10082,0.12923,2026-09-27T05:56:31.153+00:00
10083,0.12832,2026-09-27T05:56:31.153+00:00
10084,0.12673,2026-09-27T05:56:36.160+00:00
10085,0.11037,2026-09-27T05:56:36.161+00:00
10086,0.12232,2026-09-27T05:56:36.161+00:00
10087,0.12731,2026-09-27T05:56:36.161+00:00
10088,0.12917,2026-09-27T05:56:41.168+00:00
10089,0.12628,2026-09-27T05:56:41.168+00:00
10090,0.13262,2026-09-27T05:56:41.168+00:00
10091,0.12246,2026-09-27T05:56:46.175+00:00
10092,0.12493,2026-09-27T05:56:46.176+00:00
10093,0.13082,2026-09-27T05:56:46.176+00:00
10094,0.12633,2026-09-27T05:56:51.185+00:00
10095,0.12603,2026-09-27T05:56:51.185+00:00
10096,0.12812,2026-09-27T05:56:51.185+00:00
10097,0.12409,2026-09-27T05:56:51.185+00:00
10098,0.12302,2026-09-27T05:56:56.192+00:00
10099,0.12838,2026-09-27T05:56:56.193+00:00
10100,0.13568,2026-09-27T05:56:56.193+00:00
10101,0.12709,2026-09-27T05:57:01.200+00:00
10102,0.12414,2026-09-27T05:57:01.200+00:00
10103,0.12947,2026-09-27T05:57:01.200+00:00
10104,0.12953,2026-09-27T05:57:06.207+00:00
10105,0.12487,2026-09-27T05:57:06.208+00:00
10106,0.12770,2026-09-27T05:57:06.208+00:00
10107,0.12510,2026-09-27T05:57:06.208+00:00
10108,0.12697,2026-09-27T05:57:11.215+00:00
10109,0.11784,2026-09-27T05:57:11.215+00:00
10110,0.12275,2026-09-27T05:57:11.215+00:00
10111,0.11865,2026-09-27T05:57:16.223+00:00
10112,0.12395,2026-09-27T05:57:16.224+00:00
10113,0.12578,2026-09-27T05:57:16.224+00:00
10114,0.12978,2026-09-27T05:57:21.234+00:00
10115,0.12273,2026-09-27T05:57:21.234+00:00
10116,0.12994,2026-09-27T05:57:21.234+00:00
10117,0.11130,2026-09-27T05:57:21.234+00:00
10118,0.12701,2026-09-27T05:57:26.242+00:00
10119,0.12429,2026-09-27T05:57:26.242+00:00
10120,0.13368,2026-09-27T05:57:26.242+00:00
10121,0.12366,2026-09-27T05:57:31.249+00:00
10122,0.12343,2026-09-27T05:57:31.249+00:00
10123,0.12367,2026-09-27T05:57:31.249+00:00
10124,0.11912,2026-09-27T05:57:36.256+00:00
10125,0.12856,2026-09-27T05:57:36.256+00:00
10126,0.12517,2026-09-27T05:57:36.256+00:00
10127,0.11970,2026-09-27T05:57:36.256+00:00
10128,0.12533,2026-09-27T05:57:41.263+00:00
10129,0.13427,2026-09-27T05:57:41.264+00:00
10130,0.12623,2026-09-27T05:57:41.264+00:00
10131,0.12993,2026-09-27T05:57:46.270+00:00
10132,0.13120,2026-09-27T05:57:46.271+00:00
10133,0.12592,2026-09-27T05:57:46.271+00:00
10134,0.13171,2026-09-27T05:57:51.280+00:00
10135,0.13106,2026-09-27T05:57:51.281+00:00
10136,0.12876,2026-09-27T05:57:51.281+00:00
10137,0.13269,2026-09-27T05:57:56.288+00:00
10138,0.12800,2026-09-27T05:57:56.288+00:00
10139,0.13301,2026-09-27T05:57:56.288+00:00
10140,0.12194,2026-09-27T05:57:56.288+00:00
10141,0.13218,2026-09-27T05:58:01.295+00:00
10142,0.12339,2026-09-27T05:58:01.295+00:00
10143,0.12895,2026-09-27T05:58:01.295+00:00
10144,0.12478,2026-09-27T05:58:06.303+00:00
10145,0.13643,2026-09-27T05:58:06.303+00:00
10146,0.13556,2026-09-27T05:58:06.303+00:00
10147,0.12246,2026-09-27T05:58:11.310+00:00
10148,0.12531,2026-09-27T05:58:11.310+00:00
10149,0.13155,2026-09-27T05:58:11.310+00:00
10150,0.13962,2026-09-27T05:58:16.318+00:00
10151,0.12767,2026-09-27T05:58:16.319+00:00
10152,0.11529,2026-09-27T05:58:16.319+00:00
10153,0.12557,2026-09-27T05:58:16.319+00:00
10154,0.12972,2026-09-27T05:58:21.329+00:00
10155,0.13341,2026-09-27T05:58:21.329+00:00
10156,0.13630,2026-09-27T05:58:21.329+00:00
10157,0.12704,2026-09-27T05:58:26.336+00:00
10158,0.12292,2026-09-27T05:58:26.337+00:00
10159,0.12998,2026-09-27T05:58:26.337+00:00
10160,0.13388,2026-09-27T05:58:31.344+00:00
10161,0.12539,2026-09-27T05:58:31.344+00:00
10162,0.12398,2026-09-27T05:58:31.344+00:00
10163,0.11708,2026-09-27T05:58:36.352+00:00
10164,0.12748,2026-09-27T05:58:36.352+00:00
10165,0.13593,2026-09-27T05:58:36.352+00:00
10166,0.12722,2026-09-27T05:58:36.352+00:00
10167,0.12690,2026-09-27T05:58:41.359+00:00
10168,0.12039,2026-09-27T05:58:41.359+00:00
10169,0.13723,2026-09-27T05:58:41.359+00:00
10170,0.13404,2026-09-27T05:58:46.366+00:00
10171,0.13453,2026-09-27T05:58:46.366+00:00
10172,0.12666,2026-09-27T05:58:46.366+00:00
10173,0.12900,2026-09-27T05:58:51.375+00:00
10174,0.12924,2026-09-27T05:58:51.376+00:00
10175,0.12351,2026-09-27T05:58:51.376+00:00
10176,0.13436,2026-09-27T05:58:56.383+00:00
10177,0.12737,2026-09-27T05:58:56.383+00:00
10178,0.11366,2026-09-27T05:58:56.383+00:00
10179,0.12147,2026-09-27T05:58:56.383+00:00
10180,0.12783,2026-09-27T05:59:01.391+00:00
10181,0.13138,2026-09-27T05:59:01.391+00:00
10182,0.12127,2026-09-27T05:59:01.391+00:00
10183,0.12857,2026-09-27T05:59:06.398+00:00
10184,0.13024,2026-09-27T05:59:06.398+00:00
10185,0.13024,2026-09-27T05:59:06.398+00:00
10186,0.12960,2026-09-27T05:59:11.405+00:00
10187,0.12527,2026-09-27T05:59:11.405+00:00
10188,0.12605,2026-09-27T05:59:11.405+00:00
10189,0.13405,2026-09-27T05:59:16.414+00:00
10190,0.13169,2026-09-27T05:59:16.414+00:00
10191,0.12652,2026-09-27T05:59:16.414+00:00
10192,0.13357,2026-09-27T05:59:16.414+00:00
10193,0.12696,2026-09-27T05:59:21.423+00:00
10194,0.12581,2026-09-27T05:59:21.424+00:00
10195,0.12941,2026-09-27T05:59:21.424+00:00
10196,0.12468,2026-09-27T05:59:26.431+00:00
10197,0.13203,2026-09-27T05:59:26.431+00:00
10198,0.12704,2026-09-27T05:59:26.431+00:00
10199,0.12956,2026-09-27T05:59:31.439+00:00
10200,0.13128,2026-09-27T05:59:31.439+00:00
10201,0.12788,2026-09-27T05:59:31.439+00:00
10202,0.12487,2026-09-27T05:59:36.446+00:00
10203,0.13215,2026-09-27T05:59:36.446+00:00
10204,0.13600,2026-09-27T05:59:36.446+00:00
10205,0.12233,2026-09-27T05:59:41.454+00:00
10206,0.12895,2026-09-27T05:59:41.454+00:00
10207,0.12280,2026-09-27T05:59:41.454+00:00
10208,0.12563,2026-09-27T05:59:41.454+00:00
10209,0.13137,2026-09-27T05:59:46.461+00:00
10210,0.13569,2026-09-27T05:59:46.462+00:00
10211,0.12523,2026-09-27T05:59:46.462+00:00
10212,0.13281,2026-09-27T05:59:51.472+00:00
10213,0.12671,2026-09-27T05:59:51.472+00:00
10214,0.12227,2026-09-27T05:59:51.472+00:00
10215,0.13039,2026-09-27T05:59:56.479+00:00
10216,0.13312,2026-09-27T05:59:56.479+00:00
10217,0.12782,2026-09-27T05:59:56.479+00:00
10218,0.12981,2026-09-27T06:00:01.487+00:00
10219,0.12177,2026-09-27T06:00:01.487+00:00
10220,0.12890,2026-09-27T06:00:01.487+00:00
10221,0.13079,2026-09-27T06:00:01.487+00:00
10222,0.13223,2026-09-27T06:00:06.493+00:00
10223,0.10894,2026-09-27T06:00:06.493+00:00
10224,0.13361,2026-09-27T06:00:06.494+00:00
10225,0.11568,2026-09-27T06:00:11.501+00:00
10226,0.12620,2026-09-27T06:00:11.501+00:00
10227,0.12572,2026-09-27T06:00:11.501+00:00
10228,0.11830,2026-09-27T06:00:16.510+00:00
10229,0.12657,2026-09-27T06:00:16.510+00:00
10230,0.13484,2026-09-27T06:00:16.510+00:00
10231,0.13094,2026-09-27T06:00:16.510+00:00
10232,0.12728,2026-09-27T06:00:21.520+00:00
10233,0.12711,2026-09-27T06:00:21.520+00:00
10234,0.13039,2026-09-27T06:00:21.520+00:00
10235,0.13512,2026-09-27T06:00:26.528+00:00
10236,0.12710,2026-09-27T06:00:26.528+00:00
10237,0.12774,2026-09-27T06:00:26.528+00:00
10238,0.13254,2026-09-27T06:00:31.535+00:00
10239,0.12567,2026-09-27T06:00:31.536+00:00
10240,0.12144,2026-09-27T06:00:31.536+00:00
10241,0.12945,2026-09-27T06:00:36.543+00:00
10242,0.13251,2026-09-27T06:00:36.543+00:00
10243,0.12394,2026-09-27T06:00:36.543+00:00
10244,0.12765,2026-09-27T06:00:36.543+00:00
10245,0.12693,2026-09-27T06:00:41.551+00:00
10246,0.11906,2026-09-27T06:00:41.551+00:00
10247,0.12603,2026-09-27T06:00:41.551+00:00
10248,0.13233,2026-09-27T06:00:46.558+00:00
10249,0.12704,2026-09-27T06:00:46.558+00:00
10250,0.13628,2026-09-27T06:00:46.558+00:00
10251,0.13604,2026-09-27T06:00:51.568+00:00
10252,0.13445,2026-09-27T06:00:51.568+00:00
10253,0.12345,2026-09-27T06:00:51.568+00:00
10254,0.12812,2026-09-27T06:00:56.575+00:00
10255,0.13048,2026-09-27T06:00:56.575+00:00
10256,0.13234,2026-09-27T06:00:56.575+00:00
10257,0.12803,2026-09-27T06:00:56.575+00:00
10258,0.12363,2026-09-27T06:01:01.582+00:00
10259,0.13183,2026-09-27T06:01:01.582+00:00
10260,0.13147,2026-09-27T06:01:01.583+00:00
10261,0.12895,2026-09-27T06:01:06.590+00:00
10262,0.12607,2026-09-27T06:01:06.590+00:00
10263,0.13121,2026-09-27T06:01:06.590+00:00
10264,0.13031,2026-09-27T06:01:11.597+00:00
10265,0.12696,2026-09-27T06:01:11.597+00:00
10266,0.13085,2026-09-27T06:01:11.597+00:00
10267,0.11997,2026-09-27T06:01:16.605+00:00
10268,0.13309,2026-09-27T06:01:16.605+00:00
10269,0.12988,2026-09-27T06:01:16.606+00:00
10270,0.12798,2026-09-27T06:01:16.606+00:00
10271,0.12805,2026-09-27T06:01:21.615+00:00
10272,0.12967,2026-09-27T06:01:21.615+00:00
10273,0.12167,2026-09-27T06:01:21.615+00:00
10274,0.12502,2026-09-27T06:01:26.622+00:00
10275,0.13550,2026-09-27T06:01:26.622+00:00
10276,0.12282,2026-09-27T06:01:26.622+00:00
10277,0.12153,2026-09-27T06:01:31.630+00:00
10278,0.12963,2026-09-27T06:01:31.630+00:00
10279,0.13259,2026-09-27T06:01:31.630+00:00
10280,0.12049,2026-09-27T06:01:36.637+00:00
10281,0.12232,2026-09-27T06:01:36.637+00:00
10282,0.12619,2026-09-27T06:01:36.637+00:00
10283,0.13765,2026-09-27T06:01:36.637+00:00
10284,0.12016,2026-09-27T06:01:41.644+00:00
10285,0.12008,2026-09-27T06:01:41.645+00:00
10286,0.13225,2026-09-27T06:01:41.645+00:00
10287,0.12649,2026-09-27T06:01:46.652+00:00
10288,0.13851,2026-09-27T06:01:46.652+00:00
10289,0.12451,2026-09-27T06:01:46.652+00:00
10290,0.12927,2026-09-27T06:01:51.662+00:00
10291,0.13254,2026-09-27T06:01:51.662+00:00
10292,0.12219,2026-09-27T06:01:51.662+00:00
10293,0.13015,2026-09-27T06:01:56.669+00:00
10294,0.12214,2026-09-27T06:01:56.669+00:00
10295,0.12856,2026-09-27T06:01:56.669+00:00
10296,0.13100,2026-09-27T06:01:56.669+00:00
10297,0.12592,2026-09-27T06:02:01.677+00:00
10298,0.12760,2026-09-27T06:02:01.677+00:00
10299,0.12702,2026-09-27T06:02:01.677+00:00
10300,0.12741,2026-09-27T06:02:06.684+00:00
10301,0.12804,2026-09-27T06:02:06.684+00:00
10302,0.13235,2026-09-27T06:02:06.684+00:00
10303,0.13403,2026-09-27T06:02:11.691+00:00
10304,0.12412,2026-09-27T06:02:11.691+00:00
10305,0.11657,2026-09-27T06:02:11.691+00:00
10306,0.12420,2026-09-27T06:02:16.700+00:00
10307,0.11576,2026-09-27T06:02:16.700+00:00
10308,0.12354,2026-09-27T06:02:16.700+00:00
10309,0.12581,2026-09-27T06:02:16.700+00:00
10310,0.12638,2026-09-27T06:02:21.710+00:00
10311,0.12952,2026-09-27T06:02:21.710+00:00
10312,0.12349,2026-09-27T06:02:21.710+00:00
10313,0.12282,2026-09-27T06:02:26.718+00:00
10314,0.11917,2026-09-27T06:02:26.718+00:00
10315,0.12445,2026-09-27T06:02:26.719+00:00
10316,0.13789,2026-09-27T06:02:31.726+00:00
10317,0.13672,2026-09-27T06:02:31.726+00:00
10318,0.12829,2026-09-27T06:02:31.726+00:00
10319,0.13374,2026-09-27T06:02:36.733+00:00
10320,0.13300,2026-09-27T06:02:36.733+00:00
10321,0.12528,2026-09-27T06:02:36.733+00:00
10322,0.12898,2026-09-27T06:02:36.733+00:00
10323,0.13013,2026-09-27T06:02:41.740+00:00
10324,0.12025,2026-09-27T06:02:41.740+00:00
10325,0.12469,2026-09-27T06:02:41.740+00:00
10326,0.12936,2026-09-27T06:02:46.748+00:00
10327,0.13099,2026-09-27T06:02:46.748+00:00
10328,0.12871,2026-09-27T06:02:46.748+00:00
10329,0.12961,2026-09-27T06:02:51.758+00:00
10330,0.12884,2026-09-27T06:02:51.758+00:00
10331,0.12986,2026-09-27T06:02:51.758+00:00
10332,0.11877,2026-09-27T06:02:56.764+00:00
10333,0.12549,2026-09-27T06:02:56.764+00:00
10334,0.12644,2026-09-27T06:02:56.765+00:00
10335,0.13065,2026-09-27T06:02:56.765+00:00
10336,0.12137,2026-09-27T06:03:01.771+00:00
10337,0.12824,2026-09-27T06:03:01.771+00:00
10338,0.12866,2026-09-27T06:03:01.771+00:00
10339,0.12736,2026-09-27T06:03:06.779+00:00
10340,0.12465,2026-09-27T06:03:06.779+00:00
10341,0.13191,2026-09-27T06:03:06.779+00:00
10342,0.12121,2026-09-27T06:03:11.786+00:00
10343,0.12896,2026-09-27T06:03:11.786+00:00
10344,0.11724,2026-09-27T06:03:11.786+00:00
10345,0.13944,2026-09-27T06:03:16.794+00:00
10346,0.13412,2026-09-27T06:03:16.794+00:00
10347,0.12462,2026-09-27T06:03:16.794+00:00
10348,0.12369,2026-09-27T06:03:16.794+00:00
10349,0.13673,2026-09-27T06:03:21.804+00:00
10350,0.12760,2026-09-27T06:03:21.804+00:00
10351,0.13133,2026-09-27T06:03:21.804+00:00
10352,0.12811,2026-09-27T06:03:26.811+00:00
10353,0.12292,2026-09-27T06:03:26.811+00:00
10354,0.12622,2026-09-27T06:03:26.811+00:00
10355,0.12934,2026-09-27T06:03:31.818+00:00
10356,0.12306,2026-09-27T06:03:31.818+00:00
10357,0.12636,2026-09-27T06:03:31.818+00:00
10358,0.12853,2026-09-27T06:03:36.825+00:00
10359,0.12309,2026-09-27T06:03:36.825+00:00
10360,0.13547,2026-09-27T06:03:36.825+00:00
10361,0.12491,2026-09-27T06:03:36.825+00:00
10362,0.12670,2026-09-27T06:03:41.833+00:00
10363,0.13050,2026-09-27T06:03:41.833+00:00
10364,0.11869,2026-09-27T06:03:41.833+00:00
10365,0.12185,2026-09-27T06:03:46.840+00:00
10366,0.12459,2026-09-27T06:03:46.840+00:00
10367,0.13032,2026-09-27T06:03:46.840+00:00
10368,0.12100,2026-09-27T06:03:51.850+00:00
10369,0.12414,2026-09-27T06:03:51.850+00:00
10370,0.12389,2026-09-27T06:03:51.850+00:00
10371,0.12556,2026-09-27T06:03:51.850+00:00
10372,0.12885,2026-09-27T06:03:56.857+00:00
10373,0.12895,2026-09-27T06:03:56.857+00:00
10374,0.12366,2026-09-27T06:03:56.857+00:00
10375,0.12498,2026-09-27T06:04:01.864+00:00
10376,0.12712,2026-09-27T06:04:01.864+00:00
10377,0.12113,2026-09-27T06:04:01.864+00:00
10378,0.13360,2026-09-27T06:04:06.871+00:00
10379,0.12171,2026-09-27T06:04:06.871+00:00
10380,0.12217,2026-09-27T06:04:06.871+00:00
10381,0.12227,2026-09-27T06:04:11.878+00:00
10382,0.12369,2026-09-27T06:04:11.878+00:00
10383,0.12900,2026-09-27T06:04:11.878+00:00
10384,0.12837,2026-09-27T06:04:11.878+00:00
10385,0.12356,2026-09-27T06:04:16.886+00:00
10386,0.12191,2026-09-27T06:04:16.886+00:00
10387,0.12649,2026-09-27T06:04:16.886+00:00
10388,0.13037,2026-09-27T06:04:21.896+00:00
10389,0.13254,2026-09-27T06:04:21.897+00:00
10390,0.12840,2026-09-27T06:04:21.897+00:00
10391,0.13214,2026-09-27T06:04:26.903+00:00
10392,0.13302,2026-09-27T06:04:26.903+00:00
10393,0.13153,2026-09-27T06:04:26.904+00:00
10394,0.12879,2026-09-27T06:04:31.910+00:00
10395,0.12504,2026-09-27T06:04:31.910+00:00
10396,0.12723,2026-09-27T06:04:31.910+00:00
10397,0.11437,2026-09-27T06:04:31.910+00:00
10398,0.12267,2026-09-27T06:04:36.917+00:00
10399,0.11589,2026-09-27T06:04:36.917+00:00
10400,0.14183,2026-09-27T06:04:36.917+00:00
10401,0.12138,2026-09-27T06:04:41.924+00:00
10402,0.12890,2026-09-27T06:04:41.925+00:00
10403,0.13153,2026-09-27T06:04:41.925+00:00
10404,0.12291,2026-09-27T06:04:46.932+00:00
10405,0.13527,2026-09-27T06:04:46.932+00:00
10406,0.13032,2026-09-27T06:04:46.932+00:00
10407,0.11620,2026-09-27T06:04:46.932+00:00
10408,0.13290,2026-09-27T06:04:51.942+00:00
10409,0.13600,2026-09-27T06:04:51.942+00:00
10410,0.12226,2026-09-27T06:04:51.942+00:00
10411,0.13565,2026-09-27T06:04:56.949+00:00
10412,0.11985,2026-09-27T06:04:56.949+00:00
10413,0.11958,2026-09-27T06:04:56.949+00:00
10414,0.13008,2026-09-27T06:05:01.956+00:00
10415,0.12998,2026-09-27T06:05:01.956+00:00
10416,0.12682,2026-09-27T06:05:01.956+00:00
10417,0.12445,2026-09-27T06:05:06.963+00:00
10418,0.11978,2026-09-27T06:05:06.964+00:00
10419,0.12596,2026-09-27T06:05:06.964+00:00
10420,0.12964,2026-09-27T06:05:06.964+00:00
10421,0.13054,2026-09-27T06:05:11.970+00:00
10422,0.12878,2026-09-27T06:05:11.970+00:00
10423,0.12638,2026-09-27T06:05:11.970+00:00
10424,0.12469,2026-09-27T06:05:16.977+00:00
10425,0.12141,2026-09-27T06:05:16.977+00:00
10426,0.12287,2026-09-27T06:05:16.978+00:00
10427,0.11949,2026-09-27T06:05:21.986+00:00
10428,0.12661,2026-09-27T06:05:21.986+00:00
10429,0.12788,2026-09-27T06:05:21.986+00:00
10430,0.12662,2026-09-27T06:05:26.993+00:00
10431,0.11881,2026-09-27T06:05:26.993+00:00
10432,0.12306,2026-09-27T06:05:26.993+00:00
10433,0.11735,2026-09-27T06:05:26.993+00:00
10434,0.13114,2026-09-27T06:05:31.999+00:00
10435,0.12862,2026-09-27T06:05:31.999+00:00
10436,0.12336,2026-09-27T06:05:31.999+00:00
10437,0.12289,2026-09-27T06:05:37.005+00:00
10438,0.13152,2026-09-27T06:05:37.005+00:00
10439,0.12789,2026-09-27T06:05:37.006+00:00
10440,0.13367,2026-09-27T06:05:42.012+00:00
10441,0.12130,2026-09-27T06:05:42.012+00:00
10442,0.12636,2026-09-27T06:05:42.012+00:00
10443,0.12541,2026-09-27T06:05:42.012+00:00
10444,0.13136,2026-09-27T06:05:47.018+00:00
10445,0.12192,2026-09-27T06:05:47.018+00:00
10446,0.12678,2026-09-27T06:05:47.018+00:00
10447,0.12597,2026-09-27T06:05:52.027+00:00
10448,0.12571,2026-09-27T06:05:52.028+00:00
10449,0.11968,2026-09-27T06:05:52.028+00:00
10450,0.12048,2026-09-27T06:05:57.034+00:00
10451,0.11850,2026-09-27T06:05:57.034+00:00
10452,0.12699,2026-09-27T06:05:57.034+00:00
10453,0.12493,2026-09-27T06:05:57.034+00:00
10454,0.12835,2026-09-27T06:06:02.039+00:00
10455,0.13124,2026-09-27T06:06:02.039+00:00
10456,0.12596,2026-09-27T06:06:02.039+00:00
10457,0.11858,2026-09-27T06:06:07.046+00:00
10458,0.12337,2026-09-27T06:06:07.046+00:00
10459,0.12369,2026-09-27T06:06:07.046+00:00
10460,0.12814,2026-09-27T06:06:12.052+00:00
10461,0.12200,2026-09-27T06:06:12.052+00:00
10462,0.12657,2026-09-27T06:06:12.053+00:00
10463,0.12484,2026-09-27T06:06:17.059+00:00
10464,0.13218,2026-09-27T06:06:17.060+00:00
10465,0.12112,2026-09-27T06:06:17.060+00:00
10466,0.12419,2026-09-27T06:06:22.069+00:00
10467,0.12349,2026-09-27T06:06:22.069+00:00
10468,0.12954,2026-09-27T06:06:22.069+00:00
10469,0.12387,2026-09-27T06:06:22.069+00:00
10470,0.11993,2026-09-27T06:06:27.075+00:00
10471,0.11478,2026-09-27T06:06:27.075+00:00
10472,0.12194,2026-09-27T06:06:27.076+00:00
10473,0.13208,2026-09-27T06:06:32.082+00:00
10474,0.12356,2026-09-27T06:06:32.082+00:00
10475,0.12723,2026-09-27T06:06:32.082+00:00
10476,0.11883,2026-09-27T06:06:37.089+00:00
10477,0.12363,2026-09-27T06:06:37.089+00:00
10478,0.11221,2026-09-27T06:06:37.089+00:00
10479,0.11868,2026-09-27T06:06:37.089+00:00
10480,0.12347,2026-09-27T06:06:42.095+00:00
10481,0.12768,2026-09-27T06:06:42.096+00:00
10482,0.12095,2026-09-27T06:06:42.096+00:00
10483,0.12122,2026-09-27T06:06:47.102+00:00
10484,0.12554,2026-09-27T06:06:47.102+00:00
10485,0.13535,2026-09-27T06:06:47.102+00:00
10486,0.13051,2026-09-27T06:06:52.111+00:00
10487,0.12758,2026-09-27T06:06:52.111+00:00
10488,0.12970,2026-09-27T06:06:52.111+00:00
10489,0.12266,2026-09-27T06:06:57.118+00:00
10490,0.11887,2026-09-27T06:06:57.118+00:00
10491,0.14236,2026-09-27T06:06:57.118+00:00
10492,0.13010,2026-09-27T06:06:57.118+00:00
10493,0.12044,2026-09-27T06:07:02.125+00:00
10494,0.12405,2026-09-27T06:07:02.125+00:00
10495,0.12721,2026-09-27T06:07:02.125+00:00
10496,0.12933,2026-09-27T06:07:07.132+00:00
10497,0.12590,2026-09-27T06:07:07.132+00:00
10498,0.13368,2026-09-27T06:07:07.132+00:00
10499,0.13108,2026-09-27T06:07:12.138+00:00
10500,0.13337,2026-09-27T06:07:12.138+00:00
10501,0.12622,2026-09-27T06:07:12.138+00:00
10502,0.13468,2026-09-27T06:07:17.145+00:00
10503,0.12637,2026-09-27T06:07:17.145+00:00
10504,0.12677,2026-09-27T06:07:17.146+00:00
10505,0.12634,2026-09-27T06:07:22.154+00:00
10506,0.12434,2026-09-27T06:07:22.154+00:00
10507,0.12755,2026-09-27T06:07:22.154+00:00
10508,0.11849,2026-09-27T06:07:22.154+00:00
10509,0.13086,2026-09-27T06:07:27.161+00:00
10510,0.12860,2026-09-27T06:07:27.161+00:00
10511,0.11761,2026-09-27T06:07:27.161+00:00
10512,0.12796,2026-09-27T06:07:32.167+00:00
10513,0.12210,2026-09-27T06:07:32.167+00:00
10514,0.13980,2026-09-27T06:07:32.167+00:00
10515,0.12929,2026-09-27T06:07:37.174+00:00
10516,0.11915,2026-09-27T06:07:37.174+00:00
10517,0.12605,2026-09-27T06:07:37.174+00:00
10518,0.11302,2026-09-27T06:07:37.175+00:00
10519,0.13249,2026-09-27T06:07:42.181+00:00
10520,0.12767,2026-09-27T06:07:42.181+00:00
10521,0.11825,2026-09-27T06:07:42.181+00:00
10522,0.13440,2026-09-27T06:07:47.187+00:00
10523,0.12855,2026-09-27T06:07:47.188+00:00
10524,0.13465,2026-09-27T06:07:47.188+00:00
10525,0.13375,2026-09-27T06:07:52.196+00:00
10526,0.12426,2026-09-27T06:07:52.197+00:00
10527,0.12781,2026-09-27T06:07:52.197+00:00
10528,0.12192,2026-09-27T06:07:57.203+00:00
10529,0.12596,2026-09-27T06:07:57.203+00:00
10530,0.13103,2026-09-27T06:07:57.203+00:00
10531,0.13476,2026-09-27T06:08:02.210+00:00
10532,0.12578,2026-09-27T06:08:02.210+00:00
10533,0.13072,2026-09-27T06:08:02.210+00:00
10534,0.12434,2026-09-27T06:08:02.210+00:00
10535,0.12958,2026-09-27T06:08:07.217+00:00
10536,0.12197,2026-09-27T06:08:07.218+00:00
10537,0.13028,2026-09-27T06:08:07.218+00:00
10538,0.13013,2026-09-27T06:08:12.225+00:00
10539,0.12509,2026-09-27T06:08:12.225+00:00
10540,0.13179,2026-09-27T06:08:12.225+00:00
10541,0.11790,2026-09-27T06:08:17.233+00:00
10542,0.12728,2026-09-27T06:08:17.233+00:00
10543,0.12681,2026-09-27T06:08:17.233+00:00
10544,0.12396,2026-09-27T06:08:22.242+00:00
10545,0.12622,2026-09-27T06:08:22.242+00:00
10546,0.12654,2026-09-27T06:08:22.242+00:00
10547,0.12103,2026-09-27T06:08:27.248+00:00
10548,0.12691,2026-09-27T06:08:27.248+00:00
10549,0.12283,2026-09-27T06:08:27.249+00:00
10550,0.12218,2026-09-27T06:08:27.249+00:00
10551,0.12276,2026-09-27T06:08:32.255+00:00
10552,0.12748,2026-09-27T06:08:32.255+00:00
10553,0.12529,2026-09-27T06:08:32.255+00:00
10554,0.12297,2026-09-27T06:08:37.261+00:00
10555,0.11359,2026-09-27T06:08:37.261+00:00
10556,0.12051,2026-09-27T06:08:37.261+00:00
10557,0.13619,2026-09-27T06:08:42.268+00:00
10558,0.12178,2026-09-27T06:08:42.268+00:00
10559,0.12724,2026-09-27T06:08:42.268+00:00
10560,0.12239,2026-09-27T06:08:42.268+00:00
10561,0.12076,2026-09-27T06:08:47.275+00:00
10562,0.13178,2026-09-27T06:08:47.275+00:00
10563,0.12153,2026-09-27T06:08:47.275+00:00
10564,0.13585,2026-09-27T06:08:52.285+00:00
10565,0.12532,2026-09-27T06:08:52.285+00:00
10566,0.12857,2026-09-27T06:08:52.285+00:00
10567,0.11641,2026-09-27T06:08:57.291+00:00
10568,0.12337,2026-09-27T06:08:57.292+00:00
10569,0.13007,2026-09-27T06:08:57.292+00:00
10570,0.12279,2026-09-27T06:09:02.298+00:00
10571,0.12573,2026-09-27T06:09:02.298+00:00
10572,0.12455,2026-09-27T06:09:02.298+00:00
10573,0.12830,2026-09-27T06:09:02.298+00:00
10574,0.12973,2026-09-27T06:09:07.304+00:00
10575,0.11698,2026-09-27T06:09:07.304+00:00
10576,0.12307,2026-09-27T06:09:07.304+00:00
10577,0.13158,2026-09-27T06:09:12.311+00:00
10578,0.12164,2026-09-27T06:09:12.311+00:00
10579,0.12246,2026-09-27T06:09:12.311+00:00
10580,0.12793,2026-09-27T06:09:17.318+00:00
10581,0.11966,2026-09-27T06:09:17.318+00:00
10582,0.12981,2026-09-27T06:09:17.318+00:00
10583,0.12339,2026-09-27T06:09:22.326+00:00
10584,0.12626,2026-09-27T06:09:22.326+00:00
10585,0.12616,2026-09-27T06:09:22.326+00:00
10586,0.12807,2026-09-27T06:09:22.327+00:00
10587,0.13128,2026-09-27T06:09:27.333+00:00
10588,0.13336,2026-09-27T06:09:27.333+00:00
10589,0.12076,2026-09-27T06:09:27.333+00:00
10590,0.11784,2026-09-27T06:09:32.339+00:00
10591,0.12574,2026-09-27T06:09:32.340+00:00
10592,0.13625,2026-09-27T06:09:32.340+00:00
10593,0.13926,2026-09-27T06:09:37.346+00:00
10594,0.11714,2026-09-27T06:09:37.346+00:00
10595,0.12007,2026-09-27T06:09:37.346+00:00
10596,0.13095,2026-09-27T06:09:42.353+00:00
10597,0.12897,2026-09-27T06:09:42.353+00:00
10598,0.11839,2026-09-27T06:09:42.353+00:00
10599,0.13084,2026-09-27T06:09:47.359+00:00
10600,0.12616,2026-09-27T06:09:47.359+00:00
10601,0.12851,2026-09-27T06:09:47.359+00:00
10602,0.12344,2026-09-27T06:09:47.360+00:00
10603,0.12746,2026-09-27T06:09:52.367+00:00
10604,0.12856,2026-09-27T06:09:52.367+00:00
10605,0.12112,2026-09-27T06:09:52.367+00:00
10606,0.12761,2026-09-27T06:09:57.374+00:00
10607,0.12355,2026-09-27T06:09:57.374+00:00
10608,0.13020,2026-09-27T06:09:57.374+00:00
10609,0.12881,2026-09-27T06:10:02.380+00:00
10610,0.13017,2026-09-27T06:10:02.380+00:00
10611,0.13751,2026-09-27T06:10:02.380+00:00
10612,0.12269,2026-09-27T06:10:07.387+00:00
10613,0.12863,2026-09-27T06:10:07.387+00:00
10614,0.13296,2026-09-27T06:10:07.387+00:00
10615,0.12205,2026-09-27T06:10:07.387+00:00
10616,0.12580,2026-09-27T06:10:12.393+00:00
10617,0.12826,2026-09-27T06:10:12.393+00:00
10618,0.12789,2026-09-27T06:10:12.393+00:00
10619,0.11983,2026-09-27T06:10:17.401+00:00
10620,0.12022,2026-09-27T06:10:17.401+00:00
10621,0.13057,2026-09-27T06:10:17.401+00:00
10622,0.12864,2026-09-27T06:10:22.410+00:00
10623,0.11360,2026-09-27T06:10:22.410+00:00
10624,0.13833,2026-09-27T06:10:22.410+00:00
10625,0.11605,2026-09-27T06:10:27.416+00:00
10626,0.12558,2026-09-27T06:10:27.416+00:00
10627,0.13205,2026-09-27T06:10:27.416+00:00
10628,0.12497,2026-09-27T06:10:32.422+00:00
10629,0.12589,2026-09-27T06:10:32.423+00:00
10630,0.12788,2026-09-27T06:10:32.423+00:00
10631,0.12882,2026-09-27T06:10:32.423+00:00
10632,0.13002,2026-09-27T06:10:37.429+00:00
10633,0.11987,2026-09-27T06:10:37.429+00:00
10634,0.12701,2026-09-27T06:10:37.429+00:00
10635,0.13053,2026-09-27T06:10:42.435+00:00
10636,0.12651,2026-09-27T06:10:42.436+00:00
10637,0.12835,2026-09-27T06:10:42.436+00:00
10638,0.12875,2026-09-27T06:10:47.442+00:00
10639,0.13486,2026-09-27T06:10:47.442+00:00
10640,0.13177,2026-09-27T06:10:47.442+00:00
10641,0.12529,2026-09-27T06:10:52.452+00:00
10642,0.11458,2026-09-27T06:10:52.452+00:00
10643,0.13524,2026-09-27T06:10:52.452+00:00
10644,0.13322,2026-09-27T06:10:57.459+00:00
10645,0.13118,2026-09-27T06:10:57.459+00:00
10646,0.12364,2026-09-27T06:10:57.459+00:00
10647,0.13733,2026-09-27T06:10:57.459+00:00
10648,0.12860,2026-09-27T06:11:02.465+00:00
10649,0.11822,2026-09-27T06:11:02.465+00:00
10650,0.11196,2026-09-27T06:11:02.466+00:00
10651,0.13399,2026-09-27T06:11:07.472+00:00
10652,0.11567,2026-09-27T06:11:07.472+00:00
10653,0.11993,2026-09-27T06:11:07.472+00:00
10654,0.11758,2026-09-27T06:11:12.479+00:00
10655,0.12748,2026-09-27T06:11:12.479+00:00
10656,0.12521,2026-09-27T06:11:12.479+00:00
10657,0.12672,2026-09-27T06:11:12.479+00:00
10658,0.12967,2026-09-27T06:11:17.486+00:00
10659,0.12944,2026-09-27T06:11:17.487+00:00
10660,0.11778,2026-09-27T06:11:17.487+00:00
10661,0.12088,2026-09-27T06:11:22.496+00:00
10662,0.12838,2026-09-27T06:11:22.496+00:00
10663,0.13045,2026-09-27T06:11:22.496+00:00
10664,0.12387,2026-09-27T06:11:27.503+00:00
10665,0.13130,2026-09-27T06:11:27.503+00:00
10666,0.11293,2026-09-27T06:11:27.503+00:00
10667,0.12536,2026-09-27T06:11:32.509+00:00
10668,0.11993,2026-09-27T06:11:32.510+00:00
10669,0.12292,2026-09-27T06:11:32.510+00:00
10670,0.12244,2026-09-27T06:11:32.510+00:00
10671,0.12355,2026-09-27T06:11:37.516+00:00
10672,0.12040,2026-09-27T06:11:37.516+00:00
10673,0.11934,2026-09-27T06:11:37.516+00:00
10674,0.11910,2026-09-27T06:11:42.523+00:00
10675,0.12464,2026-09-27T06:11:42.523+00:00
10676,0.12468,2026-09-27T06:11:42.523+00:00
10677,0.12179,2026-09-27T06:11:47.529+00:00
10678,0.13043,2026-09-27T06:11:47.529+00:00
10679,0.12999,2026-09-27T06:11:47.529+00:00
10680,0.12982,2026-09-27T06:11:52.538+00:00
10681,0.12882,2026-09-27T06:11:52.538+00:00
10682,0.13348,2026-09-27T06:11:52.538+00:00
10683,0.12684,2026-09-27T06:11:57.545+00:00
10684,0.12682,2026-09-27T06:11:57.545+00:00
10685,0.12627,2026-09-27T06:11:57.545+00:00
10686,0.12226,2026-09-27T06:11:57.545+00:00
10687,0.12349,2026-09-27T06:12:02.551+00:00
10688,0.12800,2026-09-27T06:12:02.551+00:00
10689,0.12831,2026-09-27T06:12:02.551+00:00
10690,0.12922,2026-09-27T06:12:07.557+00:00
10691,0.12807,2026-09-27T06:12:07.558+00:00
10692,0.13351,2026-09-27T06:12:07.558+00:00
10693,0.11788,2026-09-27T06:12:12.564+00:00
10694,0.12385,2026-09-27T06:12:12.564+00:00
10695,0.13270,2026-09-27T06:12:12.564+00:00
10696,0.13023,2026-09-27T06:12:17.571+00:00
10697,0.13285,2026-09-27T06:12:17.571+00:00
10698,0.13402,2026-09-27T06:12:17.571+00:00
10699,0.12567,2026-09-27T06:12:17.571+00:00
10700,0.12324,2026-09-27T06:12:22.580+00:00
10701,0.11732,2026-09-27T06:12:22.580+00:00
10702,0.11982,2026-09-27T06:12:22.580+00:00
10703,0.12138,2026-09-27T06:12:27.587+00:00
10704,0.11929,2026-09-27T06:12:27.587+00:00
10705,0.12541,2026-09-27T06:12:27.587+00:00
10706,0.12277,2026-09-27T06:12:32.594+00:00
10707,0.13220,2026-09-27T06:12:32.594+00:00
10708,0.12297,2026-09-27T06:12:32.594+00:00
10709,0.12025,2026-09-27T06:12:37.600+00:00
10710,0.12728,2026-09-27T06:12:37.601+00:00
10711,0.12200,2026-09-27T06:12:37.601+00:00
10712,0.12940,2026-09-27T06:12:37.601+00:00
10713,0.12277,2026-09-27T06:12:42.607+00:00
10714,0.11871,2026-09-27T06:12:42.607+00:00
10715,0.13328,2026-09-27T06:12:42.607+00:00
10716,0.12465,2026-09-27T06:12:47.614+00:00
10717,0.11938,2026-09-27T06:12:47.614+00:00
10718,0.12760,2026-09-27T06:12:47.614+00:00
10719,0.13178,2026-09-27T06:12:52.623+00:00
10720,0.13024,2026-09-27T06:12:52.623+00:00
10721,0.13935,2026-09-27T06:12:52.623+00:00
10722,0.12174,2026-09-27T06:12:57.630+00:00
10723,0.12142,2026-09-27T06:12:57.630+00:00
10724,0.12440,2026-09-27T06:12:57.630+00:00
10725,0.11954,2026-09-27T06:13:02.636+00:00
10726,0.12342,2026-09-27T06:13:02.637+00:00
10727,0.13719,2026-09-27T06:13:02.637+00:00
10728,0.12746,2026-09-27T06:13:07.643+00:00
10729,0.11566,2026-09-27T06:13:07.643+00:00
10730,0.12053,2026-09-27T06:13:07.643+00:00
10731,0.12375,2026-09-27T06:13:07.643+00:00
10732,0.12261,2026-09-27T06:13:12.649+00:00
10733,0.12834,2026-09-27T06:13:12.650+00:00
10734,0.11482,2026-09-27T06:13:12.650+00:00
10735,0.12589,2026-09-27T06:13:17.655+00:00
10736,0.10903,2026-09-27T06:13:17.655+00:00
10737,0.13708,2026-09-27T06:13:17.655+00:00
10738,0.12147,2026-09-27T06:13:22.665+00:00
10739,0.12876,2026-09-27T06:13:22.665+00:00
10740,0.12648,2026-09-27T06:13:22.665+00:00
10741,0.12210,2026-09-27T06:13:27.671+00:00
10742,0.12563,2026-09-27T06:13:27.671+00:00
10743,0.12540,2026-09-27T06:13:27.671+00:00
10744,0.12535,2026-09-27T06:13:27.672+00:00
10745,0.12502,2026-09-27T06:13:32.678+00:00
10746,0.12461,2026-09-27T06:13:32.678+00:00
10747,0.12866,2026-09-27T06:13:32.678+00:00
10748,0.13331,2026-09-27T06:13:37.684+00:00
10749,0.13136,2026-09-27T06:13:37.684+00:00
10750,0.12363,2026-09-27T06:13:37.684+00:00
10751,0.12057,2026-09-27T06:13:42.691+00:00
10752,0.11832,2026-09-27T06:13:42.691+00:00
10753,0.12706,2026-09-27T06:13:42.691+00:00
10754,0.12368,2026-09-27T06:13:42.691+00:00
10755,0.12447,2026-09-27T06:13:47.697+00:00
10756,0.13353,2026-09-27T06:13:47.697+00:00
10757,0.12199,2026-09-27T06:13:47.697+00:00
10758,0.12431,2026-09-27T06:13:52.707+00:00
10759,0.12247,2026-09-27T06:13:52.707+00:00
10760,0.12782,2026-09-27T06:13:52.707+00:00
10761,0.12582,2026-09-27T06:13:57.714+00:00
10762,0.12502,2026-09-27T06:13:57.714+00:00
10763,0.13003,2026-09-27T06:13:57.714+00:00
10764,0.12008,2026-09-27T06:14:02.721+00:00
10765,0.12131,2026-09-27T06:14:02.721+00:00
10766,0.11922,2026-09-27T06:14:02.721+00:00
10767,0.12881,2026-09-27T06:14:07.727+00:00
10768,0.11910,2026-09-27T06:14:07.728+00:00
10769,0.13175,2026-09-27T06:14:07.728+00:00
10770,0.12312,2026-09-27T06:14:07.728+00:00
10771,0.11738,2026-09-27T06:14:12.734+00:00
10772,0.12266,2026-09-27T06:14:12.734+00:00
10773,0.12402,2026-09-27T06:14:12.734+00:00
10774,0.12880,2026-09-27T06:14:17.742+00:00
10775,0.11741,2026-09-27T06:14:17.742+00:00
10776,0.12118,2026-09-27T06:14:17.742+00:00
10777,0.12052,2026-09-27T06:14:22.751+00:00
10778,0.13123,2026-09-27T06:14:22.752+00:00
10779,0.12024,2026-09-27T06:14:22.752+00:00
10780,0.11946,2026-09-27T06:14:22.752+00:00
10781,0.12116,2026-09-27T06:14:27.758+00:00
10782,0.12396,2026-09-27T06:14:27.758+00:00
10783,0.12937,2026-09-27T06:14:27.758+00:00
10784,0.13104,2026-09-27T06:14:32.765+00:00
10785,0.11792,2026-09-27T06:14:32.765+00:00
10786,0.11984,2026-09-27T06:14:32.765+00:00
10787,0.12106,2026-09-27T06:14:37.772+00:00
10788,0.12447,2026-09-27T06:14:37.772+00:00
10789,0.12425,2026-09-27T06:14:37.772+00:00
10790,0.12175,2026-09-27T06:14:42.779+00:00
10791,0.12900,2026-09-27T06:14:42.779+00:00
10792,0.12313,2026-09-27T06:14:42.779+00:00
10793,0.12942,2026-09-27T06:14:42.779+00:00
10794,0.11968,2026-09-27T06:14:47.785+00:00
10795,0.13286,2026-09-27T06:14:47.786+00:00
10796,0.11837,2026-09-27T06:14:47.786+00:00
10797,0.13549,2026-09-27T06:14:52.795+00:00
10798,0.13184,2026-09-27T06:14:52.795+00:00
10799,0.11910,2026-09-27T06:14:52.795+00:00
10800,0.12299,2026-09-27T06:14:57.802+00:00
10801,0.11760,2026-09-27T06:14:57.802+00:00
10802,0.11851,2026-09-27T06:14:57.802+00:00
10803,0.11982,2026-09-27T06:14:57.802+00:00
10804,0.12991,2026-09-27T06:15:02.808+00:00
10805,0.12446,2026-09-27T06:15:02.808+00:00
10806,0.11744,2026-09-27T06:15:02.809+00:00
10807,0.11188,2026-09-27T06:15:07.815+00:00
10808,0.12001,2026-09-27T06:15:07.815+00:00
10809,0.12711,2026-09-27T06:15:07.815+00:00
10810,0.12961,2026-09-27T06:15:12.821+00:00
10811,0.12276,2026-09-27T06:15:12.821+00:00
10812,0.12142,2026-09-27T06:15:12.821+00:00
10813,0.12390,2026-09-27T06:15:17.828+00:00
10814,0.11541,2026-09-27T06:15:17.828+00:00
10815,0.12052,2026-09-27T06:15:17.829+00:00
10816,0.12939,2026-09-27T06:15:17.829+00:00
10817,0.12520,2026-09-27T06:15:22.838+00:00
10818,0.12701,2026-09-27T06:15:22.838+00:00
10819,0.12331,2026-09-27T06:15:22.838+00:00
10820,0.12579,2026-09-27T06:15:27.844+00:00
10821,0.12975,2026-09-27T06:15:27.844+00:00
10822,0.12448,2026-09-27T06:15:27.845+00:00
10823,0.12318,2026-09-27T06:15:32.851+00:00
10824,0.12397,2026-09-27T06:15:32.851+00:00
10825,0.12032,2026-09-27T06:15:32.851+00:00
10826,0.11507,2026-09-27T06:15:32.851+00:00
10827,0.11880,2026-09-27T06:15:37.858+00:00
10828,0.12597,2026-09-27T06:15:37.858+00:00
10829,0.12454,2026-09-27T06:15:37.858+00:00
10830,0.12744,2026-09-27T06:15:42.864+00:00
10831,0.12093,2026-09-27T06:15:42.865+00:00
10832,0.12213,2026-09-27T06:15:42.865+00:00
10833,0.12254,2026-09-27T06:15:47.871+00:00
10834,0.12809,2026-09-27T06:15:47.871+00:00
10835,0.13122,2026-09-27T06:15:47.871+00:00
10836,0.12804,2026-09-27T06:15:52.881+00:00
10837,0.11909,2026-09-27T06:15:52.881+00:00
10838,0.12425,2026-09-27T06:15:52.881+00:00
10839,0.13325,2026-09-27T06:15:57.888+00:00
10840,0.13015,2026-09-27T06:15:57.888+00:00
10841,0.12220,2026-09-27T06:15:57.888+00:00
10842,0.12127,2026-09-27T06:16:02.894+00:00
10843,0.12460,2026-09-27T06:16:02.894+00:00
10844,0.13048,2026-09-27T06:16:02.895+00:00
10845,0.13248,2026-09-27T06:16:02.895+00:00
10846,0.13673,2026-09-27T06:16:07.901+00:00
10847,0.12325,2026-09-27T06:16:07.901+00:00
10848,0.13787,2026-09-27T06:16:07.901+00:00
10849,0.13633,2026-09-27T06:16:12.908+00:00
10850,0.13884,2026-09-27T06:16:12.908+00:00
10851,0.12367,2026-09-27T06:16:12.908+00:00
10852,0.11978,2026-09-27T06:16:17.915+00:00
10853,0.13119,2026-09-27T06:16:17.916+00:00
10854,0.12816,2026-09-27T06:16:17.916+00:00
10855,0.12784,2026-09-27T06:16:22.925+00:00
10856,0.11382,2026-09-27T06:16:22.925+00:00
10857,0.13319,2026-09-27T06:16:22.925+00:00
10858,0.13206,2026-09-27T06:16:27.931+00:00
10859,0.13394,2026-09-27T06:16:27.932+00:00
10860,0.11455,2026-09-27T06:16:27.932+00:00
10861,0.11973,2026-09-27T06:16:32.938+00:00
10862,0.12246,2026-09-27T06:16:32.938+00:00
10863,0.12155,2026-09-27T06:16:32.938+00:00
10864,0.12596,2026-09-27T06:16:32.938+00:00
10865,0.13315,2026-09-27T06:16:37.945+00:00
10866,0.12610,2026-09-27T06:16:37.945+00:00
10867,0.12327,2026-09-27T06:16:37.945+00:00
10868,0.13080,2026-09-27T06:16:42.951+00:00
10869,0.13156,2026-09-27T06:16:42.951+00:00
10870,0.13160,2026-09-27T06:16:42.951+00:00
10871,0.13203,2026-09-27T06:16:47.958+00:00
10872,0.13111,2026-09-27T06:16:47.958+00:00
10873,0.13522,2026-09-27T06:16:47.958+00:00
10874,0.13174,2026-09-27T06:16:52.968+00:00
10875,0.12264,2026-09-27T06:16:52.968+00:00
10876,0.13629,2026-09-27T06:16:52.968+00:00
10877,0.13217,2026-09-27T06:16:57.973+00:00
10878,0.12279,2026-09-27T06:16:57.973+00:00
10879,0.12193,2026-09-27T06:16:57.974+00:00
10880,0.12539,2026-09-27T06:17:02.980+00:00
10881,0.12427,2026-09-27T06:17:02.980+00:00
10882,0.13110,2026-09-27T06:17:02.980+00:00
10883,0.12547,2026-09-27T06:17:07.986+00:00
10884,0.12649,2026-09-27T06:17:07.987+00:00
10885,0.12745,2026-09-27T06:17:07.987+00:00
10886,0.12226,2026-09-27T06:17:07.987+00:00
10887,0.12960,2026-09-27T06:17:12.993+00:00
10888,0.13149,2026-09-27T06:17:12.993+00:00
10889,0.12148,2026-09-27T06:17:12.993+00:00
10890,0.12962,2026-09-27T06:17:17.999+00:00
10891,0.12177,2026-09-27T06:17:17.999+00:00
10892,0.12297,2026-09-27T06:17:18.000+00:00
10893,0.13080,2026-09-27T06:17:23.008+00:00
10894,0.12605,2026-09-27T06:17:23.008+00:00
10895,0.13123,2026-09-27T06:17:23.008+00:00
10896,0.12774,2026-09-27T06:17:28.014+00:00
10897,0.12639,2026-09-27T06:17:28.014+00:00
10898,0.12728,2026-09-27T06:17:28.015+00:00
10899,0.13280,2026-09-27T06:17:33.021+00:00
10900,0.12339,2026-09-27T06:17:33.022+00:00
10901,0.13035,2026-09-27T06:17:33.022+00:00
10902,0.12991,2026-09-27T06:17:38.028+00:00
10903,0.12338,2026-09-27T06:17:38.028+00:00
10904,0.13271,2026-09-27T06:17:38.028+00:00
10905,0.12716,2026-09-27T06:17:43.034+00:00
10906,0.12610,2026-09-27T06:17:43.034+00:00
10907,0.11122,2026-09-27T06:17:43.034+00:00
10908,0.13119,2026-09-27T06:17:43.034+00:00
10909,0.12022,2026-09-27T06:17:48.041+00:00
10910,0.12088,2026-09-27T06:17:48.041+00:00
10911,0.12682,2026-09-27T06:17:48.041+00:00
10912,0.12843,2026-09-27T06:17:53.050+00:00
10913,0.13087,2026-09-27T06:17:53.050+00:00
10914,0.13301,2026-09-27T06:17:53.051+00:00
10915,0.12094,2026-09-27T06:17:58.057+00:00
10916,0.11858,2026-09-27T06:17:58.057+00:00
10917,0.12427,2026-09-27T06:17:58.058+00:00
10918,0.13055,2026-09-27T06:18:03.064+00:00
10919,0.13494,2026-09-27T06:18:03.064+00:00
10920,0.12673,2026-09-27T06:18:03.064+00:00
10921,0.12314,2026-09-27T06:18:08.070+00:00
10922,0.12234,2026-09-27T06:18:08.070+00:00
10923,0.13232,2026-09-27T06:18:08.070+00:00
10924,0.12355,2026-09-27T06:18:13.077+00:00
10925,0.11555,2026-09-27T06:18:13.077+00:00
10926,0.13074,2026-09-27T06:18:13.077+00:00
10927,0.12248,2026-09-27T06:18:13.077+00:00
10928,0.12996,2026-09-27T06:18:18.085+00:00
10929,0.13035,2026-09-27T06:18:18.085+00:00
10930,0.13290,2026-09-27T06:18:18.085+00:00
10931,0.12214,2026-09-27T06:18:23.093+00:00
10932,0.13049,2026-09-27T06:18:23.093+00:00
10933,0.13512,2026-09-27T06:18:23.093+00:00
10934,0.12697,2026-09-27T06:18:28.100+00:00
10935,0.12552,2026-09-27T06:18:28.100+00:00
10936,0.12095,2026-09-27T06:18:28.100+00:00
10937,0.13540,2026-09-27T06:18:33.106+00:00
10938,0.12588,2026-09-27T06:18:33.107+00:00
10939,0.12410,2026-09-27T06:18:33.107+00:00
10940,0.11532,2026-09-27T06:18:38.113+00:00
10941,0.14157,2026-09-27T06:18:38.114+00:00
10942,0.12334,2026-09-27T06:18:38.114+00:00
10943,0.12917,2026-09-27T06:18:43.120+00:00
10944,0.12198,2026-09-27T06:18:43.120+00:00
10945,0.13354,2026-09-27T06:18:43.120+00:00
10946,0.12250,2026-09-27T06:18:43.120+00:00
10947,0.12753,2026-09-27T06:18:48.127+00:00
10948,0.12657,2026-09-27T06:18:48.127+00:00
10949,0.12487,2026-09-27T06:18:48.127+00:00
10950,0.12760,2026-09-27T06:18:53.136+00:00
10951,0.12738,2026-09-27T06:18:53.136+00:00
10952,0.13282,2026-09-27T06:18:53.136+00:00
10953,0.12608,2026-09-27T06:18:58.143+00:00
10954,0.12961,2026-09-27T06:18:58.144+00:00
10955,0.10586,2026-09-27T06:18:58.144+00:00
10956,0.12146,2026-09-27T06:19:03.150+00:00
10957,0.12981,2026-09-27T06:19:03.150+00:00
10958,0.13022,2026-09-27T06:19:03.150+00:00
10959,0.13155,2026-09-27T06:19:03.150+00:00
10960,0.12348,2026-09-27T06:19:08.157+00:00
10961,0.12541,2026-09-27T06:19:08.157+00:00
10962,0.12293,2026-09-27T06:19:08.157+00:00
10963,0.12623,2026-09-27T06:19:13.163+00:00
10964,0.12471,2026-09-27T06:19:13.163+00:00
10965,0.12721,2026-09-27T06:19:13.163+00:00
10966,0.12395,2026-09-27T06:19:18.171+00:00
10967,0.12836,2026-09-27T06:19:18.171+00:00
10968,0.12632,2026-09-27T06:19:18.172+00:00
10969,0.13101,2026-09-27T06:19:23.181+00:00
10970,0.13677,2026-09-27T06:19:23.181+00:00
10971,0.13145,2026-09-27T06:19:23.181+00:00
10972,0.12242,2026-09-27T06:19:28.187+00:00
10973,0.12025,2026-09-27T06:19:28.188+00:00
10974,0.12995,2026-09-27T06:19:28.188+00:00
10975,0.13082,2026-09-27T06:19:33.194+00:00
10976,0.12998,2026-09-27T06:19:33.194+00:00
10977,0.13300,2026-09-27T06:19:33.194+00:00
10978,0.11887,2026-09-27T06:19:33.194+00:00
10979,0.12829,2026-09-27T06:19:38.201+00:00
10980,0.13482,2026-09-27T06:19:38.201+00:00
10981,0.11638,2026-09-27T06:19:38.201+00:00
10982,0.12417,2026-09-27T06:19:43.208+00:00
10983,0.12968,2026-09-27T06:19:43.208+00:00
10984,0.11480,2026-09-27T06:19:43.208+00:00
10985,0.12413,2026-09-27T06:19:48.215+00:00
10986,0.13407,2026-09-27T06:19:48.215+00:00
10987,0.12270,2026-09-27T06:19:48.215+00:00
10988,0.12426,2026-09-27T06:19:53.224+00:00
10989,0.13772,2026-09-27T06:19:53.224+00:00
10990,0.12862,2026-09-27T06:19:53.224+00:00
10991,0.12985,2026-09-27T06:19:58.231+00:00
10992,0.13523,2026-09-27T06:19:58.231+00:00
10993,0.13212,2026-09-27T06:19:58.231+00:00
10994,0.12574,2026-09-27T06:20:03.238+00:00
10995,0.12954,2026-09-27T06:20:03.238+00:00
10996,0.12024,2026-09-27T06:20:03.238+00:00
10997,0.13420,2026-09-27T06:20:03.238+00:00
10998,0.12425,2026-09-27T06:20:08.244+00:00
10999,0.13138,2026-09-27T06:20:08.244+00:00
11000,0.12480,2026-09-27T06:20:08.244+00:00
11001,0.12902,2026-09-27T06:20:13.251+00:00
11002,0.12818,2026-09-27T06:20:13.251+00:00
11003,0.12857,2026-09-27T06:20:13.251+00:00
11004,0.12639,2026-09-27T06:20:18.259+00:00
11005,0.13560,2026-09-27T06:20:18.259+00:00
11006,0.12217,2026-09-27T06:20:18.259+00:00
11007,0.13464,2026-09-27T06:20:23.268+00:00
11008,0.13415,2026-09-27T06:20:23.268+00:00
11009,0.12524,2026-09-27T06:20:23.268+00:00
11010,0.12435,2026-09-27T06:20:28.275+00:00
11011,0.13418,2026-09-27T06:20:28.275+00:00
11012,0.13484,2026-09-27T06:20:28.275+00:00
11013,0.13332,2026-09-27T06:20:33.282+00:00
11014,0.12667,2026-09-27T06:20:33.282+00:00
11015,0.13037,2026-09-27T06:20:33.282+00:00
11016,0.11779,2026-09-27T06:20:33.282+00:00
11017,0.13340,2026-09-27T06:20:38.288+00:00
11018,0.12808,2026-09-27T06:20:38.288+00:00
11019,0.12513,2026-09-27T06:20:38.288+00:00
11020,0.13193,2026-09-27T06:20:43.294+00:00
11021,0.12644,2026-09-27T06:20:43.295+00:00
11022,0.13395,2026-09-27T06:20:43.295+00:00
11023,0.12910,2026-09-27T06:20:48.300+00:00
11024,0.11829,2026-09-27T06:20:48.300+00:00
11025,0.12742,2026-09-27T06:20:48.300+00:00
11026,0.12268,2026-09-27T06:20:53.310+00:00
11027,0.11502,2026-09-27T06:20:53.310+00:00
11028,0.12735,2026-09-27T06:20:53.310+00:00
11029,0.11995,2026-09-27T06:20:53.310+00:00
11030,0.13035,2026-09-27T06:20:58.316+00:00
11031,0.12407,2026-09-27T06:20:58.317+00:00
11032,0.12879,2026-09-27T06:20:58.317+00:00
11033,0.12699,2026-09-27T06:21:03.323+00:00
11034,0.11355,2026-09-27T06:21:03.323+00:00
11035,0.12795,2026-09-27T06:21:03.323+00:00
11036,0.12538,2026-09-27T06:21:08.330+00:00
11037,0.12407,2026-09-27T06:21:08.330+00:00
11038,0.12333,2026-09-27T06:21:08.330+00:00
11039,0.12230,2026-09-27T06:21:13.337+00:00
11040,0.12651,2026-09-27T06:21:13.337+00:00
11041,0.12829,2026-09-27T06:21:13.337+00:00
11042,0.12606,2026-09-27T06:21:18.344+00:00
11043,0.12217,2026-09-27T06:21:18.345+00:00
11044,0.12434,2026-09-27T06:21:18.345+00:00
11045,0.12096,2026-09-27T06:21:23.354+00:00
11046,0.13134,2026-09-27T06:21:23.354+00:00
11047,0.11766,2026-09-27T06:21:23.354+00:00
11048,0.12701,2026-09-27T06:21:23.354+00:00
11049,0.12126,2026-09-27T06:21:28.361+00:00
11050,0.12990,2026-09-27T06:21:28.361+00:00
11051,0.13753,2026-09-27T06:21:28.361+00:00
11052,0.12604,2026-09-27T06:21:33.367+00:00
11053,0.11813,2026-09-27T06:21:33.368+00:00
11054,0.12860,2026-09-27T06:21:33.368+00:00
11055,0.12309,2026-09-27T06:21:38.374+00:00
11056,0.12882,2026-09-27T06:21:38.374+00:00
11057,0.12964,2026-09-27T06:21:38.375+00:00
11058,0.12806,2026-09-27T06:21:43.381+00:00
11059,0.12209,2026-09-27T06:21:43.381+00:00
11060,0.12200,2026-09-27T06:21:43.381+00:00
11061,0.12893,2026-09-27T06:21:48.388+00:00
11062,0.11885,2026-09-27T06:21:48.388+00:00
11063,0.12121,2026-09-27T06:21:48.388+00:00
11064,0.12505,2026-09-27T06:21:48.388+00:00
11065,0.12998,2026-09-27T06:21:53.397+00:00
11066,0.12612,2026-09-27T06:21:53.398+00:00
11067,0.13194,2026-09-27T06:21:53.398+00:00
11068,0.12885,2026-09-27T06:21:58.404+00:00
11069,0.12594,2026-09-27T06:21:58.404+00:00
11070,0.13209,2026-09-27T06:21:58.404+00:00
11071,0.12517,2026-09-27T06:22:03.411+00:00
11072,0.13017,2026-09-27T06:22:03.411+00:00
11073,0.12817,2026-09-27T06:22:03.411+00:00
11074,0.12412,2026-09-27T06:22:08.418+00:00
11075,0.13144,2026-09-27T06:22:08.418+00:00
11076,0.12895,2026-09-27T06:22:08.418+00:00
11077,0.11756,2026-09-27T06:22:13.425+00:00
11078,0.12605,2026-09-27T06:22:13.425+00:00
11079,0.12847,2026-09-27T06:22:13.425+00:00
11080,0.11845,2026-09-27T06:22:18.433+00:00
11081,0.12387,2026-09-27T06:22:18.433+00:00
11082,0.12085,2026-09-27T06:22:18.433+00:00
11083,0.12141,2026-09-27T06:22:18.433+00:00
11084,0.12715,2026-09-27T06:22:23.443+00:00
11085,0.12883,2026-09-27T06:22:23.443+00:00
11086,0.13168,2026-09-27T06:22:23.443+00:00
11087,0.12570,2026-09-27T06:22:28.450+00:00
11088,0.12153,2026-09-27T06:22:28.450+00:00
11089,0.11354,2026-09-27T06:22:28.450+00:00
11090,0.12961,2026-09-27T06:22:33.457+00:00
11091,0.12416,2026-09-27T06:22:33.457+00:00
11092,0.12748,2026-09-27T06:22:33.457+00:00
11093,0.12360,2026-09-27T06:22:38.464+00:00
11094,0.12156,2026-09-27T06:22:38.464+00:00
11095,0.13300,2026-09-27T06:22:38.464+00:00
11096,0.12873,2026-09-27T06:22:43.470+00:00
11097,0.12091,2026-09-27T06:22:43.471+00:00
11098,0.13236,2026-09-27T06:22:43.471+00:00
11099,0.12893,2026-09-27T06:22:48.479+00:00
11100,0.11642,2026-09-27T06:22:48.479+00:00
11101,0.13514,2026-09-27T06:22:48.479+00:00
11102,0.12737,2026-09-27T06:22:48.479+00:00
11103,0.12850,2026-09-27T06:22:53.488+00:00
11104,0.13251,2026-09-27T06:22:53.489+00:00
11105,0.12426,2026-09-27T06:22:53.489+00:00
11106,0.13231,2026-09-27T06:22:58.495+00:00
11107,0.12559,2026-09-27T06:22:58.496+00:00
11108,0.12184,2026-09-27T06:22:58.496+00:00
11109,0.12344,2026-09-27T06:23:03.502+00:00
11110,0.12277,2026-09-27T06:23:03.503+00:00
11111,0.13052,2026-09-27T06:23:03.503+00:00
11112,0.13192,2026-09-27T06:23:08.509+00:00
11113,0.12467,2026-09-27T06:23:08.510+00:00
11114,0.13108,2026-09-27T06:23:08.510+00:00
11115,0.11977,2026-09-27T06:23:13.517+00:00
11116,0.12830,2026-09-27T06:23:13.517+00:00
11117,0.12869,2026-09-27T06:23:13.517+00:00
11118,0.12764,2026-09-27T06:23:18.525+00:00
11119,0.12671,2026-09-27T06:23:18.525+00:00
11120,0.13553,2026-09-27T06:23:18.525+00:00
11121,0.12797,2026-09-27T06:23:23.534+00:00
11122,0.12662,2026-09-27T06:23:23.534+00:00
11123,0.12692,2026-09-27T06:23:23.534+00:00
11124,0.11802,2026-09-27T06:23:23.534+00:00
11125,0.11957,2026-09-27T06:23:28.541+00:00
11126,0.12008,2026-09-27T06:23:28.541+00:00
11127,0.12640,2026-09-27T06:23:28.541+00:00
11128,0.12081,2026-09-27T06:23:33.548+00:00
11129,0.12899,2026-09-27T06:23:33.548+00:00
11130,0.11890,2026-09-27T06:23:33.548+00:00
11131,0.12263,2026-09-27T06:23:38.554+00:00
11132,0.12050,2026-09-27T06:23:38.554+00:00
11133,0.11918,2026-09-27T06:23:38.554+00:00
11134,0.12591,2026-09-27T06:23:43.561+00:00
11135,0.12231,2026-09-27T06:23:43.561+00:00
11136,0.11800,2026-09-27T06:23:43.561+00:00
11137,0.11319,2026-09-27T06:23:43.561+00:00
11138,0.12603,2026-09-27T06:23:48.568+00:00
11139,0.12506,2026-09-27T06:23:48.568+00:00
11140,0.12579,2026-09-27T06:23:48.568+00:00
11141,0.11988,2026-09-27T06:23:53.578+00:00
11142,0.11984,2026-09-27T06:23:53.578+00:00
11143,0.12783,2026-09-27T06:23:53.578+00:00
11144,0.12822,2026-09-27T06:23:58.585+00:00
11145,0.13255,2026-09-27T06:23:58.585+00:00
11146,0.13011,2026-09-27T06:23:58.585+00:00
11147,0.13188,2026-09-27T06:24:03.592+00:00
11148,0.12871,2026-09-27T06:24:03.592+00:00
11149,0.13435,2026-09-27T06:24:03.592+00:00
11150,0.12819,2026-09-27T06:24:08.597+00:00
11151,0.12936,2026-09-27T06:24:08.597+00:00
11152,0.12212,2026-09-27T06:24:08.597+00:00
11153,0.13005,2026-09-27T06:24:13.604+00:00
11154,0.13491,2026-09-27T06:24:13.604+00:00
11155,0.12668,2026-09-27T06:24:13.605+00:00
11156,0.13652,2026-09-27T06:24:18.612+00:00
11157,0.12761,2026-09-27T06:24:18.612+00:00
11158,0.12837,2026-09-27T06:24:18.612+00:00
11159,0.12740,2026-09-27T06:24:18.612+00:00
11160,0.12699,2026-09-27T06:24:23.622+00:00
11161,0.12176,2026-09-27T06:24:23.622+00:00
11162,0.12605,2026-09-27T06:24:23.622+00:00
11163,0.12140,2026-09-27T06:24:28.628+00:00
11164,0.11639,2026-09-27T06:24:28.628+00:00
11165,0.12557,2026-09-27T06:24:28.628+00:00
11166,0.12512,2026-09-27T06:24:33.635+00:00
11167,0.12670,2026-09-27T06:24:33.635+00:00
11168,0.12400,2026-09-27T06:24:33.635+00:00
11169,0.13376,2026-09-27T06:24:38.641+00:00
11170,0.12225,2026-09-27T06:24:38.642+00:00
11171,0.12804,2026-09-27T06:24:38.642+00:00
11172,0.11500,2026-09-27T06:24:43.648+00:00
11173,0.11944,2026-09-27T06:24:43.648+00:00
11174,0.12120,2026-09-27T06:24:43.648+00:00
11175,0.11922,2026-09-27T06:24:43.648+00:00
11176,0.13458,2026-09-27T06:24:48.655+00:00
11177,0.12819,2026-09-27T06:24:48.655+00:00
11178,0.13161,2026-09-27T06:24:48.655+00:00
11179,0.12693,2026-09-27T06:24:53.665+00:00
11180,0.12187,2026-09-27T06:24:53.665+00:00
11181,0.13378,2026-09-27T06:24:53.665+00:00
11182,0.12660,2026-09-27T06:24:58.672+00:00
11183,0.13264,2026-09-27T06:24:58.672+00:00
11184,0.12719,2026-09-27T06:24:58.672+00:00
11185,0.12760,2026-09-27T06:25:03.679+00:00
11186,0.13061,2026-09-27T06:25:03.679+00:00
11187,0.12503,2026-09-27T06:25:03.679+00:00
11188,0.11919,2026-09-27T06:25:08.686+00:00
11189,0.13192,2026-09-27T06:25:08.686+00:00
11190,0.12128,2026-09-27T06:25:08.686+00:00
11191,0.13254,2026-09-27T06:25:13.693+00:00
11192,0.12765,2026-09-27T06:25:13.693+00:00
11193,0.12400,2026-09-27T06:25:13.693+00:00
11194,0.12542,2026-09-27T06:25:18.700+00:00
11195,0.13232,2026-09-27T06:25:18.701+00:00
11196,0.12724,2026-09-27T06:25:18.701+00:00
11197,0.12999,2026-09-27T06:25:18.701+00:00
11198,0.12706,2026-09-27T06:25:23.710+00:00
11199,0.12035,2026-09-27T06:25:23.710+00:00
11200,0.11183,2026-09-27T06:25:23.710+00:00
11201,0.11829,2026-09-27T06:25:28.717+00:00
11202,0.12493,2026-09-27T06:25:28.717+00:00
11203,0.13173,2026-09-27T06:25:28.717+00:00
11204,0.13236,2026-09-27T06:25:33.724+00:00
11205,0.12242,2026-09-27T06:25:33.724+00:00
11206,0.12111,2026-09-27T06:25:33.724+00:00
11207,0.13111,2026-09-27T06:25:38.731+00:00
11208,0.13261,2026-09-27T06:25:38.731+00:00
11209,0.12361,2026-09-27T06:25:38.731+00:00
11210,0.12231,2026-09-27T06:25:43.738+00:00
11211,0.12349,2026-09-27T06:25:43.738+00:00
11212,0.12547,2026-09-27T06:25:43.738+00:00
11213,0.11795,2026-09-27T06:25:43.738+00:00
11214,0.12184,2026-09-27T06:25:48.745+00:00
11215,0.12510,2026-09-27T06:25:48.745+00:00
11216,0.12569,2026-09-27T06:25:48.745+00:00
11217,0.12731,2026-09-27T06:25:53.755+00:00
11218,0.12958,2026-09-27T06:25:53.755+00:00
11219,0.12448,2026-09-27T06:25:53.755+00:00
11220,0.12622,2026-09-27T06:25:58.761+00:00
11221,0.12874,2026-09-27T06:25:58.761+00:00
11222,0.12752,2026-09-27T06:25:58.762+00:00
11223,0.12776,2026-09-27T06:26:03.768+00:00
11224,0.12811,2026-09-27T06:26:03.768+00:00
11225,0.12454,2026-09-27T06:26:03.768+00:00
11226,0.11297,2026-09-27T06:26:08.775+00:00
11227,0.11501,2026-09-27T06:26:08.775+00:00
11228,0.12793,2026-09-27T06:26:08.775+00:00
11229,0.12483,2026-09-27T06:26:13.782+00:00
11230,0.11956,2026-09-27T06:26:13.782+00:00
11231,0.13042,2026-09-27T06:26:13.782+00:00
11232,0.12266,2026-09-27T06:26:13.782+00:00
11233,0.13008,2026-09-27T06:26:18.790+00:00
11234,0.12479,2026-09-27T06:26:18.790+00:00
11235,0.12312,2026-09-27T06:26:18.790+00:00
11236,0.12261,2026-09-27T06:26:23.800+00:00
11237,0.12491,2026-09-27T06:26:23.800+00:00
11238,0.11273,2026-09-27T06:26:23.801+00:00
11239,0.12637,2026-09-27T06:26:28.807+00:00
11240,0.13198,2026-09-27T06:26:28.807+00:00
11241,0.12228,2026-09-27T06:26:28.807+00:00
11242,0.12594,2026-09-27T06:26:33.814+00:00
11243,0.13130,2026-09-27T06:26:33.814+00:00
11244,0.11560,2026-09-27T06:26:33.814+00:00
11245,0.11798,2026-09-27T06:26:38.821+00:00
11246,0.12386,2026-09-27T06:26:38.821+00:00
11247,0.12535,2026-09-27T06:26:38.821+00:00
11248,0.12534,2026-09-27T06:26:38.821+00:00
11249,0.13002,2026-09-27T06:26:43.828+00:00
11250,0.13494,2026-09-27T06:26:43.828+00:00
11251,0.12671,2026-09-27T06:26:43.828+00:00
11252,0.12751,2026-09-27T06:26:48.835+00:00
11253,0.12567,2026-09-27T06:26:48.835+00:00
11254,0.12927,2026-09-27T06:26:48.835+00:00
11255,0.12251,2026-09-27T06:26:53.844+00:00
11256,0.13200,2026-09-27T06:26:53.844+00:00
11257,0.11458,2026-09-27T06:26:53.844+00:00
11258,0.13504,2026-09-27T06:26:58.851+00:00
11259,0.12437,2026-09-27T06:26:58.852+00:00
11260,0.13180,2026-09-27T06:26:58.852+00:00
11261,0.13499,2026-09-27T06:27:03.858+00:00
11262,0.12433,2026-09-27T06:27:03.858+00:00
11263,0.12487,2026-09-27T06:27:03.858+00:00
11264,0.12100,2026-09-27T06:27:08.865+00:00
11265,0.12951,2026-09-27T06:27:08.865+00:00
11266,0.12579,2026-09-27T06:27:08.865+00:00
11267,0.12202,2026-09-27T06:27:13.872+00:00
11268,0.12242,2026-09-27T06:27:13.872+00:00
11269,0.13411,2026-09-27T06:27:13.872+00:00
11270,0.12510,2026-09-27T06:27:18.880+00:00
11271,0.13106,2026-09-27T06:27:18.880+00:00
11272,0.12313,2026-09-27T06:27:18.880+00:00
11273,0.12404,2026-09-27T06:27:18.880+00:00
11274,0.12219,2026-09-27T06:27:23.890+00:00
11275,0.12930,2026-09-27T06:27:23.890+00:00
11276,0.12566,2026-09-27T06:27:23.890+00:00
11277,0.12196,2026-09-27T06:27:28.897+00:00
11278,0.12415,2026-09-27T06:27:28.897+00:00
11279,0.13727,2026-09-27T06:27:28.897+00:00
11280,0.13094,2026-09-27T06:27:33.903+00:00
11281,0.12781,2026-09-27T06:27:33.904+00:00
11282,0.12256,2026-09-27T06:27:33.904+00:00
11283,0.12406,2026-09-27T06:27:38.910+00:00
11284,0.13226,2026-09-27T06:27:38.911+00:00
11285,0.12523,2026-09-27T06:27:38.911+00:00
11286,0.12579,2026-09-27T06:27:43.917+00:00
11287,0.11724,2026-09-27T06:27:43.918+00:00
11288,0.13056,2026-09-27T06:27:43.918+00:00
11289,0.11973,2026-09-27T06:27:48.925+00:00
11290,0.11889,2026-09-27T06:27:48.925+00:00
11291,0.12699,2026-09-27T06:27:48.925+00:00
11292,0.12046,2026-09-27T06:27:48.925+00:00
11293,0.12626,2026-09-27T06:27:53.935+00:00
11294,0.12150,2026-09-27T06:27:53.935+00:00
11295,0.11701,2026-09-27T06:27:53.935+00:00
11296,0.12957,2026-09-27T06:27:58.942+00:00
11297,0.12450,2026-09-27T06:27:58.942+00:00
11298,0.11845,2026-09-27T06:27:58.942+00:00
11299,0.12549,2026-09-27T06:28:03.948+00:00
11300,0.13115,2026-09-27T06:28:03.948+00:00
11301,0.13035,2026-09-27T06:28:03.948+00:00
11302,0.12147,2026-09-27T06:28:08.955+00:00
11303,0.12513,2026-09-27T06:28:08.955+00:00
11304,0.12514,2026-09-27T06:28:08.955+00:00
11305,0.11570,2026-09-27T06:28:13.962+00:00
11306,0.12955,2026-09-27T06:28:13.962+00:00
11307,0.12698,2026-09-27T06:28:13.962+00:00
11308,0.12671,2026-09-27T06:28:13.962+00:00
11309,0.12464,2026-09-27T06:28:18.970+00:00
11310,0.12615,2026-09-27T06:28:18.970+00:00
11311,0.12668,2026-09-27T06:28:18.970+00:00
11312,0.12291,2026-09-27T06:28:23.979+00:00
11313,0.12421,2026-09-27T06:28:23.980+00:00
11314,0.11836,2026-09-27T06:28:23.980+00:00
11315,0.12485,2026-09-27T06:28:28.986+00:00
11316,0.12240,2026-09-27T06:28:28.986+00:00
11317,0.12715,2026-09-27T06:28:28.986+00:00
11318,0.12921,2026-09-27T06:28:33.993+00:00
11319,0.12267,2026-09-27T06:28:33.993+00:00
11320,0.12126,2026-09-27T06:28:33.993+00:00
11321,0.12510,2026-09-27T06:28:38.998+00:00
11322,0.12867,2026-09-27T06:28:38.999+00:00
11323,0.12529,2026-09-27T06:28:38.999+00:00
11324,0.11675,2026-09-27T06:28:44.005+00:00
11325,0.12724,2026-09-27T06:28:44.006+00:00
11326,0.13227,2026-09-27T06:28:44.006+00:00
11327,0.12324,2026-09-27T06:28:44.006+00:00
11328,0.13093,2026-09-27T06:28:49.013+00:00
11329,0.12549,2026-09-27T06:28:49.013+00:00
11330,0.11331,2026-09-27T06:28:49.013+00:00
11331,0.11700,2026-09-27T06:28:54.022+00:00
11332,0.12849,2026-09-27T06:28:54.022+00:00
11333,0.12313,2026-09-27T06:28:54.022+00:00
11334,0.13281,2026-09-27T06:28:59.029+00:00
11335,0.11216,2026-09-27T06:28:59.029+00:00
11336,0.12658,2026-09-27T06:28:59.029+00:00
11337,0.11548,2026-09-27T06:29:04.036+00:00
11338,0.13018,2026-09-27T06:29:04.036+00:00
11339,0.12541,2026-09-27T06:29:04.036+00:00
11340,0.12833,2026-09-27T06:29:09.043+00:00
11341,0.12136,2026-09-27T06:29:09.043+00:00
11342,0.13020,2026-09-27T06:29:09.043+00:00
11343,0.12801,2026-09-27T06:29:14.050+00:00
11344,0.12764,2026-09-27T06:29:14.050+00:00
11345,0.12963,2026-09-27T06:29:14.050+00:00
11346,0.12096,2026-09-27T06:29:14.050+00:00
11347,0.13063,2026-09-27T06:29:19.058+00:00
11348,0.12434,2026-09-27T06:29:19.058+00:00
11349,0.12535,2026-09-27T06:29:19.058+00:00
11350,0.12417,2026-09-27T06:29:24.067+00:00
11351,0.13065,2026-09-27T06:29:24.067+00:00
11352,0.11823,2026-09-27T06:29:24.067+00:00
11353,0.13227,2026-09-27T06:29:29.074+00:00
11354,0.12562,2026-09-27T06:29:29.074+00:00
11355,0.12636,2026-09-27T06:29:29.074+00:00
11356,0.13291,2026-09-27T06:29:34.081+00:00
11357,0.12574,2026-09-27T06:29:34.081+00:00
11358,0.12560,2026-09-27T06:29:34.081+00:00
11359,0.12293,2026-09-27T06:29:39.088+00:00
11360,0.12958,2026-09-27T06:29:39.088+00:00
11361,0.12635,2026-09-27T06:29:39.088+00:00
11362,0.12631,2026-09-27T06:29:44.094+00:00
11363,0.11620,2026-09-27T06:29:44.095+00:00
11364,0.12121,2026-09-27T06:29:44.095+00:00
11365,0.12625,2026-09-27T06:29:49.101+00:00
11366,0.12843,2026-09-27T06:29:49.101+00:00
11367,0.13262,2026-09-27T06:29:49.101+00:00
11368,0.12903,2026-09-27T06:29:54.112+00:00
11369,0.11338,2026-09-27T06:29:54.112+00:00
11370,0.12145,2026-09-27T06:29:54.112+00:00
11371,0.12578,2026-09-27T06:29:54.112+00:00
11372,0.13507,2026-09-27T06:29:59.118+00:00
11373,0.13116,2026-09-27T06:29:59.119+00:00
11374,0.12343,2026-09-27T06:29:59.119+00:00
11375,0.11852,2026-09-27T06:30:04.125+00:00
11376,0.12994,2026-09-27T06:30:04.125+00:00
11377,0.12657,2026-09-27T06:30:04.126+00:00
11378,0.12619,2026-09-27T06:30:09.132+00:00
11379,0.12306,2026-09-27T06:30:09.132+00:00
11380,0.12114,2026-09-27T06:30:09.133+00:00
11381,0.12507,2026-09-27T06:30:14.139+00:00
11382,0.11586,2026-09-27T06:30:14.139+00:00
11383,0.11991,2026-09-27T06:30:14.140+00:00
11384,0.12174,2026-09-27T06:30:14.140+00:00
11385,0.12588,2026-09-27T06:30:19.147+00:00
11386,0.12853,2026-09-27T06:30:19.147+00:00
11387,0.12333,2026-09-27T06:30:19.147+00:00
11388,0.12897,2026-09-27T06:30:24.156+00:00
11389,0.12720,2026-09-27T06:30:24.156+00:00
11390,0.12880,2026-09-27T06:30:24.156+00:00
11391,0.12618,2026-09-27T06:30:29.162+00:00
11392,0.12655,2026-09-27T06:30:29.162+00:00
11393,0.12524,2026-09-27T06:30:29.162+00:00
11394,0.12309,2026-09-27T06:30:34.169+00:00
11395,0.11255,2026-09-27T06:30:34.169+00:00
11396,0.11788,2026-09-27T06:30:34.169+00:00
11397,0.12876,2026-09-27T06:30:39.176+00:00
11398,0.12181,2026-09-27T06:30:39.176+00:00
11399,0.11154,2026-09-27T06:30:39.176+00:00
11400,0.12718,2026-09-27T06:30:44.183+00:00
11401,0.12491,2026-09-27T06:30:44.183+00:00
11402,0.12330,2026-09-27T06:30:44.183+00:00
11403,0.11961,2026-09-27T06:30:44.183+00:00
11404,0.12711,2026-09-27T06:30:49.190+00:00
11405,0.12620,2026-09-27T06:30:49.190+00:00
11406,0.13109,2026-09-27T06:30:49.190+00:00
11407,0.11950,2026-09-27T06:30:54.199+00:00
11408,0.12829,2026-09-27T06:30:54.199+00:00
11409,0.11589,2026-09-27T06:30:54.199+00:00
11410,0.12499,2026-09-27T06:30:59.206+00:00
11411,0.13060,2026-09-27T06:30:59.206+00:00
11412,0.12793,2026-09-27T06:30:59.206+00:00
11413,0.12166,2026-09-27T06:31:04.213+00:00
11414,0.12639,2026-09-27T06:31:04.213+00:00
11415,0.11919,2026-09-27T06:31:04.213+00:00
11416,0.12583,2026-09-27T06:31:09.220+00:00
11417,0.12849,2026-09-27T06:31:09.220+00:00
11418,0.12964,2026-09-27T06:31:09.220+00:00
11419,0.12769,2026-09-27T06:31:14.227+00:00
11420,0.11469,2026-09-27T06:31:14.227+00:00
11421,0.12968,2026-09-27T06:31:14.227+00:00
11422,0.11582,2026-09-27T06:31:14.227+00:00
11423,0.12798,2026-09-27T06:31:19.235+00:00
11424,0.11948,2026-09-27T06:31:19.235+00:00
11425,0.12875,2026-09-27T06:31:19.235+00:00
11426,0.11877,2026-09-27T06:31:24.244+00:00
11427,0.11917,2026-09-27T06:31:24.244+00:00
11428,0.11667,2026-09-27T06:31:24.244+00:00
11429,0.12878,2026-09-27T06:31:29.251+00:00
11430,0.12119,2026-09-27T06:31:29.251+00:00
11431,0.13184,2026-09-27T06:31:29.251+00:00
11432,0.12734,2026-09-27T06:31:34.257+00:00
11433,0.12082,2026-09-27T06:31:34.257+00:00
11434,0.15782,2026-09-27T06:31:34.258+00:00
11435,0.16340,2026-09-27T06:31:39.264+00:00
11436,0.16194,2026-09-27T06:31:39.264+00:00
11437,0.16088,2026-09-27T06:31:39.264+00:00
11438,0.13582,2026-09-27T06:31:44.271+00:00
11439,0.12828,2026-09-27T06:31:44.271+00:00
11440,0.12854,2026-09-27T06:31:44.271+00:00
11441,0.12434,2026-09-27T06:31:49.278+00:00
11442,0.12383,2026-09-27T06:31:49.278+00:00
11443,0.12681,2026-09-27T06:31:49.278+00:00
11444,0.10840,2026-09-27T06:31:54.288+00:00
11445,0.12875,2026-09-27T06:31:54.288+00:00
11446,0.12478,2026-09-27T06:31:54.288+00:00
11447,0.11973,2026-09-27T06:31:54.289+00:00
11448,0.12245,2026-09-27T06:31:59.295+00:00
11449,0.12747,2026-09-27T06:31:59.295+00:00
11450,0.12999,2026-09-27T06:31:59.295+00:00
11451,0.12314,2026-09-27T06:32:04.302+00:00
11452,0.12291,2026-09-27T06:32:04.302+00:00
11453,0.12480,2026-09-27T06:32:04.302+00:00
11454,0.12459,2026-09-27T06:32:09.308+00:00
11455,0.12412,2026-09-27T06:32:09.308+00:00
11456,0.11593,2026-09-27T06:32:09.308+00:00
11457,0.12969,2026-09-27T06:32:14.314+00:00
11458,0.12263,2026-09-27T06:32:14.314+00:00
11459,0.13046,2026-09-27T06:32:14.315+00:00
11460,0.12811,2026-09-27T06:32:19.323+00:00
11461,0.12143,2026-09-27T06:32:19.323+00:00
11462,0.11683,2026-09-27T06:32:19.323+00:00
11463,0.11323,2026-09-27T06:32:24.333+00:00
11464,0.12015,2026-09-27T06:32:24.333+00:00
11465,0.12819,2026-09-27T06:32:24.333+00:00
11466,0.11753,2026-09-27T06:32:29.340+00:00
11467,0.12805,2026-09-27T06:32:29.340+00:00
11468,0.12923,2026-09-27T06:32:29.340+00:00
11469,0.12656,2026-09-27T06:32:29.340+00:00
11470,0.12023,2026-09-27T06:32:34.346+00:00
11471,0.11755,2026-09-27T06:32:34.346+00:00
11472,0.12989,2026-09-27T06:32:34.346+00:00
11473,0.12683,2026-09-27T06:32:39.353+00:00
11474,0.12633,2026-09-27T06:32:39.353+00:00
11475,0.12247,2026-09-27T06:32:39.353+00:00
11476,0.11908,2026-09-27T06:32:44.360+00:00
11477,0.12423,2026-09-27T06:32:44.360+00:00
11478,0.13015,2026-09-27T06:32:44.360+00:00
11479,0.12176,2026-09-27T06:32:49.366+00:00
11480,0.12001,2026-09-27T06:32:49.367+00:00
11481,0.12564,2026-09-27T06:32:49.367+00:00
11482,0.12492,2026-09-27T06:32:54.377+00:00
11483,0.12375,2026-09-27T06:32:54.377+00:00
11484,0.11689,2026-09-27T06:32:54.377+00:00
11485,0.12312,2026-09-27T06:32:54.378+00:00
11486,0.13922,2026-09-27T06:32:59.384+00:00
11487,0.12134,2026-09-27T06:32:59.384+00:00
11488,0.12363,2026-09-27T06:32:59.385+00:00
11489,0.12270,2026-09-27T06:33:04.391+00:00
11490,0.12007,2026-09-27T06:33:04.391+00:00
11491,0.11819,2026-09-27T06:33:04.391+00:00
11492,0.11538,2026-09-27T06:33:09.398+00:00
11493,0.12569,2026-09-27T06:33:09.398+00:00
11494,0.12101,2026-09-27T06:33:09.398+00:00
11495,0.11917,2026-09-27T06:33:14.405+00:00
11496,0.12048,2026-09-27T06:33:14.405+00:00
11497,0.13132,2026-09-27T06:33:14.405+00:00
11498,0.12895,2026-09-27T06:33:19.413+00:00
11499,0.12893,2026-09-27T06:33:19.413+00:00
11500,0.12288,2026-09-27T06:33:19.413+00:00
11501,0.12838,2026-09-27T06:33:24.423+00:00
11502,0.12439,2026-09-27T06:33:24.423+00:00
11503,0.11944,2026-09-27T06:33:24.423+00:00
11504,0.12500,2026-09-27T06:33:24.423+00:00
11505,0.13267,2026-09-27T06:33:29.429+00:00
11506,0.11578,2026-09-27T06:33:29.430+00:00
11507,0.11668,2026-09-27T06:33:29.430+00:00
11508,0.12322,2026-09-27T06:33:34.437+00:00
11509,0.11685,2026-09-27T06:33:34.437+00:00
11510,0.12274,2026-09-27T06:33:34.437+00:00
11511,0.12054,2026-09-27T06:33:39.444+00:00
11512,0.11394,2026-09-27T06:33:39.444+00:00
11513,0.12963,2026-09-27T06:33:39.444+00:00
11514,0.12703,2026-09-27T06:33:44.451+00:00
11515,0.13059,2026-09-27T06:33:44.451+00:00
11516,0.12625,2026-09-27T06:33:44.451+00:00
11517,0.12814,2026-09-27T06:33:49.458+00:00
11518,0.12477,2026-09-27T06:33:49.458+00:00
11519,0.12850,2026-09-27T06:33:49.458+00:00
11520,0.11964,2026-09-27T06:33:54.468+00:00
11521,0.12485,2026-09-27T06:33:54.468+00:00
11522,0.12126,2026-09-27T06:33:54.468+00:00
11523,0.11684,2026-09-27T06:33:59.475+00:00
11524,0.11905,2026-09-27T06:33:59.475+00:00
11525,0.12516,2026-09-27T06:33:59.476+00:00
11526,0.12163,2026-09-27T06:33:59.476+00:00
11527,0.11363,2026-09-27T06:34:04.482+00:00
11528,0.13096,2026-09-27T06:34:04.483+00:00
11529,0.12468,2026-09-27T06:34:04.483+00:00
11530,0.12557,2026-09-27T06:34:09.489+00:00
11531,0.11305,2026-09-27T06:34:09.489+00:00
11532,0.11511,2026-09-27T06:34:09.489+00:00
11533,0.12630,2026-09-27T06:34:14.496+00:00
11534,0.12541,2026-09-27T06:34:14.496+00:00
11535,0.12791,2026-09-27T06:34:14.496+00:00
11536,0.12627,2026-09-27T06:34:19.504+00:00
11537,0.13180,2026-09-27T06:34:19.504+00:00
11538,0.12435,2026-09-27T06:34:19.504+00:00
11539,0.13225,2026-09-27T06:34:24.514+00:00
11540,0.12671,2026-09-27T06:34:24.514+00:00
11541,0.12786,2026-09-27T06:34:24.514+00:00
11542,0.12105,2026-09-27T06:34:29.521+00:00
11543,0.12610,2026-09-27T06:34:29.521+00:00
11544,0.12863,2026-09-27T06:34:29.521+00:00
11545,0.11332,2026-09-27T06:34:34.528+00:00
11546,0.12487,2026-09-27T06:34:34.528+00:00
11547,0.13128,2026-09-27T06:34:34.528+00:00
11548,0.12451,2026-09-27T06:34:34.528+00:00
11549,0.12091,2026-09-27T06:34:39.535+00:00
11550,0.11364,2026-09-27T06:34:39.535+00:00
11551,0.13529,2026-09-27T06:34:39.535+00:00
11552,0.12145,2026-09-27T06:34:44.542+00:00
11553,0.12185,2026-09-27T06:34:44.543+00:00
11554,0.11880,2026-09-27T06:34:44.543+00:00
11555,0.12732,2026-09-27T06:34:49.550+00:00
11556,0.13075,2026-09-27T06:34:49.550+00:00
11557,0.12251,2026-09-27T06:34:49.550+00:00
11558,0.12079,2026-09-27T06:34:54.559+00:00
11559,0.12196,2026-09-27T06:34:54.559+00:00
11560,0.13198,2026-09-27T06:34:54.559+00:00
11561,0.11898,2026-09-27T06:34:59.566+00:00
11562,0.12039,2026-09-27T06:34:59.566+00:00
11563,0.12446,2026-09-27T06:34:59.566+00:00
11564,0.11168,2026-09-27T06:34:59.566+00:00
11565,0.11394,2026-09-27T06:35:04.573+00:00
11566,0.12192,2026-09-27T06:35:04.573+00:00
11567,0.11121,2026-09-27T06:35:04.574+00:00
11568,0.13046,2026-09-27T06:35:09.580+00:00
11569,0.12023,2026-09-27T06:35:09.580+00:00
11570,0.13094,2026-09-27T06:35:09.580+00:00
11571,0.11242,2026-09-27T06:35:14.588+00:00
11572,0.12456,2026-09-27T06:35:14.588+00:00
11573,0.11776,2026-09-27T06:35:14.588+00:00
11574,0.12465,2026-09-27T06:35:19.596+00:00
11575,0.12226,2026-09-27T06:35:19.596+00:00
11576,0.11282,2026-09-27T06:35:19.596+00:00
11577,0.11599,2026-09-27T06:35:24.605+00:00
11578,0.12694,2026-09-27T06:35:24.606+00:00
11579,0.12281,2026-09-27T06:35:24.606+00:00
11580,0.11710,2026-09-27T06:35:24.606+00:00
11581,0.12986,2026-09-27T06:35:29.613+00:00
11582,0.12041,2026-09-27T06:35:29.613+00:00
11583,0.11610,2026-09-27T06:35:29.613+00:00
11584,0.12787,2026-09-27T06:35:34.620+00:00
11585,0.12107,2026-09-27T06:35:34.620+00:00
11586,0.12988,2026-09-27T06:35:34.620+00:00
11587,0.12327,2026-09-27T06:35:39.627+00:00
11588,0.12511,2026-09-27T06:35:39.627+00:00
11589,0.12540,2026-09-27T06:35:39.627+00:00
11590,0.11098,2026-09-27T06:35:44.634+00:00
11591,0.12841,2026-09-27T06:35:44.634+00:00
11592,0.12681,2026-09-27T06:35:44.635+00:00
11593,0.11931,2026-09-27T06:35:49.642+00:00
11594,0.12346,2026-09-27T06:35:49.642+00:00
11595,0.11704,2026-09-27T06:35:49.642+00:00
11596,0.13133,2026-09-27T06:35:54.652+00:00
11597,0.13100,2026-09-27T06:35:54.652+00:00
11598,0.11769,2026-09-27T06:35:54.652+00:00
11599,0.12451,2026-09-27T06:35:59.659+00:00
11600,0.12181,2026-09-27T06:35:59.659+00:00
11601,0.11628,2026-09-27T06:35:59.659+00:00
11602,0.12759,2026-09-27T06:35:59.659+00:00
11603,0.12044,2026-09-27T06:36:04.664+00:00
11604,0.11725,2026-09-27T06:36:04.664+00:00
11605,0.11584,2026-09-27T06:36:04.665+00:00
11606,0.12634,2026-09-27T06:36:09.672+00:00
11607,0.12184,2026-09-27T06:36:09.672+00:00
11608,0.12536,2026-09-27T06:36:09.672+00:00
11609,0.12514,2026-09-27T06:36:14.679+00:00
11610,0.12644,2026-09-27T06:36:14.679+00:00
11611,0.14560,2026-09-27T06:36:14.679+00:00
11612,0.14048,2026-09-27T06:36:19.687+00:00
11613,0.12176,2026-09-27T06:36:19.687+00:00
11614,0.13312,2026-09-27T06:36:19.687+00:00
11615,0.11997,2026-09-27T06:36:24.697+00:00
11616,0.13636,2026-09-27T06:36:24.697+00:00
11617,0.12214,2026-09-27T06:36:24.697+00:00
11618,0.11076,2026-09-27T06:36:29.704+00:00
11619,0.12832,2026-09-27T06:36:29.704+00:00
11620,0.12258,2026-09-27T06:36:29.704+00:00
11621,0.12329,2026-09-27T06:36:34.711+00:00
11622,0.12696,2026-09-27T06:36:34.712+00:00
11623,0.12162,2026-09-27T06:36:34.712+00:00
11624,0.12642,2026-09-27T06:36:39.719+00:00
11625,0.11793,2026-09-27T06:36:39.719+00:00
11626,0.12713,2026-09-27T06:36:39.719+00:00
11627,0.12097,2026-09-27T06:36:39.719+00:00
11628,0.12619,2026-09-27T06:36:44.726+00:00
11629,0.12388,2026-09-27T06:36:44.726+00:00
11630,0.11403,2026-09-27T06:36:44.726+00:00
11631,0.12338,2026-09-27T06:36:49.733+00:00
11632,0.12780,2026-09-27T06:36:49.733+00:00
11633,0.11857,2026-09-27T06:36:49.733+00:00
11634,0.12052,2026-09-27T06:36:54.744+00:00
11635,0.10561,2026-09-27T06:36:54.744+00:00
11636,0.13844,2026-09-27T06:36:54.744+00:00
11637,0.12110,2026-09-27T06:36:59.751+00:00
11638,0.12447,2026-09-27T06:36:59.752+00:00
11639,0.12956,2026-09-27T06:36:59.752+00:00
11640,0.11650,2026-09-27T06:36:59.752+00:00
11641,0.12070,2026-09-27T06:37:04.759+00:00
11642,0.12327,2026-09-27T06:37:04.759+00:00
11643,0.12233,2026-09-27T06:37:04.759+00:00
11644,0.12287,2026-09-27T06:37:09.766+00:00
11645,0.12003,2026-09-27T06:37:09.766+00:00
11646,0.12289,2026-09-27T06:37:09.766+00:00
11647,0.12464,2026-09-27T06:37:14.773+00:00
11648,0.12923,2026-09-27T06:37:14.773+00:00
11649,0.12926,2026-09-27T06:37:14.773+00:00
11650,0.12007,2026-09-27T06:37:19.781+00:00
11651,0.12861,2026-09-27T06:37:19.781+00:00
11652,0.12734,2026-09-27T06:37:19.781+00:00
11653,0.11506,2026-09-27T06:37:24.790+00:00
11654,0.12543,2026-09-27T06:37:24.790+00:00
11655,0.12515,2026-09-27T06:37:24.790+00:00
11656,0.12434,2026-09-27T06:37:29.797+00:00
11657,0.11253,2026-09-27T06:37:29.798+00:00
11658,0.11201,2026-09-27T06:37:29.798+00:00
11659,0.12382,2026-09-27T06:37:34.804+00:00
11660,0.12184,2026-09-27T06:37:34.805+00:00
11661,0.12251,2026-09-27T06:37:34.805+00:00
11662,0.12385,2026-09-27T06:37:34.805+00:00
11663,0.11857,2026-09-27T06:37:39.812+00:00
11664,0.13305,2026-09-27T06:37:39.812+00:00
11665,0.11211,2026-09-27T06:37:39.812+00:00
11666,0.11250,2026-09-27T06:37:44.819+00:00
11667,0.11900,2026-09-27T06:37:44.819+00:00
11668,0.12327,2026-09-27T06:37:44.819+00:00
11669,0.11985,2026-09-27T06:37:49.826+00:00
11670,0.12134,2026-09-27T06:37:49.826+00:00
11671,0.11333,2026-09-27T06:37:49.826+00:00
11672,0.12416,2026-09-27T06:37:54.836+00:00
11673,0.12011,2026-09-27T06:37:54.836+00:00
11674,0.12747,2026-09-27T06:37:54.836+00:00
11675,0.11156,2026-09-27T06:37:59.843+00:00
11676,0.12038,2026-09-27T06:37:59.843+00:00
11677,0.13241,2026-09-27T06:37:59.843+00:00
11678,0.13242,2026-09-27T06:37:59.843+00:00
11679,0.10710,2026-09-27T06:38:04.850+00:00
11680,0.12468,2026-09-27T06:38:04.850+00:00
11681,0.12777,2026-09-27T06:38:04.850+00:00
11682,0.12027,2026-09-27T06:38:09.857+00:00
11683,0.12619,2026-09-27T06:38:09.857+00:00
11684,0.12342,2026-09-27T06:38:09.857+00:00
11685,0.12052,2026-09-27T06:38:14.864+00:00
11686,0.13460,2026-09-27T06:38:14.864+00:00
11687,0.11700,2026-09-27T06:38:14.864+00:00
11688,0.13429,2026-09-27T06:38:19.872+00:00
11689,0.11672,2026-09-27T06:38:19.872+00:00
11690,0.12622,2026-09-27T06:38:19.872+00:00
11691,0.12590,2026-09-27T06:38:24.882+00:00
11692,0.12702,2026-09-27T06:38:24.882+00:00
11693,0.11670,2026-09-27T06:38:24.882+00:00
11694,0.12480,2026-09-27T06:38:29.889+00:00
11695,0.12589,2026-09-27T06:38:29.889+00:00
11696,0.11565,2026-09-27T06:38:29.889+00:00
11697,0.12026,2026-09-27T06:38:34.896+00:00
11698,0.11644,2026-09-27T06:38:34.896+00:00
11699,0.11781,2026-09-27T06:38:34.896+00:00
11700,0.12611,2026-09-27T06:38:34.897+00:00
11701,0.12916,2026-09-27T06:38:39.903+00:00
11702,0.11294,2026-09-27T06:38:39.903+00:00
11703,0.10844,2026-09-27T06:38:39.904+00:00
11704,0.11813,2026-09-27T06:38:44.910+00:00
11705,0.11960,2026-09-27T06:38:44.911+00:00
11706,0.11911,2026-09-27T06:38:44.911+00:00
11707,0.11968,2026-09-27T06:38:49.918+00:00
11708,0.12193,2026-09-27T06:38:49.918+00:00
11709,0.12228,2026-09-27T06:38:49.918+00:00
11710,0.12319,2026-09-27T06:38:54.928+00:00
11711,0.12804,2026-09-27T06:38:54.928+00:00
11712,0.13094,2026-09-27T06:38:54.928+00:00
11713,0.12671,2026-09-27T06:38:59.935+00:00
11714,0.12476,2026-09-27T06:38:59.935+00:00
11715,0.11870,2026-09-27T06:38:59.935+00:00
11716,0.11828,2026-09-27T06:39:04.942+00:00
11717,0.12163,2026-09-27T06:39:04.942+00:00
11718,0.12577,2026-09-27T06:39:04.942+00:00
11719,0.12905,2026-09-27T06:39:09.949+00:00
11720,0.13379,2026-09-27T06:39:09.949+00:00
11721,0.11956,2026-09-27T06:39:09.949+00:00
11722,0.12082,2026-09-27T06:39:09.949+00:00
11723,0.11002,2026-09-27T06:39:14.956+00:00
11724,0.11880,2026-09-27T06:39:14.956+00:00
11725,0.12113,2026-09-27T06:39:14.957+00:00
11726,0.12539,2026-09-27T06:39:19.965+00:00
11727,0.12698,2026-09-27T06:39:19.965+00:00
11728,0.12469,2026-09-27T06:39:19.965+00:00
11729,0.12124,2026-09-27T06:39:24.974+00:00
11730,0.12964,2026-09-27T06:39:24.974+00:00
11731,0.13168,2026-09-27T06:39:24.974+00:00
11732,0.12759,2026-09-27T06:39:29.980+00:00
11733,0.11940,2026-09-27T06:39:29.980+00:00
11734,0.12390,2026-09-27T06:39:29.980+00:00
11735,0.11622,2026-09-27T06:39:34.987+00:00
11736,0.12802,2026-09-27T06:39:34.987+00:00
11737,0.11873,2026-09-27T06:39:34.987+00:00
11738,0.12537,2026-09-27T06:39:39.994+00:00
11739,0.11832,2026-09-27T06:39:39.994+00:00
11740,0.11399,2026-09-27T06:39:39.994+00:00
11741,0.11280,2026-09-27T06:39:39.994+00:00
11742,0.11657,2026-09-27T06:39:45.002+00:00
11743,0.11631,2026-09-27T06:39:45.002+00:00
11744,0.10454,2026-09-27T06:39:45.002+00:00
11745,0.11763,2026-09-27T06:39:50.009+00:00
11746,0.12524,2026-09-27T06:39:50.009+00:00
11747,0.11718,2026-09-27T06:39:50.009+00:00
11748,0.10703,2026-09-27T06:39:55.019+00:00
11749,0.11274,2026-09-27T06:39:55.019+00:00
11750,0.12451,2026-09-27T06:39:55.019+00:00
11751,0.11720,2026-09-27T06:39:55.019+00:00
11752,0.10830,2026-09-27T06:40:00.026+00:00
11753,0.12094,2026-09-27T06:40:00.026+00:00
11754,0.12216,2026-09-27T06:40:00.026+00:00
11755,0.12352,2026-09-27T06:40:05.031+00:00
11756,0.12112,2026-09-27T06:40:05.031+00:00
11757,0.12528,2026-09-27T06:40:05.031+00:00
11758,0.11563,2026-09-27T06:40:10.038+00:00
11759,0.12090,2026-09-27T06:40:10.038+00:00
11760,0.13077,2026-09-27T06:40:10.038+00:00
11761,0.12608,2026-09-27T06:40:15.045+00:00
11762,0.12642,2026-09-27T06:40:15.045+00:00
11763,0.12039,2026-09-27T06:40:15.045+00:00
11764,0.11415,2026-09-27T06:40:20.053+00:00
11765,0.12168,2026-09-27T06:40:20.053+00:00
11766,0.13284,2026-09-27T06:40:20.053+00:00
11767,0.12608,2026-09-27T06:40:25.063+00:00
11768,0.12274,2026-09-27T06:40:25.063+00:00
11769,0.11515,2026-09-27T06:40:25.063+00:00
11770,0.11720,2026-09-27T06:40:30.070+00:00
11771,0.12263,2026-09-27T06:40:30.070+00:00
11772,0.12553,2026-09-27T06:40:30.070+00:00
11773,0.11873,2026-09-27T06:40:30.070+00:00
11774,0.12314,2026-09-27T06:40:35.077+00:00
11775,0.10821,2026-09-27T06:40:35.077+00:00
11776,0.11841,2026-09-27T06:40:35.077+00:00
11777,0.10992,2026-09-27T06:40:40.084+00:00
11778,0.13233,2026-09-27T06:40:40.084+00:00
11779,0.13063,2026-09-27T06:40:40.084+00:00
11780,0.11602,2026-09-27T06:40:45.092+00:00
11781,0.11135,2026-09-27T06:40:45.092+00:00
11782,0.12784,2026-09-27T06:40:45.092+00:00
11783,0.11252,2026-09-27T06:40:50.099+00:00
11784,0.12421,2026-09-27T06:40:50.099+00:00
11785,0.12937,2026-09-27T06:40:50.099+00:00
11786,0.11907,2026-09-27T06:40:55.110+00:00
11787,0.12150,2026-09-27T06:40:55.110+00:00
11788,0.12511,2026-09-27T06:40:55.110+00:00
11789,0.11796,2026-09-27T06:40:55.110+00:00
11790,0.13104,2026-09-27T06:41:00.117+00:00
11791,0.12237,2026-09-27T06:41:00.117+00:00
11792,0.12385,2026-09-27T06:41:00.117+00:00
11793,0.12816,2026-09-27T06:41:05.123+00:00
11794,0.12479,2026-09-27T06:41:05.123+00:00
11795,0.12445,2026-09-27T06:41:05.123+00:00
11796,0.13254,2026-09-27T06:41:10.130+00:00
11797,0.12363,2026-09-27T06:41:10.130+00:00
11798,0.13057,2026-09-27T06:41:10.130+00:00
11799,0.11215,2026-09-27T06:41:15.136+00:00
11800,0.12551,2026-09-27T06:41:15.136+00:00
11801,0.12738,2026-09-27T06:41:15.137+00:00
11802,0.12962,2026-09-27T06:41:20.144+00:00
11803,0.11645,2026-09-27T06:41:20.144+00:00
11804,0.11980,2026-09-27T06:41:20.144+00:00
11805,0.11756,2026-09-27T06:41:25.155+00:00
11806,0.11149,2026-09-27T06:41:25.155+00:00
11807,0.10667,2026-09-27T06:41:25.155+00:00
11808,0.12362,2026-09-27T06:41:30.162+00:00
11809,0.11359,2026-09-27T06:41:30.162+00:00
11810,0.12110,2026-09-27T06:41:30.162+00:00
11811,0.11948,2026-09-27T06:41:30.162+00:00
11812,0.13068,2026-09-27T06:41:35.169+00:00
11813,0.13316,2026-09-27T06:41:35.169+00:00
11814,0.11276,2026-09-27T06:41:35.169+00:00
11815,0.12624,2026-09-27T06:41:40.176+00:00
11816,0.11250,2026-09-27T06:41:40.176+00:00
11817,0.11214,2026-09-27T06:41:40.176+00:00
11818,0.12716,2026-09-27T06:41:45.183+00:00
11819,0.12431,2026-09-27T06:41:45.183+00:00
11820,0.12673,2026-09-27T06:41:45.183+00:00
11821,0.12426,2026-09-27T06:41:50.190+00:00
11822,0.12760,2026-09-27T06:41:50.190+00:00
11823,0.11759,2026-09-27T06:41:50.190+00:00
11824,0.11964,2026-09-27T06:41:55.199+00:00
11825,0.12590,2026-09-27T06:41:55.199+00:00
11826,0.12314,2026-09-27T06:41:55.199+00:00
11827,0.12871,2026-09-27T06:42:00.206+00:00
11828,0.12980,2026-09-27T06:42:00.206+00:00
11829,0.12173,2026-09-27T06:42:00.206+00:00
11830,0.11111,2026-09-27T06:42:00.206+00:00
11831,0.12085,2026-09-27T06:42:05.212+00:00
11832,0.12270,2026-09-27T06:42:05.212+00:00
11833,0.12155,2026-09-27T06:42:05.212+00:00
11834,0.12269,2026-09-27T06:42:10.219+00:00
11835,0.12121,2026-09-27T06:42:10.219+00:00
11836,0.12479,2026-09-27T06:42:10.219+00:00
11837,0.12062,2026-09-27T06:42:15.226+00:00
11838,0.12236,2026-09-27T06:42:15.226+00:00
11839,0.12667,2026-09-27T06:42:15.226+00:00
11840,0.12723,2026-09-27T06:42:20.234+00:00
11841,0.11264,2026-09-27T06:42:20.234+00:00
11842,0.10465,2026-09-27T06:42:20.234+00:00
11843,0.12663,2026-09-27T06:42:25.244+00:00
11844,0.12924,2026-09-27T06:42:25.244+00:00
11845,0.11509,2026-09-27T06:42:25.244+00:00
11846,0.12664,2026-09-27T06:42:25.244+00:00
11847,0.12268,2026-09-27T06:42:30.251+00:00
11848,0.11640,2026-09-27T06:42:30.251+00:00
11849,0.12245,2026-09-27T06:42:30.251+00:00
11850,0.12517,2026-09-27T06:42:35.258+00:00
11851,0.12184,2026-09-27T06:42:35.258+00:00
11852,0.12621,2026-09-27T06:42:35.258+00:00
11853,0.12992,2026-09-27T06:42:40.265+00:00
11854,0.12310,2026-09-27T06:42:40.265+00:00
11855,0.12619,2026-09-27T06:42:40.265+00:00
11856,0.11657,2026-09-27T06:42:45.271+00:00
11857,0.12575,2026-09-27T06:42:45.272+00:00
11858,0.12207,2026-09-27T06:42:45.272+00:00
11859,0.12224,2026-09-27T06:42:50.278+00:00
11860,0.11001,2026-09-27T06:42:50.279+00:00
11861,0.12572,2026-09-27T06:42:50.279+00:00
11862,0.12841,2026-09-27T06:42:55.289+00:00
11863,0.12205,2026-09-27T06:42:55.289+00:00
11864,0.12862,2026-09-27T06:42:55.289+00:00
11865,0.12431,2026-09-27T06:42:55.290+00:00
11866,0.12646,2026-09-27T06:43:00.296+00:00
11867,0.11903,2026-09-27T06:43:00.296+00:00
11868,0.12631,2026-09-27T06:43:00.296+00:00
11869,0.11174,2026-09-27T06:43:05.302+00:00
11870,0.12558,2026-09-27T06:43:05.302+00:00
11871,0.12770,2026-09-27T06:43:05.302+00:00
11872,0.11562,2026-09-27T06:43:10.309+00:00
11873,0.12704,2026-09-27T06:43:10.309+00:00
11874,0.11630,2026-09-27T06:43:10.309+00:00
11875,0.12688,2026-09-27T06:43:15.316+00:00
11876,0.12190,2026-09-27T06:43:15.316+00:00
11877,0.12947,2026-09-27T06:43:15.316+00:00
11878,0.12595,2026-09-27T06:43:20.325+00:00
11879,0.12493,2026-09-27T06:43:20.325+00:00
11880,0.12871,2026-09-27T06:43:20.325+00:00
11881,0.12401,2026-09-27T06:43:25.334+00:00
11882,0.11174,2026-09-27T06:43:25.334+00:00
11883,0.13450,2026-09-27T06:43:25.334+00:00
11884,0.12568,2026-09-27T06:43:30.341+00:00
11885,0.11825,2026-09-27T06:43:30.341+00:00
11886,0.11693,2026-09-27T06:43:30.341+00:00
11887,0.11598,2026-09-27T06:43:35.347+00:00
11888,0.12870,2026-09-27T06:43:35.347+00:00
11889,0.13398,2026-09-27T06:43:35.347+00:00
11890,0.12115,2026-09-27T06:43:35.347+00:00
11891,0.11280,2026-09-27T06:43:40.354+00:00
11892,0.11226,2026-09-27T06:43:40.355+00:00
11893,0.12052,2026-09-27T06:43:40.355+00:00
11894,0.10386,2026-09-27T06:43:45.361+00:00
11895,0.11874,2026-09-27T06:43:45.362+00:00
11896,0.11359,2026-09-27T06:43:45.362+00:00
11897,0.10895,2026-09-27T06:43:50.369+00:00
11898,0.12510,2026-09-27T06:43:50.369+00:00
11899,0.13086,2026-09-27T06:43:50.369+00:00
11900,0.12316,2026-09-27T06:43:55.379+00:00
11901,0.12252,2026-09-27T06:43:55.379+00:00
11902,0.13018,2026-09-27T06:43:55.379+00:00
11903,0.12972,2026-09-27T06:44:00.384+00:00
11904,0.11806,2026-09-27T06:44:00.384+00:00
11905,0.12222,2026-09-27T06:44:00.384+00:00
11906,0.13342,2026-09-27T06:44:05.391+00:00
11907,0.10512,2026-09-27T06:44:05.391+00:00
11908,0.11808,2026-09-27T06:44:05.391+00:00
11909,0.11761,2026-09-27T06:44:05.392+00:00
11910,0.13186,2026-09-27T06:44:10.398+00:00
11911,0.11560,2026-09-27T06:44:10.398+00:00
11912,0.12354,2026-09-27T06:44:10.398+00:00
11913,0.11241,2026-09-27T06:44:15.405+00:00
11914,0.12315,2026-09-27T06:44:15.405+00:00
11915,0.12851,2026-09-27T06:44:15.406+00:00
11916,0.11344,2026-09-27T06:44:20.413+00:00
11917,0.12086,2026-09-27T06:44:20.414+00:00
11918,0.12171,2026-09-27T06:44:20.414+00:00
11919,0.12113,2026-09-27T06:44:25.423+00:00
11920,0.12148,2026-09-27T06:44:25.423+00:00
11921,0.12570,2026-09-27T06:44:25.423+00:00
11922,0.11832,2026-09-27T06:44:30.430+00:00
11923,0.12386,2026-09-27T06:44:30.430+00:00
11924,0.12877,2026-09-27T06:44:30.430+00:00
11925,0.11410,2026-09-27T06:44:35.436+00:00
11926,0.12477,2026-09-27T06:44:35.436+00:00
11927,0.12921,2026-09-27T06:44:35.436+00:00
11928,0.12318,2026-09-27T06:44:35.436+00:00
11929,0.11955,2026-09-27T06:44:40.444+00:00
11930,0.12417,2026-09-27T06:44:40.444+00:00
11931,0.12413,2026-09-27T06:44:40.444+00:00
11932,0.11833,2026-09-27T06:44:45.451+00:00
11933,0.12348,2026-09-27T06:44:45.451+00:00
11934,0.11627,2026-09-27T06:44:45.451+00:00
11935,0.12944,2026-09-27T06:44:50.458+00:00
11936,0.11758,2026-09-27T06:44:50.458+00:00
11937,0.11420,2026-09-27T06:44:50.458+00:00
11938,0.11425,2026-09-27T06:44:55.468+00:00
11939,0.11486,2026-09-27T06:44:55.468+00:00
11940,0.11980,2026-09-27T06:44:55.468+00:00
11941,0.12537,2026-09-27T06:45:00.475+00:00
11942,0.12850,2026-09-27T06:45:00.475+00:00
11943,0.11188,2026-09-27T06:45:00.475+00:00
11944,0.12309,2026-09-27T06:45:05.481+00:00
11945,0.11801,2026-09-27T06:45:05.481+00:00
11946,0.11640,2026-09-27T06:45:05.481+00:00
11947,0.12211,2026-09-27T06:45:10.488+00:00
11948,0.12703,2026-09-27T06:45:10.488+00:00
11949,0.12526,2026-09-27T06:45:10.488+00:00
11950,0.13066,2026-09-27T06:45:15.495+00:00
11951,0.12819,2026-09-27T06:45:15.495+00:00
11952,0.11818,2026-09-27T06:45:15.495+00:00
11953,0.12045,2026-09-27T06:45:15.495+00:00
11954,0.12093,2026-09-27T06:45:20.503+00:00
11955,0.12504,2026-09-27T06:45:20.503+00:00
11956,0.12467,2026-09-27T06:45:20.503+00:00
11957,0.12341,2026-09-27T06:45:25.514+00:00
11958,0.10756,2026-09-27T06:45:25.514+00:00
11959,0.11554,2026-09-27T06:45:25.514+00:00
11960,0.12773,2026-09-27T06:45:30.521+00:00
11961,0.11864,2026-09-27T06:45:30.521+00:00
11962,0.12382,2026-09-27T06:45:30.521+00:00
11963,0.13516,2026-09-27T06:45:35.527+00:00
11964,0.11828,2026-09-27T06:45:35.527+00:00
11965,0.12623,2026-09-27T06:45:35.527+00:00
11966,0.11967,2026-09-27T06:45:40.534+00:00
11967,0.12894,2026-09-27T06:45:40.534+00:00
11968,0.11982,2026-09-27T06:45:40.534+00:00
11969,0.12220,2026-09-27T06:45:45.542+00:00
11970,0.11805,2026-09-27T06:45:45.542+00:00
11971,0.11370,2026-09-27T06:45:45.542+00:00
11972,0.11730,2026-09-27T06:45:45.542+00:00
11973,0.11938,2026-09-27T06:45:50.549+00:00
11974,0.11668,2026-09-27T06:45:50.549+00:00
11975,0.11662,2026-09-27T06:45:50.549+00:00
11976,0.11653,2026-09-27T06:45:55.559+00:00
11977,0.12049,2026-09-27T06:45:55.559+00:00
11978,0.12076,2026-09-27T06:45:55.559+00:00
11979,0.12800,2026-09-27T06:46:00.565+00:00
11980,0.12004,2026-09-27T06:46:00.565+00:00
11981,0.11515,2026-09-27T06:46:00.566+00:00
11982,0.12620,2026-09-27T06:46:05.572+00:00
11983,0.12180,2026-09-27T06:46:05.572+00:00
11984,0.12139,2026-09-27T06:46:05.572+00:00
11985,0.12295,2026-09-27T06:46:10.579+00:00
11986,0.11882,2026-09-27T06:46:10.579+00:00
11987,0.11964,2026-09-27T06:46:10.579+00:00
11988,0.11464,2026-09-27T06:46:10.579+00:00
11989,0.10671,2026-09-27T06:46:15.587+00:00
11990,0.10518,2026-09-27T06:46:15.587+00:00
11991,0.12355,2026-09-27T06:46:15.587+00:00
11992,0.12200,2026-09-27T06:46:20.595+00:00
11993,0.11875,2026-09-27T06:46:20.595+00:00
11994,0.12155,2026-09-27T06:46:20.595+00:00
11995,0.11520,2026-09-27T06:46:25.605+00:00
11996,0.11997,2026-09-27T06:46:25.605+00:00
11997,0.11297,2026-09-27T06:46:25.605+00:00
11998,0.11127,2026-09-27T06:46:30.612+00:00
11999,0.12196,2026-09-27T06:46:30.612+00:00
12000,0.12445,2026-09-27T06:46:30.612+00:00
12001,0.12907,2026-09-27T06:46:30.612+00:00
12002,0.11476,2026-09-27T06:46:35.618+00:00
12003,0.11306,2026-09-27T06:46:35.619+00:00
12004,0.12227,2026-09-27T06:46:35.619+00:00
12005,0.11788,2026-09-27T06:46:40.626+00:00
12006,0.12077,2026-09-27T06:46:40.626+00:00
12007,0.12220,2026-09-27T06:46:40.626+00:00
12008,0.11691,2026-09-27T06:46:45.633+00:00
12009,0.11919,2026-09-27T06:46:45.633+00:00
12010,0.11706,2026-09-27T06:46:45.633+00:00
12011,0.12603,2026-09-27T06:46:50.641+00:00
12012,0.12740,2026-09-27T06:46:50.641+00:00
12013,0.12162,2026-09-27T06:46:50.641+00:00
12014,0.12624,2026-09-27T06:46:55.651+00:00
12015,0.11827,2026-09-27T06:46:55.651+00:00
12016,0.11595,2026-09-27T06:46:55.651+00:00
12017,0.12339,2026-09-27T06:47:00.658+00:00
12018,0.12178,2026-09-27T06:47:00.658+00:00
12019,0.11464,2026-09-27T06:47:00.658+00:00
12020,0.12040,2026-09-27T06:47:00.658+00:00
12021,0.13820,2026-09-27T06:47:05.664+00:00
12022,0.12722,2026-09-27T06:47:05.664+00:00
12023,0.12631,2026-09-27T06:47:05.664+00:00
12024,0.12449,2026-09-27T06:47:10.671+00:00
12025,0.12110,2026-09-27T06:47:10.671+00:00
12026,0.12544,2026-09-27T06:47:10.671+00:00
12027,0.12886,2026-09-27T06:47:15.678+00:00
12028,0.12692,2026-09-27T06:47:15.678+00:00
12029,0.11844,2026-09-27T06:47:15.678+00:00
12030,0.12956,2026-09-27T06:47:20.685+00:00
12031,0.10754,2026-09-27T06:47:20.685+00:00
12032,0.11407,2026-09-27T06:47:20.685+00:00
12033,0.11629,2026-09-27T06:47:25.695+00:00
12034,0.11974,2026-09-27T06:47:25.695+00:00
12035,0.12723,2026-09-27T06:47:25.695+00:00
12036,0.12845,2026-09-27T06:47:30.701+00:00
12037,0.12301,2026-09-27T06:47:30.702+00:00
12038,0.12639,2026-09-27T06:47:30.702+00:00
12039,0.11839,2026-09-27T06:47:30.702+00:00
12040,0.11731,2026-09-27T06:47:35.708+00:00
12041,0.11677,2026-09-27T06:47:35.708+00:00
12042,0.12508,2026-09-27T06:47:35.708+00:00
12043,0.12320,2026-09-27T06:47:40.715+00:00
12044,0.13027,2026-09-27T06:47:40.715+00:00
12045,0.12264,2026-09-27T06:47:40.715+00:00
12046,0.11799,2026-09-27T06:47:45.721+00:00
12047,0.12536,2026-09-27T06:47:45.721+00:00
12048,0.11386,2026-09-27T06:47:45.721+00:00
12049,0.12281,2026-09-27T06:47:50.728+00:00
12050,0.11987,2026-09-27T06:47:50.729+00:00
12051,0.11323,2026-09-27T06:47:50.729+00:00
12052,0.12054,2026-09-27T06:47:55.738+00:00
12053,0.11108,2026-09-27T06:47:55.738+00:00
12054,0.12626,2026-09-27T06:47:55.738+00:00
12055,0.11387,2026-09-27T06:48:00.745+00:00
12056,0.11209,2026-09-27T06:48:00.745+00:00
12057,0.12792,2026-09-27T06:48:00.746+00:00
12058,0.12540,2026-09-27T06:48:00.746+00:00
12059,0.11693,2026-09-27T06:48:05.752+00:00
12060,0.12856,2026-09-27T06:48:05.752+00:00
12061,0.11591,2026-09-27T06:48:05.753+00:00
12062,0.11098,2026-09-27T06:48:10.760+00:00
12063,0.10737,2026-09-27T06:48:10.760+00:00
12064,0.11132,2026-09-27T06:48:10.760+00:00
12065,0.11827,2026-09-27T06:48:15.767+00:00
12066,0.11543,2026-09-27T06:48:15.767+00:00
12067,0.11535,2026-09-27T06:48:15.767+00:00
12068,0.10818,2026-09-27T06:48:20.775+00:00
12069,0.11174,2026-09-27T06:48:20.776+00:00
12070,0.12087,2026-09-27T06:48:20.776+00:00
12071,0.11500,2026-09-27T06:48:20.776+00:00
12072,0.11763,2026-09-27T06:48:25.785+00:00
12073,0.10919,2026-09-27T06:48:25.785+00:00
12074,0.12116,2026-09-27T06:48:25.785+00:00
12075,0.11081,2026-09-27T06:48:30.792+00:00
12076,0.13024,2026-09-27T06:48:30.792+00:00
12077,0.12408,2026-09-27T06:48:30.792+00:00
12078,0.11690,2026-09-27T06:48:35.799+00:00
12079,0.11779,2026-09-27T06:48:35.799+00:00
12080,0.12078,2026-09-27T06:48:35.799+00:00
12081,0.12611,2026-09-27T06:48:40.806+00:00
12082,0.11732,2026-09-27T06:48:40.807+00:00
12083,0.11418,2026-09-27T06:48:40.807+00:00
12084,0.11377,2026-09-27T06:48:45.813+00:00
12085,0.10549,2026-09-27T06:48:45.814+00:00
12086,0.11862,2026-09-27T06:48:45.814+00:00
12087,0.11735,2026-09-27T06:48:45.814+00:00
12088,0.11312,2026-09-27T06:48:50.821+00:00
12089,0.12307,2026-09-27T06:48:50.821+00:00
12090,0.11838,2026-09-27T06:48:50.821+00:00
12091,0.12104,2026-09-27T06:48:55.830+00:00
12092,0.12734,2026-09-27T06:48:55.830+00:00
12093,0.11866,2026-09-27T06:48:55.830+00:00
12094,0.11358,2026-09-27T06:49:00.837+00:00
12095,0.11439,2026-09-27T06:49:00.838+00:00
12096,0.11721,2026-09-27T06:49:00.838+00:00
12097,0.11856,2026-09-27T06:49:05.846+00:00
12098,0.10042,2026-09-27T06:49:05.846+00:00
12099,0.11461,2026-09-27T06:49:05.846+00:00
12100,0.11414,2026-09-27T06:49:05.846+00:00
12101,0.11006,2026-09-27T06:49:10.853+00:00
12102,0.11623,2026-09-27T06:49:10.853+00:00
12103,0.11459,2026-09-27T06:49:10.853+00:00
12104,0.10319,2026-09-27T06:49:15.860+00:00
12105,0.11386,2026-09-27T06:49:15.860+00:00
12106,0.11690,2026-09-27T06:49:15.860+00:00
12107,0.11611,2026-09-27T06:49:20.868+00:00
12108,0.10583,2026-09-27T06:49:20.868+00:00
12109,0.10684,2026-09-27T06:49:20.868+00:00
12110,0.11730,2026-09-27T06:49:25.878+00:00
12111,0.12387,2026-09-27T06:49:25.878+00:00
12112,0.12644,2026-09-27T06:49:25.878+00:00
12113,0.12702,2026-09-27T06:49:30.885+00:00
12114,0.11848,2026-09-27T06:49:30.885+00:00
12115,0.10489,2026-09-27T06:49:30.885+00:00
12116,0.11540,2026-09-27T06:49:30.886+00:00
12117,0.11919,2026-09-27T06:49:35.893+00:00
12118,0.09979,2026-09-27T06:49:35.893+00:00
12119,0.11178,2026-09-27T06:49:35.893+00:00
12120,0.10729,2026-09-27T06:49:40.900+00:00
12121,0.10044,2026-09-27T06:49:40.900+00:00
12122,0.11914,2026-09-27T06:49:40.900+00:00
12123,0.11471,2026-09-27T06:49:45.907+00:00
12124,0.12564,2026-09-27T06:49:45.907+00:00
12125,0.10966,2026-09-27T06:49:45.908+00:00
12126,0.10553,2026-09-27T06:49:45.908+00:00
12127,0.11133,2026-09-27T06:49:50.914+00:00
12128,0.11814,2026-09-27T06:49:50.915+00:00
12129,0.12555,2026-09-27T06:49:50.915+00:00
12130,0.10391,2026-09-27T06:49:55.925+00:00
12131,0.10490,2026-09-27T06:49:55.925+00:00
12132,0.10979,2026-09-27T06:49:55.925+00:00
12133,0.11453,2026-09-27T06:50:00.932+00:00
12134,0.10901,2026-09-27T06:50:00.933+00:00
12135,0.11538,2026-09-27T06:50:00.933+00:00
12136,0.11798,2026-09-27T06:50:05.939+00:00
12137,0.11657,2026-09-27T06:50:05.939+00:00
12138,0.11389,2026-09-27T06:50:05.940+00:00
12139,0.11524,2026-09-27T06:50:10.946+00:00
12140,0.11460,2026-09-27T06:50:10.946+00:00
12141,0.11048,2026-09-27T06:50:10.946+00:00
12142,0.11042,2026-09-27T06:50:10.946+00:00
12143,0.11319,2026-09-27T06:50:15.954+00:00
12144,0.11047,2026-09-27T06:50:15.954+00:00
12145,0.11479,2026-09-27T06:50:15.954+00:00
12146,0.12228,2026-09-27T06:50:20.962+00:00
12147,0.11476,2026-09-27T06:50:20.962+00:00
12148,0.11949,2026-09-27T06:50:20.962+00:00
12149,0.12267,2026-09-27T06:50:25.972+00:00
12150,0.10770,2026-09-27T06:50:25.972+00:00
12151,0.12200,2026-09-27T06:50:25.972+00:00
12152,0.11508,2026-09-27T06:50:30.980+00:00
12153,0.11072,2026-09-27T06:50:30.980+00:00
12154,0.11369,2026-09-27T06:50:30.980+00:00
12155,0.12237,2026-09-27T06:50:30.980+00:00
12156,0.11552,2026-09-27T06:50:35.987+00:00
12157,0.10116,2026-09-27T06:50:35.987+00:00
12158,0.11790,2026-09-27T06:50:35.987+00:00
12159,0.11601,2026-09-27T06:50:40.994+00:00
12160,0.11409,2026-09-27T06:50:40.995+00:00
12161,0.11426,2026-09-27T06:50:40.995+00:00
12162,0.12361,2026-09-27T06:50:46.002+00:00
12163,0.11413,2026-09-27T06:50:46.002+00:00
12164,0.10732,2026-09-27T06:50:46.002+00:00
12165,0.12513,2026-09-27T06:50:51.009+00:00
12166,0.10998,2026-09-27T06:50:51.009+00:00
12167,0.12288,2026-09-27T06:50:51.009+00:00
12168,0.11813,2026-09-27T06:50:51.009+00:00
12169,0.11632,2026-09-27T06:50:56.018+00:00
12170,0.11281,2026-09-27T06:50:56.018+00:00
12171,0.12251,2026-09-27T06:50:56.018+00:00
12172,0.09978,2026-09-27T06:51:01.025+00:00
12173,0.12330,2026-09-27T06:51:01.025+00:00
12174,0.10983,2026-09-27T06:51:01.025+00:00
12175,0.12101,2026-09-27T06:51:06.031+00:00
12176,0.10147,2026-09-27T06:51:06.031+00:00
12177,0.11701,2026-09-27T06:51:06.031+00:00
12178,0.12349,2026-09-27T06:51:11.038+00:00
12179,0.10780,2026-09-27T06:51:11.039+00:00
12180,0.11862,2026-09-27T06:51:11.039+00:00
12181,0.11620,2026-09-27T06:51:11.039+00:00
12182,0.10634,2026-09-27T06:51:16.046+00:00
12183,0.11252,2026-09-27T06:51:16.046+00:00
12184,0.12071,2026-09-27T06:51:16.046+00:00
12185,0.12024,2026-09-27T06:51:21.054+00:00
12186,0.11074,2026-09-27T06:51:21.054+00:00
12187,0.11775,2026-09-27T06:51:21.054+00:00
12188,0.11270,2026-09-27T06:51:26.064+00:00
12189,0.11847,2026-09-27T06:51:26.064+00:00
12190,0.09318,2026-09-27T06:51:26.064+00:00
12191,0.11777,2026-09-27T06:51:26.064+00:00
12192,0.12092,2026-09-27T06:51:31.071+00:00
12193,0.12757,2026-09-27T06:51:31.071+00:00
12194,0.11142,2026-09-27T06:51:31.071+00:00
12195,0.11380,2026-09-27T06:51:36.078+00:00
12196,0.12151,2026-09-27T06:51:36.078+00:00
12197,0.11184,2026-09-27T06:51:36.078+00:00
12198,0.12655,2026-09-27T06:51:41.085+00:00
12199,0.11089,2026-09-27T06:51:41.085+00:00
12200,0.11355,2026-09-27T06:51:41.085+00:00
12201,0.11947,2026-09-27T06:51:46.092+00:00
12202,0.11557,2026-09-27T06:51:46.092+00:00
12203,0.11579,2026-09-27T06:51:46.093+00:00
12204,0.10544,2026-09-27T06:51:51.100+00:00
12205,0.12212,2026-09-27T06:51:51.100+00:00
12206,0.12545,2026-09-27T06:51:51.100+00:00
12207,0.11770,2026-09-27T06:51:56.110+00:00
12208,0.10964,2026-09-27T06:51:56.110+00:00
12209,0.11847,2026-09-27T06:51:56.110+00:00
12210,0.11557,2026-09-27T06:51:56.110+00:00
12211,0.10875,2026-09-27T06:52:01.117+00:00
12212,0.11355,2026-09-27T06:52:01.118+00:00
12213,0.11870,2026-09-27T06:52:01.118+00:00
12214,0.12287,2026-09-27T06:52:06.125+00:00
12215,0.12617,2026-09-27T06:52:06.125+00:00
12216,0.10086,2026-09-27T06:52:06.125+00:00
12217,0.11658,2026-09-27T06:52:11.133+00:00
12218,0.11720,2026-09-27T06:52:11.133+00:00
12219,0.09633,2026-09-27T06:52:11.133+00:00
12220,0.12181,2026-09-27T06:52:11.134+00:00
12221,0.12126,2026-09-27T06:52:16.141+00:00
12222,0.11505,2026-09-27T06:52:16.141+00:00
12223,0.10777,2026-09-27T06:52:16.141+00:00
12224,0.10787,2026-09-27T06:52:21.149+00:00
12225,0.11941,2026-09-27T06:52:21.149+00:00
12226,0.12124,2026-09-27T06:52:21.149+00:00
12227,0.11344,2026-09-27T06:52:26.159+00:00
12228,0.11461,2026-09-27T06:52:26.160+00:00
12229,0.12469,2026-09-27T06:52:26.160+00:00
12230,0.11865,2026-09-27T06:52:31.167+00:00
12231,0.10663,2026-09-27T06:52:31.167+00:00
12232,0.12021,2026-09-27T06:52:31.167+00:00
12233,0.11779,2026-09-27T06:52:36.175+00:00
12234,0.11335,2026-09-27T06:52:36.175+00:00
12235,0.10634,2026-09-27T06:52:36.175+00:00
12236,0.11756,2026-09-27T06:52:36.175+00:00
12237,0.10787,2026-09-27T06:52:41.182+00:00
12238,0.11142,2026-09-27T06:52:41.182+00:00
12239,0.11377,2026-09-27T06:52:41.182+00:00
12240,0.11184,2026-09-27T06:52:46.189+00:00
12241,0.11903,2026-09-27T06:52:46.189+00:00
12242,0.11717,2026-09-27T06:52:46.190+00:00
12243,0.11661,2026-09-27T06:52:51.197+00:00
12244,0.11151,2026-09-27T06:52:51.197+00:00
12245,0.10313,2026-09-27T06:52:51.197+00:00
12246,0.10716,2026-09-27T06:52:56.206+00:00
12247,0.11842,2026-09-27T06:52:56.206+00:00
12248,0.11299,2026-09-27T06:52:56.206+00:00
12249,0.11076,2026-09-27T06:52:56.206+00:00
12250,0.11593,2026-09-27T06:53:01.213+00:00
12251,0.11012,2026-09-27T06:53:01.214+00:00
12252,0.11279,2026-09-27T06:53:01.214+00:00
12253,0.10752,2026-09-27T06:53:06.221+00:00
12254,0.12849,2026-09-27T06:53:06.221+00:00
12255,0.11075,2026-09-27T06:53:06.221+00:00
12256,0.11683,2026-09-27T06:53:11.228+00:00
12257,0.09839,2026-09-27T06:53:11.228+00:00
12258,0.12649,2026-09-27T06:53:11.228+00:00
12259,0.13277,2026-09-27T06:53:16.235+00:00
12260,0.11404,2026-09-27T06:53:16.236+00:00
12261,0.10782,2026-09-27T06:53:16.236+00:00
12262,0.12370,2026-09-27T06:53:16.236+00:00
12263,0.12367,2026-09-27T06:53:21.244+00:00
12264,0.11704,2026-09-27T06:53:21.244+00:00
12265,0.11015,2026-09-27T06:53:21.244+00:00
12266,0.11569,2026-09-27T06:53:26.254+00:00
12267,0.11483,2026-09-27T06:53:26.254+00:00
12268,0.10997,2026-09-27T06:53:26.254+00:00
12269,0.11825,2026-09-27T06:53:31.262+00:00
12270,0.10849,2026-09-27T06:53:31.263+00:00
12271,0.10057,2026-09-27T06:53:31.263+00:00
12272,0.12312,2026-09-27T06:53:31.263+00:00
12273,0.11093,2026-09-27T06:53:36.270+00:00
12274,0.11569,2026-09-27T06:53:36.270+00:00
12275,0.11881,2026-09-27T06:53:36.270+00:00
12276,0.11635,2026-09-27T06:53:41.278+00:00
12277,0.10607,2026-09-27T06:53:41.278+00:00
12278,0.11391,2026-09-27T06:53:41.278+00:00
12279,0.10659,2026-09-27T06:53:46.285+00:00
12280,0.11592,2026-09-27T06:53:46.286+00:00
12281,0.11101,2026-09-27T06:53:46.286+00:00
12282,0.10980,2026-09-27T06:53:51.293+00:00
12283,0.10940,2026-09-27T06:53:51.293+00:00
12284,0.11905,2026-09-27T06:53:51.293+00:00
12285,0.11047,2026-09-27T06:53:51.293+00:00
12286,0.10185,2026-09-27T06:53:56.304+00:00
12287,0.13096,2026-09-27T06:53:56.304+00:00
12288,0.11167,2026-09-27T06:53:56.304+00:00
12289,0.10811,2026-09-27T06:54:01.312+00:00
12290,0.11813,2026-09-27T06:54:01.312+00:00
12291,0.13007,2026-09-27T06:54:01.312+00:00
12292,0.12281,2026-09-27T06:54:06.320+00:00
12293,0.11585,2026-09-27T06:54:06.320+00:00
12294,0.11836,2026-09-27T06:54:06.320+00:00
12295,0.09881,2026-09-27T06:54:11.327+00:00
12296,0.11832,2026-09-27T06:54:11.327+00:00
12297,0.11183,2026-09-27T06:54:11.327+00:00
12298,0.11101,2026-09-27T06:54:11.327+00:00
12299,0.11799,2026-09-27T06:54:16.335+00:00
12300,0.11612,2026-09-27T06:54:16.335+00:00
12301,0.10491,2026-09-27T06:54:16.335+00:00
12302,0.10830,2026-09-27T06:54:21.343+00:00
12303,0.10736,2026-09-27T06:54:21.344+00:00
12304,0.09484,2026-09-27T06:54:21.344+00:00
12305,0.10984,2026-09-27T06:54:26.354+00:00
12306,0.11856,2026-09-27T06:54:26.354+00:00
12307,0.11013,2026-09-27T06:54:26.354+00:00
12308,0.11733,2026-09-27T06:54:26.354+00:00
12309,0.12462,2026-09-27T06:54:31.362+00:00
12310,0.11014,2026-09-27T06:54:31.362+00:00
12311,0.11485,2026-09-27T06:54:31.362+00:00
12312,0.11602,2026-09-27T06:54:36.369+00:00
12313,0.10603,2026-09-27T06:54:36.369+00:00
12314,0.12694,2026-09-27T06:54:36.369+00:00
12315,0.10130,2026-09-27T06:54:41.376+00:00
12316,0.12206,2026-09-27T06:54:41.376+00:00
12317,0.11676,2026-09-27T06:54:41.376+00:00
12318,0.12005,2026-09-27T06:54:46.383+00:00
12319,0.09991,2026-09-27T06:54:46.383+00:00
12320,0.11185,2026-09-27T06:54:46.384+00:00
12321,0.11795,2026-09-27T06:54:46.384+00:00
12322,0.12183,2026-09-27T06:54:51.391+00:00
12323,0.10512,2026-09-27T06:54:51.391+00:00
12324,0.12281,2026-09-27T06:54:51.391+00:00
12325,0.12869,2026-09-27T06:54:56.400+00:00
12326,0.11442,2026-09-27T06:54:56.400+00:00
12327,0.11891,2026-09-27T06:54:56.401+00:00
12328,0.11903,2026-09-27T06:55:01.406+00:00
12329,0.12030,2026-09-27T06:55:01.406+00:00
12330,0.10833,2026-09-27T06:55:01.407+00:00
12331,0.10644,2026-09-27T06:55:06.414+00:00
12332,0.11653,2026-09-27T06:55:06.414+00:00
12333,0.10433,2026-09-27T06:55:06.414+00:00
12334,0.10970,2026-09-27T06:55:11.421+00:00
12335,0.11383,2026-09-27T06:55:11.421+00:00
12336,0.11435,2026-09-27T06:55:11.421+00:00
12337,0.10451,2026-09-27T06:55:11.421+00:00
12338,0.11153,2026-09-27T06:55:16.428+00:00
12339,0.12113,2026-09-27T06:55:16.428+00:00
12340,0.10857,2026-09-27T06:55:16.428+00:00
12341,0.10362,2026-09-27T06:55:21.437+00:00
12342,0.10174,2026-09-27T06:55:21.437+00:00
12343,0.11116,2026-09-27T06:55:21.437+00:00
12344,0.11600,2026-09-27T06:55:26.447+00:00
12345,0.10030,2026-09-27T06:55:26.447+00:00
12346,0.11199,2026-09-27T06:55:26.447+00:00
12347,0.11529,2026-09-27T06:55:26.447+00:00
12348,0.12177,2026-09-27T06:55:31.454+00:00
12349,0.11355,2026-09-27T06:55:31.454+00:00
12350,0.11203,2026-09-27T06:55:31.454+00:00
12351,0.11610,2026-09-27T06:55:36.462+00:00
12352,0.10585,2026-09-27T06:55:36.462+00:00
12353,0.10943,2026-09-27T06:55:36.462+00:00
12354,0.12093,2026-09-27T06:55:41.469+00:00
12355,0.11585,2026-09-27T06:55:41.469+00:00
12356,0.12129,2026-09-27T06:55:41.469+00:00
12357,0.12329,2026-09-27T06:55:46.476+00:00
12358,0.11106,2026-09-27T06:55:46.476+00:00
12359,0.12377,2026-09-27T06:55:46.476+00:00
12360,0.11485,2026-09-27T06:55:51.484+00:00
12361,0.11703,2026-09-27T06:55:51.484+00:00
12362,0.13002,2026-09-27T06:55:51.485+00:00
12363,0.11726,2026-09-27T06:55:51.485+00:00
12364,0.12790,2026-09-27T06:55:56.494+00:00
12365,0.10593,2026-09-27T06:55:56.494+00:00
12366,0.11215,2026-09-27T06:55:56.495+00:00
12367,0.10598,2026-09-27T06:56:01.501+00:00
12368,0.10740,2026-09-27T06:56:01.502+00:00
12369,0.10822,2026-09-27T06:56:01.502+00:00
12370,0.11127,2026-09-27T06:56:06.509+00:00
12371,0.12653,2026-09-27T06:56:06.509+00:00
12372,0.11513,2026-09-27T06:56:06.509+00:00
12373,0.11748,2026-09-27T06:56:11.516+00:00
12374,0.10380,2026-09-27T06:56:11.516+00:00
12375,0.11782,2026-09-27T06:56:11.516+00:00
12376,0.10309,2026-09-27T06:56:11.516+00:00
12377,0.12320,2026-09-27T06:56:16.524+00:00
12378,0.09909,2026-09-27T06:56:16.524+00:00
12379,0.12052,2026-09-27T06:56:16.524+00:00
12380,0.11253,2026-09-27T06:56:21.532+00:00
12381,0.11223,2026-09-27T06:56:21.533+00:00
12382,0.10971,2026-09-27T06:56:21.533+00:00
12383,0.11305,2026-09-27T06:56:26.543+00:00
12384,0.12696,2026-09-27T06:56:26.543+00:00
12385,0.09618,2026-09-27T06:56:26.543+00:00
12386,0.11020,2026-09-27T06:56:31.550+00:00
12387,0.11560,2026-09-27T06:56:31.550+00:00
12388,0.10969,2026-09-27T06:56:31.550+00:00
12389,0.11101,2026-09-27T06:56:31.551+00:00
12390,0.11156,2026-09-27T06:56:36.558+00:00
12391,0.11370,2026-09-27T06:56:36.558+00:00
12392,0.10933,2026-09-27T06:56:36.558+00:00
12393,0.11791,2026-09-27T06:56:41.565+00:00
12394,0.10671,2026-09-27T06:56:41.565+00:00
12395,0.11572,2026-09-27T06:56:41.565+00:00
12396,0.11085,2026-09-27T06:56:46.573+00:00
12397,0.11734,2026-09-27T06:56:46.573+00:00
12398,0.11114,2026-09-27T06:56:46.573+00:00
12399,0.10057,2026-09-27T06:56:46.573+00:00
12400,0.11126,2026-09-27T06:56:51.580+00:00
12401,0.10591,2026-09-27T06:56:51.580+00:00
12402,0.11603,2026-09-27T06:56:51.581+00:00
12403,0.11483,2026-09-27T06:56:56.590+00:00
12404,0.10723,2026-09-27T06:56:56.590+00:00
12405,0.11994,2026-09-27T06:56:56.590+00:00
12406,0.10823,2026-09-27T06:57:01.598+00:00
12407,0.12322,2026-09-27T06:57:01.598+00:00
12408,0.11554,2026-09-27T06:57:01.598+00:00
12409,0.11985,2026-09-27T06:57:06.605+00:00
12410,0.11658,2026-09-27T06:57:06.605+00:00
12411,0.10867,2026-09-27T06:57:06.605+00:00
12412,0.11815,2026-09-27T06:57:06.605+00:00
12413,0.11960,2026-09-27T06:57:11.612+00:00
12414,0.11795,2026-09-27T06:57:11.612+00:00
12415,0.12016,2026-09-27T06:57:11.612+00:00
12416,0.12166,2026-09-27T06:57:16.619+00:00
12417,0.10819,2026-09-27T06:57:16.619+00:00
12418,0.10945,2026-09-27T06:57:16.619+00:00
12419,0.10937,2026-09-27T06:57:21.628+00:00
12420,0.11833,2026-09-27T06:57:21.628+00:00
12421,0.11569,2026-09-27T06:57:21.628+00:00
12422,0.11586,2026-09-27T06:57:26.638+00:00
12423,0.11372,2026-09-27T06:57:26.638+00:00
12424,0.11158,2026-09-27T06:57:26.638+00:00
12425,0.11031,2026-09-27T06:57:31.645+00:00
12426,0.11439,2026-09-27T06:57:31.645+00:00
12427,0.11149,2026-09-27T06:57:31.645+00:00
12428,0.10815,2026-09-27T06:57:31.645+00:00
12429,0.10536,2026-09-27T06:57:36.652+00:00
12430,0.10539,2026-09-27T06:57:36.652+00:00
12431,0.11227,2026-09-27T06:57:36.652+00:00
12432,0.10721,2026-09-27T06:57:41.660+00:00
12433,0.11306,2026-09-27T06:57:41.660+00:00
12434,0.10324,2026-09-27T06:57:41.660+00:00
12435,0.10841,2026-09-27T06:57:46.667+00:00
12436,0.10257,2026-09-27T06:57:46.667+00:00
12437,0.11262,2026-09-27T06:57:46.667+00:00
12438,0.12800,2026-09-27T06:57:46.667+00:00
12439,0.11421,2026-09-27T06:57:51.675+00:00
12440,0.11830,2026-09-27T06:57:51.675+00:00
12441,0.10380,2026-09-27T06:57:51.675+00:00
12442,0.11189,2026-09-27T06:57:56.685+00:00
12443,0.11134,2026-09-27T06:57:56.685+00:00
12444,0.11512,2026-09-27T06:57:56.685+00:00
12445,0.09991,2026-09-27T06:58:01.692+00:00
12446,0.10978,2026-09-27T06:58:01.692+00:00
12447,0.11825,2026-09-27T06:58:01.692+00:00
12448,0.11362,2026-09-27T06:58:01.692+00:00
12449,0.09950,2026-09-27T06:58:06.699+00:00
12450,0.11646,2026-09-27T06:58:06.699+00:00
12451,0.12053,2026-09-27T06:58:06.699+00:00
12452,0.11478,2026-09-27T06:58:11.706+00:00
12453,0.12215,2026-09-27T06:58:11.706+00:00
12454,0.12695,2026-09-27T06:58:11.706+00:00
12455,0.11529,2026-09-27T06:58:16.713+00:00
12456,0.11518,2026-09-27T06:58:16.713+00:00
12457,0.11073,2026-09-27T06:58:16.713+00:00
12458,0.12515,2026-09-27T06:58:21.720+00:00
12459,0.13517,2026-09-27T06:58:21.720+00:00
12460,0.11709,2026-09-27T06:58:21.720+00:00
12461,0.12205,2026-09-27T06:58:26.730+00:00
12462,0.11223,2026-09-27T06:58:26.731+00:00
12463,0.12014,2026-09-27T06:58:26.731+00:00
12464,0.11684,2026-09-27T06:58:31.737+00:00
12465,0.10208,2026-09-27T06:58:31.737+00:00
12466,0.11288,2026-09-27T06:58:31.738+00:00
12467,0.12325,2026-09-27T06:58:31.738+00:00
12468,0.12028,2026-09-27T06:58:36.744+00:00
12469,0.11058,2026-09-27T06:58:36.744+00:00
12470,0.11588,2026-09-27T06:58:36.744+00:00
12471,0.10479,2026-09-27T06:58:41.751+00:00
12472,0.10961,2026-09-27T06:58:41.751+00:00
12473,0.11189,2026-09-27T06:58:41.751+00:00
12474,0.10937,2026-09-27T06:58:46.757+00:00
12475,0.12051,2026-09-27T06:58:46.757+00:00
12476,0.11281,2026-09-27T06:58:46.757+00:00
12477,0.11119,2026-09-27T06:58:51.764+00:00
12478,0.10617,2026-09-27T06:58:51.764+00:00
12479,0.09692,2026-09-27T06:58:51.764+00:00
12480,0.09611,2026-09-27T06:58:51.764+00:00
12481,0.11961,2026-09-27T06:58:56.773+00:00
12482,0.11898,2026-09-27T06:58:56.773+00:00
12483,0.11120,2026-09-27T06:58:56.773+00:00
12484,0.11565,2026-09-27T06:59:01.780+00:00
12485,0.10859,2026-09-27T06:59:01.780+00:00
12486,0.11582,2026-09-27T06:59:01.780+00:00
12487,0.10946,2026-09-27T06:59:06.787+00:00
12488,0.11590,2026-09-27T06:59:06.787+00:00
12489,0.10487,2026-09-27T06:59:06.787+00:00
12490,0.11839,2026-09-27T06:59:06.787+00:00
12491,0.10056,2026-09-27T06:59:11.793+00:00
12492,0.10723,2026-09-27T06:59:11.793+00:00
12493,0.11291,2026-09-27T06:59:11.794+00:00
12494,0.11079,2026-09-27T06:59:16.800+00:00
12495,0.11206,2026-09-27T06:59:16.800+00:00
12496,0.11149,2026-09-27T06:59:16.800+00:00
12497,0.11902,2026-09-27T06:59:21.807+00:00
12498,0.11578,2026-09-27T06:59:21.807+00:00
12499,0.11511,2026-09-27T06:59:21.808+00:00
12500,0.11578,2026-09-27T06:59:26.816+00:00
12501,0.10996,2026-09-27T06:59:26.816+00:00
12502,0.11230,2026-09-27T06:59:26.817+00:00
12503,0.10979,2026-09-27T06:59:26.817+00:00
12504,0.10719,2026-09-27T06:59:31.824+00:00
12505,0.11330,2026-09-27T06:59:31.824+00:00
12506,0.11280,2026-09-27T06:59:31.824+00:00
12507,0.11233,2026-09-27T06:59:36.831+00:00
12508,0.11107,2026-09-27T06:59:36.831+00:00
12509,0.11123,2026-09-27T06:59:36.831+00:00
12510,0.12192,2026-09-27T06:59:41.839+00:00
12511,0.11542,2026-09-27T06:59:41.839+00:00
12512,0.10778,2026-09-27T06:59:41.839+00:00
12513,0.11647,2026-09-27T06:59:46.847+00:00
12514,0.12177,2026-09-27T06:59:46.847+00:00
12515,0.13289,2026-09-27T06:59:46.847+00:00
12516,0.11557,2026-09-27T06:59:51.854+00:00
12517,0.10339,2026-09-27T06:59:51.854+00:00
12518,0.10365,2026-09-27T06:59:51.854+00:00
12519,0.11894,2026-09-27T06:59:51.854+00:00
12520,0.12022,2026-09-27T06:59:56.865+00:00
12521,0.11454,2026-09-27T06:59:56.865+00:00
12522,0.10161,2026-09-27T06:59:56.865+00:00
12523,0.10644,2026-09-27T07:00:01.872+00:00
12524,0.11747,2026-09-27T07:00:01.872+00:00
12525,0.12052,2026-09-27T07:00:01.873+00:00
12526,0.10281,2026-09-27T07:00:06.880+00:00
12527,0.11524,2026-09-27T07:00:06.880+00:00
12528,0.12648,2026-09-27T07:00:06.880+00:00
12529,0.11423,2026-09-27T07:00:11.887+00:00
12530,0.12479,2026-09-27T07:00:11.887+00:00
12531,0.10359,2026-09-27T07:00:11.887+00:00
12532,0.11313,2026-09-27T07:00:11.888+00:00
12533,0.12591,2026-09-27T07:00:16.894+00:00
12534,0.11638,2026-09-27T07:00:16.894+00:00
12535,0.11919,2026-09-27T07:00:16.894+00:00
12536,0.10870,2026-09-27T07:00:21.903+00:00
12537,0.11082,2026-09-27T07:00:21.903+00:00
12538,0.10821,2026-09-27T07:00:21.903+00:00
12539,0.11530,2026-09-27T07:00:26.914+00:00
12540,0.12223,2026-09-27T07:00:26.914+00:00
12541,0.13388,2026-09-27T07:00:26.914+00:00
12542,0.10122,2026-09-27T07:00:31.921+00:00
12543,0.12219,2026-09-27T07:00:31.921+00:00
12544,0.11898,2026-09-27T07:00:31.921+00:00
12545,0.11738,2026-09-27T07:00:36.929+00:00
12546,0.11195,2026-09-27T07:00:36.929+00:00
12547,0.10871,2026-09-27T07:00:36.929+00:00
12548,0.10321,2026-09-27T07:00:36.929+00:00
12549,0.11521,2026-09-27T07:00:41.937+00:00
12550,0.09860,2026-09-27T07:00:41.937+00:00
12551,0.11151,2026-09-27T07:00:41.937+00:00
12552,0.10875,2026-09-27T07:00:46.944+00:00
12553,0.10327,2026-09-27T07:00:46.944+00:00
12554,0.12522,2026-09-27T07:00:46.944+00:00
12555,0.11382,2026-09-27T07:00:51.952+00:00
12556,0.10224,2026-09-27T07:00:51.952+00:00
12557,0.11118,2026-09-27T07:00:51.952+00:00
12558,0.11693,2026-09-27T07:00:56.962+00:00
12559,0.11210,2026-09-27T07:00:56.963+00:00
12560,0.11806,2026-09-27T07:00:56.963+00:00
12561,0.11814,2026-09-27T07:01:01.970+00:00
12562,0.11593,2026-09-27T07:01:01.970+00:00
12563,0.11180,2026-09-27T07:01:01.970+00:00
12564,0.11774,2026-09-27T07:01:01.970+00:00
12565,0.12727,2026-09-27T07:01:06.978+00:00
12566,0.11368,2026-09-27T07:01:06.978+00:00
12567,0.10995,2026-09-27T07:01:06.978+00:00
12568,0.10153,2026-09-27T07:01:11.985+00:00
12569,0.10838,2026-09-27T07:01:11.986+00:00
12570,0.12499,2026-09-27T07:01:11.986+00:00
12571,0.11629,2026-09-27T07:01:16.993+00:00
12572,0.10779,2026-09-27T07:01:16.993+00:00
12573,0.12093,2026-09-27T07:01:16.993+00:00
12574,0.11834,2026-09-27T07:01:22.001+00:00
12575,0.12293,2026-09-27T07:01:22.001+00:00
12576,0.10820,2026-09-27T07:01:22.001+00:00
12577,0.11376,2026-09-27T07:01:27.010+00:00
12578,0.11275,2026-09-27T07:01:27.010+00:00
12579,0.11520,2026-09-27T07:01:27.010+00:00
12580,0.11246,2026-09-27T07:01:27.010+00:00
12581,0.10940,2026-09-27T07:01:32.017+00:00
12582,0.11427,2026-09-27T07:01:32.017+00:00
12583,0.09284,2026-09-27T07:01:32.017+00:00
12584,0.11229,2026-09-27T07:01:37.023+00:00
12585,0.10317,2026-09-27T07:01:37.023+00:00
12586,0.12729,2026-09-27T07:01:37.023+00:00
12587,0.10343,2026-09-27T07:01:42.030+00:00
12588,0.12885,2026-09-27T07:01:42.030+00:00
12589,0.11202,2026-09-27T07:01:42.030+00:00
12590,0.11493,2026-09-27T07:01:47.037+00:00
12591,0.11021,2026-09-27T07:01:47.037+00:00
12592,0.09933,2026-09-27T07:01:47.037+00:00
12593,0.11623,2026-09-27T07:01:47.037+00:00
12594,0.12203,2026-09-27T07:01:52.043+00:00
12595,0.11805,2026-09-27T07:01:52.043+00:00
12596,0.10414,2026-09-27T07:01:52.043+00:00
12597,0.10059,2026-09-27T07:01:57.053+00:00
12598,0.10477,2026-09-27T07:01:57.053+00:00
12599,0.11199,2026-09-27T07:01:57.053+00:00
12600,0.09395,2026-09-27T07:02:02.059+00:00
12601,0.11589,2026-09-27T07:02:02.059+00:00
12602,0.11148,2026-09-27T07:02:02.059+00:00
12603,0.10527,2026-09-27T07:02:02.060+00:00
12604,0.10749,2026-09-27T07:02:07.066+00:00
12605,0.10419,2026-09-27T07:02:07.066+00:00
12606,0.09653,2026-09-27T07:02:07.066+00:00
12607,0.10422,2026-09-27T07:02:12.072+00:00
12608,0.10790,2026-09-27T07:02:12.072+00:00
12609,0.10991,2026-09-27T07:02:12.072+00:00
12610,0.11849,2026-09-27T07:02:17.079+00:00
12611,0.12160,2026-09-27T07:02:17.079+00:00
12612,0.10414,2026-09-27T07:02:17.079+00:00
12613,0.11522,2026-09-27T07:02:22.086+00:00
12614,0.12031,2026-09-27T07:02:22.086+00:00
12615,0.11845,2026-09-27T07:02:22.086+00:00
12616,0.12698,2026-09-27T07:02:22.086+00:00
12617,0.12703,2026-09-27T07:02:27.095+00:00
12618,0.12074,2026-09-27T07:02:27.095+00:00
12619,0.10435,2026-09-27T07:02:27.096+00:00
12620,0.10683,2026-09-27T07:02:32.102+00:00
12621,0.11119,2026-09-27T07:02:32.102+00:00
12622,0.12156,2026-09-27T07:02:32.102+00:00
12623,0.11257,2026-09-27T07:02:37.108+00:00
12624,0.12064,2026-09-27T07:02:37.108+00:00
12625,0.11272,2026-09-27T07:02:37.109+00:00
12626,0.11521,2026-09-27T07:02:42.114+00:00
12627,0.10483,2026-09-27T07:02:42.114+00:00
12628,0.10773,2026-09-27T07:02:42.114+00:00
12629,0.10435,2026-09-27T07:02:47.120+00:00
12630,0.11337,2026-09-27T07:02:47.120+00:00
12631,0.12060,2026-09-27T07:02:47.120+00:00
12632,0.11448,2026-09-27T07:02:47.120+00:00
12633,0.10560,2026-09-27T07:02:52.127+00:00
12634,0.11122,2026-09-27T07:02:52.127+00:00
12635,0.10985,2026-09-27T07:02:52.127+00:00
12636,0.11372,2026-09-27T07:02:57.137+00:00
12637,0.11203,2026-09-27T07:02:57.137+00:00
12638,0.11465,2026-09-27T07:02:57.137+00:00
12639,0.11735,2026-09-27T07:03:02.144+00:00
12640,0.10794,2026-09-27T07:03:02.144+00:00
12641,0.11686,2026-09-27T07:03:02.145+00:00
12642,0.11735,2026-09-27T07:03:07.151+00:00
12643,0.11328,2026-09-27T07:03:07.151+00:00
12644,0.10832,2026-09-27T07:03:07.151+00:00
12645,0.11718,2026-09-27T07:03:12.158+00:00
12646,0.10737,2026-09-27T07:03:12.158+00:00
12647,0.11476,2026-09-27T07:03:12.158+00:00
12648,0.11860,2026-09-27T07:03:12.158+00:00
12649,0.12292,2026-09-27T07:03:17.165+00:00
12650,0.11469,2026-09-27T07:03:17.165+00:00
12651,0.09133,2026-09-27T07:03:17.165+00:00
12652,0.11859,2026-09-27T07:03:22.173+00:00
12653,0.12527,2026-09-27T07:03:22.173+00:00
12654,0.11691,2026-09-27T07:03:22.173+00:00
12655,0.11706,2026-09-27T07:03:27.182+00:00
12656,0.12326,2026-09-27T07:03:27.182+00:00
12657,0.10537,2026-09-27T07:03:27.183+00:00
12658,0.12055,2026-09-27T07:03:32.189+00:00
12659,0.11268,2026-09-27T07:03:32.189+00:00
12660,0.10721,2026-09-27T07:03:32.189+00:00
12661,0.10739,2026-09-27T07:03:37.196+00:00
12662,0.12247,2026-09-27T07:03:37.196+00:00
12663,0.10469,2026-09-27T07:03:37.196+00:00
12664,0.10208,2026-09-27T07:03:37.196+00:00
12665,0.09783,2026-09-27T07:03:42.203+00:00
12666,0.11818,2026-09-27T07:03:42.203+00:00
12667,0.11288,2026-09-27T07:03:42.203+00:00
12668,0.11252,2026-09-27T07:03:47.209+00:00
12669,0.11132,2026-09-27T07:03:47.210+00:00
12670,0.12275,2026-09-27T07:03:47.210+00:00
12671,0.09012,2026-09-27T07:03:52.216+00:00
12672,0.12026,2026-09-27T07:03:52.216+00:00
12673,0.12299,2026-09-27T07:03:52.216+00:00
12674,0.11895,2026-09-27T07:03:57.226+00:00
12675,0.12420,2026-09-27T07:03:57.226+00:00
12676,0.10113,2026-09-27T07:03:57.226+00:00
12677,0.12139,2026-09-27T07:03:57.226+00:00
12678,0.10966,2026-09-27T07:04:02.233+00:00
12679,0.11932,2026-09-27T07:04:02.233+00:00
12680,0.11284,2026-09-27T07:04:02.233+00:00
12681,0.12487,2026-09-27T07:04:07.239+00:00
12682,0.11228,2026-09-27T07:04:07.239+00:00
12683,0.11741,2026-09-27T07:04:07.239+00:00
12684,0.11914,2026-09-27T07:04:12.245+00:00
12685,0.11055,2026-09-27T07:04:12.245+00:00
12686,0.11453,2026-09-27T07:04:12.245+00:00
12687,0.11081,2026-09-27T07:04:17.251+00:00
12688,0.10080,2026-09-27T07:04:17.251+00:00
12689,0.12329,2026-09-27T07:04:17.251+00:00
12690,0.10191,2026-09-27T07:04:22.259+00:00
12691,0.10827,2026-09-27T07:04:22.259+00:00
12692,0.10781,2026-09-27T07:04:22.259+00:00
12693,0.12381,2026-09-27T07:04:22.259+00:00
12694,0.09667,2026-09-27T07:04:27.268+00:00
12695,0.11095,2026-09-27T07:04:27.268+00:00
12696,0.12111,2026-09-27T07:04:27.268+00:00
12697,0.11570,2026-09-27T07:04:32.275+00:00
12698,0.11242,2026-09-27T07:04:32.275+00:00
12699,0.11003,2026-09-27T07:04:32.275+00:00
12700,0.11155,2026-09-27T07:04:37.282+00:00
12701,0.10992,2026-09-27T07:04:37.282+00:00
12702,0.10652,2026-09-27T07:04:37.282+00:00
12703,0.12848,2026-09-27T07:04:42.288+00:00
12704,0.11024,2026-09-27T07:04:42.288+00:00
12705,0.10984,2026-09-27T07:04:42.288+00:00
12706,0.12140,2026-09-27T07:04:42.288+00:00
12707,0.11131,2026-09-27T07:04:47.295+00:00
12708,0.10770,2026-09-27T07:04:47.295+00:00
12709,0.10776,2026-09-27T07:04:47.295+00:00
12710,0.11634,2026-09-27T07:04:52.302+00:00
12711,0.10686,2026-09-27T07:04:52.302+00:00
12712,0.10241,2026-09-27T07:04:52.302+00:00
12713,0.11901,2026-09-27T07:04:57.312+00:00
12714,0.10253,2026-09-27T07:04:57.313+00:00
12715,0.12561,2026-09-27T07:04:57.313+00:00
12716,0.11101,2026-09-27T07:05:02.319+00:00
12717,0.11178,2026-09-27T07:05:02.320+00:00
12718,0.09998,2026-09-27T07:05:02.320+00:00
12719,0.10908,2026-09-27T07:05:02.320+00:00
12720,0.12321,2026-09-27T07:05:07.326+00:00
12721,0.11791,2026-09-27T07:05:07.326+00:00
12722,0.12147,2026-09-27T07:05:07.326+00:00
12723,0.11336,2026-09-27T07:05:12.333+00:00
12724,0.10599,2026-09-27T07:05:12.333+00:00
12725,0.11707,2026-09-27T07:05:12.333+00:00
12726,0.09763,2026-09-27T07:05:17.340+00:00
12727,0.10630,2026-09-27T07:05:17.340+00:00
12728,0.10846,2026-09-27T07:05:17.340+00:00
12729,0.12246,2026-09-27T07:05:22.350+00:00
12730,0.12276,2026-09-27T07:05:22.350+00:00
12731,0.11261,2026-09-27T07:05:22.350+00:00
12732,0.11701,2026-09-27T07:05:27.360+00:00
12733,0.11659,2026-09-27T07:05:27.360+00:00
12734,0.10716,2026-09-27T07:05:27.360+00:00
12735,0.10300,2026-09-27T07:05:27.360+00:00
12736,0.11217,2026-09-27T07:05:32.367+00:00
12737,0.11486,2026-09-27T07:05:32.367+00:00
12738,0.10138,2026-09-27T07:05:32.367+00:00
12739,0.10157,2026-09-27T07:05:37.373+00:00
12740,0.11435,2026-09-27T07:05:37.374+00:00
12741,0.10565,2026-09-27T07:05:37.374+00:00
12742,0.10341,2026-09-27T07:05:42.380+00:00
12743,0.10964,2026-09-27T07:05:42.380+00:00
12744,0.12267,2026-09-27T07:05:42.381+00:00
12745,0.12553,2026-09-27T07:05:42.381+00:00
12746,0.11264,2026-09-27T07:05:47.387+00:00
12747,0.11395,2026-09-27T07:05:47.387+00:00
12748,0.11042,2026-09-27T07:05:47.387+00:00
12749,0.11588,2026-09-27T07:05:52.394+00:00
12750,0.11317,2026-09-27T07:05:52.394+00:00
12751,0.10691,2026-09-27T07:05:52.394+00:00
12752,0.11382,2026-09-27T07:05:57.403+00:00
12753,0.11288,2026-09-27T07:05:57.403+00:00
12754,0.10509,2026-09-27T07:05:57.403+00:00
12755,0.11495,2026-09-27T07:06:02.410+00:00
12756,0.10847,2026-09-27T07:06:02.410+00:00
12757,0.10356,2026-09-27T07:06:02.410+00:00
12758,0.10372,2026-09-27T07:06:02.410+00:00
12759,0.11344,2026-09-27T07:06:07.416+00:00
12760,0.11579,2026-09-27T07:06:07.416+00:00
12761,0.11339,2026-09-27T07:06:07.416+00:00
12762,0.10128,2026-09-27T07:06:12.423+00:00
12763,0.12693,2026-09-27T07:06:12.423+00:00
12764,0.12557,2026-09-27T07:06:12.423+00:00
12765,0.10739,2026-09-27T07:06:17.430+00:00
12766,0.10951,2026-09-27T07:06:17.430+00:00
12767,0.10417,2026-09-27T07:06:17.430+00:00
12768,0.11063,2026-09-27T07:06:22.438+00:00
12769,0.11220,2026-09-27T07:06:22.438+00:00
12770,0.11058,2026-09-27T07:06:22.438+00:00
12771,0.12275,2026-09-27T07:06:22.438+00:00
12772,0.12339,2026-09-27T07:06:27.448+00:00
12773,0.11063,2026-09-27T07:06:27.448+00:00
12774,0.10469,2026-09-27T07:06:27.448+00:00
12775,0.10574,2026-09-27T07:06:32.455+00:00
12776,0.12488,2026-09-27T07:06:32.455+00:00
12777,0.11761,2026-09-27T07:06:32.456+00:00
12778,0.12433,2026-09-27T07:06:37.461+00:00
12779,0.11456,2026-09-27T07:06:37.461+00:00
12780,0.10549,2026-09-27T07:06:37.461+00:00
12781,0.10689,2026-09-27T07:06:42.468+00:00
12782,0.11263,2026-09-27T07:06:42.468+00:00
12783,0.11272,2026-09-27T07:06:42.468+00:00
12784,0.11512,2026-09-27T07:06:47.475+00:00
12785,0.10347,2026-09-27T07:06:47.475+00:00
12786,0.11784,2026-09-27T07:06:47.475+00:00
12787,0.11129,2026-09-27T07:06:47.475+00:00
12788,0.11642,2026-09-27T07:06:52.482+00:00
12789,0.11762,2026-09-27T07:06:52.482+00:00
12790,0.11620,2026-09-27T07:06:52.482+00:00
12791,0.11076,2026-09-27T07:06:57.492+00:00
12792,0.09923,2026-09-27T07:06:57.492+00:00
12793,0.10157,2026-09-27T07:06:57.492+00:00
12794,0.11134,2026-09-27T07:07:02.499+00:00
12795,0.11949,2026-09-27T07:07:02.499+00:00
12796,0.10465,2026-09-27T07:07:02.499+00:00
12797,0.11973,2026-09-27T07:07:07.506+00:00
12798,0.09512,2026-09-27T07:07:07.506+00:00
12799,0.10473,2026-09-27T07:07:07.506+00:00
12800,0.12875,2026-09-27T07:07:07.506+00:00
12801,0.12127,2026-09-27T07:07:12.513+00:00
12802,0.10662,2026-09-27T07:07:12.513+00:00
12803,0.11391,2026-09-27T07:07:12.513+00:00
12804,0.10463,2026-09-27T07:07:17.520+00:00
12805,0.12996,2026-09-27T07:07:17.520+00:00
12806,0.10423,2026-09-27T07:07:17.520+00:00
12807,0.11590,2026-09-27T07:07:22.528+00:00
12808,0.11951,2026-09-27T07:07:22.528+00:00
12809,0.10693,2026-09-27T07:07:22.528+00:00
12810,0.11612,2026-09-27T07:07:27.537+00:00
12811,0.12555,2026-09-27T07:07:27.537+00:00
12812,0.11702,2026-09-27T07:07:27.537+00:00
12813,0.11832,2026-09-27T07:07:32.544+00:00
12814,0.11577,2026-09-27T07:07:32.544+00:00
12815,0.10612,2026-09-27T07:07:32.544+00:00
12816,0.11526,2026-09-27T07:07:32.544+00:00
12817,0.10890,2026-09-27T07:07:37.551+00:00
12818,0.11027,2026-09-27T07:07:37.551+00:00
12819,0.12136,2026-09-27T07:07:37.551+00:00
12820,0.12416,2026-09-27T07:07:42.558+00:00
12821,0.12136,2026-09-27T07:07:42.558+00:00
12822,0.11684,2026-09-27T07:07:42.558+00:00
12823,0.11424,2026-09-27T07:07:47.565+00:00
12824,0.12131,2026-09-27T07:07:47.566+00:00
12825,0.13597,2026-09-27T07:07:47.566+00:00
12826,0.11738,2026-09-27T07:07:52.572+00:00
12827,0.11653,2026-09-27T07:07:52.572+00:00
12828,0.11281,2026-09-27T07:07:52.573+00:00
12829,0.11618,2026-09-27T07:07:57.582+00:00
12830,0.10212,2026-09-27T07:07:57.582+00:00
12831,0.10625,2026-09-27T07:07:57.582+00:00
12832,0.10101,2026-09-27T07:07:57.582+00:00
12833,0.11887,2026-09-27T07:08:02.589+00:00
12834,0.11354,2026-09-27T07:08:02.589+00:00
12835,0.11642,2026-09-27T07:08:02.589+00:00
12836,0.11902,2026-09-27T07:08:07.596+00:00
12837,0.10987,2026-09-27T07:08:07.596+00:00
12838,0.11913,2026-09-27T07:08:07.596+00:00
12839,0.10543,2026-09-27T07:08:12.603+00:00
12840,0.12170,2026-09-27T07:08:12.603+00:00
12841,0.10791,2026-09-27T07:08:12.603+00:00
12842,0.10024,2026-09-27T07:08:17.609+00:00
12843,0.12721,2026-09-27T07:08:17.609+00:00
12844,0.11600,2026-09-27T07:08:17.610+00:00
12845,0.11527,2026-09-27T07:08:17.610+00:00
12846,0.11419,2026-09-27T07:08:22.617+00:00
12847,0.12237,2026-09-27T07:08:22.617+00:00
12848,0.09805,2026-09-27T07:08:22.618+00:00
12849,0.09671,2026-09-27T07:08:27.626+00:00
12850,0.10750,2026-09-27T07:08:27.627+00:00
12851,0.10581,2026-09-27T07:08:27.627+00:00
12852,0.10628,2026-09-27T07:08:32.634+00:00
12853,0.10479,2026-09-27T07:08:32.634+00:00
12854,0.11028,2026-09-27T07:08:32.634+00:00
12855,0.09454,2026-09-27T07:08:37.641+00:00
12856,0.10185,2026-09-27T07:08:37.641+00:00
12857,0.12399,2026-09-27T07:08:37.641+00:00
12858,0.10862,2026-09-27T07:08:37.641+00:00
12859,0.12060,2026-09-27T07:08:42.648+00:00
12860,0.10461,2026-09-27T07:08:42.648+00:00
12861,0.09156,2026-09-27T07:08:42.648+00:00
12862,0.11520,2026-09-27T07:08:47.656+00:00
12863,0.10318,2026-09-27T07:08:47.656+00:00
12864,0.12946,2026-09-27T07:08:47.656+00:00
12865,0.10794,2026-09-27T07:08:52.662+00:00
12866,0.10743,2026-09-27T07:08:52.663+00:00
12867,0.11830,2026-09-27T07:08:52.663+00:00
12868,0.09057,2026-09-27T07:08:57.672+00:00
12869,0.10814,2026-09-27T07:08:57.672+00:00
12870,0.11229,2026-09-27T07:08:57.673+00:00
12871,0.11084,2026-09-27T07:08:57.673+00:00
12872,0.10311,2026-09-27T07:09:02.680+00:00
12873,0.11653,2026-09-27T07:09:02.680+00:00
12874,0.11494,2026-09-27T07:09:02.680+00:00
12875,0.10872,2026-09-27T07:09:07.687+00:00
12876,0.11318,2026-09-27T07:09:07.687+00:00
12877,0.12563,2026-09-27T07:09:07.687+00:00
12878,0.11228,2026-09-27T07:09:12.694+00:00
12879,0.10734,2026-09-27T07:09:12.694+00:00
12880,0.11001,2026-09-27T07:09:12.694+00:00
12881,0.09834,2026-09-27T07:13:03.073+00:00
12882,0.10317,2026-09-27T07:13:03.074+00:00
12883,0.12999,2026-09-27T07:13:03.074+00:00
12884,0.12635,2026-09-27T07:13:08.081+00:00
12885,0.10977,2026-09-27T07:13:08.081+00:00
12886,0.10259,2026-09-27T07:13:08.081+00:00
12887,0.11095,2026-09-27T07:13:08.081+00:00
12888,0.12079,2026-09-27T07:13:13.088+00:00
12889,0.11501,2026-09-27T07:13:13.088+00:00
12890,0.10676,2026-09-27T07:13:13.088+00:00
12891,0.10166,2026-09-27T07:13:18.095+00:00
12892,0.10647,2026-09-27T07:13:18.095+00:00
12893,0.12223,2026-09-27T07:13:18.095+00:00
12894,0.11219,2026-09-27T07:13:23.103+00:00
12895,0.09999,2026-09-27T07:13:23.103+00:00
12896,0.12006,2026-09-27T07:13:23.103+00:00
12897,0.11415,2026-09-27T07:13:28.112+00:00
12898,0.10873,2026-09-27T07:13:28.112+00:00
12899,0.11046,2026-09-27T07:13:28.112+00:00
12900,0.11647,2026-09-27T07:13:28.113+00:00
12901,0.11078,2026-09-27T07:13:33.119+00:00
12902,0.09211,2026-09-27T07:13:33.119+00:00
12903,0.13099,2026-09-27T07:13:33.120+00:00
12904,0.11171,2026-09-27T07:13:38.126+00:00
12905,0.12691,2026-09-27T07:13:38.127+00:00
12906,0.11052,2026-09-27T07:13:38.127+00:00
12907,0.10421,2026-09-27T07:13:43.133+00:00
12908,0.11519,2026-09-27T07:13:43.134+00:00
12909,0.10842,2026-09-27T07:13:43.134+00:00
12910,0.10403,2026-09-27T07:13:48.141+00:00
12911,0.11594,2026-09-27T07:13:48.141+00:00
12912,0.10717,2026-09-27T07:13:48.141+00:00
12913,0.12103,2026-09-27T07:13:48.141+00:00
12914,0.11249,2026-09-27T07:13:53.148+00:00
12915,0.11397,2026-09-27T07:13:53.148+00:00
12916,0.12078,2026-09-27T07:13:53.148+00:00
12917,0.11451,2026-09-27T07:13:58.157+00:00
12918,0.12102,2026-09-27T07:13:58.157+00:00
12919,0.10971,2026-09-27T07:13:58.157+00:00
12920,0.11859,2026-09-27T07:14:03.162+00:00
12921,0.10659,2026-09-27T07:14:03.163+00:00
12922,0.11129,2026-09-27T07:14:03.163+00:00
12923,0.11594,2026-09-27T07:14:08.170+00:00
12924,0.11456,2026-09-27T07:14:08.170+00:00
12925,0.10496,2026-09-27T07:14:08.170+00:00
12926,0.12143,2026-09-27T07:14:13.177+00:00
12927,0.10738,2026-09-27T07:14:13.177+00:00
12928,0.10570,2026-09-27T07:14:13.177+00:00
12929,0.09497,2026-09-27T07:14:13.177+00:00
12930,0.11039,2026-09-27T07:14:18.184+00:00
12931,0.10563,2026-09-27T07:14:18.184+00:00
12932,0.10591,2026-09-27T07:14:18.184+00:00
12933,0.11656,2026-09-27T07:14:23.192+00:00
12934,0.11132,2026-09-27T07:14:23.193+00:00
12935,0.10771,2026-09-27T07:14:23.193+00:00
12936,0.10659,2026-09-27T07:14:28.202+00:00
12937,0.11728,2026-09-27T07:14:28.202+00:00
12938,0.10747,2026-09-27T07:14:28.202+00:00
12939,0.11910,2026-09-27T07:14:33.209+00:00
12940,0.10046,2026-09-27T07:14:33.209+00:00
12941,0.12619,2026-09-27T07:14:33.209+00:00
12942,0.11581,2026-09-27T07:14:38.218+00:00
12943,0.11049,2026-09-27T07:14:38.218+00:00
12944,0.11933,2026-09-27T07:14:38.218+00:00
12945,0.09704,2026-09-27T07:14:38.218+00:00
12946,0.11158,2026-09-27T07:14:43.225+00:00
12947,0.11387,2026-09-27T07:14:43.225+00:00
12948,0.11394,2026-09-27T07:14:43.225+00:00
12949,0.13130,2026-09-27T07:14:48.231+00:00
12950,0.09991,2026-09-27T07:14:48.232+00:00
12951,0.11223,2026-09-27T07:14:48.232+00:00
12952,0.10832,2026-09-27T07:14:53.239+00:00
12953,0.12083,2026-09-27T07:14:53.239+00:00
12954,0.11429,2026-09-27T07:14:53.239+00:00
12955,0.10452,2026-09-27T07:14:53.239+00:00
12956,0.11056,2026-09-27T07:14:58.249+00:00
12957,0.11632,2026-09-27T07:14:58.249+00:00
12958,0.10887,2026-09-27T07:14:58.249+00:00
12959,0.11383,2026-09-27T07:15:03.256+00:00
12960,0.10866,2026-09-27T07:15:03.257+00:00
12961,0.10690,2026-09-27T07:15:03.257+00:00
12962,0.10598,2026-09-27T07:15:08.263+00:00
12963,0.10159,2026-09-27T07:15:08.263+00:00
12964,0.10408,2026-09-27T07:15:08.263+00:00
12965,0.11122,2026-09-27T07:15:13.270+00:00
12966,0.09434,2026-09-27T07:15:13.270+00:00
12967,0.11932,2026-09-27T07:15:13.271+00:00
12968,0.11590,2026-09-27T07:15:13.271+00:00
12969,0.09296,2026-09-27T07:15:18.277+00:00
12970,0.11678,2026-09-27T07:15:18.277+00:00
12971,0.11415,2026-09-27T07:15:18.278+00:00
12972,0.11959,2026-09-27T07:15:23.285+00:00
12973,0.10370,2026-09-27T07:15:23.286+00:00
12974,0.10829,2026-09-27T07:15:23.286+00:00
12975,0.09756,2026-09-27T07:15:28.295+00:00
12976,0.10248,2026-09-27T07:15:28.295+00:00
12977,0.10484,2026-09-27T07:15:28.295+00:00
12978,0.10850,2026-09-27T07:15:28.295+00:00
12979,0.10961,2026-09-27T07:15:33.302+00:00
12980,0.11775,2026-09-27T07:15:33.302+00:00
12981,0.11668,2026-09-27T07:15:33.302+00:00
12982,0.10369,2026-09-27T07:15:38.309+00:00
12983,0.12119,2026-09-27T07:15:38.309+00:00
12984,0.10639,2026-09-27T07:15:38.310+00:00
12985,0.09887,2026-09-27T07:15:43.316+00:00
12986,0.09978,2026-09-27T07:15:43.316+00:00
12987,0.10830,2026-09-27T07:15:43.316+00:00
12988,0.10398,2026-09-27T07:15:48.323+00:00
12989,0.11306,2026-09-27T07:15:48.323+00:00
12990,0.10932,2026-09-27T07:15:48.323+00:00
12991,0.09496,2026-09-27T07:15:48.324+00:00
12992,0.11305,2026-09-27T07:15:53.330+00:00
12993,0.11927,2026-09-27T07:15:53.331+00:00
12994,0.11326,2026-09-27T07:15:53.331+00:00
12995,0.11599,2026-09-27T07:15:58.340+00:00
12996,0.11689,2026-09-27T07:15:58.340+00:00
12997,0.10925,2026-09-27T07:15:58.340+00:00
12998,0.12115,2026-09-27T07:16:03.347+00:00
12999,0.12073,2026-09-27T07:16:03.347+00:00
13000,0.10182,2026-09-27T07:16:03.347+00:00
13001,0.10662,2026-09-27T07:16:08.354+00:00
13002,0.11584,2026-09-27T07:16:08.354+00:00
13003,0.12206,2026-09-27T07:16:08.354+00:00
13004,0.10193,2026-09-27T07:16:08.354+00:00
13005,0.10664,2026-09-27T07:16:13.361+00:00
13006,0.09233,2026-09-27T07:16:13.361+00:00
13007,0.11267,2026-09-27T07:16:13.362+00:00
13008,0.11593,2026-09-27T07:16:18.368+00:00
13009,0.11232,2026-09-27T07:16:18.369+00:00
13010,0.10094,2026-09-27T07:16:18.369+00:00
13011,0.08435,2026-09-27T07:16:23.377+00:00
13012,0.12505,2026-09-27T07:16:23.377+00:00
13013,0.10207,2026-09-27T07:16:23.377+00:00
13014,0.10935,2026-09-27T07:16:23.377+00:00
13015,0.11283,2026-09-27T07:16:28.386+00:00
13016,0.11698,2026-09-27T07:16:28.386+00:00
13017,0.11777,2026-09-27T07:16:28.386+00:00
13018,0.10689,2026-09-27T07:16:33.393+00:00
13019,0.11756,2026-09-27T07:16:33.393+00:00
13020,0.09928,2026-09-27T07:16:33.393+00:00
13021,0.10073,2026-09-27T07:16:38.400+00:00
13022,0.10976,2026-09-27T07:16:38.400+00:00
13023,0.10011,2026-09-27T07:16:38.400+00:00
13024,0.10145,2026-09-27T07:16:43.407+00:00
13025,0.10314,2026-09-27T07:16:43.407+00:00
13026,0.10824,2026-09-27T07:16:43.407+00:00
13027,0.09676,2026-09-27T07:16:43.407+00:00
13028,0.12211,2026-09-27T07:16:48.414+00:00
13029,0.11169,2026-09-27T07:16:48.414+00:00
13030,0.10349,2026-09-27T07:16:48.414+00:00
13031,0.12279,2026-09-27T07:16:53.421+00:00
13032,0.10975,2026-09-27T07:16:53.421+00:00
13033,0.11582,2026-09-27T07:16:53.421+00:00
13034,0.10722,2026-09-27T07:16:58.432+00:00
13035,0.11772,2026-09-27T07:16:58.432+00:00
13036,0.11489,2026-09-27T07:16:58.432+00:00
13037,0.10007,2026-09-27T07:17:03.439+00:00
13038,0.10625,2026-09-27T07:17:03.439+00:00
13039,0.10652,2026-09-27T07:17:03.439+00:00
13040,0.11037,2026-09-27T07:17:03.439+00:00
13041,0.11370,2026-09-27T07:17:08.446+00:00
13042,0.10882,2026-09-27T07:17:08.446+00:00
13043,0.09627,2026-09-27T07:17:08.446+00:00
13044,0.10668,2026-09-27T07:17:13.453+00:00
13045,0.10068,2026-09-27T07:17:13.453+00:00
13046,0.08952,2026-09-27T07:17:13.453+00:00
13047,0.10015,2026-09-27T07:17:18.459+00:00
13048,0.11470,2026-09-27T07:17:18.459+00:00
13049,0.10016,2026-09-27T07:17:18.459+00:00
13050,0.12070,2026-09-27T07:17:23.466+00:00
13051,0.10863,2026-09-27T07:17:23.466+00:00
13052,0.10867,2026-09-27T07:17:23.466+00:00
13053,0.10925,2026-09-27T07:17:23.466+00:00
13054,0.11228,2026-09-27T07:17:28.476+00:00
13055,0.08732,2026-09-27T07:17:28.476+00:00
13056,0.11574,2026-09-27T07:17:28.476+00:00
13057,0.09790,2026-09-27T07:17:33.483+00:00
13058,0.12028,2026-09-27T07:17:33.483+00:00
13059,0.10152,2026-09-27T07:17:33.483+00:00
13060,0.11170,2026-09-27T07:17:38.490+00:00
13061,0.11361,2026-09-27T07:17:38.490+00:00
13062,0.10857,2026-09-27T07:17:38.490+00:00
13063,0.12870,2026-09-27T07:17:38.490+00:00
13064,0.12257,2026-09-27T07:17:43.496+00:00
13065,0.10091,2026-09-27T07:17:43.497+00:00
13066,0.09795,2026-09-27T07:17:43.497+00:00
13067,0.11397,2026-09-27T07:17:48.503+00:00
13068,0.11791,2026-09-27T07:17:48.503+00:00
13069,0.11436,2026-09-27T07:17:48.504+00:00
13070,0.11329,2026-09-27T07:17:53.511+00:00
13071,0.11562,2026-09-27T07:17:53.511+00:00
13072,0.09705,2026-09-27T07:17:53.511+00:00
13073,0.09672,2026-09-27T07:17:58.520+00:00
13074,0.10773,2026-09-27T07:17:58.520+00:00
13075,0.11836,2026-09-27T07:17:58.520+00:00
13076,0.10837,2026-09-27T07:17:58.520+00:00
13077,0.11274,2026-09-27T07:18:03.527+00:00
13078,0.12051,2026-09-27T07:18:03.527+00:00
13079,0.11965,2026-09-27T07:18:03.527+00:00
13080,0.11829,2026-09-27T07:18:08.534+00:00
13081,0.11295,2026-09-27T07:18:08.534+00:00
13082,0.10993,2026-09-27T07:18:08.534+00:00
13083,0.08989,2026-09-27T07:18:13.541+00:00
13084,0.10876,2026-09-27T07:18:13.541+00:00
13085,0.10792,2026-09-27T07:18:13.541+00:00
13086,0.11121,2026-09-27T07:18:18.548+00:00
13087,0.11115,2026-09-27T07:18:18.548+00:00
13088,0.11124,2026-09-27T07:18:18.548+00:00
13089,0.11190,2026-09-27T07:18:18.548+00:00
13090,0.10787,2026-09-27T07:18:23.556+00:00
13091,0.11288,2026-09-27T07:18:23.556+00:00
13092,0.09945,2026-09-27T07:18:23.556+00:00
13093,0.11811,2026-09-27T07:18:28.565+00:00
13094,0.09676,2026-09-27T07:18:28.565+00:00
13095,0.09976,2026-09-27T07:18:28.565+00:00
13096,0.11166,2026-09-27T07:18:33.572+00:00
13097,0.10934,2026-09-27T07:18:33.572+00:00
13098,0.11687,2026-09-27T07:18:33.572+00:00
13099,0.12161,2026-09-27T07:18:38.579+00:00
13100,0.10815,2026-09-27T07:18:38.579+00:00
13101,0.12323,2026-09-27T07:18:38.579+00:00
13102,0.11175,2026-09-27T07:18:38.579+00:00
13103,0.12094,2026-09-27T07:18:43.586+00:00
13104,0.10420,2026-09-27T07:18:43.586+00:00
13105,0.11275,2026-09-27T07:18:43.586+00:00
13106,0.11545,2026-09-27T07:18:48.593+00:00
13107,0.11721,2026-09-27T07:18:48.593+00:00
13108,0.11021,2026-09-27T07:18:48.593+00:00
13109,0.10612,2026-09-27T07:18:53.600+00:00
13110,0.11355,2026-09-27T07:18:53.601+00:00
13111,0.09889,2026-09-27T07:18:53.601+00:00
13112,0.10793,2026-09-27T07:18:58.610+00:00
13113,0.11830,2026-09-27T07:18:58.610+00:00
13114,0.11130,2026-09-27T07:18:58.611+00:00
13115,0.10819,2026-09-27T07:18:58.611+00:00
13116,0.11512,2026-09-27T07:19:03.618+00:00
13117,0.11465,2026-09-27T07:19:03.618+00:00
13118,0.09670,2026-09-27T07:19:03.618+00:00
13119,0.11379,2026-09-27T07:19:08.625+00:00
13120,0.08885,2026-09-27T07:19:08.625+00:00
13121,0.10987,2026-09-27T07:19:08.625+00:00
13122,0.09811,2026-09-27T07:19:13.633+00:00
13123,0.12366,2026-09-27T07:19:13.633+00:00
13124,0.11108,2026-09-27T07:19:13.633+00:00
13125,0.11446,2026-09-27T07:19:18.640+00:00
13126,0.10506,2026-09-27T07:19:18.640+00:00
13127,0.09832,2026-09-27T07:19:18.640+00:00
13128,0.11169,2026-09-27T07:19:18.640+00:00
13129,0.10751,2026-09-27T07:19:23.648+00:00
13130,0.11597,2026-09-27T07:19:23.648+00:00
13131,0.10435,2026-09-27T07:19:23.648+00:00
13132,0.10446,2026-09-27T07:19:28.658+00:00
13133,0.09352,2026-09-27T07:19:28.658+00:00
13134,0.10200,2026-09-27T07:19:28.659+00:00
13135,0.10902,2026-09-27T07:19:33.665+00:00
13136,0.10739,2026-09-27T07:19:33.665+00:00
13137,0.10714,2026-09-27T07:19:33.665+00:00
13138,0.11319,2026-09-27T07:19:38.672+00:00
13139,0.09663,2026-09-27T07:19:38.672+00:00
13140,0.11809,2026-09-27T07:19:38.672+00:00
13141,0.10501,2026-09-27T07:19:38.672+00:00
13142,0.11794,2026-09-27T07:19:43.679+00:00
13143,0.10239,2026-09-27T07:19:43.679+00:00
13144,0.09839,2026-09-27T07:19:43.679+00:00
13145,0.10393,2026-09-27T07:19:48.686+00:00
13146,0.10909,2026-09-27T07:19:48.686+00:00
13147,0.11085,2026-09-27T07:19:48.686+00:00
13148,0.12182,2026-09-27T07:19:53.693+00:00
13149,0.10319,2026-09-27T07:19:53.693+00:00
13150,0.10880,2026-09-27T07:19:53.693+00:00
13151,0.10581,2026-09-27T07:19:53.693+00:00
13152,0.12003,2026-09-27T07:19:58.703+00:00
13153,0.11522,2026-09-27T07:19:58.703+00:00
13154,0.11913,2026-09-27T07:19:58.703+00:00
13155,0.12430,2026-09-27T07:20:03.710+00:00
13156,0.11005,2026-09-27T07:20:03.710+00:00
13157,0.11670,2026-09-27T07:20:03.710+00:00
13158,0.11256,2026-09-27T07:20:08.717+00:00
13159,0.12050,2026-09-27T07:20:08.717+00:00
13160,0.11401,2026-09-27T07:20:08.717+00:00
13161,0.12664,2026-09-27T07:20:13.724+00:00
13162,0.11256,2026-09-27T07:20:13.724+00:00
13163,0.10378,2026-09-27T07:20:13.724+00:00
13164,0.12635,2026-09-27T07:20:18.731+00:00
13165,0.10891,2026-09-27T07:20:18.731+00:00
13166,0.11018,2026-09-27T07:20:18.731+00:00
13167,0.10850,2026-09-27T07:20:23.739+00:00
13168,0.10937,2026-09-27T07:20:23.739+00:00
13169,0.10903,2026-09-27T07:20:23.739+00:00
13170,0.10580,2026-09-27T07:20:23.739+00:00
13171,0.11553,2026-09-27T07:20:28.749+00:00
13172,0.10607,2026-09-27T07:20:28.749+00:00
13173,0.10998,2026-09-27T07:20:28.749+00:00
13174,0.10482,2026-09-27T07:20:33.756+00:00
13175,0.10614,2026-09-27T07:20:33.756+00:00
13176,0.10003,2026-09-27T07:20:33.756+00:00
13177,0.10654,2026-09-27T07:20:38.763+00:00
13178,0.09906,2026-09-27T07:20:38.763+00:00
13179,0.10579,2026-09-27T07:20:38.764+00:00
13180,0.10601,2026-09-27T07:20:38.764+00:00
13181,0.11341,2026-09-27T07:20:43.770+00:00
13182,0.10832,2026-09-27T07:20:43.771+00:00
13183,0.11252,2026-09-27T07:20:43.771+00:00
13184,0.08852,2026-09-27T07:20:48.777+00:00
13185,0.12116,2026-09-27T07:20:48.777+00:00
13186,0.11586,2026-09-27T07:20:48.777+00:00
13187,0.09398,2026-09-27T07:20:53.784+00:00
13188,0.11640,2026-09-27T07:20:53.784+00:00
13189,0.11058,2026-09-27T07:20:53.784+00:00
13190,0.10088,2026-09-27T07:20:53.784+00:00
13191,0.11111,2026-09-27T07:20:58.793+00:00
13192,0.10113,2026-09-27T07:20:58.794+00:00
13193,0.08434,2026-09-27T07:20:58.794+00:00
13194,0.12276,2026-09-27T07:21:03.801+00:00
13195,0.09828,2026-09-27T07:21:03.801+00:00
13196,0.10537,2026-09-27T07:21:03.801+00:00
13197,0.11211,2026-09-27T07:21:08.808+00:00
13198,0.10905,2026-09-27T07:21:08.808+00:00
13199,0.10685,2026-09-27T07:21:08.808+00:00
13200,0.12040,2026-09-27T07:21:08.808+00:00
13201,0.10266,2026-09-27T07:21:13.814+00:00
13202,0.12354,2026-09-27T07:21:13.814+00:00
13203,0.11047,2026-09-27T07:21:13.815+00:00
13204,0.11021,2026-09-27T07:21:18.821+00:00
13205,0.09928,2026-09-27T07:21:18.822+00:00
13206,0.11925,2026-09-27T07:21:18.822+00:00
13207,0.10762,2026-09-27T07:21:23.829+00:00
13208,0.11408,2026-09-27T07:21:23.829+00:00
13209,0.11276,2026-09-27T07:21:23.829+00:00
13210,0.11072,2026-09-27T07:21:28.840+00:00
13211,0.11121,2026-09-27T07:21:28.840+00:00
13212,0.10930,2026-09-27T07:21:28.840+00:00
13213,0.10198,2026-09-27T07:21:33.847+00:00
13214,0.11013,2026-09-27T07:21:33.847+00:00
13215,0.11808,2026-09-27T07:21:33.847+00:00
13216,0.10384,2026-09-27T07:21:33.847+00:00
13217,0.10983,2026-09-27T07:21:38.854+00:00
13218,0.11415,2026-09-27T07:21:38.854+00:00
13219,0.11954,2026-09-27T07:21:38.854+00:00
13220,0.11050,2026-09-27T07:21:43.859+00:00
13221,0.09935,2026-09-27T07:21:43.859+00:00
13222,0.09591,2026-09-27T07:21:43.860+00:00
13223,0.11568,2026-09-27T07:21:48.868+00:00
13224,0.11377,2026-09-27T07:21:48.868+00:00
13225,0.10495,2026-09-27T07:21:48.868+00:00
13226,0.09398,2026-09-27T07:21:48.868+00:00
13227,0.10903,2026-09-27T07:21:53.875+00:00
13228,0.10725,2026-09-27T07:21:53.875+00:00
13229,0.09749,2026-09-27T07:21:53.875+00:00
13230,0.09228,2026-09-27T07:21:58.885+00:00
13231,0.12367,2026-09-27T07:21:58.885+00:00
13232,0.10153,2026-09-27T07:21:58.885+00:00
13233,0.11637,2026-09-27T07:22:03.892+00:00
13234,0.10648,2026-09-27T07:22:03.893+00:00
13235,0.11009,2026-09-27T07:22:03.893+00:00
13236,0.10275,2026-09-27T07:22:03.893+00:00
13237,0.10518,2026-09-27T07:22:08.900+00:00
13238,0.10606,2026-09-27T07:22:08.900+00:00
13239,0.11712,2026-09-27T07:22:08.900+00:00
13240,0.11221,2026-09-27T07:22:13.907+00:00
13241,0.09867,2026-09-27T07:22:13.907+00:00
13242,0.11633,2026-09-27T07:22:13.907+00:00
13243,0.12377,2026-09-27T07:22:18.914+00:00
13244,0.10274,2026-09-27T07:22:18.914+00:00
13245,0.09765,2026-09-27T07:22:18.914+00:00
13246,0.12040,2026-09-27T07:22:23.922+00:00
13247,0.11360,2026-09-27T07:22:23.922+00:00
13248,0.11299,2026-09-27T07:22:23.922+00:00
13249,0.11922,2026-09-27T07:22:28.931+00:00
13250,0.10944,2026-09-27T07:22:28.931+00:00
13251,0.11669,2026-09-27T07:22:28.931+00:00
13252,0.10858,2026-09-27T07:22:33.938+00:00
13253,0.09852,2026-09-27T07:22:33.938+00:00
13254,0.10367,2026-09-27T07:22:33.938+00:00
13255,0.11037,2026-09-27T07:22:33.939+00:00
13256,0.10586,2026-09-27T07:22:38.945+00:00
13257,0.11210,2026-09-27T07:22:38.945+00:00
13258,0.10042,2026-09-27T07:22:38.946+00:00
13259,0.11377,2026-09-27T07:22:43.952+00:00
13260,0.10987,2026-09-27T07:22:43.952+00:00
13261,0.09993,2026-09-27T07:22:43.952+00:00
13262,0.09475,2026-09-27T07:22:48.959+00:00
13263,0.10074,2026-09-27T07:22:48.959+00:00
13264,0.10583,2026-09-27T07:22:48.960+00:00
13265,0.11670,2026-09-27T07:22:48.960+00:00
13266,0.10890,2026-09-27T07:22:53.967+00:00
13267,0.10062,2026-09-27T07:22:53.967+00:00
13268,0.09609,2026-09-27T07:22:53.967+00:00
13269,0.11890,2026-09-27T07:22:58.976+00:00
13270,0.12485,2026-09-27T07:22:58.977+00:00
13271,0.10856,2026-09-27T07:22:58.977+00:00
13272,0.11106,2026-09-27T07:23:03.984+00:00
13273,0.11355,2026-09-27T07:23:03.984+00:00
13274,0.11877,2026-09-27T07:23:03.984+00:00
13275,0.11934,2026-09-27T07:23:08.991+00:00
13276,0.09935,2026-09-27T07:23:08.991+00:00
13277,0.09561,2026-09-27T07:23:08.992+00:00
13278,0.11235,2026-09-27T07:23:08.992+00:00
13279,0.11633,2026-09-27T07:23:13.998+00:00
13280,0.11446,2026-09-27T07:23:13.999+00:00
13281,0.10943,2026-09-27T07:23:13.999+00:00
13282,0.11423,2026-09-27T07:23:19.005+00:00
13283,0.11403,2026-09-27T07:23:19.005+00:00
13284,0.11235,2026-09-27T07:23:19.006+00:00
13285,0.11119,2026-09-27T07:23:24.013+00:00
13286,0.12018,2026-09-27T07:23:24.014+00:00
13287,0.10717,2026-09-27T07:23:24.014+00:00
13288,0.11614,2026-09-27T07:23:29.023+00:00
13289,0.10722,2026-09-27T07:23:29.024+00:00
13290,0.12083,2026-09-27T07:23:29.024+00:00
13291,0.11756,2026-09-27T07:23:34.031+00:00
13292,0.11756,2026-09-27T07:23:34.031+00:00
13293,0.11331,2026-09-27T07:23:34.031+00:00
13294,0.11742,2026-09-27T07:23:39.038+00:00
13295,0.10756,2026-09-27T07:23:39.038+00:00
13296,0.11536,2026-09-27T07:23:39.038+00:00
13297,0.10434,2026-09-27T07:23:39.038+00:00
13298,0.10875,2026-09-27T07:23:44.045+00:00
13299,0.11182,2026-09-27T07:23:44.045+00:00
13300,0.09841,2026-09-27T07:23:44.045+00:00
13301,0.09816,2026-09-27T07:23:49.052+00:00
13302,0.11035,2026-09-27T07:23:49.052+00:00
13303,0.09524,2026-09-27T07:23:49.052+00:00
13304,0.10638,2026-09-27T07:23:54.059+00:00
13305,0.12448,2026-09-27T07:23:54.059+00:00
13306,0.10618,2026-09-27T07:23:54.059+00:00
13307,0.11621,2026-09-27T07:23:59.069+00:00
13308,0.09946,2026-09-27T07:23:59.070+00:00
13309,0.11546,2026-09-27T07:23:59.070+00:00
13310,0.12188,2026-09-27T07:23:59.070+00:00
13311,0.11271,2026-09-27T07:24:04.077+00:00
13312,0.10960,2026-09-27T07:24:04.077+00:00
13313,0.11334,2026-09-27T07:24:04.077+00:00
13314,0.12145,2026-09-27T07:24:09.083+00:00
13315,0.11572,2026-09-27T07:24:09.084+00:00
13316,0.11386,2026-09-27T07:24:09.084+00:00
13317,0.11537,2026-09-27T07:24:14.090+00:00
13318,0.12300,2026-09-27T07:24:14.090+00:00
13319,0.12001,2026-09-27T07:24:14.090+00:00
13320,0.11647,2026-09-27T07:24:19.097+00:00
13321,0.09770,2026-09-27T07:24:19.097+00:00
13322,0.12062,2026-09-27T07:24:19.097+00:00
13323,0.10918,2026-09-27T07:24:24.105+00:00
13324,0.11529,2026-09-27T07:24:24.105+00:00
13325,0.09949,2026-09-27T07:24:24.105+00:00
13326,0.13017,2026-09-27T07:24:29.114+00:00
13327,0.12450,2026-09-27T07:24:29.114+00:00
13328,0.10820,2026-09-27T07:24:29.114+00:00
13329,0.10374,2026-09-27T07:24:29.114+00:00
13330,0.11677,2026-09-27T07:24:34.121+00:00
13331,0.12176,2026-09-27T07:24:34.121+00:00
13332,0.09170,2026-09-27T07:24:34.121+00:00
13333,0.10647,2026-09-27T07:24:39.128+00:00
13334,0.11396,2026-09-27T07:24:39.128+00:00
13335,0.11085,2026-09-27T07:24:39.128+00:00
13336,0.09371,2026-09-27T07:24:44.135+00:00
13337,0.09927,2026-09-27T07:24:44.135+00:00
13338,0.11218,2026-09-27T07:24:44.135+00:00
13339,0.12067,2026-09-27T07:24:49.142+00:00
13340,0.10342,2026-09-27T07:24:49.142+00:00
13341,0.12111,2026-09-27T07:24:49.142+00:00
13342,0.11087,2026-09-27T07:24:49.142+00:00
13343,0.10062,2026-09-27T07:24:54.150+00:00
13344,0.11549,2026-09-27T07:24:54.150+00:00
13345,0.11106,2026-09-27T07:24:54.150+00:00
13346,0.10367,2026-09-27T07:24:59.159+00:00
13347,0.11149,2026-09-27T07:24:59.159+00:00
13348,0.10476,2026-09-27T07:24:59.159+00:00
13349,0.11158,2026-09-27T07:25:04.166+00:00
13350,0.10342,2026-09-27T07:25:04.166+00:00
13351,0.10758,2026-09-27T07:25:04.166+00:00
13352,0.11168,2026-09-27T07:25:09.173+00:00
13353,0.11817,2026-09-27T07:25:09.174+00:00
13354,0.11521,2026-09-27T07:25:09.174+00:00
13355,0.12062,2026-09-27T07:25:09.174+00:00
13356,0.11047,2026-09-27T07:25:14.181+00:00
13357,0.10772,2026-09-27T07:25:14.181+00:00
13358,0.10935,2026-09-27T07:25:14.181+00:00
13359,0.11265,2026-09-27T07:25:19.188+00:00
13360,0.10185,2026-09-27T07:25:19.188+00:00
13361,0.10078,2026-09-27T07:25:19.188+00:00
13362,0.10454,2026-09-27T07:25:24.196+00:00
13363,0.10355,2026-09-27T07:25:24.196+00:00
13364,0.11076,2026-09-27T07:25:24.196+00:00
13365,0.11833,2026-09-27T07:25:29.206+00:00
13366,0.11039,2026-09-27T07:25:29.206+00:00
13367,0.11099,2026-09-27T07:25:29.206+00:00
13368,0.11813,2026-09-27T07:25:29.206+00:00
13369,0.13419,2026-09-27T07:25:34.213+00:00
13370,0.11638,2026-09-27T07:25:34.213+00:00
13371,0.11495,2026-09-27T07:25:34.213+00:00
13372,0.11697,2026-09-27T07:25:39.220+00:00
13373,0.10527,2026-09-27T07:25:39.220+00:00
13374,0.10200,2026-09-27T07:25:39.221+00:00
13375,0.11156,2026-09-27T07:25:44.226+00:00
13376,0.09558,2026-09-27T07:25:44.226+00:00
13377,0.10358,2026-09-27T07:25:44.226+00:00
13378,0.11200,2026-09-27T07:25:49.233+00:00
13379,0.10837,2026-09-27T07:25:49.233+00:00
13380,0.11624,2026-09-27T07:25:49.233+00:00
13381,0.11182,2026-09-27T07:25:54.240+00:00
13382,0.09852,2026-09-27T07:25:54.240+00:00
13383,0.09785,2026-09-27T07:25:54.240+00:00
13384,0.10723,2026-09-27T07:25:54.241+00:00
13385,0.10859,2026-09-27T07:25:59.251+00:00
13386,0.11131,2026-09-27T07:25:59.251+00:00
13387,0.12260,2026-09-27T07:25:59.251+00:00
13388,0.10850,2026-09-27T07:26:04.258+00:00
13389,0.10303,2026-09-27T07:26:04.258+00:00
13390,0.11024,2026-09-27T07:26:04.258+00:00
13391,0.09920,2026-09-27T07:26:09.265+00:00
13392,0.10078,2026-09-27T07:26:09.265+00:00
13393,0.11978,2026-09-27T07:26:09.265+00:00
13394,0.10175,2026-09-27T07:26:14.272+00:00
13395,0.11611,2026-09-27T07:26:14.272+00:00
13396,0.11096,2026-09-27T07:26:14.272+00:00
13397,0.10415,2026-09-27T07:26:14.273+00:00
13398,0.11357,2026-09-27T07:26:19.279+00:00
13399,0.11952,2026-09-27T07:26:19.280+00:00
13400,0.10915,2026-09-27T07:26:19.280+00:00
13401,0.11880,2026-09-27T07:26:24.288+00:00
13402,0.12273,2026-09-27T07:26:24.288+00:00
13403,0.11773,2026-09-27T07:26:24.288+00:00
13404,0.09751,2026-09-27T07:26:29.297+00:00
13405,0.11083,2026-09-27T07:26:29.297+00:00
13406,0.11677,2026-09-27T07:26:29.297+00:00
13407,0.12032,2026-09-27T07:26:34.304+00:00
13408,0.11160,2026-09-27T07:26:34.304+00:00
13409,0.09145,2026-09-27T07:26:34.305+00:00
13410,0.11730,2026-09-27T07:26:39.312+00:00
13411,0.12293,2026-09-27T07:26:39.312+00:00
13412,0.09564,2026-09-27T07:26:39.312+00:00
13413,0.12319,2026-09-27T07:26:44.319+00:00
13414,0.12080,2026-09-27T07:26:44.319+00:00
13415,0.10498,2026-09-27T07:26:44.319+00:00
13416,0.11282,2026-09-27T07:26:44.319+00:00
13417,0.10547,2026-09-27T07:26:49.326+00:00
13418,0.09599,2026-09-27T07:26:49.326+00:00
13419,0.09485,2026-09-27T07:26:49.327+00:00
13420,0.11066,2026-09-27T07:26:54.334+00:00
13421,0.11236,2026-09-27T07:26:54.334+00:00
13422,0.10537,2026-09-27T07:26:54.334+00:00
13423,0.09166,2026-09-27T07:26:59.344+00:00
13424,0.11923,2026-09-27T07:26:59.344+00:00
13425,0.10591,2026-09-27T07:26:59.344+00:00
13426,0.10028,2026-09-27T07:27:04.351+00:00
13427,0.11268,2026-09-27T07:27:04.351+00:00
13428,0.11429,2026-09-27T07:27:04.351+00:00
13429,0.12351,2026-09-27T07:27:09.358+00:00
13430,0.10273,2026-09-27T07:27:09.358+00:00
13431,0.11595,2026-09-27T07:27:09.359+00:00
13432,0.10382,2026-09-27T07:27:09.359+00:00
13433,0.12207,2026-09-27T07:27:14.366+00:00
13434,0.10170,2026-09-27T07:27:14.366+00:00
13435,0.11838,2026-09-27T07:27:14.366+00:00
13436,0.11166,2026-09-27T07:27:19.373+00:00
13437,0.10760,2026-09-27T07:27:19.373+00:00
13438,0.10837,2026-09-27T07:27:19.373+00:00
13439,0.10613,2026-09-27T07:27:24.381+00:00
13440,0.10442,2026-09-27T07:27:24.381+00:00
13441,0.11065,2026-09-27T07:31:14.767+00:00
13442,0.11802,2026-09-27T07:31:14.767+00:00
13443,0.10941,2026-09-27T07:31:14.767+00:00
13444,0.11028,2026-09-27T07:31:14.767+00:00
13445,0.11040,2026-09-27T07:31:19.774+00:00
13446,0.09901,2026-09-27T07:31:19.774+00:00
13447,0.11147,2026-09-27T07:31:19.774+00:00
13448,0.11905,2026-09-27T07:31:24.783+00:00
13449,0.11255,2026-09-27T07:31:24.783+00:00
13450,0.10788,2026-09-27T07:31:24.783+00:00
13451,0.10513,2026-09-27T07:31:29.793+00:00
13452,0.10867,2026-09-27T07:31:29.793+00:00
13453,0.10849,2026-09-27T07:31:29.794+00:00
13454,0.09126,2026-09-27T07:31:34.801+00:00
13455,0.11664,2026-09-27T07:31:34.801+00:00
13456,0.09593,2026-09-27T07:31:34.801+00:00
13457,0.10132,2026-09-27T07:31:34.801+00:00
13458,0.10720,2026-09-27T07:31:39.808+00:00
13459,0.10490,2026-09-27T07:31:39.808+00:00
13460,0.10748,2026-09-27T07:31:39.808+00:00
13461,0.11308,2026-09-27T07:31:44.815+00:00
13462,0.11919,2026-09-27T07:31:44.816+00:00
13463,0.11374,2026-09-27T07:31:44.816+00:00
13464,0.10736,2026-09-27T07:31:49.823+00:00
13465,0.11786,2026-09-27T07:31:49.823+00:00
13466,0.10087,2026-09-27T07:31:49.823+00:00
13467,0.12245,2026-09-27T07:31:54.830+00:00
13468,0.10445,2026-09-27T07:31:54.830+00:00
13469,0.11014,2026-09-27T07:31:54.830+00:00
13470,0.11152,2026-09-27T07:31:59.841+00:00
13471,0.10250,2026-09-27T07:31:59.841+00:00
13472,0.10329,2026-09-27T07:31:59.841+00:00
13473,0.11369,2026-09-27T07:31:59.841+00:00
13474,0.10633,2026-09-27T07:32:04.848+00:00
13475,0.12188,2026-09-27T07:32:04.848+00:00
13476,0.10698,2026-09-27T07:32:04.848+00:00
13477,0.11293,2026-09-27T07:32:09.855+00:00
13478,0.09383,2026-09-27T07:32:09.855+00:00
13479,0.11376,2026-09-27T07:32:09.855+00:00
13480,0.11932,2026-09-27T07:32:14.863+00:00
13481,0.11350,2026-09-27T07:32:14.863+00:00
13482,0.12930,2026-09-27T07:32:14.863+00:00
13483,0.10800,2026-09-27T07:32:19.870+00:00
13484,0.11028,2026-09-27T07:32:19.870+00:00
13485,0.09789,2026-09-27T07:32:19.870+00:00
13486,0.10871,2026-09-27T07:32:24.878+00:00
13487,0.10342,2026-09-27T07:32:24.879+00:00
13488,0.10097,2026-09-27T07:32:24.879+00:00
13489,0.11240,2026-09-27T07:32:24.879+00:00
13490,0.12379,2026-09-27T07:32:29.890+00:00
13491,0.10430,2026-09-27T07:32:29.890+00:00
13492,0.10606,2026-09-27T07:32:29.890+00:00
13493,0.10954,2026-09-27T07:32:34.897+00:00
13494,0.10843,2026-09-27T07:32:34.897+00:00
13495,0.11636,2026-09-27T07:32:34.897+00:00
13496,0.10629,2026-09-27T07:32:39.904+00:00
13497,0.12435,2026-09-27T07:32:39.904+00:00
13498,0.09109,2026-09-27T07:32:39.904+00:00
13499,0.10031,2026-09-27T07:32:39.905+00:00
13500,0.12315,2026-09-27T07:32:44.911+00:00
13501,0.10289,2026-09-27T07:32:44.912+00:00
13502,0.11688,2026-09-27T07:32:44.912+00:00
13503,0.10784,2026-09-27T07:32:49.918+00:00
13504,0.10856,2026-09-27T07:32:49.919+00:00
13505,0.10821,2026-09-27T07:32:49.919+00:00
13506,0.11661,2026-09-27T07:32:54.926+00:00
13507,0.10241,2026-09-27T07:32:54.926+00:00
13508,0.10349,2026-09-27T07:32:54.926+00:00
13509,0.10099,2026-09-27T07:32:59.935+00:00
13510,0.11116,2026-09-27T07:32:59.935+00:00
13511,0.11785,2026-09-27T07:32:59.936+00:00
13512,0.11247,2026-09-27T07:33:04.943+00:00
13513,0.11424,2026-09-27T07:33:04.943+00:00
13514,0.10425,2026-09-27T07:33:04.943+00:00
13515,0.08966,2026-09-27T07:33:04.943+00:00
13516,0.11158,2026-09-27T07:33:09.950+00:00
13517,0.10932,2026-09-27T07:33:09.950+00:00
13518,0.10631,2026-09-27T07:33:09.950+00:00
13519,0.11123,2026-09-27T07:33:14.956+00:00
13520,0.09541,2026-09-27T07:33:14.956+00:00
13521,0.11124,2026-09-27T07:33:14.956+00:00
13522,0.10136,2026-09-27T07:33:19.963+00:00
13523,0.11218,2026-09-27T07:33:19.963+00:00
13524,0.10239,2026-09-27T07:33:19.963+00:00
13525,0.11717,2026-09-27T07:33:19.963+00:00
13526,0.11823,2026-09-27T07:33:24.971+00:00
13527,0.10304,2026-09-27T07:33:24.971+00:00
13528,0.11276,2026-09-27T07:33:24.971+00:00
13529,0.12923,2026-09-27T07:33:29.982+00:00
13530,0.10993,2026-09-27T07:33:29.982+00:00
13531,0.09796,2026-09-27T07:33:29.982+00:00
13532,0.10919,2026-09-27T07:33:34.988+00:00
13533,0.10412,2026-09-27T07:33:34.988+00:00
13534,0.11510,2026-09-27T07:33:34.988+00:00
13535,0.10674,2026-09-27T07:33:39.996+00:00
13536,0.11581,2026-09-27T07:33:39.996+00:00
13537,0.12565,2026-09-27T07:33:39.996+00:00
13538,0.09226,2026-09-27T07:33:39.996+00:00
13539,0.10799,2026-09-27T07:33:45.004+00:00
13540,0.09884,2026-09-27T07:33:45.004+00:00
13541,0.11904,2026-09-27T07:33:45.004+00:00
13542,0.12205,2026-09-27T07:33:50.011+00:00
13543,0.10353,2026-09-27T07:33:50.011+00:00
13544,0.11149,2026-09-27T07:33:50.011+00:00
13545,0.11511,2026-09-27T07:33:55.018+00:00
13546,0.10241,2026-09-27T07:33:55.018+00:00
13547,0.13272,2026-09-27T07:33:55.019+00:00
13548,0.10854,2026-09-27T07:34:00.028+00:00
13549,0.09626,2026-09-27T07:34:00.028+00:00
13550,0.11031,2026-09-27T07:34:00.028+00:00
13551,0.11614,2026-09-27T07:34:05.035+00:00
13552,0.11294,2026-09-27T07:34:05.035+00:00
13553,0.11523,2026-09-27T07:34:05.035+00:00
13554,0.11268,2026-09-27T07:34:10.043+00:00
13555,0.10484,2026-09-27T07:34:10.043+00:00
13556,0.09301,2026-09-27T07:34:10.043+00:00
13557,0.09328,2026-09-27T07:34:10.043+00:00
13558,0.12121,2026-09-27T07:34:15.050+00:00
13559,0.11550,2026-09-27T07:34:15.050+00:00
13560,0.11131,2026-09-27T07:34:15.050+00:00
13561,0.09933,2026-09-27T07:34:20.058+00:00
13562,0.10184,2026-09-27T07:34:20.058+00:00
13563,0.11288,2026-09-27T07:34:20.058+00:00
13564,0.12342,2026-09-27T07:34:25.066+00:00
13565,0.11916,2026-09-27T07:34:25.066+00:00
13566,0.10540,2026-09-27T07:34:25.067+00:00
13567,0.09159,2026-09-27T07:34:30.076+00:00
13568,0.11834,2026-09-27T07:34:30.076+00:00
13569,0.11298,2026-09-27T07:34:30.076+00:00
13570,0.10717,2026-09-27T07:34:30.076+00:00
13571,0.11819,2026-09-27T07:34:35.083+00:00
13572,0.11043,2026-09-27T07:34:35.083+00:00
13573,0.11019,2026-09-27T07:34:35.083+00:00
13574,0.10874,2026-09-27T07:34:40.090+00:00
13575,0.11482,2026-09-27T07:34:40.090+00:00
13576,0.11332,2026-09-27T07:34:40.090+00:00
13577,0.11135,2026-09-27T07:34:45.098+00:00
13578,0.10009,2026-09-27T07:34:45.098+00:00
13579,0.10577,2026-09-27T07:34:45.098+00:00
13580,0.11578,2026-09-27T07:34:50.105+00:00
13581,0.10137,2026-09-27T07:34:50.105+00:00
13582,0.10054,2026-09-27T07:34:50.105+00:00
13583,0.12723,2026-09-27T07:34:55.113+00:00
13584,0.11580,2026-09-27T07:34:55.113+00:00
13585,0.12796,2026-09-27T07:34:55.113+00:00
13586,0.11305,2026-09-27T07:34:55.113+00:00
13587,0.11534,2026-09-27T07:35:00.123+00:00
13588,0.12484,2026-09-27T07:35:00.123+00:00
13589,0.11363,2026-09-27T07:35:00.123+00:00
13590,0.11307,2026-09-27T07:35:05.129+00:00
13591,0.11343,2026-09-27T07:35:05.130+00:00
13592,0.11232,2026-09-27T07:35:05.130+00:00
13593,0.10690,2026-09-27T07:35:10.137+00:00
13594,0.10750,2026-09-27T07:35:10.137+00:00
13595,0.10357,2026-09-27T07:35:10.137+00:00
13596,0.09613,2026-09-27T07:35:15.144+00:00
13597,0.10666,2026-09-27T07:35:15.144+00:00
13598,0.10876,2026-09-27T07:35:15.144+00:00
13599,0.10269,2026-09-27T07:35:20.151+00:00
13600,0.10987,2026-09-27T07:35:20.151+00:00
13601,0.10390,2026-09-27T07:35:20.152+00:00
13602,0.10498,2026-09-27T07:35:20.152+00:00
13603,0.11629,2026-09-27T07:35:25.160+00:00
13604,0.11742,2026-09-27T07:35:25.160+00:00
13605,0.10672,2026-09-27T07:35:25.160+00:00
13606,0.10168,2026-09-27T07:35:30.170+00:00
13607,0.10239,2026-09-27T07:35:30.170+00:00
13608,0.10940,2026-09-27T07:35:30.170+00:00
13609,0.11313,2026-09-27T07:35:35.177+00:00
13610,0.11133,2026-09-27T07:35:35.177+00:00
13611,0.12022,2026-09-27T07:35:35.177+00:00
13612,0.10783,2026-09-27T07:35:40.184+00:00
13613,0.10304,2026-09-27T07:35:40.184+00:00
13614,0.11869,2026-09-27T07:35:40.184+00:00
13615,0.10812,2026-09-27T07:35:45.191+00:00
13616,0.09376,2026-09-27T07:35:45.191+00:00
13617,0.09957,2026-09-27T07:35:45.191+00:00
13618,0.09989,2026-09-27T07:35:45.191+00:00
13619,0.10021,2026-09-27T07:35:50.198+00:00
13620,0.09264,2026-09-27T07:35:50.198+00:00
13621,0.11599,2026-09-27T07:35:50.199+00:00
13622,0.12226,2026-09-27T07:35:55.206+00:00
13623,0.10922,2026-09-27T07:35:55.206+00:00
13624,0.11437,2026-09-27T07:35:55.206+00:00
13625,0.10419,2026-09-27T07:36:00.216+00:00
13626,0.10521,2026-09-27T07:36:00.216+00:00
13627,0.10551,2026-09-27T07:36:00.216+00:00
13628,0.10861,2026-09-27T07:36:05.222+00:00
13629,0.11163,2026-09-27T07:36:05.222+00:00
13630,0.11171,2026-09-27T07:36:05.222+00:00
13631,0.09630,2026-09-27T07:36:05.222+00:00
13632,0.12113,2026-09-27T07:36:10.230+00:00
13633,0.09209,2026-09-27T07:36:10.230+00:00
13634,0.11716,2026-09-27T07:36:10.230+00:00
13635,0.11168,2026-09-27T07:36:15.237+00:00
13636,0.10120,2026-09-27T07:36:15.237+00:00
13637,0.09964,2026-09-27T07:36:15.237+00:00
13638,0.09753,2026-09-27T07:36:20.245+00:00
13639,0.11728,2026-09-27T07:36:20.245+00:00
13640,0.10896,2026-09-27T07:36:20.245+00:00
13641,0.10351,2026-09-27T07:36:25.253+00:00
13642,0.11599,2026-09-27T07:36:25.253+00:00
13643,0.10117,2026-09-27T07:36:25.254+00:00
13644,0.10060,2026-09-27T07:36:25.254+00:00
13645,0.10025,2026-09-27T07:36:30.263+00:00
13646,0.10362,2026-09-27T07:36:30.263+00:00
13647,0.09412,2026-09-27T07:36:30.263+00:00
13648,0.11127,2026-09-27T07:36:35.269+00:00
13649,0.12109,2026-09-27T07:36:35.270+00:00
13650,0.12253,2026-09-27T07:36:35.270+00:00
13651,0.09893,2026-09-27T07:36:40.277+00:00
13652,0.11531,2026-09-27T07:36:40.277+00:00
13653,0.10002,2026-09-27T07:36:40.277+00:00
13654,0.11742,2026-09-27T07:36:45.283+00:00
13655,0.11346,2026-09-27T07:36:45.283+00:00
13656,0.10165,2026-09-27T07:36:45.283+00:00
13657,0.11653,2026-09-27T07:36:50.291+00:00
13658,0.10238,2026-09-27T07:36:50.291+00:00
13659,0.12532,2026-09-27T07:36:50.291+00:00
13660,0.10968,2026-09-27T07:36:50.291+00:00
13661,0.10790,2026-09-27T07:36:55.298+00:00
13662,0.10445,2026-09-27T07:36:55.298+00:00
13663,0.11332,2026-09-27T07:36:55.298+00:00
13664,0.09155,2026-09-27T07:37:00.308+00:00
13665,0.10828,2026-09-27T07:37:00.308+00:00
13666,0.11718,2026-09-27T07:37:00.308+00:00
13667,0.10347,2026-09-27T07:37:05.314+00:00
13668,0.09909,2026-09-27T07:37:05.315+00:00
13669,0.12981,2026-09-27T07:37:05.315+00:00
13670,0.11425,2026-09-27T07:37:10.322+00:00
13671,0.11046,2026-09-27T07:37:10.322+00:00
13672,0.13082,2026-09-27T07:37:10.322+00:00
13673,0.12047,2026-09-27T07:37:15.329+00:00
13674,0.12557,2026-09-27T07:37:15.329+00:00
13675,0.11846,2026-09-27T07:37:15.329+00:00
13676,0.11285,2026-09-27T07:37:15.329+00:00
13677,0.10526,2026-09-27T07:37:20.335+00:00
13678,0.10051,2026-09-27T07:37:20.335+00:00
13679,0.10909,2026-09-27T07:37:20.335+00:00
13680,0.10298,2026-09-27T07:37:25.343+00:00
13681,0.10757,2026-09-27T07:37:25.343+00:00
13682,0.11227,2026-09-27T07:37:25.343+00:00
13683,0.12034,2026-09-27T07:37:30.353+00:00
13684,0.11775,2026-09-27T07:37:30.353+00:00
13685,0.11331,2026-09-27T07:37:30.353+00:00
13686,0.11044,2026-09-27T07:37:35.360+00:00
13687,0.12474,2026-09-27T07:37:35.360+00:00
13688,0.09800,2026-09-27T07:37:35.360+00:00
13689,0.10502,2026-09-27T07:37:35.360+00:00
13690,0.11528,2026-09-27T07:37:40.367+00:00
13691,0.11454,2026-09-27T07:37:40.367+00:00
13692,0.10803,2026-09-27T07:37:40.368+00:00
13693,0.11299,2026-09-27T07:37:45.375+00:00
13694,0.11372,2026-09-27T07:37:45.375+00:00
13695,0.10748,2026-09-27T07:37:45.375+00:00
13696,0.10997,2026-09-27T07:37:50.382+00:00
13697,0.10002,2026-09-27T07:37:50.383+00:00
13698,0.10740,2026-09-27T07:37:50.383+00:00
13699,0.10348,2026-09-27T07:37:55.390+00:00
13700,0.12061,2026-09-27T07:37:55.390+00:00
13701,0.10934,2026-09-27T07:37:55.390+00:00
13702,0.12397,2026-09-27T07:38:00.399+00:00
13703,0.10839,2026-09-27T07:38:00.399+00:00
13704,0.10297,2026-09-27T07:38:00.399+00:00
13705,0.11107,2026-09-27T07:38:00.399+00:00
13706,0.11579,2026-09-27T07:38:05.406+00:00
13707,0.10477,2026-09-27T07:38:05.406+00:00
13708,0.11418,2026-09-27T07:38:05.406+00:00
13709,0.11331,2026-09-27T07:38:10.413+00:00
13710,0.09389,2026-09-27T07:38:10.414+00:00
13711,0.11138,2026-09-27T07:38:10.414+00:00
13712,0.10975,2026-09-27T07:38:15.421+00:00
13713,0.10313,2026-09-27T07:38:15.421+00:00
13714,0.11964,2026-09-27T07:38:15.421+00:00
13715,0.10276,2026-09-27T07:38:20.428+00:00
13716,0.10121,2026-09-27T07:38:20.428+00:00
13717,0.10309,2026-09-27T07:38:20.428+00:00
13718,0.11514,2026-09-27T07:38:20.428+00:00
13719,0.10713,2026-09-27T07:38:25.436+00:00
13720,0.09443,2026-09-27T07:38:25.436+00:00
13721,0.11044,2026-09-27T07:38:25.436+00:00
13722,0.11565,2026-09-27T07:38:30.446+00:00
13723,0.11153,2026-09-27T07:38:30.446+00:00
13724,0.10835,2026-09-27T07:38:30.446+00:00
13725,0.10284,2026-09-27T07:38:35.453+00:00
13726,0.09907,2026-09-27T07:38:35.453+00:00
13727,0.11295,2026-09-27T07:38:35.453+00:00
13728,0.09438,2026-09-27T07:38:40.461+00:00
13729,0.11038,2026-09-27T07:38:40.461+00:00
13730,0.10663,2026-09-27T07:38:40.461+00:00
13731,0.10352,2026-09-27T07:38:40.461+00:00
13732,0.10951,2026-09-27T07:38:45.469+00:00
13733,0.10093,2026-09-27T07:38:45.469+00:00
13734,0.10139,2026-09-27T07:38:45.469+00:00
13735,0.10874,2026-09-27T07:38:50.477+00:00
13736,0.11029,2026-09-27T07:38:50.477+00:00
13737,0.09930,2026-09-27T07:38:50.477+00:00
13738,0.12288,2026-09-27T07:38:55.484+00:00
13739,0.11737,2026-09-27T07:38:55.484+00:00
13740,0.10801,2026-09-27T07:38:55.484+00:00
13741,0.11487,2026-09-27T07:39:00.495+00:00
13742,0.10835,2026-09-27T07:39:00.496+00:00
13743,0.10338,2026-09-27T07:39:00.496+00:00
13744,0.11620,2026-09-27T07:39:00.496+00:00
13745,0.10585,2026-09-27T07:39:05.502+00:00
13746,0.09332,2026-09-27T07:39:05.503+00:00
13747,0.10638,2026-09-27T07:39:05.503+00:00
13748,0.10527,2026-09-27T07:39:10.510+00:00
13749,0.10852,2026-09-27T07:39:10.510+00:00
13750,0.09591,2026-09-27T07:39:10.510+00:00
13751,0.10561,2026-09-27T07:39:15.518+00:00
13752,0.12086,2026-09-27T07:39:15.518+00:00
13753,0.10824,2026-09-27T07:39:15.518+00:00
13754,0.11271,2026-09-27T07:39:20.525+00:00
13755,0.10834,2026-09-27T07:39:20.525+00:00
13756,0.10064,2026-09-27T07:39:20.525+00:00
13757,0.11086,2026-09-27T07:39:20.525+00:00
13758,0.10281,2026-09-27T07:39:25.533+00:00
13759,0.10714,2026-09-27T07:39:25.534+00:00
13760,0.11612,2026-09-27T07:39:25.534+00:00
13761,0.11342,2026-09-27T07:39:30.544+00:00
13762,0.10069,2026-09-27T07:39:30.544+00:00
13763,0.10424,2026-09-27T07:39:30.544+00:00
13764,0.10615,2026-09-27T07:39:35.551+00:00
13765,0.10773,2026-09-27T07:39:35.551+00:00
13766,0.11474,2026-09-27T07:39:35.551+00:00
13767,0.10462,2026-09-27T07:39:40.558+00:00
13768,0.10801,2026-09-27T07:39:40.558+00:00
13769,0.11662,2026-09-27T07:39:40.558+00:00
13770,0.11972,2026-09-27T07:39:45.566+00:00
13771,0.11904,2026-09-27T07:39:45.566+00:00
13772,0.10422,2026-09-27T07:39:45.566+00:00
13773,0.10204,2026-09-27T07:39:45.566+00:00
13774,0.11626,2026-09-27T07:39:50.574+00:00
13775,0.11285,2026-09-27T07:39:50.574+00:00
13776,0.09747,2026-09-27T07:39:50.574+00:00
13777,0.11323,2026-09-27T07:39:55.581+00:00
13778,0.09318,2026-09-27T07:39:55.581+00:00
13779,0.11488,2026-09-27T07:39:55.581+00:00
13780,0.12313,2026-09-27T07:40:00.591+00:00
13781,0.09845,2026-09-27T07:40:00.592+00:00
13782,0.12006,2026-09-27T07:40:00.592+00:00
13783,0.10095,2026-09-27T07:40:05.598+00:00
13784,0.11272,2026-09-27T07:40:05.599+00:00
13785,0.10316,2026-09-27T07:40:05.599+00:00
13786,0.10567,2026-09-27T07:40:05.599+00:00
13787,0.11811,2026-09-27T07:40:10.606+00:00
13788,0.11335,2026-09-27T07:40:10.606+00:00
13789,0.11105,2026-09-27T07:40:10.606+00:00
13790,0.09639,2026-09-27T07:40:15.613+00:00
13791,0.12032,2026-09-27T07:40:15.614+00:00
13792,0.08831,2026-09-27T07:40:15.614+00:00
13793,0.09798,2026-09-27T07:40:20.621+00:00
13794,0.10217,2026-09-27T07:40:20.621+00:00
13795,0.10939,2026-09-27T07:40:20.621+00:00
13796,0.09705,2026-09-27T07:40:20.622+00:00
13797,0.10988,2026-09-27T07:40:25.630+00:00
13798,0.10276,2026-09-27T07:40:25.630+00:00
13799,0.11758,2026-09-27T07:40:25.630+00:00
13800,0.10937,2026-09-27T07:40:30.640+00:00
13801,0.11471,2026-09-27T07:40:30.640+00:00
13802,0.11124,2026-09-27T07:40:30.640+00:00
13803,0.11734,2026-09-27T07:40:35.647+00:00
13804,0.10575,2026-09-27T07:40:35.647+00:00
13805,0.11206,2026-09-27T07:40:35.647+00:00
13806,0.11391,2026-09-27T07:40:40.654+00:00
13807,0.12625,2026-09-27T07:40:40.654+00:00
13808,0.11618,2026-09-27T07:40:40.655+00:00
13809,0.11104,2026-09-27T07:40:45.660+00:00
13810,0.10443,2026-09-27T07:40:45.660+00:00
13811,0.10979,2026-09-27T07:40:45.660+00:00
13812,0.10003,2026-09-27T07:40:50.668+00:00
13813,0.11170,2026-09-27T07:40:50.668+00:00
13814,0.10039,2026-09-27T07:40:50.668+00:00
13815,0.11303,2026-09-27T07:40:50.668+00:00
13816,0.09725,2026-09-27T07:40:55.676+00:00
13817,0.10697,2026-09-27T07:40:55.676+00:00
13818,0.10461,2026-09-27T07:40:55.676+00:00
13819,0.09707,2026-09-27T07:41:00.687+00:00
13820,0.07973,2026-09-27T07:41:00.687+00:00
13821,0.10476,2026-09-27T07:41:00.687+00:00
13822,0.11230,2026-09-27T07:41:05.694+00:00
13823,0.10724,2026-09-27T07:41:05.694+00:00
13824,0.11160,2026-09-27T07:41:05.694+00:00
13825,0.11252,2026-09-27T07:41:05.694+00:00
13826,0.10495,2026-09-27T07:41:10.701+00:00
13827,0.10293,2026-09-27T07:41:10.701+00:00
13828,0.11898,2026-09-27T07:41:10.701+00:00
13829,0.09372,2026-09-27T07:41:15.709+00:00
13830,0.09237,2026-09-27T07:41:15.709+00:00
13831,0.09760,2026-09-27T07:41:15.709+00:00
13832,0.11131,2026-09-27T07:41:20.717+00:00
13833,0.10734,2026-09-27T07:41:20.717+00:00
13834,0.11402,2026-09-27T07:41:20.717+00:00
13835,0.11324,2026-09-27T07:41:25.725+00:00
13836,0.10366,2026-09-27T07:41:25.725+00:00
13837,0.11485,2026-09-27T07:41:25.725+00:00
13838,0.12265,2026-09-27T07:41:25.726+00:00
13839,0.10286,2026-09-27T07:41:30.736+00:00
13840,0.09680,2026-09-27T07:41:30.736+00:00
13841,0.11286,2026-09-27T07:41:30.736+00:00
13842,0.10115,2026-09-27T07:41:35.743+00:00
13843,0.11720,2026-09-27T07:41:35.743+00:00
13844,0.10316,2026-09-27T07:41:35.743+00:00
13845,0.10654,2026-09-27T07:41:40.750+00:00
13846,0.10409,2026-09-27T07:41:40.750+00:00
13847,0.12227,2026-09-27T07:41:40.750+00:00
13848,0.10278,2026-09-27T07:41:45.757+00:00
13849,0.10868,2026-09-27T07:41:45.758+00:00
13850,0.10990,2026-09-27T07:41:45.758+00:00
13851,0.09226,2026-09-27T07:41:45.758+00:00
13852,0.10757,2026-09-27T07:41:50.765+00:00
13853,0.11508,2026-09-27T07:41:50.765+00:00
13854,0.11473,2026-09-27T07:41:50.765+00:00
13855,0.10070,2026-09-27T07:41:55.773+00:00
13856,0.11085,2026-09-27T07:41:55.773+00:00
13857,0.10020,2026-09-27T07:41:55.773+00:00
13858,0.09859,2026-09-27T07:42:00.784+00:00
13859,0.09665,2026-09-27T07:42:00.784+00:00
13860,0.10791,2026-09-27T07:42:00.784+00:00
13861,0.10302,2026-09-27T07:42:00.784+00:00
13862,0.10670,2026-09-27T07:42:05.791+00:00
13863,0.11431,2026-09-27T07:42:05.791+00:00
13864,0.10844,2026-09-27T07:42:05.791+00:00
13865,0.09541,2026-09-27T07:42:10.798+00:00
13866,0.11307,2026-09-27T07:42:10.798+00:00
13867,0.11039,2026-09-27T07:42:10.798+00:00
13868,0.10905,2026-09-27T07:42:15.806+00:00
13869,0.10495,2026-09-27T07:42:15.806+00:00
13870,0.09706,2026-09-27T07:42:15.806+00:00
13871,0.10588,2026-09-27T07:42:20.814+00:00
13872,0.11651,2026-09-27T07:42:20.814+00:00
13873,0.10942,2026-09-27T07:42:20.814+00:00
13874,0.11921,2026-09-27T07:42:25.822+00:00
13875,0.10783,2026-09-27T07:42:25.822+00:00
13876,0.09789,2026-09-27T07:42:25.822+00:00
13877,0.11753,2026-09-27T07:42:25.823+00:00
13878,0.11758,2026-09-27T07:42:30.833+00:00
13879,0.10929,2026-09-27T07:42:30.833+00:00
13880,0.10877,2026-09-27T07:42:30.833+00:00
13881,0.11591,2026-09-27T07:42:35.840+00:00
13882,0.12067,2026-09-27T07:42:35.840+00:00
13883,0.09995,2026-09-27T07:42:35.840+00:00
13884,0.11003,2026-09-27T07:42:40.848+00:00
13885,0.11688,2026-09-27T07:42:40.848+00:00
13886,0.11043,2026-09-27T07:42:40.848+00:00
13887,0.10193,2026-09-27T07:42:45.855+00:00
13888,0.11402,2026-09-27T07:42:45.855+00:00
13889,0.09378,2026-09-27T07:42:45.855+00:00
13890,0.11155,2026-09-27T07:42:45.856+00:00
13891,0.11402,2026-09-27T07:42:50.863+00:00
13892,0.10003,2026-09-27T07:42:50.863+00:00
13893,0.11289,2026-09-27T07:42:50.863+00:00
13894,0.10019,2026-09-27T07:42:55.870+00:00
13895,0.09969,2026-09-27T07:42:55.870+00:00
13896,0.10528,2026-09-27T07:42:55.870+00:00
13897,0.09900,2026-09-27T07:43:00.881+00:00
13898,0.10268,2026-09-27T07:43:00.881+00:00
13899,0.10161,2026-09-27T07:43:00.881+00:00
13900,0.12604,2026-09-27T07:43:05.889+00:00
13901,0.11779,2026-09-27T07:43:05.889+00:00
13902,0.10524,2026-09-27T07:43:05.889+00:00
13903,0.10900,2026-09-27T07:43:05.889+00:00
13904,0.09374,2026-09-27T07:43:10.896+00:00
13905,0.11238,2026-09-27T07:43:10.896+00:00
13906,0.09712,2026-09-27T07:43:10.896+00:00
13907,0.10881,2026-09-27T07:43:15.903+00:00
13908,0.10188,2026-09-27T07:43:15.903+00:00
13909,0.09575,2026-09-27T07:43:15.903+00:00
13910,0.09536,2026-09-27T07:43:20.911+00:00
13911,0.10781,2026-09-27T07:43:20.911+00:00
13912,0.10860,2026-09-27T07:43:20.911+00:00
13913,0.09408,2026-09-27T07:43:20.912+00:00
13914,0.10184,2026-09-27T07:43:25.920+00:00
13915,0.10474,2026-09-27T07:43:25.920+00:00
13916,0.11655,2026-09-27T07:43:25.920+00:00
13917,0.09161,2026-09-27T07:43:30.930+00:00
13918,0.12251,2026-09-27T07:43:30.930+00:00
13919,0.09911,2026-09-27T07:43:30.930+00:00
13920,0.10258,2026-09-27T07:43:35.937+00:00
13921,0.10522,2026-09-27T07:43:35.937+00:00
13922,0.09491,2026-09-27T07:43:35.937+00:00
13923,0.11209,2026-09-27T07:43:40.945+00:00
13924,0.09642,2026-09-27T07:43:40.945+00:00
13925,0.11220,2026-09-27T07:43:40.945+00:00
13926,0.08916,2026-09-27T07:43:40.945+00:00
13927,0.11077,2026-09-27T07:43:45.952+00:00
13928,0.09851,2026-09-27T07:43:45.953+00:00
13929,0.09806,2026-09-27T07:43:45.953+00:00
13930,0.12114,2026-09-27T07:43:50.960+00:00
13931,0.11799,2026-09-27T07:43:50.960+00:00
13932,0.11670,2026-09-27T07:43:50.960+00:00
13933,0.11383,2026-09-27T07:43:55.968+00:00
13934,0.11346,2026-09-27T07:43:55.968+00:00
13935,0.11974,2026-09-27T07:43:55.968+00:00
13936,0.11441,2026-09-27T07:44:00.978+00:00
13937,0.10536,2026-09-27T07:44:00.978+00:00
13938,0.10695,2026-09-27T07:44:00.978+00:00
13939,0.10865,2026-09-27T07:44:05.985+00:00
13940,0.11125,2026-09-27T07:44:05.985+00:00
13941,0.09628,2026-09-27T07:44:05.985+00:00
13942,0.12050,2026-09-27T07:44:05.985+00:00
13943,0.10154,2026-09-27T07:44:10.992+00:00
13944,0.09468,2026-09-27T07:44:10.992+00:00
13945,0.10112,2026-09-27T07:44:10.992+00:00
13946,0.11757,2026-09-27T07:44:16.000+00:00
13947,0.10227,2026-09-27T07:44:16.000+00:00
13948,0.10904,2026-09-27T07:44:16.000+00:00
13949,0.10136,2026-09-27T07:44:21.007+00:00
13950,0.10783,2026-09-27T07:44:21.007+00:00
13951,0.11545,2026-09-27T07:44:21.007+00:00
13952,0.10687,2026-09-27T07:44:26.016+00:00
13953,0.09929,2026-09-27T07:44:26.016+00:00
13954,0.10785,2026-09-27T07:44:26.016+00:00
13955,0.10526,2026-09-27T07:44:26.016+00:00
13956,0.09100,2026-09-27T07:44:31.026+00:00
13957,0.11937,2026-09-27T07:44:31.027+00:00
13958,0.10873,2026-09-27T07:44:31.027+00:00
13959,0.10919,2026-09-27T07:44:36.034+00:00
13960,0.09293,2026-09-27T07:44:36.034+00:00
13961,0.11658,2026-09-27T07:44:36.035+00:00
13962,0.09841,2026-09-27T07:44:41.043+00:00
13963,0.12002,2026-09-27T07:44:41.043+00:00
13964,0.12533,2026-09-27T07:44:41.043+00:00
13965,0.10050,2026-09-27T07:44:46.051+00:00
13966,0.10432,2026-09-27T07:44:46.051+00:00
13967,0.10214,2026-09-27T07:44:46.051+00:00
13968,0.10600,2026-09-27T07:44:46.051+00:00
13969,0.10585,2026-09-27T07:44:51.058+00:00
13970,0.11708,2026-09-27T07:44:51.058+00:00
13971,0.09072,2026-09-27T07:44:51.059+00:00
13972,0.11862,2026-09-27T07:44:56.064+00:00
13973,0.12099,2026-09-27T07:44:56.065+00:00
13974,0.09660,2026-09-27T07:44:56.065+00:00
13975,0.09913,2026-09-27T07:45:01.075+00:00
13976,0.10348,2026-09-27T07:45:01.075+00:00
13977,0.09857,2026-09-27T07:45:01.075+00:00
13978,0.10762,2026-09-27T07:45:01.075+00:00
13979,0.11707,2026-09-27T07:45:06.082+00:00
13980,0.10377,2026-09-27T07:45:06.083+00:00
13981,0.11210,2026-09-27T07:45:06.083+00:00
13982,0.10232,2026-09-27T07:45:11.089+00:00
13983,0.10772,2026-09-27T07:45:11.090+00:00
13984,0.09791,2026-09-27T07:45:11.090+00:00
13985,0.11522,2026-09-27T07:45:16.097+00:00
13986,0.11159,2026-09-27T07:45:16.097+00:00
13987,0.10735,2026-09-27T07:45:16.097+00:00
13988,0.12312,2026-09-27T07:45:21.104+00:00
13989,0.10090,2026-09-27T07:45:21.105+00:00
13990,0.11384,2026-09-27T07:45:21.105+00:00
13991,0.11049,2026-09-27T07:45:26.113+00:00
13992,0.10052,2026-09-27T07:45:26.113+00:00
13993,0.10170,2026-09-27T07:45:26.113+00:00
13994,0.11650,2026-09-27T07:45:26.113+00:00
13995,0.10377,2026-09-27T07:45:31.123+00:00
13996,0.11483,2026-09-27T07:45:31.124+00:00
13997,0.09747,2026-09-27T07:45:31.124+00:00
13998,0.11493,2026-09-27T07:45:36.131+00:00
13999,0.09614,2026-09-27T07:45:36.132+00:00
14000,0.10447,2026-09-27T07:45:36.132+00:00
